file_id,file_path,label,source,technique,split
edgetts_0000,vispoofdb_processed/fake/edgetts/edgetts_0000.wav,fake,edgetts,neural_tts_commercial,train
edgetts_0001,vispoofdb_processed/fake/edgetts/edgetts_0001.wav,fake,edgetts,neural_tts_commercial,train
edgetts_0002,vispoofdb_processed/fake/edgetts/edgetts_0002.wav,fake,edgetts,neural_tts_commercial,train
edgetts_0003,vispoofdb_processed/fake/edgetts/edgetts_0003.wav,fake,edgetts,neural_tts_commercial,test_seen
edgetts_0004,vispoofdb_processed/fake/edgetts/edgetts_0004.wav,fake,edgetts,neural_tts_commercial,test_seen
edgetts_0005,vispoofdb_processed/fake/edgetts/edgetts_0005.wav,fake,edgetts,neural_tts_commercial,test_seen
edgetts_0006,vispoofdb_processed/fake/edgetts/edgetts_0006.wav,fake,edgetts,neural_tts_commercial,train
edgetts_0007,vispoofdb_processed/fake/edgetts/edgetts_0007.wav,fake,edgetts,neural_tts_commercial,train
edgetts_0008,vispoofdb_processed/fake/edgetts/edgetts_0008.wav,fake,edgetts,neural_tts_commercial,train
edgetts_0009,vispoofdb_processed/fake/edgetts/edgetts_0009.wav,fake,edgetts,neural_tts_commercial,test_seen
edgetts_0010,vispoofdb_processed/fake/edgetts/edgetts_0010.wav,fake,edgetts,neural_tts_commercial,train
edgetts_0011,vispoofdb_processed/fake/edgetts/edgetts_0011.wav,fake,edgetts,neural_tts_commercial,train
edgetts_0012,vispoofdb_processed/fake/edgetts/edgetts_0012.wav,fake,edgetts,neural_tts_commercial,train
edgetts_0013,vispoofdb_processed/fake/edgetts/edgetts_0013.wav,fake,edgetts,neural_tts_commercial,train
edgetts_0014,vispoofdb_processed/fake/edgetts/edgetts_0014.wav,fake,edgetts,neural_tts_commercial,train
edgetts_0015,vispoofdb_processed/fake/edgetts/edgetts_0015.wav,fake,edgetts,neural_tts_commercial,train
edgetts_0016,vispoofdb_processed/fake/edgetts/edgetts_0016.wav,fake,edgetts,neural_tts_commercial,test_seen
edgetts_0017,vispoofdb_processed/fake/edgetts/edgetts_0017.wav,fake,edgetts,neural_tts_commercial,train
edgetts_0018,vispoofdb_processed/fake/edgetts/edgetts_0018.wav,fake,edgetts,neural_tts_commercial,train
edgetts_0019,vispoofdb_processed/fake/edgetts/edgetts_0019.wav,fake,edgetts,neural_tts_commercial,train
edgetts_0020,vispoofdb_processed/fake/edgetts/edgetts_0020.wav,fake,edgetts,neural_tts_commercial,train
edgetts_0021,vispoofdb_processed/fake/edgetts/edgetts_0021.wav,fake,edgetts,neural_tts_commercial,train
edgetts_0022,vispoofdb_processed/fake/edgetts/edgetts_0022.wav,fake,edgetts,neural_tts_commercial,train
edgetts_0023,vispoofdb_processed/fake/edgetts/edgetts_0023.wav,fake,edgetts,neural_tts_commercial,train
edgetts_0024,vispoofdb_processed/fake/edgetts/edgetts_0024.wav,fake,edgetts,neural_tts_commercial,train
edgetts_0025,vispoofdb_processed/fake/edgetts/edgetts_0025.wav,fake,edgetts,neural_tts_commercial,train
edgetts_0026,vispoofdb_processed/fake/edgetts/edgetts_0026.wav,fake,edgetts,neural_tts_commercial,train
edgetts_0027,vispoofdb_processed/fake/edgetts/edgetts_0027.wav,fake,edgetts,neural_tts_commercial,train
edgetts_0028,vispoofdb_processed/fake/edgetts/edgetts_0028.wav,fake,edgetts,neural_tts_commercial,train
edgetts_0029,vispoofdb_processed/fake/edgetts/edgetts_0029.wav,fake,edgetts,neural_tts_commercial,train
edgetts_0030,vispoofdb_processed/fake/edgetts/edgetts_0030.wav,fake,edgetts,neural_tts_commercial,train
edgetts_0031,vispoofdb_processed/fake/edgetts/edgetts_0031.wav,fake,edgetts,neural_tts_commercial,train
edgetts_0032,vispoofdb_processed/fake/edgetts/edgetts_0032.wav,fake,edgetts,neural_tts_commercial,train
edgetts_0033,vispoofdb_processed/fake/edgetts/edgetts_0033.wav,fake,edgetts,neural_tts_commercial,train
edgetts_0034,vispoofdb_processed/fake/edgetts/edgetts_0034.wav,fake,edgetts,neural_tts_commercial,test_seen
edgetts_0035,vispoofdb_processed/fake/edgetts/edgetts_0035.wav,fake,edgetts,neural_tts_commercial,train
edgetts_0036,vispoofdb_processed/fake/edgetts/edgetts_0036.wav,fake,edgetts,neural_tts_commercial,train
edgetts_0037,vispoofdb_processed/fake/edgetts/edgetts_0037.wav,fake,edgetts,neural_tts_commercial,train
edgetts_0038,vispoofdb_processed/fake/edgetts/edgetts_0038.wav,fake,edgetts,neural_tts_commercial,train
edgetts_0039,vispoofdb_processed/fake/edgetts/edgetts_0039.wav,fake,edgetts,neural_tts_commercial,train
edgetts_0040,vispoofdb_processed/fake/edgetts/edgetts_0040.wav,fake,edgetts,neural_tts_commercial,train
edgetts_0041,vispoofdb_processed/fake/edgetts/edgetts_0041.wav,fake,edgetts,neural_tts_commercial,train
edgetts_0042,vispoofdb_processed/fake/edgetts/edgetts_0042.wav,fake,edgetts,neural_tts_commercial,train
edgetts_0043,vispoofdb_processed/fake/edgetts/edgetts_0043.wav,fake,edgetts,neural_tts_commercial,train
edgetts_0044,vispoofdb_processed/fake/edgetts/edgetts_0044.wav,fake,edgetts,neural_tts_commercial,train
edgetts_0045,vispoofdb_processed/fake/edgetts/edgetts_0045.wav,fake,edgetts,neural_tts_commercial,train
edgetts_0046,vispoofdb_processed/fake/edgetts/edgetts_0046.wav,fake,edgetts,neural_tts_commercial,train
edgetts_0047,vispoofdb_processed/fake/edgetts/edgetts_0047.wav,fake,edgetts,neural_tts_commercial,train
edgetts_0048,vispoofdb_processed/fake/edgetts/edgetts_0048.wav,fake,edgetts,neural_tts_commercial,train
edgetts_0049,vispoofdb_processed/fake/edgetts/edgetts_0049.wav,fake,edgetts,neural_tts_commercial,train
edgetts_0050,vispoofdb_processed/fake/edgetts/edgetts_0050.wav,fake,edgetts,neural_tts_commercial,train
edgetts_0051,vispoofdb_processed/fake/edgetts/edgetts_0051.wav,fake,edgetts,neural_tts_commercial,train
edgetts_0052,vispoofdb_processed/fake/edgetts/edgetts_0052.wav,fake,edgetts,neural_tts_commercial,train
edgetts_0053,vispoofdb_processed/fake/edgetts/edgetts_0053.wav,fake,edgetts,neural_tts_commercial,train
edgetts_0054,vispoofdb_processed/fake/edgetts/edgetts_0054.wav,fake,edgetts,neural_tts_commercial,test_seen
edgetts_0055,vispoofdb_processed/fake/edgetts/edgetts_0055.wav,fake,edgetts,neural_tts_commercial,test_seen
edgetts_0056,vispoofdb_processed/fake/edgetts/edgetts_0056.wav,fake,edgetts,neural_tts_commercial,train
edgetts_0057,vispoofdb_processed/fake/edgetts/edgetts_0057.wav,fake,edgetts,neural_tts_commercial,train
edgetts_0058,vispoofdb_processed/fake/edgetts/edgetts_0058.wav,fake,edgetts,neural_tts_commercial,train
edgetts_0059,vispoofdb_processed/fake/edgetts/edgetts_0059.wav,fake,edgetts,neural_tts_commercial,train
edgetts_0060,vispoofdb_processed/fake/edgetts/edgetts_0060.wav,fake,edgetts,neural_tts_commercial,train
edgetts_0061,vispoofdb_processed/fake/edgetts/edgetts_0061.wav,fake,edgetts,neural_tts_commercial,train
edgetts_0062,vispoofdb_processed/fake/edgetts/edgetts_0062.wav,fake,edgetts,neural_tts_commercial,train
edgetts_0063,vispoofdb_processed/fake/edgetts/edgetts_0063.wav,fake,edgetts,neural_tts_commercial,train
edgetts_0064,vispoofdb_processed/fake/edgetts/edgetts_0064.wav,fake,edgetts,neural_tts_commercial,test_seen
edgetts_0065,vispoofdb_processed/fake/edgetts/edgetts_0065.wav,fake,edgetts,neural_tts_commercial,train
edgetts_0066,vispoofdb_processed/fake/edgetts/edgetts_0066.wav,fake,edgetts,neural_tts_commercial,test_seen
edgetts_0067,vispoofdb_processed/fake/edgetts/edgetts_0067.wav,fake,edgetts,neural_tts_commercial,train
edgetts_0068,vispoofdb_processed/fake/edgetts/edgetts_0068.wav,fake,edgetts,neural_tts_commercial,train
edgetts_0069,vispoofdb_processed/fake/edgetts/edgetts_0069.wav,fake,edgetts,neural_tts_commercial,train
edgetts_0070,vispoofdb_processed/fake/edgetts/edgetts_0070.wav,fake,edgetts,neural_tts_commercial,train
edgetts_0071,vispoofdb_processed/fake/edgetts/edgetts_0071.wav,fake,edgetts,neural_tts_commercial,train
edgetts_0072,vispoofdb_processed/fake/edgetts/edgetts_0072.wav,fake,edgetts,neural_tts_commercial,train
edgetts_0073,vispoofdb_processed/fake/edgetts/edgetts_0073.wav,fake,edgetts,neural_tts_commercial,train
edgetts_0074,vispoofdb_processed/fake/edgetts/edgetts_0074.wav,fake,edgetts,neural_tts_commercial,train
edgetts_0075,vispoofdb_processed/fake/edgetts/edgetts_0075.wav,fake,edgetts,neural_tts_commercial,train
edgetts_0076,vispoofdb_processed/fake/edgetts/edgetts_0076.wav,fake,edgetts,neural_tts_commercial,train
edgetts_0077,vispoofdb_processed/fake/edgetts/edgetts_0077.wav,fake,edgetts,neural_tts_commercial,test_seen
edgetts_0078,vispoofdb_processed/fake/edgetts/edgetts_0078.wav,fake,edgetts,neural_tts_commercial,train
edgetts_0079,vispoofdb_processed/fake/edgetts/edgetts_0079.wav,fake,edgetts,neural_tts_commercial,train
edgetts_0080,vispoofdb_processed/fake/edgetts/edgetts_0080.wav,fake,edgetts,neural_tts_commercial,train
edgetts_0081,vispoofdb_processed/fake/edgetts/edgetts_0081.wav,fake,edgetts,neural_tts_commercial,train
edgetts_0082,vispoofdb_processed/fake/edgetts/edgetts_0082.wav,fake,edgetts,neural_tts_commercial,train
edgetts_0083,vispoofdb_processed/fake/edgetts/edgetts_0083.wav,fake,edgetts,neural_tts_commercial,train
edgetts_0084,vispoofdb_processed/fake/edgetts/edgetts_0084.wav,fake,edgetts,neural_tts_commercial,train
edgetts_0085,vispoofdb_processed/fake/edgetts/edgetts_0085.wav,fake,edgetts,neural_tts_commercial,train
edgetts_0086,vispoofdb_processed/fake/edgetts/edgetts_0086.wav,fake,edgetts,neural_tts_commercial,train
edgetts_0087,vispoofdb_processed/fake/edgetts/edgetts_0087.wav,fake,edgetts,neural_tts_commercial,train
edgetts_0088,vispoofdb_processed/fake/edgetts/edgetts_0088.wav,fake,edgetts,neural_tts_commercial,train
edgetts_0089,vispoofdb_processed/fake/edgetts/edgetts_0089.wav,fake,edgetts,neural_tts_commercial,train
edgetts_0090,vispoofdb_processed/fake/edgetts/edgetts_0090.wav,fake,edgetts,neural_tts_commercial,train
edgetts_0091,vispoofdb_processed/fake/edgetts/edgetts_0091.wav,fake,edgetts,neural_tts_commercial,train
edgetts_0092,vispoofdb_processed/fake/edgetts/edgetts_0092.wav,fake,edgetts,neural_tts_commercial,train
edgetts_0093,vispoofdb_processed/fake/edgetts/edgetts_0093.wav,fake,edgetts,neural_tts_commercial,train
edgetts_0094,vispoofdb_processed/fake/edgetts/edgetts_0094.wav,fake,edgetts,neural_tts_commercial,test_seen
edgetts_0095,vispoofdb_processed/fake/edgetts/edgetts_0095.wav,fake,edgetts,neural_tts_commercial,train
edgetts_0096,vispoofdb_processed/fake/edgetts/edgetts_0096.wav,fake,edgetts,neural_tts_commercial,train
edgetts_0097,vispoofdb_processed/fake/edgetts/edgetts_0097.wav,fake,edgetts,neural_tts_commercial,train
edgetts_0098,vispoofdb_processed/fake/edgetts/edgetts_0098.wav,fake,edgetts,neural_tts_commercial,test_seen
edgetts_0099,vispoofdb_processed/fake/edgetts/edgetts_0099.wav,fake,edgetts,neural_tts_commercial,train
edgetts_0100,vispoofdb_processed/fake/edgetts/edgetts_0100.wav,fake,edgetts,neural_tts_commercial,train
edgetts_0101,vispoofdb_processed/fake/edgetts/edgetts_0101.wav,fake,edgetts,neural_tts_commercial,train
edgetts_0102,vispoofdb_processed/fake/edgetts/edgetts_0102.wav,fake,edgetts,neural_tts_commercial,train
edgetts_0103,vispoofdb_processed/fake/edgetts/edgetts_0103.wav,fake,edgetts,neural_tts_commercial,train
edgetts_0104,vispoofdb_processed/fake/edgetts/edgetts_0104.wav,fake,edgetts,neural_tts_commercial,train
edgetts_0105,vispoofdb_processed/fake/edgetts/edgetts_0105.wav,fake,edgetts,neural_tts_commercial,train
edgetts_0106,vispoofdb_processed/fake/edgetts/edgetts_0106.wav,fake,edgetts,neural_tts_commercial,train
edgetts_0107,vispoofdb_processed/fake/edgetts/edgetts_0107.wav,fake,edgetts,neural_tts_commercial,train
edgetts_0108,vispoofdb_processed/fake/edgetts/edgetts_0108.wav,fake,edgetts,neural_tts_commercial,train
edgetts_0109,vispoofdb_processed/fake/edgetts/edgetts_0109.wav,fake,edgetts,neural_tts_commercial,train
edgetts_0110,vispoofdb_processed/fake/edgetts/edgetts_0110.wav,fake,edgetts,neural_tts_commercial,train
edgetts_0111,vispoofdb_processed/fake/edgetts/edgetts_0111.wav,fake,edgetts,neural_tts_commercial,train
edgetts_0112,vispoofdb_processed/fake/edgetts/edgetts_0112.wav,fake,edgetts,neural_tts_commercial,train
edgetts_0113,vispoofdb_processed/fake/edgetts/edgetts_0113.wav,fake,edgetts,neural_tts_commercial,train
edgetts_0114,vispoofdb_processed/fake/edgetts/edgetts_0114.wav,fake,edgetts,neural_tts_commercial,test_seen
edgetts_0115,vispoofdb_processed/fake/edgetts/edgetts_0115.wav,fake,edgetts,neural_tts_commercial,train
edgetts_0116,vispoofdb_processed/fake/edgetts/edgetts_0116.wav,fake,edgetts,neural_tts_commercial,test_seen
edgetts_0117,vispoofdb_processed/fake/edgetts/edgetts_0117.wav,fake,edgetts,neural_tts_commercial,test_seen
edgetts_0118,vispoofdb_processed/fake/edgetts/edgetts_0118.wav,fake,edgetts,neural_tts_commercial,train
edgetts_0119,vispoofdb_processed/fake/edgetts/edgetts_0119.wav,fake,edgetts,neural_tts_commercial,test_seen
edgetts_0120,vispoofdb_processed/fake/edgetts/edgetts_0120.wav,fake,edgetts,neural_tts_commercial,train
edgetts_0121,vispoofdb_processed/fake/edgetts/edgetts_0121.wav,fake,edgetts,neural_tts_commercial,train
edgetts_0122,vispoofdb_processed/fake/edgetts/edgetts_0122.wav,fake,edgetts,neural_tts_commercial,train
edgetts_0123,vispoofdb_processed/fake/edgetts/edgetts_0123.wav,fake,edgetts,neural_tts_commercial,train
edgetts_0124,vispoofdb_processed/fake/edgetts/edgetts_0124.wav,fake,edgetts,neural_tts_commercial,train
edgetts_0125,vispoofdb_processed/fake/edgetts/edgetts_0125.wav,fake,edgetts,neural_tts_commercial,test_seen
edgetts_0126,vispoofdb_processed/fake/edgetts/edgetts_0126.wav,fake,edgetts,neural_tts_commercial,test_seen
edgetts_0127,vispoofdb_processed/fake/edgetts/edgetts_0127.wav,fake,edgetts,neural_tts_commercial,test_seen
edgetts_0128,vispoofdb_processed/fake/edgetts/edgetts_0128.wav,fake,edgetts,neural_tts_commercial,train
edgetts_0129,vispoofdb_processed/fake/edgetts/edgetts_0129.wav,fake,edgetts,neural_tts_commercial,train
edgetts_0130,vispoofdb_processed/fake/edgetts/edgetts_0130.wav,fake,edgetts,neural_tts_commercial,test_seen
edgetts_0131,vispoofdb_processed/fake/edgetts/edgetts_0131.wav,fake,edgetts,neural_tts_commercial,train
edgetts_0132,vispoofdb_processed/fake/edgetts/edgetts_0132.wav,fake,edgetts,neural_tts_commercial,train
edgetts_0133,vispoofdb_processed/fake/edgetts/edgetts_0133.wav,fake,edgetts,neural_tts_commercial,test_seen
edgetts_0134,vispoofdb_processed/fake/edgetts/edgetts_0134.wav,fake,edgetts,neural_tts_commercial,train
edgetts_0135,vispoofdb_processed/fake/edgetts/edgetts_0135.wav,fake,edgetts,neural_tts_commercial,train
edgetts_0136,vispoofdb_processed/fake/edgetts/edgetts_0136.wav,fake,edgetts,neural_tts_commercial,train
edgetts_0137,vispoofdb_processed/fake/edgetts/edgetts_0137.wav,fake,edgetts,neural_tts_commercial,test_seen
edgetts_0138,vispoofdb_processed/fake/edgetts/edgetts_0138.wav,fake,edgetts,neural_tts_commercial,train
edgetts_0139,vispoofdb_processed/fake/edgetts/edgetts_0139.wav,fake,edgetts,neural_tts_commercial,train
edgetts_0140,vispoofdb_processed/fake/edgetts/edgetts_0140.wav,fake,edgetts,neural_tts_commercial,train
edgetts_0141,vispoofdb_processed/fake/edgetts/edgetts_0141.wav,fake,edgetts,neural_tts_commercial,train
edgetts_0142,vispoofdb_processed/fake/edgetts/edgetts_0142.wav,fake,edgetts,neural_tts_commercial,train
edgetts_0143,vispoofdb_processed/fake/edgetts/edgetts_0143.wav,fake,edgetts,neural_tts_commercial,test_seen
edgetts_0144,vispoofdb_processed/fake/edgetts/edgetts_0144.wav,fake,edgetts,neural_tts_commercial,train
edgetts_0145,vispoofdb_processed/fake/edgetts/edgetts_0145.wav,fake,edgetts,neural_tts_commercial,train
edgetts_0146,vispoofdb_processed/fake/edgetts/edgetts_0146.wav,fake,edgetts,neural_tts_commercial,test_seen
edgetts_0147,vispoofdb_processed/fake/edgetts/edgetts_0147.wav,fake,edgetts,neural_tts_commercial,train
edgetts_0148,vispoofdb_processed/fake/edgetts/edgetts_0148.wav,fake,edgetts,neural_tts_commercial,train
edgetts_0149,vispoofdb_processed/fake/edgetts/edgetts_0149.wav,fake,edgetts,neural_tts_commercial,train
edgetts_0150,vispoofdb_processed/fake/edgetts/edgetts_0150.wav,fake,edgetts,neural_tts_commercial,train
edgetts_0151,vispoofdb_processed/fake/edgetts/edgetts_0151.wav,fake,edgetts,neural_tts_commercial,train
edgetts_0152,vispoofdb_processed/fake/edgetts/edgetts_0152.wav,fake,edgetts,neural_tts_commercial,train
edgetts_0153,vispoofdb_processed/fake/edgetts/edgetts_0153.wav,fake,edgetts,neural_tts_commercial,train
edgetts_0154,vispoofdb_processed/fake/edgetts/edgetts_0154.wav,fake,edgetts,neural_tts_commercial,test_seen
edgetts_0155,vispoofdb_processed/fake/edgetts/edgetts_0155.wav,fake,edgetts,neural_tts_commercial,train
edgetts_0156,vispoofdb_processed/fake/edgetts/edgetts_0156.wav,fake,edgetts,neural_tts_commercial,train
edgetts_0157,vispoofdb_processed/fake/edgetts/edgetts_0157.wav,fake,edgetts,neural_tts_commercial,train
edgetts_0158,vispoofdb_processed/fake/edgetts/edgetts_0158.wav,fake,edgetts,neural_tts_commercial,train
edgetts_0159,vispoofdb_processed/fake/edgetts/edgetts_0159.wav,fake,edgetts,neural_tts_commercial,train
edgetts_0160,vispoofdb_processed/fake/edgetts/edgetts_0160.wav,fake,edgetts,neural_tts_commercial,test_seen
edgetts_0161,vispoofdb_processed/fake/edgetts/edgetts_0161.wav,fake,edgetts,neural_tts_commercial,test_seen
edgetts_0162,vispoofdb_processed/fake/edgetts/edgetts_0162.wav,fake,edgetts,neural_tts_commercial,train
edgetts_0163,vispoofdb_processed/fake/edgetts/edgetts_0163.wav,fake,edgetts,neural_tts_commercial,train
edgetts_0164,vispoofdb_processed/fake/edgetts/edgetts_0164.wav,fake,edgetts,neural_tts_commercial,test_seen
edgetts_0165,vispoofdb_processed/fake/edgetts/edgetts_0165.wav,fake,edgetts,neural_tts_commercial,train
edgetts_0166,vispoofdb_processed/fake/edgetts/edgetts_0166.wav,fake,edgetts,neural_tts_commercial,train
edgetts_0167,vispoofdb_processed/fake/edgetts/edgetts_0167.wav,fake,edgetts,neural_tts_commercial,train
edgetts_0168,vispoofdb_processed/fake/edgetts/edgetts_0168.wav,fake,edgetts,neural_tts_commercial,train
edgetts_0169,vispoofdb_processed/fake/edgetts/edgetts_0169.wav,fake,edgetts,neural_tts_commercial,train
edgetts_0170,vispoofdb_processed/fake/edgetts/edgetts_0170.wav,fake,edgetts,neural_tts_commercial,train
edgetts_0171,vispoofdb_processed/fake/edgetts/edgetts_0171.wav,fake,edgetts,neural_tts_commercial,train
edgetts_0172,vispoofdb_processed/fake/edgetts/edgetts_0172.wav,fake,edgetts,neural_tts_commercial,train
edgetts_0173,vispoofdb_processed/fake/edgetts/edgetts_0173.wav,fake,edgetts,neural_tts_commercial,train
edgetts_0174,vispoofdb_processed/fake/edgetts/edgetts_0174.wav,fake,edgetts,neural_tts_commercial,train
edgetts_0175,vispoofdb_processed/fake/edgetts/edgetts_0175.wav,fake,edgetts,neural_tts_commercial,train
edgetts_0176,vispoofdb_processed/fake/edgetts/edgetts_0176.wav,fake,edgetts,neural_tts_commercial,train
edgetts_0177,vispoofdb_processed/fake/edgetts/edgetts_0177.wav,fake,edgetts,neural_tts_commercial,train
edgetts_0178,vispoofdb_processed/fake/edgetts/edgetts_0178.wav,fake,edgetts,neural_tts_commercial,train
edgetts_0179,vispoofdb_processed/fake/edgetts/edgetts_0179.wav,fake,edgetts,neural_tts_commercial,train
edgetts_0180,vispoofdb_processed/fake/edgetts/edgetts_0180.wav,fake,edgetts,neural_tts_commercial,train
edgetts_0181,vispoofdb_processed/fake/edgetts/edgetts_0181.wav,fake,edgetts,neural_tts_commercial,train
edgetts_0182,vispoofdb_processed/fake/edgetts/edgetts_0182.wav,fake,edgetts,neural_tts_commercial,train
edgetts_0183,vispoofdb_processed/fake/edgetts/edgetts_0183.wav,fake,edgetts,neural_tts_commercial,train
edgetts_0184,vispoofdb_processed/fake/edgetts/edgetts_0184.wav,fake,edgetts,neural_tts_commercial,train
edgetts_0185,vispoofdb_processed/fake/edgetts/edgetts_0185.wav,fake,edgetts,neural_tts_commercial,train
edgetts_0186,vispoofdb_processed/fake/edgetts/edgetts_0186.wav,fake,edgetts,neural_tts_commercial,train
edgetts_0187,vispoofdb_processed/fake/edgetts/edgetts_0187.wav,fake,edgetts,neural_tts_commercial,train
edgetts_0188,vispoofdb_processed/fake/edgetts/edgetts_0188.wav,fake,edgetts,neural_tts_commercial,train
edgetts_0189,vispoofdb_processed/fake/edgetts/edgetts_0189.wav,fake,edgetts,neural_tts_commercial,test_seen
edgetts_0190,vispoofdb_processed/fake/edgetts/edgetts_0190.wav,fake,edgetts,neural_tts_commercial,test_seen
edgetts_0191,vispoofdb_processed/fake/edgetts/edgetts_0191.wav,fake,edgetts,neural_tts_commercial,train
edgetts_0192,vispoofdb_processed/fake/edgetts/edgetts_0192.wav,fake,edgetts,neural_tts_commercial,train
edgetts_0193,vispoofdb_processed/fake/edgetts/edgetts_0193.wav,fake,edgetts,neural_tts_commercial,train
edgetts_0194,vispoofdb_processed/fake/edgetts/edgetts_0194.wav,fake,edgetts,neural_tts_commercial,train
edgetts_0195,vispoofdb_processed/fake/edgetts/edgetts_0195.wav,fake,edgetts,neural_tts_commercial,train
edgetts_0196,vispoofdb_processed/fake/edgetts/edgetts_0196.wav,fake,edgetts,neural_tts_commercial,train
edgetts_0197,vispoofdb_processed/fake/edgetts/edgetts_0197.wav,fake,edgetts,neural_tts_commercial,test_seen
edgetts_0198,vispoofdb_processed/fake/edgetts/edgetts_0198.wav,fake,edgetts,neural_tts_commercial,train
edgetts_0199,vispoofdb_processed/fake/edgetts/edgetts_0199.wav,fake,edgetts,neural_tts_commercial,train
edgetts_0200,vispoofdb_processed/fake/edgetts/edgetts_0200.wav,fake,edgetts,neural_tts_commercial,test_seen
edgetts_0201,vispoofdb_processed/fake/edgetts/edgetts_0201.wav,fake,edgetts,neural_tts_commercial,test_seen
edgetts_0202,vispoofdb_processed/fake/edgetts/edgetts_0202.wav,fake,edgetts,neural_tts_commercial,test_seen
edgetts_0203,vispoofdb_processed/fake/edgetts/edgetts_0203.wav,fake,edgetts,neural_tts_commercial,train
edgetts_0204,vispoofdb_processed/fake/edgetts/edgetts_0204.wav,fake,edgetts,neural_tts_commercial,train
edgetts_0205,vispoofdb_processed/fake/edgetts/edgetts_0205.wav,fake,edgetts,neural_tts_commercial,train
edgetts_0206,vispoofdb_processed/fake/edgetts/edgetts_0206.wav,fake,edgetts,neural_tts_commercial,test_seen
edgetts_0207,vispoofdb_processed/fake/edgetts/edgetts_0207.wav,fake,edgetts,neural_tts_commercial,train
edgetts_0208,vispoofdb_processed/fake/edgetts/edgetts_0208.wav,fake,edgetts,neural_tts_commercial,train
edgetts_0209,vispoofdb_processed/fake/edgetts/edgetts_0209.wav,fake,edgetts,neural_tts_commercial,train
edgetts_0210,vispoofdb_processed/fake/edgetts/edgetts_0210.wav,fake,edgetts,neural_tts_commercial,train
edgetts_0211,vispoofdb_processed/fake/edgetts/edgetts_0211.wav,fake,edgetts,neural_tts_commercial,train
edgetts_0212,vispoofdb_processed/fake/edgetts/edgetts_0212.wav,fake,edgetts,neural_tts_commercial,train
edgetts_0213,vispoofdb_processed/fake/edgetts/edgetts_0213.wav,fake,edgetts,neural_tts_commercial,train
edgetts_0214,vispoofdb_processed/fake/edgetts/edgetts_0214.wav,fake,edgetts,neural_tts_commercial,train
edgetts_0215,vispoofdb_processed/fake/edgetts/edgetts_0215.wav,fake,edgetts,neural_tts_commercial,train
edgetts_0216,vispoofdb_processed/fake/edgetts/edgetts_0216.wav,fake,edgetts,neural_tts_commercial,train
edgetts_0217,vispoofdb_processed/fake/edgetts/edgetts_0217.wav,fake,edgetts,neural_tts_commercial,train
edgetts_0218,vispoofdb_processed/fake/edgetts/edgetts_0218.wav,fake,edgetts,neural_tts_commercial,train
edgetts_0219,vispoofdb_processed/fake/edgetts/edgetts_0219.wav,fake,edgetts,neural_tts_commercial,train
edgetts_0220,vispoofdb_processed/fake/edgetts/edgetts_0220.wav,fake,edgetts,neural_tts_commercial,train
edgetts_0221,vispoofdb_processed/fake/edgetts/edgetts_0221.wav,fake,edgetts,neural_tts_commercial,train
edgetts_0222,vispoofdb_processed/fake/edgetts/edgetts_0222.wav,fake,edgetts,neural_tts_commercial,train
edgetts_0223,vispoofdb_processed/fake/edgetts/edgetts_0223.wav,fake,edgetts,neural_tts_commercial,test_seen
edgetts_0224,vispoofdb_processed/fake/edgetts/edgetts_0224.wav,fake,edgetts,neural_tts_commercial,test_seen
edgetts_0225,vispoofdb_processed/fake/edgetts/edgetts_0225.wav,fake,edgetts,neural_tts_commercial,test_seen
edgetts_0226,vispoofdb_processed/fake/edgetts/edgetts_0226.wav,fake,edgetts,neural_tts_commercial,train
edgetts_0227,vispoofdb_processed/fake/edgetts/edgetts_0227.wav,fake,edgetts,neural_tts_commercial,train
edgetts_0228,vispoofdb_processed/fake/edgetts/edgetts_0228.wav,fake,edgetts,neural_tts_commercial,train
edgetts_0229,vispoofdb_processed/fake/edgetts/edgetts_0229.wav,fake,edgetts,neural_tts_commercial,train
edgetts_0230,vispoofdb_processed/fake/edgetts/edgetts_0230.wav,fake,edgetts,neural_tts_commercial,train
edgetts_0231,vispoofdb_processed/fake/edgetts/edgetts_0231.wav,fake,edgetts,neural_tts_commercial,train
edgetts_0232,vispoofdb_processed/fake/edgetts/edgetts_0232.wav,fake,edgetts,neural_tts_commercial,test_seen
edgetts_0233,vispoofdb_processed/fake/edgetts/edgetts_0233.wav,fake,edgetts,neural_tts_commercial,train
edgetts_0234,vispoofdb_processed/fake/edgetts/edgetts_0234.wav,fake,edgetts,neural_tts_commercial,train
edgetts_0235,vispoofdb_processed/fake/edgetts/edgetts_0235.wav,fake,edgetts,neural_tts_commercial,test_seen
edgetts_0236,vispoofdb_processed/fake/edgetts/edgetts_0236.wav,fake,edgetts,neural_tts_commercial,train
edgetts_0237,vispoofdb_processed/fake/edgetts/edgetts_0237.wav,fake,edgetts,neural_tts_commercial,train
edgetts_0238,vispoofdb_processed/fake/edgetts/edgetts_0238.wav,fake,edgetts,neural_tts_commercial,train
edgetts_0239,vispoofdb_processed/fake/edgetts/edgetts_0239.wav,fake,edgetts,neural_tts_commercial,train
edgetts_0240,vispoofdb_processed/fake/edgetts/edgetts_0240.wav,fake,edgetts,neural_tts_commercial,train
edgetts_0241,vispoofdb_processed/fake/edgetts/edgetts_0241.wav,fake,edgetts,neural_tts_commercial,test_seen
edgetts_0242,vispoofdb_processed/fake/edgetts/edgetts_0242.wav,fake,edgetts,neural_tts_commercial,test_seen
edgetts_0243,vispoofdb_processed/fake/edgetts/edgetts_0243.wav,fake,edgetts,neural_tts_commercial,train
edgetts_0244,vispoofdb_processed/fake/edgetts/edgetts_0244.wav,fake,edgetts,neural_tts_commercial,train
edgetts_0245,vispoofdb_processed/fake/edgetts/edgetts_0245.wav,fake,edgetts,neural_tts_commercial,train
edgetts_0246,vispoofdb_processed/fake/edgetts/edgetts_0246.wav,fake,edgetts,neural_tts_commercial,train
edgetts_0247,vispoofdb_processed/fake/edgetts/edgetts_0247.wav,fake,edgetts,neural_tts_commercial,train
edgetts_0248,vispoofdb_processed/fake/edgetts/edgetts_0248.wav,fake,edgetts,neural_tts_commercial,train
edgetts_0249,vispoofdb_processed/fake/edgetts/edgetts_0249.wav,fake,edgetts,neural_tts_commercial,test_seen
edgetts_0250,vispoofdb_processed/fake/edgetts/edgetts_0250.wav,fake,edgetts,neural_tts_commercial,train
edgetts_0251,vispoofdb_processed/fake/edgetts/edgetts_0251.wav,fake,edgetts,neural_tts_commercial,train
edgetts_0252,vispoofdb_processed/fake/edgetts/edgetts_0252.wav,fake,edgetts,neural_tts_commercial,train
edgetts_0253,vispoofdb_processed/fake/edgetts/edgetts_0253.wav,fake,edgetts,neural_tts_commercial,test_seen
edgetts_0254,vispoofdb_processed/fake/edgetts/edgetts_0254.wav,fake,edgetts,neural_tts_commercial,train
edgetts_0255,vispoofdb_processed/fake/edgetts/edgetts_0255.wav,fake,edgetts,neural_tts_commercial,test_seen
edgetts_0256,vispoofdb_processed/fake/edgetts/edgetts_0256.wav,fake,edgetts,neural_tts_commercial,train
edgetts_0257,vispoofdb_processed/fake/edgetts/edgetts_0257.wav,fake,edgetts,neural_tts_commercial,train
edgetts_0258,vispoofdb_processed/fake/edgetts/edgetts_0258.wav,fake,edgetts,neural_tts_commercial,train
edgetts_0259,vispoofdb_processed/fake/edgetts/edgetts_0259.wav,fake,edgetts,neural_tts_commercial,train
edgetts_0260,vispoofdb_processed/fake/edgetts/edgetts_0260.wav,fake,edgetts,neural_tts_commercial,test_seen
edgetts_0261,vispoofdb_processed/fake/edgetts/edgetts_0261.wav,fake,edgetts,neural_tts_commercial,train
edgetts_0262,vispoofdb_processed/fake/edgetts/edgetts_0262.wav,fake,edgetts,neural_tts_commercial,test_seen
edgetts_0263,vispoofdb_processed/fake/edgetts/edgetts_0263.wav,fake,edgetts,neural_tts_commercial,train
edgetts_0264,vispoofdb_processed/fake/edgetts/edgetts_0264.wav,fake,edgetts,neural_tts_commercial,train
edgetts_0265,vispoofdb_processed/fake/edgetts/edgetts_0265.wav,fake,edgetts,neural_tts_commercial,train
edgetts_0266,vispoofdb_processed/fake/edgetts/edgetts_0266.wav,fake,edgetts,neural_tts_commercial,train
edgetts_0267,vispoofdb_processed/fake/edgetts/edgetts_0267.wav,fake,edgetts,neural_tts_commercial,train
edgetts_0268,vispoofdb_processed/fake/edgetts/edgetts_0268.wav,fake,edgetts,neural_tts_commercial,train
edgetts_0269,vispoofdb_processed/fake/edgetts/edgetts_0269.wav,fake,edgetts,neural_tts_commercial,train
edgetts_0270,vispoofdb_processed/fake/edgetts/edgetts_0270.wav,fake,edgetts,neural_tts_commercial,train
edgetts_0271,vispoofdb_processed/fake/edgetts/edgetts_0271.wav,fake,edgetts,neural_tts_commercial,train
edgetts_0272,vispoofdb_processed/fake/edgetts/edgetts_0272.wav,fake,edgetts,neural_tts_commercial,train
edgetts_0273,vispoofdb_processed/fake/edgetts/edgetts_0273.wav,fake,edgetts,neural_tts_commercial,train
edgetts_0274,vispoofdb_processed/fake/edgetts/edgetts_0274.wav,fake,edgetts,neural_tts_commercial,train
edgetts_0275,vispoofdb_processed/fake/edgetts/edgetts_0275.wav,fake,edgetts,neural_tts_commercial,train
edgetts_0276,vispoofdb_processed/fake/edgetts/edgetts_0276.wav,fake,edgetts,neural_tts_commercial,train
edgetts_0277,vispoofdb_processed/fake/edgetts/edgetts_0277.wav,fake,edgetts,neural_tts_commercial,train
edgetts_0278,vispoofdb_processed/fake/edgetts/edgetts_0278.wav,fake,edgetts,neural_tts_commercial,train
edgetts_0279,vispoofdb_processed/fake/edgetts/edgetts_0279.wav,fake,edgetts,neural_tts_commercial,train
edgetts_0280,vispoofdb_processed/fake/edgetts/edgetts_0280.wav,fake,edgetts,neural_tts_commercial,test_seen
edgetts_0281,vispoofdb_processed/fake/edgetts/edgetts_0281.wav,fake,edgetts,neural_tts_commercial,train
edgetts_0282,vispoofdb_processed/fake/edgetts/edgetts_0282.wav,fake,edgetts,neural_tts_commercial,train
edgetts_0283,vispoofdb_processed/fake/edgetts/edgetts_0283.wav,fake,edgetts,neural_tts_commercial,train
edgetts_0284,vispoofdb_processed/fake/edgetts/edgetts_0284.wav,fake,edgetts,neural_tts_commercial,train
edgetts_0285,vispoofdb_processed/fake/edgetts/edgetts_0285.wav,fake,edgetts,neural_tts_commercial,test_seen
edgetts_0286,vispoofdb_processed/fake/edgetts/edgetts_0286.wav,fake,edgetts,neural_tts_commercial,train
edgetts_0287,vispoofdb_processed/fake/edgetts/edgetts_0287.wav,fake,edgetts,neural_tts_commercial,train
edgetts_0288,vispoofdb_processed/fake/edgetts/edgetts_0288.wav,fake,edgetts,neural_tts_commercial,train
edgetts_0289,vispoofdb_processed/fake/edgetts/edgetts_0289.wav,fake,edgetts,neural_tts_commercial,train
edgetts_0290,vispoofdb_processed/fake/edgetts/edgetts_0290.wav,fake,edgetts,neural_tts_commercial,train
edgetts_0291,vispoofdb_processed/fake/edgetts/edgetts_0291.wav,fake,edgetts,neural_tts_commercial,train
edgetts_0292,vispoofdb_processed/fake/edgetts/edgetts_0292.wav,fake,edgetts,neural_tts_commercial,train
edgetts_0293,vispoofdb_processed/fake/edgetts/edgetts_0293.wav,fake,edgetts,neural_tts_commercial,train
edgetts_0294,vispoofdb_processed/fake/edgetts/edgetts_0294.wav,fake,edgetts,neural_tts_commercial,train
edgetts_0295,vispoofdb_processed/fake/edgetts/edgetts_0295.wav,fake,edgetts,neural_tts_commercial,train
edgetts_0296,vispoofdb_processed/fake/edgetts/edgetts_0296.wav,fake,edgetts,neural_tts_commercial,train
edgetts_0297,vispoofdb_processed/fake/edgetts/edgetts_0297.wav,fake,edgetts,neural_tts_commercial,train
edgetts_0298,vispoofdb_processed/fake/edgetts/edgetts_0298.wav,fake,edgetts,neural_tts_commercial,train
edgetts_0299,vispoofdb_processed/fake/edgetts/edgetts_0299.wav,fake,edgetts,neural_tts_commercial,train
edgetts_0300,vispoofdb_processed/fake/edgetts/edgetts_0300.wav,fake,edgetts,neural_tts_commercial,train
edgetts_0301,vispoofdb_processed/fake/edgetts/edgetts_0301.wav,fake,edgetts,neural_tts_commercial,test_seen
edgetts_0302,vispoofdb_processed/fake/edgetts/edgetts_0302.wav,fake,edgetts,neural_tts_commercial,test_seen
edgetts_0303,vispoofdb_processed/fake/edgetts/edgetts_0303.wav,fake,edgetts,neural_tts_commercial,train
edgetts_0304,vispoofdb_processed/fake/edgetts/edgetts_0304.wav,fake,edgetts,neural_tts_commercial,train
edgetts_0305,vispoofdb_processed/fake/edgetts/edgetts_0305.wav,fake,edgetts,neural_tts_commercial,train
edgetts_0306,vispoofdb_processed/fake/edgetts/edgetts_0306.wav,fake,edgetts,neural_tts_commercial,train
edgetts_0307,vispoofdb_processed/fake/edgetts/edgetts_0307.wav,fake,edgetts,neural_tts_commercial,train
edgetts_0308,vispoofdb_processed/fake/edgetts/edgetts_0308.wav,fake,edgetts,neural_tts_commercial,train
edgetts_0309,vispoofdb_processed/fake/edgetts/edgetts_0309.wav,fake,edgetts,neural_tts_commercial,train
edgetts_0310,vispoofdb_processed/fake/edgetts/edgetts_0310.wav,fake,edgetts,neural_tts_commercial,train
edgetts_0311,vispoofdb_processed/fake/edgetts/edgetts_0311.wav,fake,edgetts,neural_tts_commercial,train
edgetts_0312,vispoofdb_processed/fake/edgetts/edgetts_0312.wav,fake,edgetts,neural_tts_commercial,train
edgetts_0313,vispoofdb_processed/fake/edgetts/edgetts_0313.wav,fake,edgetts,neural_tts_commercial,train
edgetts_0314,vispoofdb_processed/fake/edgetts/edgetts_0314.wav,fake,edgetts,neural_tts_commercial,train
edgetts_0315,vispoofdb_processed/fake/edgetts/edgetts_0315.wav,fake,edgetts,neural_tts_commercial,train
edgetts_0316,vispoofdb_processed/fake/edgetts/edgetts_0316.wav,fake,edgetts,neural_tts_commercial,train
edgetts_0317,vispoofdb_processed/fake/edgetts/edgetts_0317.wav,fake,edgetts,neural_tts_commercial,train
edgetts_0318,vispoofdb_processed/fake/edgetts/edgetts_0318.wav,fake,edgetts,neural_tts_commercial,train
edgetts_0319,vispoofdb_processed/fake/edgetts/edgetts_0319.wav,fake,edgetts,neural_tts_commercial,train
edgetts_0320,vispoofdb_processed/fake/edgetts/edgetts_0320.wav,fake,edgetts,neural_tts_commercial,test_seen
edgetts_0321,vispoofdb_processed/fake/edgetts/edgetts_0321.wav,fake,edgetts,neural_tts_commercial,train
edgetts_0322,vispoofdb_processed/fake/edgetts/edgetts_0322.wav,fake,edgetts,neural_tts_commercial,train
edgetts_0323,vispoofdb_processed/fake/edgetts/edgetts_0323.wav,fake,edgetts,neural_tts_commercial,train
edgetts_0324,vispoofdb_processed/fake/edgetts/edgetts_0324.wav,fake,edgetts,neural_tts_commercial,train
edgetts_0325,vispoofdb_processed/fake/edgetts/edgetts_0325.wav,fake,edgetts,neural_tts_commercial,train
edgetts_0326,vispoofdb_processed/fake/edgetts/edgetts_0326.wav,fake,edgetts,neural_tts_commercial,train
edgetts_0327,vispoofdb_processed/fake/edgetts/edgetts_0327.wav,fake,edgetts,neural_tts_commercial,test_seen
edgetts_0328,vispoofdb_processed/fake/edgetts/edgetts_0328.wav,fake,edgetts,neural_tts_commercial,train
edgetts_0329,vispoofdb_processed/fake/edgetts/edgetts_0329.wav,fake,edgetts,neural_tts_commercial,train
edgetts_0330,vispoofdb_processed/fake/edgetts/edgetts_0330.wav,fake,edgetts,neural_tts_commercial,train
edgetts_0331,vispoofdb_processed/fake/edgetts/edgetts_0331.wav,fake,edgetts,neural_tts_commercial,train
edgetts_0332,vispoofdb_processed/fake/edgetts/edgetts_0332.wav,fake,edgetts,neural_tts_commercial,train
edgetts_0333,vispoofdb_processed/fake/edgetts/edgetts_0333.wav,fake,edgetts,neural_tts_commercial,train
edgetts_0334,vispoofdb_processed/fake/edgetts/edgetts_0334.wav,fake,edgetts,neural_tts_commercial,train
edgetts_0335,vispoofdb_processed/fake/edgetts/edgetts_0335.wav,fake,edgetts,neural_tts_commercial,test_seen
edgetts_0336,vispoofdb_processed/fake/edgetts/edgetts_0336.wav,fake,edgetts,neural_tts_commercial,train
edgetts_0337,vispoofdb_processed/fake/edgetts/edgetts_0337.wav,fake,edgetts,neural_tts_commercial,test_seen
edgetts_0338,vispoofdb_processed/fake/edgetts/edgetts_0338.wav,fake,edgetts,neural_tts_commercial,train
edgetts_0339,vispoofdb_processed/fake/edgetts/edgetts_0339.wav,fake,edgetts,neural_tts_commercial,train
edgetts_0340,vispoofdb_processed/fake/edgetts/edgetts_0340.wav,fake,edgetts,neural_tts_commercial,train
edgetts_0341,vispoofdb_processed/fake/edgetts/edgetts_0341.wav,fake,edgetts,neural_tts_commercial,test_seen
edgetts_0342,vispoofdb_processed/fake/edgetts/edgetts_0342.wav,fake,edgetts,neural_tts_commercial,train
edgetts_0343,vispoofdb_processed/fake/edgetts/edgetts_0343.wav,fake,edgetts,neural_tts_commercial,train
edgetts_0344,vispoofdb_processed/fake/edgetts/edgetts_0344.wav,fake,edgetts,neural_tts_commercial,train
edgetts_0345,vispoofdb_processed/fake/edgetts/edgetts_0345.wav,fake,edgetts,neural_tts_commercial,test_seen
edgetts_0346,vispoofdb_processed/fake/edgetts/edgetts_0346.wav,fake,edgetts,neural_tts_commercial,train
edgetts_0347,vispoofdb_processed/fake/edgetts/edgetts_0347.wav,fake,edgetts,neural_tts_commercial,train
edgetts_0348,vispoofdb_processed/fake/edgetts/edgetts_0348.wav,fake,edgetts,neural_tts_commercial,train
edgetts_0349,vispoofdb_processed/fake/edgetts/edgetts_0349.wav,fake,edgetts,neural_tts_commercial,train
edgetts_0350,vispoofdb_processed/fake/edgetts/edgetts_0350.wav,fake,edgetts,neural_tts_commercial,train
edgetts_0351,vispoofdb_processed/fake/edgetts/edgetts_0351.wav,fake,edgetts,neural_tts_commercial,train
edgetts_0352,vispoofdb_processed/fake/edgetts/edgetts_0352.wav,fake,edgetts,neural_tts_commercial,train
edgetts_0353,vispoofdb_processed/fake/edgetts/edgetts_0353.wav,fake,edgetts,neural_tts_commercial,train
edgetts_0354,vispoofdb_processed/fake/edgetts/edgetts_0354.wav,fake,edgetts,neural_tts_commercial,train
edgetts_0355,vispoofdb_processed/fake/edgetts/edgetts_0355.wav,fake,edgetts,neural_tts_commercial,train
edgetts_0356,vispoofdb_processed/fake/edgetts/edgetts_0356.wav,fake,edgetts,neural_tts_commercial,train
edgetts_0357,vispoofdb_processed/fake/edgetts/edgetts_0357.wav,fake,edgetts,neural_tts_commercial,test_seen
edgetts_0358,vispoofdb_processed/fake/edgetts/edgetts_0358.wav,fake,edgetts,neural_tts_commercial,train
edgetts_0359,vispoofdb_processed/fake/edgetts/edgetts_0359.wav,fake,edgetts,neural_tts_commercial,train
edgetts_0360,vispoofdb_processed/fake/edgetts/edgetts_0360.wav,fake,edgetts,neural_tts_commercial,train
edgetts_0361,vispoofdb_processed/fake/edgetts/edgetts_0361.wav,fake,edgetts,neural_tts_commercial,train
edgetts_0362,vispoofdb_processed/fake/edgetts/edgetts_0362.wav,fake,edgetts,neural_tts_commercial,test_seen
edgetts_0363,vispoofdb_processed/fake/edgetts/edgetts_0363.wav,fake,edgetts,neural_tts_commercial,train
edgetts_0364,vispoofdb_processed/fake/edgetts/edgetts_0364.wav,fake,edgetts,neural_tts_commercial,test_seen
edgetts_0365,vispoofdb_processed/fake/edgetts/edgetts_0365.wav,fake,edgetts,neural_tts_commercial,train
edgetts_0366,vispoofdb_processed/fake/edgetts/edgetts_0366.wav,fake,edgetts,neural_tts_commercial,train
edgetts_0367,vispoofdb_processed/fake/edgetts/edgetts_0367.wav,fake,edgetts,neural_tts_commercial,train
edgetts_0368,vispoofdb_processed/fake/edgetts/edgetts_0368.wav,fake,edgetts,neural_tts_commercial,train
edgetts_0369,vispoofdb_processed/fake/edgetts/edgetts_0369.wav,fake,edgetts,neural_tts_commercial,train
edgetts_0370,vispoofdb_processed/fake/edgetts/edgetts_0370.wav,fake,edgetts,neural_tts_commercial,train
edgetts_0371,vispoofdb_processed/fake/edgetts/edgetts_0371.wav,fake,edgetts,neural_tts_commercial,train
edgetts_0372,vispoofdb_processed/fake/edgetts/edgetts_0372.wav,fake,edgetts,neural_tts_commercial,train
edgetts_0373,vispoofdb_processed/fake/edgetts/edgetts_0373.wav,fake,edgetts,neural_tts_commercial,train
edgetts_0374,vispoofdb_processed/fake/edgetts/edgetts_0374.wav,fake,edgetts,neural_tts_commercial,train
edgetts_0375,vispoofdb_processed/fake/edgetts/edgetts_0375.wav,fake,edgetts,neural_tts_commercial,test_seen
edgetts_0376,vispoofdb_processed/fake/edgetts/edgetts_0376.wav,fake,edgetts,neural_tts_commercial,train
edgetts_0377,vispoofdb_processed/fake/edgetts/edgetts_0377.wav,fake,edgetts,neural_tts_commercial,train
edgetts_0378,vispoofdb_processed/fake/edgetts/edgetts_0378.wav,fake,edgetts,neural_tts_commercial,train
edgetts_0379,vispoofdb_processed/fake/edgetts/edgetts_0379.wav,fake,edgetts,neural_tts_commercial,test_seen
edgetts_0380,vispoofdb_processed/fake/edgetts/edgetts_0380.wav,fake,edgetts,neural_tts_commercial,train
edgetts_0381,vispoofdb_processed/fake/edgetts/edgetts_0381.wav,fake,edgetts,neural_tts_commercial,train
edgetts_0382,vispoofdb_processed/fake/edgetts/edgetts_0382.wav,fake,edgetts,neural_tts_commercial,train
edgetts_0383,vispoofdb_processed/fake/edgetts/edgetts_0383.wav,fake,edgetts,neural_tts_commercial,train
edgetts_0384,vispoofdb_processed/fake/edgetts/edgetts_0384.wav,fake,edgetts,neural_tts_commercial,test_seen
edgetts_0385,vispoofdb_processed/fake/edgetts/edgetts_0385.wav,fake,edgetts,neural_tts_commercial,test_seen
edgetts_0386,vispoofdb_processed/fake/edgetts/edgetts_0386.wav,fake,edgetts,neural_tts_commercial,train
edgetts_0387,vispoofdb_processed/fake/edgetts/edgetts_0387.wav,fake,edgetts,neural_tts_commercial,train
edgetts_0388,vispoofdb_processed/fake/edgetts/edgetts_0388.wav,fake,edgetts,neural_tts_commercial,test_seen
edgetts_0389,vispoofdb_processed/fake/edgetts/edgetts_0389.wav,fake,edgetts,neural_tts_commercial,train
edgetts_0390,vispoofdb_processed/fake/edgetts/edgetts_0390.wav,fake,edgetts,neural_tts_commercial,train
edgetts_0391,vispoofdb_processed/fake/edgetts/edgetts_0391.wav,fake,edgetts,neural_tts_commercial,test_seen
edgetts_0392,vispoofdb_processed/fake/edgetts/edgetts_0392.wav,fake,edgetts,neural_tts_commercial,train
edgetts_0393,vispoofdb_processed/fake/edgetts/edgetts_0393.wav,fake,edgetts,neural_tts_commercial,train
edgetts_0394,vispoofdb_processed/fake/edgetts/edgetts_0394.wav,fake,edgetts,neural_tts_commercial,train
edgetts_0395,vispoofdb_processed/fake/edgetts/edgetts_0395.wav,fake,edgetts,neural_tts_commercial,test_seen
edgetts_0396,vispoofdb_processed/fake/edgetts/edgetts_0396.wav,fake,edgetts,neural_tts_commercial,train
edgetts_0397,vispoofdb_processed/fake/edgetts/edgetts_0397.wav,fake,edgetts,neural_tts_commercial,train
edgetts_0398,vispoofdb_processed/fake/edgetts/edgetts_0398.wav,fake,edgetts,neural_tts_commercial,train
edgetts_0399,vispoofdb_processed/fake/edgetts/edgetts_0399.wav,fake,edgetts,neural_tts_commercial,train
edgetts_0400,vispoofdb_processed/fake/edgetts/edgetts_0400.wav,fake,edgetts,neural_tts_commercial,train
edgetts_0401,vispoofdb_processed/fake/edgetts/edgetts_0401.wav,fake,edgetts,neural_tts_commercial,train
edgetts_0402,vispoofdb_processed/fake/edgetts/edgetts_0402.wav,fake,edgetts,neural_tts_commercial,train
edgetts_0403,vispoofdb_processed/fake/edgetts/edgetts_0403.wav,fake,edgetts,neural_tts_commercial,train
edgetts_0404,vispoofdb_processed/fake/edgetts/edgetts_0404.wav,fake,edgetts,neural_tts_commercial,test_seen
edgetts_0405,vispoofdb_processed/fake/edgetts/edgetts_0405.wav,fake,edgetts,neural_tts_commercial,train
edgetts_0406,vispoofdb_processed/fake/edgetts/edgetts_0406.wav,fake,edgetts,neural_tts_commercial,train
edgetts_0407,vispoofdb_processed/fake/edgetts/edgetts_0407.wav,fake,edgetts,neural_tts_commercial,train
edgetts_0408,vispoofdb_processed/fake/edgetts/edgetts_0408.wav,fake,edgetts,neural_tts_commercial,train
edgetts_0409,vispoofdb_processed/fake/edgetts/edgetts_0409.wav,fake,edgetts,neural_tts_commercial,train
edgetts_0410,vispoofdb_processed/fake/edgetts/edgetts_0410.wav,fake,edgetts,neural_tts_commercial,train
edgetts_0411,vispoofdb_processed/fake/edgetts/edgetts_0411.wav,fake,edgetts,neural_tts_commercial,train
edgetts_0412,vispoofdb_processed/fake/edgetts/edgetts_0412.wav,fake,edgetts,neural_tts_commercial,test_seen
edgetts_0413,vispoofdb_processed/fake/edgetts/edgetts_0413.wav,fake,edgetts,neural_tts_commercial,train
edgetts_0414,vispoofdb_processed/fake/edgetts/edgetts_0414.wav,fake,edgetts,neural_tts_commercial,train
edgetts_0415,vispoofdb_processed/fake/edgetts/edgetts_0415.wav,fake,edgetts,neural_tts_commercial,train
edgetts_0416,vispoofdb_processed/fake/edgetts/edgetts_0416.wav,fake,edgetts,neural_tts_commercial,train
edgetts_0417,vispoofdb_processed/fake/edgetts/edgetts_0417.wav,fake,edgetts,neural_tts_commercial,test_seen
edgetts_0418,vispoofdb_processed/fake/edgetts/edgetts_0418.wav,fake,edgetts,neural_tts_commercial,train
edgetts_0419,vispoofdb_processed/fake/edgetts/edgetts_0419.wav,fake,edgetts,neural_tts_commercial,test_seen
edgetts_0420,vispoofdb_processed/fake/edgetts/edgetts_0420.wav,fake,edgetts,neural_tts_commercial,train
edgetts_0421,vispoofdb_processed/fake/edgetts/edgetts_0421.wav,fake,edgetts,neural_tts_commercial,train
edgetts_0422,vispoofdb_processed/fake/edgetts/edgetts_0422.wav,fake,edgetts,neural_tts_commercial,train
edgetts_0423,vispoofdb_processed/fake/edgetts/edgetts_0423.wav,fake,edgetts,neural_tts_commercial,train
edgetts_0424,vispoofdb_processed/fake/edgetts/edgetts_0424.wav,fake,edgetts,neural_tts_commercial,train
edgetts_0425,vispoofdb_processed/fake/edgetts/edgetts_0425.wav,fake,edgetts,neural_tts_commercial,train
edgetts_0426,vispoofdb_processed/fake/edgetts/edgetts_0426.wav,fake,edgetts,neural_tts_commercial,train
edgetts_0427,vispoofdb_processed/fake/edgetts/edgetts_0427.wav,fake,edgetts,neural_tts_commercial,train
edgetts_0428,vispoofdb_processed/fake/edgetts/edgetts_0428.wav,fake,edgetts,neural_tts_commercial,train
edgetts_0429,vispoofdb_processed/fake/edgetts/edgetts_0429.wav,fake,edgetts,neural_tts_commercial,train
edgetts_0430,vispoofdb_processed/fake/edgetts/edgetts_0430.wav,fake,edgetts,neural_tts_commercial,train
edgetts_0431,vispoofdb_processed/fake/edgetts/edgetts_0431.wav,fake,edgetts,neural_tts_commercial,train
edgetts_0432,vispoofdb_processed/fake/edgetts/edgetts_0432.wav,fake,edgetts,neural_tts_commercial,train
edgetts_0433,vispoofdb_processed/fake/edgetts/edgetts_0433.wav,fake,edgetts,neural_tts_commercial,train
edgetts_0434,vispoofdb_processed/fake/edgetts/edgetts_0434.wav,fake,edgetts,neural_tts_commercial,train
edgetts_0435,vispoofdb_processed/fake/edgetts/edgetts_0435.wav,fake,edgetts,neural_tts_commercial,train
edgetts_0436,vispoofdb_processed/fake/edgetts/edgetts_0436.wav,fake,edgetts,neural_tts_commercial,train
edgetts_0437,vispoofdb_processed/fake/edgetts/edgetts_0437.wav,fake,edgetts,neural_tts_commercial,train
edgetts_0438,vispoofdb_processed/fake/edgetts/edgetts_0438.wav,fake,edgetts,neural_tts_commercial,train
edgetts_0439,vispoofdb_processed/fake/edgetts/edgetts_0439.wav,fake,edgetts,neural_tts_commercial,train
edgetts_0440,vispoofdb_processed/fake/edgetts/edgetts_0440.wav,fake,edgetts,neural_tts_commercial,train
edgetts_0441,vispoofdb_processed/fake/edgetts/edgetts_0441.wav,fake,edgetts,neural_tts_commercial,train
edgetts_0442,vispoofdb_processed/fake/edgetts/edgetts_0442.wav,fake,edgetts,neural_tts_commercial,train
edgetts_0443,vispoofdb_processed/fake/edgetts/edgetts_0443.wav,fake,edgetts,neural_tts_commercial,train
edgetts_0444,vispoofdb_processed/fake/edgetts/edgetts_0444.wav,fake,edgetts,neural_tts_commercial,train
edgetts_0445,vispoofdb_processed/fake/edgetts/edgetts_0445.wav,fake,edgetts,neural_tts_commercial,train
edgetts_0446,vispoofdb_processed/fake/edgetts/edgetts_0446.wav,fake,edgetts,neural_tts_commercial,train
edgetts_0447,vispoofdb_processed/fake/edgetts/edgetts_0447.wav,fake,edgetts,neural_tts_commercial,train
edgetts_0448,vispoofdb_processed/fake/edgetts/edgetts_0448.wav,fake,edgetts,neural_tts_commercial,train
edgetts_0449,vispoofdb_processed/fake/edgetts/edgetts_0449.wav,fake,edgetts,neural_tts_commercial,train
edgetts_0450,vispoofdb_processed/fake/edgetts/edgetts_0450.wav,fake,edgetts,neural_tts_commercial,train
edgetts_0451,vispoofdb_processed/fake/edgetts/edgetts_0451.wav,fake,edgetts,neural_tts_commercial,train
edgetts_0452,vispoofdb_processed/fake/edgetts/edgetts_0452.wav,fake,edgetts,neural_tts_commercial,train
edgetts_0453,vispoofdb_processed/fake/edgetts/edgetts_0453.wav,fake,edgetts,neural_tts_commercial,train
edgetts_0454,vispoofdb_processed/fake/edgetts/edgetts_0454.wav,fake,edgetts,neural_tts_commercial,train
edgetts_0455,vispoofdb_processed/fake/edgetts/edgetts_0455.wav,fake,edgetts,neural_tts_commercial,test_seen
edgetts_0456,vispoofdb_processed/fake/edgetts/edgetts_0456.wav,fake,edgetts,neural_tts_commercial,train
edgetts_0457,vispoofdb_processed/fake/edgetts/edgetts_0457.wav,fake,edgetts,neural_tts_commercial,train
edgetts_0458,vispoofdb_processed/fake/edgetts/edgetts_0458.wav,fake,edgetts,neural_tts_commercial,train
edgetts_0459,vispoofdb_processed/fake/edgetts/edgetts_0459.wav,fake,edgetts,neural_tts_commercial,train
edgetts_0460,vispoofdb_processed/fake/edgetts/edgetts_0460.wav,fake,edgetts,neural_tts_commercial,train
edgetts_0461,vispoofdb_processed/fake/edgetts/edgetts_0461.wav,fake,edgetts,neural_tts_commercial,train
edgetts_0462,vispoofdb_processed/fake/edgetts/edgetts_0462.wav,fake,edgetts,neural_tts_commercial,train
edgetts_0463,vispoofdb_processed/fake/edgetts/edgetts_0463.wav,fake,edgetts,neural_tts_commercial,train
edgetts_0464,vispoofdb_processed/fake/edgetts/edgetts_0464.wav,fake,edgetts,neural_tts_commercial,train
edgetts_0465,vispoofdb_processed/fake/edgetts/edgetts_0465.wav,fake,edgetts,neural_tts_commercial,train
edgetts_0466,vispoofdb_processed/fake/edgetts/edgetts_0466.wav,fake,edgetts,neural_tts_commercial,test_seen
edgetts_0467,vispoofdb_processed/fake/edgetts/edgetts_0467.wav,fake,edgetts,neural_tts_commercial,test_seen
edgetts_0468,vispoofdb_processed/fake/edgetts/edgetts_0468.wav,fake,edgetts,neural_tts_commercial,train
edgetts_0469,vispoofdb_processed/fake/edgetts/edgetts_0469.wav,fake,edgetts,neural_tts_commercial,train
edgetts_0470,vispoofdb_processed/fake/edgetts/edgetts_0470.wav,fake,edgetts,neural_tts_commercial,test_seen
edgetts_0471,vispoofdb_processed/fake/edgetts/edgetts_0471.wav,fake,edgetts,neural_tts_commercial,train
edgetts_0472,vispoofdb_processed/fake/edgetts/edgetts_0472.wav,fake,edgetts,neural_tts_commercial,train
edgetts_0473,vispoofdb_processed/fake/edgetts/edgetts_0473.wav,fake,edgetts,neural_tts_commercial,train
edgetts_0474,vispoofdb_processed/fake/edgetts/edgetts_0474.wav,fake,edgetts,neural_tts_commercial,test_seen
edgetts_0475,vispoofdb_processed/fake/edgetts/edgetts_0475.wav,fake,edgetts,neural_tts_commercial,train
edgetts_0476,vispoofdb_processed/fake/edgetts/edgetts_0476.wav,fake,edgetts,neural_tts_commercial,train
edgetts_0477,vispoofdb_processed/fake/edgetts/edgetts_0477.wav,fake,edgetts,neural_tts_commercial,test_seen
edgetts_0478,vispoofdb_processed/fake/edgetts/edgetts_0478.wav,fake,edgetts,neural_tts_commercial,train
edgetts_0479,vispoofdb_processed/fake/edgetts/edgetts_0479.wav,fake,edgetts,neural_tts_commercial,train
edgetts_0480,vispoofdb_processed/fake/edgetts/edgetts_0480.wav,fake,edgetts,neural_tts_commercial,train
edgetts_0481,vispoofdb_processed/fake/edgetts/edgetts_0481.wav,fake,edgetts,neural_tts_commercial,train
edgetts_0482,vispoofdb_processed/fake/edgetts/edgetts_0482.wav,fake,edgetts,neural_tts_commercial,train
edgetts_0483,vispoofdb_processed/fake/edgetts/edgetts_0483.wav,fake,edgetts,neural_tts_commercial,train
edgetts_0484,vispoofdb_processed/fake/edgetts/edgetts_0484.wav,fake,edgetts,neural_tts_commercial,train
edgetts_0485,vispoofdb_processed/fake/edgetts/edgetts_0485.wav,fake,edgetts,neural_tts_commercial,train
edgetts_0486,vispoofdb_processed/fake/edgetts/edgetts_0486.wav,fake,edgetts,neural_tts_commercial,train
edgetts_0487,vispoofdb_processed/fake/edgetts/edgetts_0487.wav,fake,edgetts,neural_tts_commercial,train
edgetts_0488,vispoofdb_processed/fake/edgetts/edgetts_0488.wav,fake,edgetts,neural_tts_commercial,test_seen
edgetts_0489,vispoofdb_processed/fake/edgetts/edgetts_0489.wav,fake,edgetts,neural_tts_commercial,train
edgetts_0490,vispoofdb_processed/fake/edgetts/edgetts_0490.wav,fake,edgetts,neural_tts_commercial,train
edgetts_0491,vispoofdb_processed/fake/edgetts/edgetts_0491.wav,fake,edgetts,neural_tts_commercial,train
edgetts_0492,vispoofdb_processed/fake/edgetts/edgetts_0492.wav,fake,edgetts,neural_tts_commercial,test_seen
edgetts_0493,vispoofdb_processed/fake/edgetts/edgetts_0493.wav,fake,edgetts,neural_tts_commercial,train
edgetts_0494,vispoofdb_processed/fake/edgetts/edgetts_0494.wav,fake,edgetts,neural_tts_commercial,train
edgetts_0495,vispoofdb_processed/fake/edgetts/edgetts_0495.wav,fake,edgetts,neural_tts_commercial,train
edgetts_0496,vispoofdb_processed/fake/edgetts/edgetts_0496.wav,fake,edgetts,neural_tts_commercial,train
edgetts_0497,vispoofdb_processed/fake/edgetts/edgetts_0497.wav,fake,edgetts,neural_tts_commercial,train
edgetts_0498,vispoofdb_processed/fake/edgetts/edgetts_0498.wav,fake,edgetts,neural_tts_commercial,train
edgetts_0499,vispoofdb_processed/fake/edgetts/edgetts_0499.wav,fake,edgetts,neural_tts_commercial,test_seen
edgetts_0500,vispoofdb_processed/fake/edgetts/edgetts_0500.wav,fake,edgetts,neural_tts_commercial,train
edgetts_0501,vispoofdb_processed/fake/edgetts/edgetts_0501.wav,fake,edgetts,neural_tts_commercial,train
edgetts_0502,vispoofdb_processed/fake/edgetts/edgetts_0502.wav,fake,edgetts,neural_tts_commercial,test_seen
edgetts_0503,vispoofdb_processed/fake/edgetts/edgetts_0503.wav,fake,edgetts,neural_tts_commercial,train
edgetts_0504,vispoofdb_processed/fake/edgetts/edgetts_0504.wav,fake,edgetts,neural_tts_commercial,test_seen
edgetts_0505,vispoofdb_processed/fake/edgetts/edgetts_0505.wav,fake,edgetts,neural_tts_commercial,train
edgetts_0506,vispoofdb_processed/fake/edgetts/edgetts_0506.wav,fake,edgetts,neural_tts_commercial,train
edgetts_0507,vispoofdb_processed/fake/edgetts/edgetts_0507.wav,fake,edgetts,neural_tts_commercial,train
edgetts_0508,vispoofdb_processed/fake/edgetts/edgetts_0508.wav,fake,edgetts,neural_tts_commercial,train
edgetts_0509,vispoofdb_processed/fake/edgetts/edgetts_0509.wav,fake,edgetts,neural_tts_commercial,train
edgetts_0510,vispoofdb_processed/fake/edgetts/edgetts_0510.wav,fake,edgetts,neural_tts_commercial,test_seen
edgetts_0511,vispoofdb_processed/fake/edgetts/edgetts_0511.wav,fake,edgetts,neural_tts_commercial,train
edgetts_0512,vispoofdb_processed/fake/edgetts/edgetts_0512.wav,fake,edgetts,neural_tts_commercial,test_seen
edgetts_0513,vispoofdb_processed/fake/edgetts/edgetts_0513.wav,fake,edgetts,neural_tts_commercial,test_seen
edgetts_0514,vispoofdb_processed/fake/edgetts/edgetts_0514.wav,fake,edgetts,neural_tts_commercial,train
edgetts_0515,vispoofdb_processed/fake/edgetts/edgetts_0515.wav,fake,edgetts,neural_tts_commercial,train
edgetts_0516,vispoofdb_processed/fake/edgetts/edgetts_0516.wav,fake,edgetts,neural_tts_commercial,train
edgetts_0517,vispoofdb_processed/fake/edgetts/edgetts_0517.wav,fake,edgetts,neural_tts_commercial,train
edgetts_0518,vispoofdb_processed/fake/edgetts/edgetts_0518.wav,fake,edgetts,neural_tts_commercial,train
edgetts_0519,vispoofdb_processed/fake/edgetts/edgetts_0519.wav,fake,edgetts,neural_tts_commercial,train
edgetts_0520,vispoofdb_processed/fake/edgetts/edgetts_0520.wav,fake,edgetts,neural_tts_commercial,train
edgetts_0521,vispoofdb_processed/fake/edgetts/edgetts_0521.wav,fake,edgetts,neural_tts_commercial,train
edgetts_0522,vispoofdb_processed/fake/edgetts/edgetts_0522.wav,fake,edgetts,neural_tts_commercial,train
edgetts_0523,vispoofdb_processed/fake/edgetts/edgetts_0523.wav,fake,edgetts,neural_tts_commercial,test_seen
edgetts_0524,vispoofdb_processed/fake/edgetts/edgetts_0524.wav,fake,edgetts,neural_tts_commercial,test_seen
edgetts_0525,vispoofdb_processed/fake/edgetts/edgetts_0525.wav,fake,edgetts,neural_tts_commercial,test_seen
edgetts_0526,vispoofdb_processed/fake/edgetts/edgetts_0526.wav,fake,edgetts,neural_tts_commercial,train
edgetts_0527,vispoofdb_processed/fake/edgetts/edgetts_0527.wav,fake,edgetts,neural_tts_commercial,train
edgetts_0528,vispoofdb_processed/fake/edgetts/edgetts_0528.wav,fake,edgetts,neural_tts_commercial,train
edgetts_0529,vispoofdb_processed/fake/edgetts/edgetts_0529.wav,fake,edgetts,neural_tts_commercial,train
edgetts_0530,vispoofdb_processed/fake/edgetts/edgetts_0530.wav,fake,edgetts,neural_tts_commercial,train
edgetts_0531,vispoofdb_processed/fake/edgetts/edgetts_0531.wav,fake,edgetts,neural_tts_commercial,train
edgetts_0532,vispoofdb_processed/fake/edgetts/edgetts_0532.wav,fake,edgetts,neural_tts_commercial,train
edgetts_0533,vispoofdb_processed/fake/edgetts/edgetts_0533.wav,fake,edgetts,neural_tts_commercial,train
edgetts_0534,vispoofdb_processed/fake/edgetts/edgetts_0534.wav,fake,edgetts,neural_tts_commercial,train
edgetts_0535,vispoofdb_processed/fake/edgetts/edgetts_0535.wav,fake,edgetts,neural_tts_commercial,train
edgetts_0536,vispoofdb_processed/fake/edgetts/edgetts_0536.wav,fake,edgetts,neural_tts_commercial,test_seen
edgetts_0537,vispoofdb_processed/fake/edgetts/edgetts_0537.wav,fake,edgetts,neural_tts_commercial,test_seen
edgetts_0538,vispoofdb_processed/fake/edgetts/edgetts_0538.wav,fake,edgetts,neural_tts_commercial,train
edgetts_0539,vispoofdb_processed/fake/edgetts/edgetts_0539.wav,fake,edgetts,neural_tts_commercial,test_seen
edgetts_0540,vispoofdb_processed/fake/edgetts/edgetts_0540.wav,fake,edgetts,neural_tts_commercial,train
edgetts_0541,vispoofdb_processed/fake/edgetts/edgetts_0541.wav,fake,edgetts,neural_tts_commercial,train
edgetts_0542,vispoofdb_processed/fake/edgetts/edgetts_0542.wav,fake,edgetts,neural_tts_commercial,train
edgetts_0543,vispoofdb_processed/fake/edgetts/edgetts_0543.wav,fake,edgetts,neural_tts_commercial,train
edgetts_0544,vispoofdb_processed/fake/edgetts/edgetts_0544.wav,fake,edgetts,neural_tts_commercial,train
edgetts_0545,vispoofdb_processed/fake/edgetts/edgetts_0545.wav,fake,edgetts,neural_tts_commercial,train
edgetts_0546,vispoofdb_processed/fake/edgetts/edgetts_0546.wav,fake,edgetts,neural_tts_commercial,train
edgetts_0547,vispoofdb_processed/fake/edgetts/edgetts_0547.wav,fake,edgetts,neural_tts_commercial,train
edgetts_0548,vispoofdb_processed/fake/edgetts/edgetts_0548.wav,fake,edgetts,neural_tts_commercial,train
edgetts_0549,vispoofdb_processed/fake/edgetts/edgetts_0549.wav,fake,edgetts,neural_tts_commercial,train
edgetts_0550,vispoofdb_processed/fake/edgetts/edgetts_0550.wav,fake,edgetts,neural_tts_commercial,train
edgetts_0551,vispoofdb_processed/fake/edgetts/edgetts_0551.wav,fake,edgetts,neural_tts_commercial,train
edgetts_0552,vispoofdb_processed/fake/edgetts/edgetts_0552.wav,fake,edgetts,neural_tts_commercial,train
edgetts_0553,vispoofdb_processed/fake/edgetts/edgetts_0553.wav,fake,edgetts,neural_tts_commercial,train
edgetts_0554,vispoofdb_processed/fake/edgetts/edgetts_0554.wav,fake,edgetts,neural_tts_commercial,train
edgetts_0555,vispoofdb_processed/fake/edgetts/edgetts_0555.wav,fake,edgetts,neural_tts_commercial,train
edgetts_0556,vispoofdb_processed/fake/edgetts/edgetts_0556.wav,fake,edgetts,neural_tts_commercial,train
edgetts_0557,vispoofdb_processed/fake/edgetts/edgetts_0557.wav,fake,edgetts,neural_tts_commercial,train
edgetts_0558,vispoofdb_processed/fake/edgetts/edgetts_0558.wav,fake,edgetts,neural_tts_commercial,train
edgetts_0559,vispoofdb_processed/fake/edgetts/edgetts_0559.wav,fake,edgetts,neural_tts_commercial,test_seen
edgetts_0560,vispoofdb_processed/fake/edgetts/edgetts_0560.wav,fake,edgetts,neural_tts_commercial,train
edgetts_0561,vispoofdb_processed/fake/edgetts/edgetts_0561.wav,fake,edgetts,neural_tts_commercial,train
edgetts_0562,vispoofdb_processed/fake/edgetts/edgetts_0562.wav,fake,edgetts,neural_tts_commercial,test_seen
edgetts_0563,vispoofdb_processed/fake/edgetts/edgetts_0563.wav,fake,edgetts,neural_tts_commercial,test_seen
edgetts_0564,vispoofdb_processed/fake/edgetts/edgetts_0564.wav,fake,edgetts,neural_tts_commercial,train
edgetts_0565,vispoofdb_processed/fake/edgetts/edgetts_0565.wav,fake,edgetts,neural_tts_commercial,train
edgetts_0566,vispoofdb_processed/fake/edgetts/edgetts_0566.wav,fake,edgetts,neural_tts_commercial,train
edgetts_0567,vispoofdb_processed/fake/edgetts/edgetts_0567.wav,fake,edgetts,neural_tts_commercial,train
edgetts_0568,vispoofdb_processed/fake/edgetts/edgetts_0568.wav,fake,edgetts,neural_tts_commercial,train
edgetts_0569,vispoofdb_processed/fake/edgetts/edgetts_0569.wav,fake,edgetts,neural_tts_commercial,test_seen
edgetts_0570,vispoofdb_processed/fake/edgetts/edgetts_0570.wav,fake,edgetts,neural_tts_commercial,train
edgetts_0571,vispoofdb_processed/fake/edgetts/edgetts_0571.wav,fake,edgetts,neural_tts_commercial,train
edgetts_0572,vispoofdb_processed/fake/edgetts/edgetts_0572.wav,fake,edgetts,neural_tts_commercial,train
edgetts_0573,vispoofdb_processed/fake/edgetts/edgetts_0573.wav,fake,edgetts,neural_tts_commercial,train
edgetts_0574,vispoofdb_processed/fake/edgetts/edgetts_0574.wav,fake,edgetts,neural_tts_commercial,test_seen
edgetts_0575,vispoofdb_processed/fake/edgetts/edgetts_0575.wav,fake,edgetts,neural_tts_commercial,train
edgetts_0576,vispoofdb_processed/fake/edgetts/edgetts_0576.wav,fake,edgetts,neural_tts_commercial,train
edgetts_0577,vispoofdb_processed/fake/edgetts/edgetts_0577.wav,fake,edgetts,neural_tts_commercial,train
edgetts_0578,vispoofdb_processed/fake/edgetts/edgetts_0578.wav,fake,edgetts,neural_tts_commercial,train
edgetts_0579,vispoofdb_processed/fake/edgetts/edgetts_0579.wav,fake,edgetts,neural_tts_commercial,train
edgetts_0580,vispoofdb_processed/fake/edgetts/edgetts_0580.wav,fake,edgetts,neural_tts_commercial,test_seen
edgetts_0581,vispoofdb_processed/fake/edgetts/edgetts_0581.wav,fake,edgetts,neural_tts_commercial,train
edgetts_0582,vispoofdb_processed/fake/edgetts/edgetts_0582.wav,fake,edgetts,neural_tts_commercial,train
edgetts_0583,vispoofdb_processed/fake/edgetts/edgetts_0583.wav,fake,edgetts,neural_tts_commercial,train
edgetts_0584,vispoofdb_processed/fake/edgetts/edgetts_0584.wav,fake,edgetts,neural_tts_commercial,train
edgetts_0585,vispoofdb_processed/fake/edgetts/edgetts_0585.wav,fake,edgetts,neural_tts_commercial,train
edgetts_0586,vispoofdb_processed/fake/edgetts/edgetts_0586.wav,fake,edgetts,neural_tts_commercial,train
edgetts_0587,vispoofdb_processed/fake/edgetts/edgetts_0587.wav,fake,edgetts,neural_tts_commercial,train
edgetts_0588,vispoofdb_processed/fake/edgetts/edgetts_0588.wav,fake,edgetts,neural_tts_commercial,train
edgetts_0589,vispoofdb_processed/fake/edgetts/edgetts_0589.wav,fake,edgetts,neural_tts_commercial,train
edgetts_0590,vispoofdb_processed/fake/edgetts/edgetts_0590.wav,fake,edgetts,neural_tts_commercial,train
edgetts_0591,vispoofdb_processed/fake/edgetts/edgetts_0591.wav,fake,edgetts,neural_tts_commercial,train
edgetts_0592,vispoofdb_processed/fake/edgetts/edgetts_0592.wav,fake,edgetts,neural_tts_commercial,train
edgetts_0593,vispoofdb_processed/fake/edgetts/edgetts_0593.wav,fake,edgetts,neural_tts_commercial,train
edgetts_0594,vispoofdb_processed/fake/edgetts/edgetts_0594.wav,fake,edgetts,neural_tts_commercial,train
edgetts_0595,vispoofdb_processed/fake/edgetts/edgetts_0595.wav,fake,edgetts,neural_tts_commercial,test_seen
edgetts_0596,vispoofdb_processed/fake/edgetts/edgetts_0596.wav,fake,edgetts,neural_tts_commercial,train
edgetts_0597,vispoofdb_processed/fake/edgetts/edgetts_0597.wav,fake,edgetts,neural_tts_commercial,train
edgetts_0598,vispoofdb_processed/fake/edgetts/edgetts_0598.wav,fake,edgetts,neural_tts_commercial,train
edgetts_0599,vispoofdb_processed/fake/edgetts/edgetts_0599.wav,fake,edgetts,neural_tts_commercial,train
edgetts_0600,vispoofdb_processed/fake/edgetts/edgetts_0600.wav,fake,edgetts,neural_tts_commercial,test_seen
edgetts_0601,vispoofdb_processed/fake/edgetts/edgetts_0601.wav,fake,edgetts,neural_tts_commercial,train
edgetts_0602,vispoofdb_processed/fake/edgetts/edgetts_0602.wav,fake,edgetts,neural_tts_commercial,train
edgetts_0603,vispoofdb_processed/fake/edgetts/edgetts_0603.wav,fake,edgetts,neural_tts_commercial,test_seen
edgetts_0604,vispoofdb_processed/fake/edgetts/edgetts_0604.wav,fake,edgetts,neural_tts_commercial,train
edgetts_0605,vispoofdb_processed/fake/edgetts/edgetts_0605.wav,fake,edgetts,neural_tts_commercial,train
edgetts_0606,vispoofdb_processed/fake/edgetts/edgetts_0606.wav,fake,edgetts,neural_tts_commercial,test_seen
edgetts_0607,vispoofdb_processed/fake/edgetts/edgetts_0607.wav,fake,edgetts,neural_tts_commercial,train
edgetts_0608,vispoofdb_processed/fake/edgetts/edgetts_0608.wav,fake,edgetts,neural_tts_commercial,test_seen
edgetts_0609,vispoofdb_processed/fake/edgetts/edgetts_0609.wav,fake,edgetts,neural_tts_commercial,train
edgetts_0610,vispoofdb_processed/fake/edgetts/edgetts_0610.wav,fake,edgetts,neural_tts_commercial,train
edgetts_0611,vispoofdb_processed/fake/edgetts/edgetts_0611.wav,fake,edgetts,neural_tts_commercial,train
edgetts_0612,vispoofdb_processed/fake/edgetts/edgetts_0612.wav,fake,edgetts,neural_tts_commercial,train
edgetts_0613,vispoofdb_processed/fake/edgetts/edgetts_0613.wav,fake,edgetts,neural_tts_commercial,train
edgetts_0614,vispoofdb_processed/fake/edgetts/edgetts_0614.wav,fake,edgetts,neural_tts_commercial,train
edgetts_0615,vispoofdb_processed/fake/edgetts/edgetts_0615.wav,fake,edgetts,neural_tts_commercial,train
edgetts_0616,vispoofdb_processed/fake/edgetts/edgetts_0616.wav,fake,edgetts,neural_tts_commercial,test_seen
edgetts_0617,vispoofdb_processed/fake/edgetts/edgetts_0617.wav,fake,edgetts,neural_tts_commercial,train
edgetts_0618,vispoofdb_processed/fake/edgetts/edgetts_0618.wav,fake,edgetts,neural_tts_commercial,train
edgetts_0619,vispoofdb_processed/fake/edgetts/edgetts_0619.wav,fake,edgetts,neural_tts_commercial,train
edgetts_0620,vispoofdb_processed/fake/edgetts/edgetts_0620.wav,fake,edgetts,neural_tts_commercial,train
edgetts_0621,vispoofdb_processed/fake/edgetts/edgetts_0621.wav,fake,edgetts,neural_tts_commercial,train
edgetts_0622,vispoofdb_processed/fake/edgetts/edgetts_0622.wav,fake,edgetts,neural_tts_commercial,train
edgetts_0623,vispoofdb_processed/fake/edgetts/edgetts_0623.wav,fake,edgetts,neural_tts_commercial,test_seen
edgetts_0624,vispoofdb_processed/fake/edgetts/edgetts_0624.wav,fake,edgetts,neural_tts_commercial,train
edgetts_0625,vispoofdb_processed/fake/edgetts/edgetts_0625.wav,fake,edgetts,neural_tts_commercial,train
edgetts_0626,vispoofdb_processed/fake/edgetts/edgetts_0626.wav,fake,edgetts,neural_tts_commercial,train
edgetts_0627,vispoofdb_processed/fake/edgetts/edgetts_0627.wav,fake,edgetts,neural_tts_commercial,train
edgetts_0628,vispoofdb_processed/fake/edgetts/edgetts_0628.wav,fake,edgetts,neural_tts_commercial,train
edgetts_0629,vispoofdb_processed/fake/edgetts/edgetts_0629.wav,fake,edgetts,neural_tts_commercial,train
edgetts_0630,vispoofdb_processed/fake/edgetts/edgetts_0630.wav,fake,edgetts,neural_tts_commercial,train
edgetts_0631,vispoofdb_processed/fake/edgetts/edgetts_0631.wav,fake,edgetts,neural_tts_commercial,train
edgetts_0632,vispoofdb_processed/fake/edgetts/edgetts_0632.wav,fake,edgetts,neural_tts_commercial,train
edgetts_0633,vispoofdb_processed/fake/edgetts/edgetts_0633.wav,fake,edgetts,neural_tts_commercial,train
edgetts_0634,vispoofdb_processed/fake/edgetts/edgetts_0634.wav,fake,edgetts,neural_tts_commercial,train
edgetts_0635,vispoofdb_processed/fake/edgetts/edgetts_0635.wav,fake,edgetts,neural_tts_commercial,test_seen
edgetts_0636,vispoofdb_processed/fake/edgetts/edgetts_0636.wav,fake,edgetts,neural_tts_commercial,train
edgetts_0637,vispoofdb_processed/fake/edgetts/edgetts_0637.wav,fake,edgetts,neural_tts_commercial,train
edgetts_0638,vispoofdb_processed/fake/edgetts/edgetts_0638.wav,fake,edgetts,neural_tts_commercial,test_seen
edgetts_0639,vispoofdb_processed/fake/edgetts/edgetts_0639.wav,fake,edgetts,neural_tts_commercial,train
edgetts_0640,vispoofdb_processed/fake/edgetts/edgetts_0640.wav,fake,edgetts,neural_tts_commercial,train
edgetts_0641,vispoofdb_processed/fake/edgetts/edgetts_0641.wav,fake,edgetts,neural_tts_commercial,train
edgetts_0642,vispoofdb_processed/fake/edgetts/edgetts_0642.wav,fake,edgetts,neural_tts_commercial,train
edgetts_0643,vispoofdb_processed/fake/edgetts/edgetts_0643.wav,fake,edgetts,neural_tts_commercial,train
edgetts_0644,vispoofdb_processed/fake/edgetts/edgetts_0644.wav,fake,edgetts,neural_tts_commercial,train
edgetts_0645,vispoofdb_processed/fake/edgetts/edgetts_0645.wav,fake,edgetts,neural_tts_commercial,test_seen
edgetts_0646,vispoofdb_processed/fake/edgetts/edgetts_0646.wav,fake,edgetts,neural_tts_commercial,test_seen
edgetts_0647,vispoofdb_processed/fake/edgetts/edgetts_0647.wav,fake,edgetts,neural_tts_commercial,train
edgetts_0648,vispoofdb_processed/fake/edgetts/edgetts_0648.wav,fake,edgetts,neural_tts_commercial,train
edgetts_0649,vispoofdb_processed/fake/edgetts/edgetts_0649.wav,fake,edgetts,neural_tts_commercial,train
edgetts_0650,vispoofdb_processed/fake/edgetts/edgetts_0650.wav,fake,edgetts,neural_tts_commercial,train
edgetts_0651,vispoofdb_processed/fake/edgetts/edgetts_0651.wav,fake,edgetts,neural_tts_commercial,train
edgetts_0652,vispoofdb_processed/fake/edgetts/edgetts_0652.wav,fake,edgetts,neural_tts_commercial,train
edgetts_0653,vispoofdb_processed/fake/edgetts/edgetts_0653.wav,fake,edgetts,neural_tts_commercial,train
edgetts_0654,vispoofdb_processed/fake/edgetts/edgetts_0654.wav,fake,edgetts,neural_tts_commercial,train
edgetts_0655,vispoofdb_processed/fake/edgetts/edgetts_0655.wav,fake,edgetts,neural_tts_commercial,train
edgetts_0656,vispoofdb_processed/fake/edgetts/edgetts_0656.wav,fake,edgetts,neural_tts_commercial,train
edgetts_0657,vispoofdb_processed/fake/edgetts/edgetts_0657.wav,fake,edgetts,neural_tts_commercial,train
edgetts_0658,vispoofdb_processed/fake/edgetts/edgetts_0658.wav,fake,edgetts,neural_tts_commercial,train
edgetts_0659,vispoofdb_processed/fake/edgetts/edgetts_0659.wav,fake,edgetts,neural_tts_commercial,test_seen
edgetts_0660,vispoofdb_processed/fake/edgetts/edgetts_0660.wav,fake,edgetts,neural_tts_commercial,train
edgetts_0661,vispoofdb_processed/fake/edgetts/edgetts_0661.wav,fake,edgetts,neural_tts_commercial,train
edgetts_0662,vispoofdb_processed/fake/edgetts/edgetts_0662.wav,fake,edgetts,neural_tts_commercial,train
edgetts_0663,vispoofdb_processed/fake/edgetts/edgetts_0663.wav,fake,edgetts,neural_tts_commercial,test_seen
edgetts_0664,vispoofdb_processed/fake/edgetts/edgetts_0664.wav,fake,edgetts,neural_tts_commercial,train
edgetts_0665,vispoofdb_processed/fake/edgetts/edgetts_0665.wav,fake,edgetts,neural_tts_commercial,train
edgetts_0666,vispoofdb_processed/fake/edgetts/edgetts_0666.wav,fake,edgetts,neural_tts_commercial,test_seen
edgetts_0667,vispoofdb_processed/fake/edgetts/edgetts_0667.wav,fake,edgetts,neural_tts_commercial,test_seen
edgetts_0668,vispoofdb_processed/fake/edgetts/edgetts_0668.wav,fake,edgetts,neural_tts_commercial,train
edgetts_0669,vispoofdb_processed/fake/edgetts/edgetts_0669.wav,fake,edgetts,neural_tts_commercial,train
edgetts_0670,vispoofdb_processed/fake/edgetts/edgetts_0670.wav,fake,edgetts,neural_tts_commercial,train
edgetts_0671,vispoofdb_processed/fake/edgetts/edgetts_0671.wav,fake,edgetts,neural_tts_commercial,test_seen
edgetts_0672,vispoofdb_processed/fake/edgetts/edgetts_0672.wav,fake,edgetts,neural_tts_commercial,train
edgetts_0673,vispoofdb_processed/fake/edgetts/edgetts_0673.wav,fake,edgetts,neural_tts_commercial,test_seen
edgetts_0674,vispoofdb_processed/fake/edgetts/edgetts_0674.wav,fake,edgetts,neural_tts_commercial,train
edgetts_0675,vispoofdb_processed/fake/edgetts/edgetts_0675.wav,fake,edgetts,neural_tts_commercial,test_seen
edgetts_0676,vispoofdb_processed/fake/edgetts/edgetts_0676.wav,fake,edgetts,neural_tts_commercial,train
edgetts_0677,vispoofdb_processed/fake/edgetts/edgetts_0677.wav,fake,edgetts,neural_tts_commercial,train
edgetts_0678,vispoofdb_processed/fake/edgetts/edgetts_0678.wav,fake,edgetts,neural_tts_commercial,train
edgetts_0679,vispoofdb_processed/fake/edgetts/edgetts_0679.wav,fake,edgetts,neural_tts_commercial,train
edgetts_0680,vispoofdb_processed/fake/edgetts/edgetts_0680.wav,fake,edgetts,neural_tts_commercial,train
edgetts_0681,vispoofdb_processed/fake/edgetts/edgetts_0681.wav,fake,edgetts,neural_tts_commercial,train
edgetts_0682,vispoofdb_processed/fake/edgetts/edgetts_0682.wav,fake,edgetts,neural_tts_commercial,train
edgetts_0683,vispoofdb_processed/fake/edgetts/edgetts_0683.wav,fake,edgetts,neural_tts_commercial,train
edgetts_0684,vispoofdb_processed/fake/edgetts/edgetts_0684.wav,fake,edgetts,neural_tts_commercial,train
edgetts_0685,vispoofdb_processed/fake/edgetts/edgetts_0685.wav,fake,edgetts,neural_tts_commercial,train
edgetts_0686,vispoofdb_processed/fake/edgetts/edgetts_0686.wav,fake,edgetts,neural_tts_commercial,train
edgetts_0687,vispoofdb_processed/fake/edgetts/edgetts_0687.wav,fake,edgetts,neural_tts_commercial,train
edgetts_0688,vispoofdb_processed/fake/edgetts/edgetts_0688.wav,fake,edgetts,neural_tts_commercial,test_seen
edgetts_0689,vispoofdb_processed/fake/edgetts/edgetts_0689.wav,fake,edgetts,neural_tts_commercial,train
edgetts_0690,vispoofdb_processed/fake/edgetts/edgetts_0690.wav,fake,edgetts,neural_tts_commercial,train
edgetts_0691,vispoofdb_processed/fake/edgetts/edgetts_0691.wav,fake,edgetts,neural_tts_commercial,train
edgetts_0692,vispoofdb_processed/fake/edgetts/edgetts_0692.wav,fake,edgetts,neural_tts_commercial,train
edgetts_0693,vispoofdb_processed/fake/edgetts/edgetts_0693.wav,fake,edgetts,neural_tts_commercial,train
edgetts_0694,vispoofdb_processed/fake/edgetts/edgetts_0694.wav,fake,edgetts,neural_tts_commercial,train
edgetts_0695,vispoofdb_processed/fake/edgetts/edgetts_0695.wav,fake,edgetts,neural_tts_commercial,train
edgetts_0696,vispoofdb_processed/fake/edgetts/edgetts_0696.wav,fake,edgetts,neural_tts_commercial,train
edgetts_0697,vispoofdb_processed/fake/edgetts/edgetts_0697.wav,fake,edgetts,neural_tts_commercial,train
edgetts_0698,vispoofdb_processed/fake/edgetts/edgetts_0698.wav,fake,edgetts,neural_tts_commercial,test_seen
edgetts_0699,vispoofdb_processed/fake/edgetts/edgetts_0699.wav,fake,edgetts,neural_tts_commercial,test_seen
edgetts_0700,vispoofdb_processed/fake/edgetts/edgetts_0700.wav,fake,edgetts,neural_tts_commercial,train
edgetts_0701,vispoofdb_processed/fake/edgetts/edgetts_0701.wav,fake,edgetts,neural_tts_commercial,train
edgetts_0702,vispoofdb_processed/fake/edgetts/edgetts_0702.wav,fake,edgetts,neural_tts_commercial,train
edgetts_0703,vispoofdb_processed/fake/edgetts/edgetts_0703.wav,fake,edgetts,neural_tts_commercial,train
edgetts_0704,vispoofdb_processed/fake/edgetts/edgetts_0704.wav,fake,edgetts,neural_tts_commercial,train
edgetts_0705,vispoofdb_processed/fake/edgetts/edgetts_0705.wav,fake,edgetts,neural_tts_commercial,train
edgetts_0706,vispoofdb_processed/fake/edgetts/edgetts_0706.wav,fake,edgetts,neural_tts_commercial,train
edgetts_0707,vispoofdb_processed/fake/edgetts/edgetts_0707.wav,fake,edgetts,neural_tts_commercial,train
edgetts_0708,vispoofdb_processed/fake/edgetts/edgetts_0708.wav,fake,edgetts,neural_tts_commercial,train
edgetts_0709,vispoofdb_processed/fake/edgetts/edgetts_0709.wav,fake,edgetts,neural_tts_commercial,test_seen
edgetts_0710,vispoofdb_processed/fake/edgetts/edgetts_0710.wav,fake,edgetts,neural_tts_commercial,train
edgetts_0711,vispoofdb_processed/fake/edgetts/edgetts_0711.wav,fake,edgetts,neural_tts_commercial,train
edgetts_0712,vispoofdb_processed/fake/edgetts/edgetts_0712.wav,fake,edgetts,neural_tts_commercial,train
edgetts_0713,vispoofdb_processed/fake/edgetts/edgetts_0713.wav,fake,edgetts,neural_tts_commercial,test_seen
edgetts_0714,vispoofdb_processed/fake/edgetts/edgetts_0714.wav,fake,edgetts,neural_tts_commercial,train
edgetts_0715,vispoofdb_processed/fake/edgetts/edgetts_0715.wav,fake,edgetts,neural_tts_commercial,train
edgetts_0716,vispoofdb_processed/fake/edgetts/edgetts_0716.wav,fake,edgetts,neural_tts_commercial,test_seen
edgetts_0717,vispoofdb_processed/fake/edgetts/edgetts_0717.wav,fake,edgetts,neural_tts_commercial,test_seen
edgetts_0718,vispoofdb_processed/fake/edgetts/edgetts_0718.wav,fake,edgetts,neural_tts_commercial,train
edgetts_0719,vispoofdb_processed/fake/edgetts/edgetts_0719.wav,fake,edgetts,neural_tts_commercial,train
edgetts_0720,vispoofdb_processed/fake/edgetts/edgetts_0720.wav,fake,edgetts,neural_tts_commercial,train
edgetts_0721,vispoofdb_processed/fake/edgetts/edgetts_0721.wav,fake,edgetts,neural_tts_commercial,train
edgetts_0722,vispoofdb_processed/fake/edgetts/edgetts_0722.wav,fake,edgetts,neural_tts_commercial,test_seen
edgetts_0723,vispoofdb_processed/fake/edgetts/edgetts_0723.wav,fake,edgetts,neural_tts_commercial,test_seen
edgetts_0724,vispoofdb_processed/fake/edgetts/edgetts_0724.wav,fake,edgetts,neural_tts_commercial,train
edgetts_0725,vispoofdb_processed/fake/edgetts/edgetts_0725.wav,fake,edgetts,neural_tts_commercial,train
edgetts_0726,vispoofdb_processed/fake/edgetts/edgetts_0726.wav,fake,edgetts,neural_tts_commercial,train
edgetts_0727,vispoofdb_processed/fake/edgetts/edgetts_0727.wav,fake,edgetts,neural_tts_commercial,train
edgetts_0728,vispoofdb_processed/fake/edgetts/edgetts_0728.wav,fake,edgetts,neural_tts_commercial,test_seen
edgetts_0729,vispoofdb_processed/fake/edgetts/edgetts_0729.wav,fake,edgetts,neural_tts_commercial,train
edgetts_0730,vispoofdb_processed/fake/edgetts/edgetts_0730.wav,fake,edgetts,neural_tts_commercial,train
edgetts_0731,vispoofdb_processed/fake/edgetts/edgetts_0731.wav,fake,edgetts,neural_tts_commercial,train
edgetts_0732,vispoofdb_processed/fake/edgetts/edgetts_0732.wav,fake,edgetts,neural_tts_commercial,test_seen
edgetts_0733,vispoofdb_processed/fake/edgetts/edgetts_0733.wav,fake,edgetts,neural_tts_commercial,train
edgetts_0734,vispoofdb_processed/fake/edgetts/edgetts_0734.wav,fake,edgetts,neural_tts_commercial,train
edgetts_0735,vispoofdb_processed/fake/edgetts/edgetts_0735.wav,fake,edgetts,neural_tts_commercial,train
edgetts_0736,vispoofdb_processed/fake/edgetts/edgetts_0736.wav,fake,edgetts,neural_tts_commercial,train
edgetts_0737,vispoofdb_processed/fake/edgetts/edgetts_0737.wav,fake,edgetts,neural_tts_commercial,train
edgetts_0738,vispoofdb_processed/fake/edgetts/edgetts_0738.wav,fake,edgetts,neural_tts_commercial,train
edgetts_0739,vispoofdb_processed/fake/edgetts/edgetts_0739.wav,fake,edgetts,neural_tts_commercial,train
edgetts_0740,vispoofdb_processed/fake/edgetts/edgetts_0740.wav,fake,edgetts,neural_tts_commercial,test_seen
edgetts_0741,vispoofdb_processed/fake/edgetts/edgetts_0741.wav,fake,edgetts,neural_tts_commercial,train
edgetts_0742,vispoofdb_processed/fake/edgetts/edgetts_0742.wav,fake,edgetts,neural_tts_commercial,train
edgetts_0743,vispoofdb_processed/fake/edgetts/edgetts_0743.wav,fake,edgetts,neural_tts_commercial,train
edgetts_0744,vispoofdb_processed/fake/edgetts/edgetts_0744.wav,fake,edgetts,neural_tts_commercial,train
edgetts_0745,vispoofdb_processed/fake/edgetts/edgetts_0745.wav,fake,edgetts,neural_tts_commercial,train
edgetts_0746,vispoofdb_processed/fake/edgetts/edgetts_0746.wav,fake,edgetts,neural_tts_commercial,train
edgetts_0747,vispoofdb_processed/fake/edgetts/edgetts_0747.wav,fake,edgetts,neural_tts_commercial,train
edgetts_0748,vispoofdb_processed/fake/edgetts/edgetts_0748.wav,fake,edgetts,neural_tts_commercial,train
edgetts_0749,vispoofdb_processed/fake/edgetts/edgetts_0749.wav,fake,edgetts,neural_tts_commercial,train
edgetts_0750,vispoofdb_processed/fake/edgetts/edgetts_0750.wav,fake,edgetts,neural_tts_commercial,train
edgetts_0751,vispoofdb_processed/fake/edgetts/edgetts_0751.wav,fake,edgetts,neural_tts_commercial,train
edgetts_0752,vispoofdb_processed/fake/edgetts/edgetts_0752.wav,fake,edgetts,neural_tts_commercial,train
edgetts_0753,vispoofdb_processed/fake/edgetts/edgetts_0753.wav,fake,edgetts,neural_tts_commercial,test_seen
edgetts_0754,vispoofdb_processed/fake/edgetts/edgetts_0754.wav,fake,edgetts,neural_tts_commercial,train
edgetts_0755,vispoofdb_processed/fake/edgetts/edgetts_0755.wav,fake,edgetts,neural_tts_commercial,train
edgetts_0756,vispoofdb_processed/fake/edgetts/edgetts_0756.wav,fake,edgetts,neural_tts_commercial,train
edgetts_0757,vispoofdb_processed/fake/edgetts/edgetts_0757.wav,fake,edgetts,neural_tts_commercial,train
edgetts_0758,vispoofdb_processed/fake/edgetts/edgetts_0758.wav,fake,edgetts,neural_tts_commercial,train
edgetts_0759,vispoofdb_processed/fake/edgetts/edgetts_0759.wav,fake,edgetts,neural_tts_commercial,train
edgetts_0760,vispoofdb_processed/fake/edgetts/edgetts_0760.wav,fake,edgetts,neural_tts_commercial,test_seen
edgetts_0761,vispoofdb_processed/fake/edgetts/edgetts_0761.wav,fake,edgetts,neural_tts_commercial,train
edgetts_0762,vispoofdb_processed/fake/edgetts/edgetts_0762.wav,fake,edgetts,neural_tts_commercial,train
edgetts_0763,vispoofdb_processed/fake/edgetts/edgetts_0763.wav,fake,edgetts,neural_tts_commercial,train
edgetts_0764,vispoofdb_processed/fake/edgetts/edgetts_0764.wav,fake,edgetts,neural_tts_commercial,train
edgetts_0765,vispoofdb_processed/fake/edgetts/edgetts_0765.wav,fake,edgetts,neural_tts_commercial,train
edgetts_0766,vispoofdb_processed/fake/edgetts/edgetts_0766.wav,fake,edgetts,neural_tts_commercial,test_seen
edgetts_0767,vispoofdb_processed/fake/edgetts/edgetts_0767.wav,fake,edgetts,neural_tts_commercial,train
edgetts_0768,vispoofdb_processed/fake/edgetts/edgetts_0768.wav,fake,edgetts,neural_tts_commercial,test_seen
edgetts_0769,vispoofdb_processed/fake/edgetts/edgetts_0769.wav,fake,edgetts,neural_tts_commercial,test_seen
edgetts_0770,vispoofdb_processed/fake/edgetts/edgetts_0770.wav,fake,edgetts,neural_tts_commercial,test_seen
edgetts_0771,vispoofdb_processed/fake/edgetts/edgetts_0771.wav,fake,edgetts,neural_tts_commercial,train
edgetts_0772,vispoofdb_processed/fake/edgetts/edgetts_0772.wav,fake,edgetts,neural_tts_commercial,train
edgetts_0773,vispoofdb_processed/fake/edgetts/edgetts_0773.wav,fake,edgetts,neural_tts_commercial,train
edgetts_0774,vispoofdb_processed/fake/edgetts/edgetts_0774.wav,fake,edgetts,neural_tts_commercial,test_seen
edgetts_0775,vispoofdb_processed/fake/edgetts/edgetts_0775.wav,fake,edgetts,neural_tts_commercial,test_seen
edgetts_0776,vispoofdb_processed/fake/edgetts/edgetts_0776.wav,fake,edgetts,neural_tts_commercial,train
edgetts_0777,vispoofdb_processed/fake/edgetts/edgetts_0777.wav,fake,edgetts,neural_tts_commercial,train
edgetts_0778,vispoofdb_processed/fake/edgetts/edgetts_0778.wav,fake,edgetts,neural_tts_commercial,train
edgetts_0779,vispoofdb_processed/fake/edgetts/edgetts_0779.wav,fake,edgetts,neural_tts_commercial,train
edgetts_0780,vispoofdb_processed/fake/edgetts/edgetts_0780.wav,fake,edgetts,neural_tts_commercial,train
edgetts_0781,vispoofdb_processed/fake/edgetts/edgetts_0781.wav,fake,edgetts,neural_tts_commercial,train
edgetts_0782,vispoofdb_processed/fake/edgetts/edgetts_0782.wav,fake,edgetts,neural_tts_commercial,train
edgetts_0783,vispoofdb_processed/fake/edgetts/edgetts_0783.wav,fake,edgetts,neural_tts_commercial,train
edgetts_0784,vispoofdb_processed/fake/edgetts/edgetts_0784.wav,fake,edgetts,neural_tts_commercial,test_seen
edgetts_0785,vispoofdb_processed/fake/edgetts/edgetts_0785.wav,fake,edgetts,neural_tts_commercial,train
edgetts_0786,vispoofdb_processed/fake/edgetts/edgetts_0786.wav,fake,edgetts,neural_tts_commercial,train
edgetts_0787,vispoofdb_processed/fake/edgetts/edgetts_0787.wav,fake,edgetts,neural_tts_commercial,train
edgetts_0788,vispoofdb_processed/fake/edgetts/edgetts_0788.wav,fake,edgetts,neural_tts_commercial,train
edgetts_0789,vispoofdb_processed/fake/edgetts/edgetts_0789.wav,fake,edgetts,neural_tts_commercial,train
edgetts_0790,vispoofdb_processed/fake/edgetts/edgetts_0790.wav,fake,edgetts,neural_tts_commercial,train
edgetts_0791,vispoofdb_processed/fake/edgetts/edgetts_0791.wav,fake,edgetts,neural_tts_commercial,train
edgetts_0792,vispoofdb_processed/fake/edgetts/edgetts_0792.wav,fake,edgetts,neural_tts_commercial,train
edgetts_0793,vispoofdb_processed/fake/edgetts/edgetts_0793.wav,fake,edgetts,neural_tts_commercial,test_seen
edgetts_0794,vispoofdb_processed/fake/edgetts/edgetts_0794.wav,fake,edgetts,neural_tts_commercial,train
edgetts_0795,vispoofdb_processed/fake/edgetts/edgetts_0795.wav,fake,edgetts,neural_tts_commercial,train
edgetts_0796,vispoofdb_processed/fake/edgetts/edgetts_0796.wav,fake,edgetts,neural_tts_commercial,train
edgetts_0797,vispoofdb_processed/fake/edgetts/edgetts_0797.wav,fake,edgetts,neural_tts_commercial,test_seen
edgetts_0798,vispoofdb_processed/fake/edgetts/edgetts_0798.wav,fake,edgetts,neural_tts_commercial,train
edgetts_0799,vispoofdb_processed/fake/edgetts/edgetts_0799.wav,fake,edgetts,neural_tts_commercial,train
edgetts_0800,vispoofdb_processed/fake/edgetts/edgetts_0800.wav,fake,edgetts,neural_tts_commercial,train
edgetts_0801,vispoofdb_processed/fake/edgetts/edgetts_0801.wav,fake,edgetts,neural_tts_commercial,train
edgetts_0802,vispoofdb_processed/fake/edgetts/edgetts_0802.wav,fake,edgetts,neural_tts_commercial,train
edgetts_0803,vispoofdb_processed/fake/edgetts/edgetts_0803.wav,fake,edgetts,neural_tts_commercial,train
edgetts_0804,vispoofdb_processed/fake/edgetts/edgetts_0804.wav,fake,edgetts,neural_tts_commercial,test_seen
edgetts_0805,vispoofdb_processed/fake/edgetts/edgetts_0805.wav,fake,edgetts,neural_tts_commercial,train
edgetts_0806,vispoofdb_processed/fake/edgetts/edgetts_0806.wav,fake,edgetts,neural_tts_commercial,train
edgetts_0807,vispoofdb_processed/fake/edgetts/edgetts_0807.wav,fake,edgetts,neural_tts_commercial,train
edgetts_0808,vispoofdb_processed/fake/edgetts/edgetts_0808.wav,fake,edgetts,neural_tts_commercial,train
edgetts_0809,vispoofdb_processed/fake/edgetts/edgetts_0809.wav,fake,edgetts,neural_tts_commercial,train
edgetts_0810,vispoofdb_processed/fake/edgetts/edgetts_0810.wav,fake,edgetts,neural_tts_commercial,train
edgetts_0811,vispoofdb_processed/fake/edgetts/edgetts_0811.wav,fake,edgetts,neural_tts_commercial,train
edgetts_0812,vispoofdb_processed/fake/edgetts/edgetts_0812.wav,fake,edgetts,neural_tts_commercial,train
edgetts_0813,vispoofdb_processed/fake/edgetts/edgetts_0813.wav,fake,edgetts,neural_tts_commercial,train
edgetts_0814,vispoofdb_processed/fake/edgetts/edgetts_0814.wav,fake,edgetts,neural_tts_commercial,test_seen
edgetts_0815,vispoofdb_processed/fake/edgetts/edgetts_0815.wav,fake,edgetts,neural_tts_commercial,test_seen
edgetts_0816,vispoofdb_processed/fake/edgetts/edgetts_0816.wav,fake,edgetts,neural_tts_commercial,train
edgetts_0817,vispoofdb_processed/fake/edgetts/edgetts_0817.wav,fake,edgetts,neural_tts_commercial,train
edgetts_0818,vispoofdb_processed/fake/edgetts/edgetts_0818.wav,fake,edgetts,neural_tts_commercial,train
edgetts_0819,vispoofdb_processed/fake/edgetts/edgetts_0819.wav,fake,edgetts,neural_tts_commercial,train
edgetts_0820,vispoofdb_processed/fake/edgetts/edgetts_0820.wav,fake,edgetts,neural_tts_commercial,train
edgetts_0821,vispoofdb_processed/fake/edgetts/edgetts_0821.wav,fake,edgetts,neural_tts_commercial,train
edgetts_0822,vispoofdb_processed/fake/edgetts/edgetts_0822.wav,fake,edgetts,neural_tts_commercial,test_seen
edgetts_0823,vispoofdb_processed/fake/edgetts/edgetts_0823.wav,fake,edgetts,neural_tts_commercial,test_seen
edgetts_0824,vispoofdb_processed/fake/edgetts/edgetts_0824.wav,fake,edgetts,neural_tts_commercial,train
edgetts_0825,vispoofdb_processed/fake/edgetts/edgetts_0825.wav,fake,edgetts,neural_tts_commercial,test_seen
edgetts_0826,vispoofdb_processed/fake/edgetts/edgetts_0826.wav,fake,edgetts,neural_tts_commercial,train
edgetts_0827,vispoofdb_processed/fake/edgetts/edgetts_0827.wav,fake,edgetts,neural_tts_commercial,test_seen
edgetts_0828,vispoofdb_processed/fake/edgetts/edgetts_0828.wav,fake,edgetts,neural_tts_commercial,train
edgetts_0829,vispoofdb_processed/fake/edgetts/edgetts_0829.wav,fake,edgetts,neural_tts_commercial,train
edgetts_0830,vispoofdb_processed/fake/edgetts/edgetts_0830.wav,fake,edgetts,neural_tts_commercial,test_seen
edgetts_0831,vispoofdb_processed/fake/edgetts/edgetts_0831.wav,fake,edgetts,neural_tts_commercial,train
edgetts_0832,vispoofdb_processed/fake/edgetts/edgetts_0832.wav,fake,edgetts,neural_tts_commercial,test_seen
edgetts_0833,vispoofdb_processed/fake/edgetts/edgetts_0833.wav,fake,edgetts,neural_tts_commercial,train
edgetts_0834,vispoofdb_processed/fake/edgetts/edgetts_0834.wav,fake,edgetts,neural_tts_commercial,train
edgetts_0835,vispoofdb_processed/fake/edgetts/edgetts_0835.wav,fake,edgetts,neural_tts_commercial,train
edgetts_0836,vispoofdb_processed/fake/edgetts/edgetts_0836.wav,fake,edgetts,neural_tts_commercial,train
edgetts_0837,vispoofdb_processed/fake/edgetts/edgetts_0837.wav,fake,edgetts,neural_tts_commercial,train
edgetts_0838,vispoofdb_processed/fake/edgetts/edgetts_0838.wav,fake,edgetts,neural_tts_commercial,train
edgetts_0839,vispoofdb_processed/fake/edgetts/edgetts_0839.wav,fake,edgetts,neural_tts_commercial,train
edgetts_0840,vispoofdb_processed/fake/edgetts/edgetts_0840.wav,fake,edgetts,neural_tts_commercial,train
edgetts_0841,vispoofdb_processed/fake/edgetts/edgetts_0841.wav,fake,edgetts,neural_tts_commercial,train
edgetts_0842,vispoofdb_processed/fake/edgetts/edgetts_0842.wav,fake,edgetts,neural_tts_commercial,train
edgetts_0843,vispoofdb_processed/fake/edgetts/edgetts_0843.wav,fake,edgetts,neural_tts_commercial,train
edgetts_0844,vispoofdb_processed/fake/edgetts/edgetts_0844.wav,fake,edgetts,neural_tts_commercial,train
edgetts_0845,vispoofdb_processed/fake/edgetts/edgetts_0845.wav,fake,edgetts,neural_tts_commercial,train
edgetts_0846,vispoofdb_processed/fake/edgetts/edgetts_0846.wav,fake,edgetts,neural_tts_commercial,test_seen
edgetts_0847,vispoofdb_processed/fake/edgetts/edgetts_0847.wav,fake,edgetts,neural_tts_commercial,train
edgetts_0848,vispoofdb_processed/fake/edgetts/edgetts_0848.wav,fake,edgetts,neural_tts_commercial,train
edgetts_0849,vispoofdb_processed/fake/edgetts/edgetts_0849.wav,fake,edgetts,neural_tts_commercial,train
edgetts_0850,vispoofdb_processed/fake/edgetts/edgetts_0850.wav,fake,edgetts,neural_tts_commercial,train
edgetts_0851,vispoofdb_processed/fake/edgetts/edgetts_0851.wav,fake,edgetts,neural_tts_commercial,test_seen
edgetts_0852,vispoofdb_processed/fake/edgetts/edgetts_0852.wav,fake,edgetts,neural_tts_commercial,train
edgetts_0853,vispoofdb_processed/fake/edgetts/edgetts_0853.wav,fake,edgetts,neural_tts_commercial,test_seen
edgetts_0854,vispoofdb_processed/fake/edgetts/edgetts_0854.wav,fake,edgetts,neural_tts_commercial,test_seen
edgetts_0855,vispoofdb_processed/fake/edgetts/edgetts_0855.wav,fake,edgetts,neural_tts_commercial,train
edgetts_0856,vispoofdb_processed/fake/edgetts/edgetts_0856.wav,fake,edgetts,neural_tts_commercial,train
edgetts_0857,vispoofdb_processed/fake/edgetts/edgetts_0857.wav,fake,edgetts,neural_tts_commercial,train
edgetts_0858,vispoofdb_processed/fake/edgetts/edgetts_0858.wav,fake,edgetts,neural_tts_commercial,train
edgetts_0859,vispoofdb_processed/fake/edgetts/edgetts_0859.wav,fake,edgetts,neural_tts_commercial,train
edgetts_0860,vispoofdb_processed/fake/edgetts/edgetts_0860.wav,fake,edgetts,neural_tts_commercial,test_seen
edgetts_0861,vispoofdb_processed/fake/edgetts/edgetts_0861.wav,fake,edgetts,neural_tts_commercial,train
edgetts_0862,vispoofdb_processed/fake/edgetts/edgetts_0862.wav,fake,edgetts,neural_tts_commercial,train
edgetts_0863,vispoofdb_processed/fake/edgetts/edgetts_0863.wav,fake,edgetts,neural_tts_commercial,test_seen
edgetts_0864,vispoofdb_processed/fake/edgetts/edgetts_0864.wav,fake,edgetts,neural_tts_commercial,train
edgetts_0865,vispoofdb_processed/fake/edgetts/edgetts_0865.wav,fake,edgetts,neural_tts_commercial,train
edgetts_0866,vispoofdb_processed/fake/edgetts/edgetts_0866.wav,fake,edgetts,neural_tts_commercial,train
edgetts_0867,vispoofdb_processed/fake/edgetts/edgetts_0867.wav,fake,edgetts,neural_tts_commercial,train
edgetts_0868,vispoofdb_processed/fake/edgetts/edgetts_0868.wav,fake,edgetts,neural_tts_commercial,train
edgetts_0869,vispoofdb_processed/fake/edgetts/edgetts_0869.wav,fake,edgetts,neural_tts_commercial,train
edgetts_0870,vispoofdb_processed/fake/edgetts/edgetts_0870.wav,fake,edgetts,neural_tts_commercial,test_seen
edgetts_0871,vispoofdb_processed/fake/edgetts/edgetts_0871.wav,fake,edgetts,neural_tts_commercial,train
edgetts_0872,vispoofdb_processed/fake/edgetts/edgetts_0872.wav,fake,edgetts,neural_tts_commercial,test_seen
edgetts_0873,vispoofdb_processed/fake/edgetts/edgetts_0873.wav,fake,edgetts,neural_tts_commercial,train
edgetts_0874,vispoofdb_processed/fake/edgetts/edgetts_0874.wav,fake,edgetts,neural_tts_commercial,train
edgetts_0875,vispoofdb_processed/fake/edgetts/edgetts_0875.wav,fake,edgetts,neural_tts_commercial,train
edgetts_0876,vispoofdb_processed/fake/edgetts/edgetts_0876.wav,fake,edgetts,neural_tts_commercial,test_seen
edgetts_0877,vispoofdb_processed/fake/edgetts/edgetts_0877.wav,fake,edgetts,neural_tts_commercial,train
edgetts_0878,vispoofdb_processed/fake/edgetts/edgetts_0878.wav,fake,edgetts,neural_tts_commercial,test_seen
edgetts_0879,vispoofdb_processed/fake/edgetts/edgetts_0879.wav,fake,edgetts,neural_tts_commercial,train
edgetts_0880,vispoofdb_processed/fake/edgetts/edgetts_0880.wav,fake,edgetts,neural_tts_commercial,train
edgetts_0881,vispoofdb_processed/fake/edgetts/edgetts_0881.wav,fake,edgetts,neural_tts_commercial,train
edgetts_0882,vispoofdb_processed/fake/edgetts/edgetts_0882.wav,fake,edgetts,neural_tts_commercial,train
edgetts_0883,vispoofdb_processed/fake/edgetts/edgetts_0883.wav,fake,edgetts,neural_tts_commercial,train
edgetts_0884,vispoofdb_processed/fake/edgetts/edgetts_0884.wav,fake,edgetts,neural_tts_commercial,train
edgetts_0885,vispoofdb_processed/fake/edgetts/edgetts_0885.wav,fake,edgetts,neural_tts_commercial,train
edgetts_0886,vispoofdb_processed/fake/edgetts/edgetts_0886.wav,fake,edgetts,neural_tts_commercial,train
edgetts_0887,vispoofdb_processed/fake/edgetts/edgetts_0887.wav,fake,edgetts,neural_tts_commercial,train
edgetts_0888,vispoofdb_processed/fake/edgetts/edgetts_0888.wav,fake,edgetts,neural_tts_commercial,train
edgetts_0889,vispoofdb_processed/fake/edgetts/edgetts_0889.wav,fake,edgetts,neural_tts_commercial,train
edgetts_0890,vispoofdb_processed/fake/edgetts/edgetts_0890.wav,fake,edgetts,neural_tts_commercial,train
edgetts_0891,vispoofdb_processed/fake/edgetts/edgetts_0891.wav,fake,edgetts,neural_tts_commercial,train
edgetts_0892,vispoofdb_processed/fake/edgetts/edgetts_0892.wav,fake,edgetts,neural_tts_commercial,train
edgetts_0893,vispoofdb_processed/fake/edgetts/edgetts_0893.wav,fake,edgetts,neural_tts_commercial,train
edgetts_0894,vispoofdb_processed/fake/edgetts/edgetts_0894.wav,fake,edgetts,neural_tts_commercial,test_seen
edgetts_0895,vispoofdb_processed/fake/edgetts/edgetts_0895.wav,fake,edgetts,neural_tts_commercial,test_seen
edgetts_0896,vispoofdb_processed/fake/edgetts/edgetts_0896.wav,fake,edgetts,neural_tts_commercial,train
edgetts_0897,vispoofdb_processed/fake/edgetts/edgetts_0897.wav,fake,edgetts,neural_tts_commercial,train
edgetts_0898,vispoofdb_processed/fake/edgetts/edgetts_0898.wav,fake,edgetts,neural_tts_commercial,train
edgetts_0899,vispoofdb_processed/fake/edgetts/edgetts_0899.wav,fake,edgetts,neural_tts_commercial,test_seen
edgetts_0900,vispoofdb_processed/fake/edgetts/edgetts_0900.wav,fake,edgetts,neural_tts_commercial,train
edgetts_0901,vispoofdb_processed/fake/edgetts/edgetts_0901.wav,fake,edgetts,neural_tts_commercial,test_seen
edgetts_0902,vispoofdb_processed/fake/edgetts/edgetts_0902.wav,fake,edgetts,neural_tts_commercial,train
edgetts_0903,vispoofdb_processed/fake/edgetts/edgetts_0903.wav,fake,edgetts,neural_tts_commercial,train
edgetts_0904,vispoofdb_processed/fake/edgetts/edgetts_0904.wav,fake,edgetts,neural_tts_commercial,train
edgetts_0905,vispoofdb_processed/fake/edgetts/edgetts_0905.wav,fake,edgetts,neural_tts_commercial,train
edgetts_0906,vispoofdb_processed/fake/edgetts/edgetts_0906.wav,fake,edgetts,neural_tts_commercial,train
edgetts_0907,vispoofdb_processed/fake/edgetts/edgetts_0907.wav,fake,edgetts,neural_tts_commercial,train
edgetts_0908,vispoofdb_processed/fake/edgetts/edgetts_0908.wav,fake,edgetts,neural_tts_commercial,train
edgetts_0909,vispoofdb_processed/fake/edgetts/edgetts_0909.wav,fake,edgetts,neural_tts_commercial,train
edgetts_0910,vispoofdb_processed/fake/edgetts/edgetts_0910.wav,fake,edgetts,neural_tts_commercial,train
edgetts_0911,vispoofdb_processed/fake/edgetts/edgetts_0911.wav,fake,edgetts,neural_tts_commercial,train
edgetts_0912,vispoofdb_processed/fake/edgetts/edgetts_0912.wav,fake,edgetts,neural_tts_commercial,train
edgetts_0913,vispoofdb_processed/fake/edgetts/edgetts_0913.wav,fake,edgetts,neural_tts_commercial,train
edgetts_0914,vispoofdb_processed/fake/edgetts/edgetts_0914.wav,fake,edgetts,neural_tts_commercial,test_seen
edgetts_0915,vispoofdb_processed/fake/edgetts/edgetts_0915.wav,fake,edgetts,neural_tts_commercial,train
edgetts_0916,vispoofdb_processed/fake/edgetts/edgetts_0916.wav,fake,edgetts,neural_tts_commercial,train
edgetts_0917,vispoofdb_processed/fake/edgetts/edgetts_0917.wav,fake,edgetts,neural_tts_commercial,train
edgetts_0918,vispoofdb_processed/fake/edgetts/edgetts_0918.wav,fake,edgetts,neural_tts_commercial,test_seen
edgetts_0919,vispoofdb_processed/fake/edgetts/edgetts_0919.wav,fake,edgetts,neural_tts_commercial,test_seen
edgetts_0920,vispoofdb_processed/fake/edgetts/edgetts_0920.wav,fake,edgetts,neural_tts_commercial,train
edgetts_0921,vispoofdb_processed/fake/edgetts/edgetts_0921.wav,fake,edgetts,neural_tts_commercial,train
edgetts_0922,vispoofdb_processed/fake/edgetts/edgetts_0922.wav,fake,edgetts,neural_tts_commercial,test_seen
edgetts_0923,vispoofdb_processed/fake/edgetts/edgetts_0923.wav,fake,edgetts,neural_tts_commercial,train
edgetts_0924,vispoofdb_processed/fake/edgetts/edgetts_0924.wav,fake,edgetts,neural_tts_commercial,test_seen
edgetts_0925,vispoofdb_processed/fake/edgetts/edgetts_0925.wav,fake,edgetts,neural_tts_commercial,train
edgetts_0926,vispoofdb_processed/fake/edgetts/edgetts_0926.wav,fake,edgetts,neural_tts_commercial,train
edgetts_0927,vispoofdb_processed/fake/edgetts/edgetts_0927.wav,fake,edgetts,neural_tts_commercial,train
edgetts_0928,vispoofdb_processed/fake/edgetts/edgetts_0928.wav,fake,edgetts,neural_tts_commercial,test_seen
edgetts_0929,vispoofdb_processed/fake/edgetts/edgetts_0929.wav,fake,edgetts,neural_tts_commercial,train
edgetts_0930,vispoofdb_processed/fake/edgetts/edgetts_0930.wav,fake,edgetts,neural_tts_commercial,train
edgetts_0931,vispoofdb_processed/fake/edgetts/edgetts_0931.wav,fake,edgetts,neural_tts_commercial,train
edgetts_0932,vispoofdb_processed/fake/edgetts/edgetts_0932.wav,fake,edgetts,neural_tts_commercial,train
edgetts_0933,vispoofdb_processed/fake/edgetts/edgetts_0933.wav,fake,edgetts,neural_tts_commercial,train
edgetts_0934,vispoofdb_processed/fake/edgetts/edgetts_0934.wav,fake,edgetts,neural_tts_commercial,train
edgetts_0935,vispoofdb_processed/fake/edgetts/edgetts_0935.wav,fake,edgetts,neural_tts_commercial,train
edgetts_0936,vispoofdb_processed/fake/edgetts/edgetts_0936.wav,fake,edgetts,neural_tts_commercial,train
edgetts_0937,vispoofdb_processed/fake/edgetts/edgetts_0937.wav,fake,edgetts,neural_tts_commercial,train
edgetts_0938,vispoofdb_processed/fake/edgetts/edgetts_0938.wav,fake,edgetts,neural_tts_commercial,train
edgetts_0939,vispoofdb_processed/fake/edgetts/edgetts_0939.wav,fake,edgetts,neural_tts_commercial,train
edgetts_0940,vispoofdb_processed/fake/edgetts/edgetts_0940.wav,fake,edgetts,neural_tts_commercial,train
edgetts_0941,vispoofdb_processed/fake/edgetts/edgetts_0941.wav,fake,edgetts,neural_tts_commercial,train
edgetts_0942,vispoofdb_processed/fake/edgetts/edgetts_0942.wav,fake,edgetts,neural_tts_commercial,train
edgetts_0943,vispoofdb_processed/fake/edgetts/edgetts_0943.wav,fake,edgetts,neural_tts_commercial,test_seen
edgetts_0944,vispoofdb_processed/fake/edgetts/edgetts_0944.wav,fake,edgetts,neural_tts_commercial,train
edgetts_0945,vispoofdb_processed/fake/edgetts/edgetts_0945.wav,fake,edgetts,neural_tts_commercial,train
edgetts_0946,vispoofdb_processed/fake/edgetts/edgetts_0946.wav,fake,edgetts,neural_tts_commercial,test_seen
edgetts_0947,vispoofdb_processed/fake/edgetts/edgetts_0947.wav,fake,edgetts,neural_tts_commercial,train
edgetts_0948,vispoofdb_processed/fake/edgetts/edgetts_0948.wav,fake,edgetts,neural_tts_commercial,train
edgetts_0949,vispoofdb_processed/fake/edgetts/edgetts_0949.wav,fake,edgetts,neural_tts_commercial,train
edgetts_0950,vispoofdb_processed/fake/edgetts/edgetts_0950.wav,fake,edgetts,neural_tts_commercial,test_seen
edgetts_0951,vispoofdb_processed/fake/edgetts/edgetts_0951.wav,fake,edgetts,neural_tts_commercial,test_seen
edgetts_0952,vispoofdb_processed/fake/edgetts/edgetts_0952.wav,fake,edgetts,neural_tts_commercial,train
edgetts_0953,vispoofdb_processed/fake/edgetts/edgetts_0953.wav,fake,edgetts,neural_tts_commercial,test_seen
edgetts_0954,vispoofdb_processed/fake/edgetts/edgetts_0954.wav,fake,edgetts,neural_tts_commercial,test_seen
edgetts_0955,vispoofdb_processed/fake/edgetts/edgetts_0955.wav,fake,edgetts,neural_tts_commercial,train
edgetts_0956,vispoofdb_processed/fake/edgetts/edgetts_0956.wav,fake,edgetts,neural_tts_commercial,test_seen
edgetts_0957,vispoofdb_processed/fake/edgetts/edgetts_0957.wav,fake,edgetts,neural_tts_commercial,train
edgetts_0958,vispoofdb_processed/fake/edgetts/edgetts_0958.wav,fake,edgetts,neural_tts_commercial,train
edgetts_0959,vispoofdb_processed/fake/edgetts/edgetts_0959.wav,fake,edgetts,neural_tts_commercial,test_seen
edgetts_0960,vispoofdb_processed/fake/edgetts/edgetts_0960.wav,fake,edgetts,neural_tts_commercial,train
edgetts_0961,vispoofdb_processed/fake/edgetts/edgetts_0961.wav,fake,edgetts,neural_tts_commercial,train
edgetts_0962,vispoofdb_processed/fake/edgetts/edgetts_0962.wav,fake,edgetts,neural_tts_commercial,train
edgetts_0963,vispoofdb_processed/fake/edgetts/edgetts_0963.wav,fake,edgetts,neural_tts_commercial,train
edgetts_0964,vispoofdb_processed/fake/edgetts/edgetts_0964.wav,fake,edgetts,neural_tts_commercial,train
edgetts_0965,vispoofdb_processed/fake/edgetts/edgetts_0965.wav,fake,edgetts,neural_tts_commercial,train
edgetts_0966,vispoofdb_processed/fake/edgetts/edgetts_0966.wav,fake,edgetts,neural_tts_commercial,test_seen
edgetts_0967,vispoofdb_processed/fake/edgetts/edgetts_0967.wav,fake,edgetts,neural_tts_commercial,train
edgetts_0968,vispoofdb_processed/fake/edgetts/edgetts_0968.wav,fake,edgetts,neural_tts_commercial,train
edgetts_0969,vispoofdb_processed/fake/edgetts/edgetts_0969.wav,fake,edgetts,neural_tts_commercial,train
edgetts_0970,vispoofdb_processed/fake/edgetts/edgetts_0970.wav,fake,edgetts,neural_tts_commercial,train
edgetts_0971,vispoofdb_processed/fake/edgetts/edgetts_0971.wav,fake,edgetts,neural_tts_commercial,test_seen
edgetts_0972,vispoofdb_processed/fake/edgetts/edgetts_0972.wav,fake,edgetts,neural_tts_commercial,train
edgetts_0973,vispoofdb_processed/fake/edgetts/edgetts_0973.wav,fake,edgetts,neural_tts_commercial,train
edgetts_0974,vispoofdb_processed/fake/edgetts/edgetts_0974.wav,fake,edgetts,neural_tts_commercial,train
edgetts_0975,vispoofdb_processed/fake/edgetts/edgetts_0975.wav,fake,edgetts,neural_tts_commercial,test_seen
edgetts_0976,vispoofdb_processed/fake/edgetts/edgetts_0976.wav,fake,edgetts,neural_tts_commercial,train
edgetts_0977,vispoofdb_processed/fake/edgetts/edgetts_0977.wav,fake,edgetts,neural_tts_commercial,train
edgetts_0978,vispoofdb_processed/fake/edgetts/edgetts_0978.wav,fake,edgetts,neural_tts_commercial,train
edgetts_0979,vispoofdb_processed/fake/edgetts/edgetts_0979.wav,fake,edgetts,neural_tts_commercial,train
edgetts_0980,vispoofdb_processed/fake/edgetts/edgetts_0980.wav,fake,edgetts,neural_tts_commercial,test_seen
edgetts_0981,vispoofdb_processed/fake/edgetts/edgetts_0981.wav,fake,edgetts,neural_tts_commercial,train
edgetts_0982,vispoofdb_processed/fake/edgetts/edgetts_0982.wav,fake,edgetts,neural_tts_commercial,train
edgetts_0983,vispoofdb_processed/fake/edgetts/edgetts_0983.wav,fake,edgetts,neural_tts_commercial,train
edgetts_0984,vispoofdb_processed/fake/edgetts/edgetts_0984.wav,fake,edgetts,neural_tts_commercial,test_seen
edgetts_0985,vispoofdb_processed/fake/edgetts/edgetts_0985.wav,fake,edgetts,neural_tts_commercial,train
edgetts_0986,vispoofdb_processed/fake/edgetts/edgetts_0986.wav,fake,edgetts,neural_tts_commercial,train
edgetts_0987,vispoofdb_processed/fake/edgetts/edgetts_0987.wav,fake,edgetts,neural_tts_commercial,train
edgetts_0988,vispoofdb_processed/fake/edgetts/edgetts_0988.wav,fake,edgetts,neural_tts_commercial,train
edgetts_0989,vispoofdb_processed/fake/edgetts/edgetts_0989.wav,fake,edgetts,neural_tts_commercial,test_seen
edgetts_0990,vispoofdb_processed/fake/edgetts/edgetts_0990.wav,fake,edgetts,neural_tts_commercial,train
edgetts_0991,vispoofdb_processed/fake/edgetts/edgetts_0991.wav,fake,edgetts,neural_tts_commercial,test_seen
edgetts_0992,vispoofdb_processed/fake/edgetts/edgetts_0992.wav,fake,edgetts,neural_tts_commercial,test_seen
edgetts_0993,vispoofdb_processed/fake/edgetts/edgetts_0993.wav,fake,edgetts,neural_tts_commercial,train
edgetts_0994,vispoofdb_processed/fake/edgetts/edgetts_0994.wav,fake,edgetts,neural_tts_commercial,train
edgetts_0995,vispoofdb_processed/fake/edgetts/edgetts_0995.wav,fake,edgetts,neural_tts_commercial,test_seen
edgetts_0996,vispoofdb_processed/fake/edgetts/edgetts_0996.wav,fake,edgetts,neural_tts_commercial,train
edgetts_0997,vispoofdb_processed/fake/edgetts/edgetts_0997.wav,fake,edgetts,neural_tts_commercial,train
edgetts_0998,vispoofdb_processed/fake/edgetts/edgetts_0998.wav,fake,edgetts,neural_tts_commercial,train
edgetts_0999,vispoofdb_processed/fake/edgetts/edgetts_0999.wav,fake,edgetts,neural_tts_commercial,train
edgetts_1000,vispoofdb_processed/fake/edgetts/edgetts_1000.wav,fake,edgetts,neural_tts_commercial,train
edgetts_1001,vispoofdb_processed/fake/edgetts/edgetts_1001.wav,fake,edgetts,neural_tts_commercial,train
edgetts_1002,vispoofdb_processed/fake/edgetts/edgetts_1002.wav,fake,edgetts,neural_tts_commercial,train
edgetts_1003,vispoofdb_processed/fake/edgetts/edgetts_1003.wav,fake,edgetts,neural_tts_commercial,train
edgetts_1004,vispoofdb_processed/fake/edgetts/edgetts_1004.wav,fake,edgetts,neural_tts_commercial,train
edgetts_1005,vispoofdb_processed/fake/edgetts/edgetts_1005.wav,fake,edgetts,neural_tts_commercial,train
edgetts_1006,vispoofdb_processed/fake/edgetts/edgetts_1006.wav,fake,edgetts,neural_tts_commercial,train
edgetts_1007,vispoofdb_processed/fake/edgetts/edgetts_1007.wav,fake,edgetts,neural_tts_commercial,train
edgetts_1008,vispoofdb_processed/fake/edgetts/edgetts_1008.wav,fake,edgetts,neural_tts_commercial,train
edgetts_1009,vispoofdb_processed/fake/edgetts/edgetts_1009.wav,fake,edgetts,neural_tts_commercial,train
edgetts_1010,vispoofdb_processed/fake/edgetts/edgetts_1010.wav,fake,edgetts,neural_tts_commercial,train
edgetts_1011,vispoofdb_processed/fake/edgetts/edgetts_1011.wav,fake,edgetts,neural_tts_commercial,train
edgetts_1012,vispoofdb_processed/fake/edgetts/edgetts_1012.wav,fake,edgetts,neural_tts_commercial,test_seen
edgetts_1013,vispoofdb_processed/fake/edgetts/edgetts_1013.wav,fake,edgetts,neural_tts_commercial,train
edgetts_1014,vispoofdb_processed/fake/edgetts/edgetts_1014.wav,fake,edgetts,neural_tts_commercial,train
edgetts_1015,vispoofdb_processed/fake/edgetts/edgetts_1015.wav,fake,edgetts,neural_tts_commercial,test_seen
edgetts_1016,vispoofdb_processed/fake/edgetts/edgetts_1016.wav,fake,edgetts,neural_tts_commercial,test_seen
edgetts_1017,vispoofdb_processed/fake/edgetts/edgetts_1017.wav,fake,edgetts,neural_tts_commercial,train
edgetts_1018,vispoofdb_processed/fake/edgetts/edgetts_1018.wav,fake,edgetts,neural_tts_commercial,train
edgetts_1019,vispoofdb_processed/fake/edgetts/edgetts_1019.wav,fake,edgetts,neural_tts_commercial,train
edgetts_1020,vispoofdb_processed/fake/edgetts/edgetts_1020.wav,fake,edgetts,neural_tts_commercial,train
edgetts_1021,vispoofdb_processed/fake/edgetts/edgetts_1021.wav,fake,edgetts,neural_tts_commercial,test_seen
edgetts_1022,vispoofdb_processed/fake/edgetts/edgetts_1022.wav,fake,edgetts,neural_tts_commercial,train
edgetts_1023,vispoofdb_processed/fake/edgetts/edgetts_1023.wav,fake,edgetts,neural_tts_commercial,train
edgetts_1024,vispoofdb_processed/fake/edgetts/edgetts_1024.wav,fake,edgetts,neural_tts_commercial,train
edgetts_1025,vispoofdb_processed/fake/edgetts/edgetts_1025.wav,fake,edgetts,neural_tts_commercial,train
edgetts_1026,vispoofdb_processed/fake/edgetts/edgetts_1026.wav,fake,edgetts,neural_tts_commercial,train
edgetts_1027,vispoofdb_processed/fake/edgetts/edgetts_1027.wav,fake,edgetts,neural_tts_commercial,train
edgetts_1028,vispoofdb_processed/fake/edgetts/edgetts_1028.wav,fake,edgetts,neural_tts_commercial,test_seen
edgetts_1029,vispoofdb_processed/fake/edgetts/edgetts_1029.wav,fake,edgetts,neural_tts_commercial,train
edgetts_1030,vispoofdb_processed/fake/edgetts/edgetts_1030.wav,fake,edgetts,neural_tts_commercial,train
edgetts_1031,vispoofdb_processed/fake/edgetts/edgetts_1031.wav,fake,edgetts,neural_tts_commercial,train
edgetts_1032,vispoofdb_processed/fake/edgetts/edgetts_1032.wav,fake,edgetts,neural_tts_commercial,train
edgetts_1033,vispoofdb_processed/fake/edgetts/edgetts_1033.wav,fake,edgetts,neural_tts_commercial,train
edgetts_1034,vispoofdb_processed/fake/edgetts/edgetts_1034.wav,fake,edgetts,neural_tts_commercial,train
edgetts_1035,vispoofdb_processed/fake/edgetts/edgetts_1035.wav,fake,edgetts,neural_tts_commercial,train
edgetts_1036,vispoofdb_processed/fake/edgetts/edgetts_1036.wav,fake,edgetts,neural_tts_commercial,train
edgetts_1037,vispoofdb_processed/fake/edgetts/edgetts_1037.wav,fake,edgetts,neural_tts_commercial,train
edgetts_1038,vispoofdb_processed/fake/edgetts/edgetts_1038.wav,fake,edgetts,neural_tts_commercial,train
edgetts_1039,vispoofdb_processed/fake/edgetts/edgetts_1039.wav,fake,edgetts,neural_tts_commercial,train
edgetts_1040,vispoofdb_processed/fake/edgetts/edgetts_1040.wav,fake,edgetts,neural_tts_commercial,train
edgetts_1041,vispoofdb_processed/fake/edgetts/edgetts_1041.wav,fake,edgetts,neural_tts_commercial,train
edgetts_1042,vispoofdb_processed/fake/edgetts/edgetts_1042.wav,fake,edgetts,neural_tts_commercial,train
edgetts_1043,vispoofdb_processed/fake/edgetts/edgetts_1043.wav,fake,edgetts,neural_tts_commercial,train
edgetts_1044,vispoofdb_processed/fake/edgetts/edgetts_1044.wav,fake,edgetts,neural_tts_commercial,train
edgetts_1045,vispoofdb_processed/fake/edgetts/edgetts_1045.wav,fake,edgetts,neural_tts_commercial,test_seen
edgetts_1046,vispoofdb_processed/fake/edgetts/edgetts_1046.wav,fake,edgetts,neural_tts_commercial,train
edgetts_1047,vispoofdb_processed/fake/edgetts/edgetts_1047.wav,fake,edgetts,neural_tts_commercial,train
edgetts_1048,vispoofdb_processed/fake/edgetts/edgetts_1048.wav,fake,edgetts,neural_tts_commercial,train
edgetts_1049,vispoofdb_processed/fake/edgetts/edgetts_1049.wav,fake,edgetts,neural_tts_commercial,train
edgetts_1050,vispoofdb_processed/fake/edgetts/edgetts_1050.wav,fake,edgetts,neural_tts_commercial,train
edgetts_1051,vispoofdb_processed/fake/edgetts/edgetts_1051.wav,fake,edgetts,neural_tts_commercial,train
edgetts_1052,vispoofdb_processed/fake/edgetts/edgetts_1052.wav,fake,edgetts,neural_tts_commercial,train
edgetts_1053,vispoofdb_processed/fake/edgetts/edgetts_1053.wav,fake,edgetts,neural_tts_commercial,train
edgetts_1054,vispoofdb_processed/fake/edgetts/edgetts_1054.wav,fake,edgetts,neural_tts_commercial,train
edgetts_1055,vispoofdb_processed/fake/edgetts/edgetts_1055.wav,fake,edgetts,neural_tts_commercial,train
edgetts_1056,vispoofdb_processed/fake/edgetts/edgetts_1056.wav,fake,edgetts,neural_tts_commercial,train
edgetts_1057,vispoofdb_processed/fake/edgetts/edgetts_1057.wav,fake,edgetts,neural_tts_commercial,train
edgetts_1058,vispoofdb_processed/fake/edgetts/edgetts_1058.wav,fake,edgetts,neural_tts_commercial,train
edgetts_1059,vispoofdb_processed/fake/edgetts/edgetts_1059.wav,fake,edgetts,neural_tts_commercial,test_seen
edgetts_1060,vispoofdb_processed/fake/edgetts/edgetts_1060.wav,fake,edgetts,neural_tts_commercial,test_seen
edgetts_1061,vispoofdb_processed/fake/edgetts/edgetts_1061.wav,fake,edgetts,neural_tts_commercial,train
edgetts_1062,vispoofdb_processed/fake/edgetts/edgetts_1062.wav,fake,edgetts,neural_tts_commercial,test_seen
edgetts_1063,vispoofdb_processed/fake/edgetts/edgetts_1063.wav,fake,edgetts,neural_tts_commercial,test_seen
edgetts_1064,vispoofdb_processed/fake/edgetts/edgetts_1064.wav,fake,edgetts,neural_tts_commercial,train
edgetts_1065,vispoofdb_processed/fake/edgetts/edgetts_1065.wav,fake,edgetts,neural_tts_commercial,test_seen
edgetts_1066,vispoofdb_processed/fake/edgetts/edgetts_1066.wav,fake,edgetts,neural_tts_commercial,test_seen
edgetts_1067,vispoofdb_processed/fake/edgetts/edgetts_1067.wav,fake,edgetts,neural_tts_commercial,train
edgetts_1068,vispoofdb_processed/fake/edgetts/edgetts_1068.wav,fake,edgetts,neural_tts_commercial,train
edgetts_1069,vispoofdb_processed/fake/edgetts/edgetts_1069.wav,fake,edgetts,neural_tts_commercial,test_seen
edgetts_1070,vispoofdb_processed/fake/edgetts/edgetts_1070.wav,fake,edgetts,neural_tts_commercial,train
edgetts_1071,vispoofdb_processed/fake/edgetts/edgetts_1071.wav,fake,edgetts,neural_tts_commercial,train
edgetts_1072,vispoofdb_processed/fake/edgetts/edgetts_1072.wav,fake,edgetts,neural_tts_commercial,train
edgetts_1073,vispoofdb_processed/fake/edgetts/edgetts_1073.wav,fake,edgetts,neural_tts_commercial,train
edgetts_1074,vispoofdb_processed/fake/edgetts/edgetts_1074.wav,fake,edgetts,neural_tts_commercial,train
edgetts_1075,vispoofdb_processed/fake/edgetts/edgetts_1075.wav,fake,edgetts,neural_tts_commercial,train
edgetts_1076,vispoofdb_processed/fake/edgetts/edgetts_1076.wav,fake,edgetts,neural_tts_commercial,test_seen
edgetts_1077,vispoofdb_processed/fake/edgetts/edgetts_1077.wav,fake,edgetts,neural_tts_commercial,test_seen
edgetts_1078,vispoofdb_processed/fake/edgetts/edgetts_1078.wav,fake,edgetts,neural_tts_commercial,train
edgetts_1079,vispoofdb_processed/fake/edgetts/edgetts_1079.wav,fake,edgetts,neural_tts_commercial,train
edgetts_1080,vispoofdb_processed/fake/edgetts/edgetts_1080.wav,fake,edgetts,neural_tts_commercial,train
edgetts_1081,vispoofdb_processed/fake/edgetts/edgetts_1081.wav,fake,edgetts,neural_tts_commercial,test_seen
edgetts_1082,vispoofdb_processed/fake/edgetts/edgetts_1082.wav,fake,edgetts,neural_tts_commercial,test_seen
edgetts_1083,vispoofdb_processed/fake/edgetts/edgetts_1083.wav,fake,edgetts,neural_tts_commercial,train
edgetts_1084,vispoofdb_processed/fake/edgetts/edgetts_1084.wav,fake,edgetts,neural_tts_commercial,train
edgetts_1085,vispoofdb_processed/fake/edgetts/edgetts_1085.wav,fake,edgetts,neural_tts_commercial,train
edgetts_1086,vispoofdb_processed/fake/edgetts/edgetts_1086.wav,fake,edgetts,neural_tts_commercial,train
edgetts_1087,vispoofdb_processed/fake/edgetts/edgetts_1087.wav,fake,edgetts,neural_tts_commercial,train
edgetts_1088,vispoofdb_processed/fake/edgetts/edgetts_1088.wav,fake,edgetts,neural_tts_commercial,train
edgetts_1089,vispoofdb_processed/fake/edgetts/edgetts_1089.wav,fake,edgetts,neural_tts_commercial,train
edgetts_1090,vispoofdb_processed/fake/edgetts/edgetts_1090.wav,fake,edgetts,neural_tts_commercial,train
edgetts_1091,vispoofdb_processed/fake/edgetts/edgetts_1091.wav,fake,edgetts,neural_tts_commercial,train
edgetts_1092,vispoofdb_processed/fake/edgetts/edgetts_1092.wav,fake,edgetts,neural_tts_commercial,train
edgetts_1093,vispoofdb_processed/fake/edgetts/edgetts_1093.wav,fake,edgetts,neural_tts_commercial,train
edgetts_1094,vispoofdb_processed/fake/edgetts/edgetts_1094.wav,fake,edgetts,neural_tts_commercial,train
edgetts_1095,vispoofdb_processed/fake/edgetts/edgetts_1095.wav,fake,edgetts,neural_tts_commercial,train
edgetts_1096,vispoofdb_processed/fake/edgetts/edgetts_1096.wav,fake,edgetts,neural_tts_commercial,train
edgetts_1097,vispoofdb_processed/fake/edgetts/edgetts_1097.wav,fake,edgetts,neural_tts_commercial,train
edgetts_1098,vispoofdb_processed/fake/edgetts/edgetts_1098.wav,fake,edgetts,neural_tts_commercial,train
edgetts_1099,vispoofdb_processed/fake/edgetts/edgetts_1099.wav,fake,edgetts,neural_tts_commercial,train
edgetts_1100,vispoofdb_processed/fake/edgetts/edgetts_1100.wav,fake,edgetts,neural_tts_commercial,train
edgetts_1101,vispoofdb_processed/fake/edgetts/edgetts_1101.wav,fake,edgetts,neural_tts_commercial,train
edgetts_1102,vispoofdb_processed/fake/edgetts/edgetts_1102.wav,fake,edgetts,neural_tts_commercial,train
edgetts_1103,vispoofdb_processed/fake/edgetts/edgetts_1103.wav,fake,edgetts,neural_tts_commercial,train
edgetts_1104,vispoofdb_processed/fake/edgetts/edgetts_1104.wav,fake,edgetts,neural_tts_commercial,train
edgetts_1105,vispoofdb_processed/fake/edgetts/edgetts_1105.wav,fake,edgetts,neural_tts_commercial,train
edgetts_1106,vispoofdb_processed/fake/edgetts/edgetts_1106.wav,fake,edgetts,neural_tts_commercial,train
edgetts_1107,vispoofdb_processed/fake/edgetts/edgetts_1107.wav,fake,edgetts,neural_tts_commercial,train
edgetts_1108,vispoofdb_processed/fake/edgetts/edgetts_1108.wav,fake,edgetts,neural_tts_commercial,train
edgetts_1109,vispoofdb_processed/fake/edgetts/edgetts_1109.wav,fake,edgetts,neural_tts_commercial,train
edgetts_1110,vispoofdb_processed/fake/edgetts/edgetts_1110.wav,fake,edgetts,neural_tts_commercial,train
edgetts_1111,vispoofdb_processed/fake/edgetts/edgetts_1111.wav,fake,edgetts,neural_tts_commercial,train
edgetts_1112,vispoofdb_processed/fake/edgetts/edgetts_1112.wav,fake,edgetts,neural_tts_commercial,train
edgetts_1113,vispoofdb_processed/fake/edgetts/edgetts_1113.wav,fake,edgetts,neural_tts_commercial,train
edgetts_1114,vispoofdb_processed/fake/edgetts/edgetts_1114.wav,fake,edgetts,neural_tts_commercial,train
edgetts_1115,vispoofdb_processed/fake/edgetts/edgetts_1115.wav,fake,edgetts,neural_tts_commercial,train
edgetts_1116,vispoofdb_processed/fake/edgetts/edgetts_1116.wav,fake,edgetts,neural_tts_commercial,train
edgetts_1117,vispoofdb_processed/fake/edgetts/edgetts_1117.wav,fake,edgetts,neural_tts_commercial,train
edgetts_1118,vispoofdb_processed/fake/edgetts/edgetts_1118.wav,fake,edgetts,neural_tts_commercial,test_seen
edgetts_1119,vispoofdb_processed/fake/edgetts/edgetts_1119.wav,fake,edgetts,neural_tts_commercial,train
edgetts_1120,vispoofdb_processed/fake/edgetts/edgetts_1120.wav,fake,edgetts,neural_tts_commercial,test_seen
edgetts_1121,vispoofdb_processed/fake/edgetts/edgetts_1121.wav,fake,edgetts,neural_tts_commercial,train
edgetts_1122,vispoofdb_processed/fake/edgetts/edgetts_1122.wav,fake,edgetts,neural_tts_commercial,test_seen
edgetts_1123,vispoofdb_processed/fake/edgetts/edgetts_1123.wav,fake,edgetts,neural_tts_commercial,train
edgetts_1124,vispoofdb_processed/fake/edgetts/edgetts_1124.wav,fake,edgetts,neural_tts_commercial,train
edgetts_1125,vispoofdb_processed/fake/edgetts/edgetts_1125.wav,fake,edgetts,neural_tts_commercial,train
edgetts_1126,vispoofdb_processed/fake/edgetts/edgetts_1126.wav,fake,edgetts,neural_tts_commercial,train
edgetts_1127,vispoofdb_processed/fake/edgetts/edgetts_1127.wav,fake,edgetts,neural_tts_commercial,train
edgetts_1128,vispoofdb_processed/fake/edgetts/edgetts_1128.wav,fake,edgetts,neural_tts_commercial,train
edgetts_1129,vispoofdb_processed/fake/edgetts/edgetts_1129.wav,fake,edgetts,neural_tts_commercial,train
edgetts_1130,vispoofdb_processed/fake/edgetts/edgetts_1130.wav,fake,edgetts,neural_tts_commercial,train
edgetts_1131,vispoofdb_processed/fake/edgetts/edgetts_1131.wav,fake,edgetts,neural_tts_commercial,train
edgetts_1132,vispoofdb_processed/fake/edgetts/edgetts_1132.wav,fake,edgetts,neural_tts_commercial,train
edgetts_1133,vispoofdb_processed/fake/edgetts/edgetts_1133.wav,fake,edgetts,neural_tts_commercial,train
edgetts_1134,vispoofdb_processed/fake/edgetts/edgetts_1134.wav,fake,edgetts,neural_tts_commercial,train
edgetts_1135,vispoofdb_processed/fake/edgetts/edgetts_1135.wav,fake,edgetts,neural_tts_commercial,train
edgetts_1136,vispoofdb_processed/fake/edgetts/edgetts_1136.wav,fake,edgetts,neural_tts_commercial,train
edgetts_1137,vispoofdb_processed/fake/edgetts/edgetts_1137.wav,fake,edgetts,neural_tts_commercial,train
edgetts_1138,vispoofdb_processed/fake/edgetts/edgetts_1138.wav,fake,edgetts,neural_tts_commercial,train
edgetts_1139,vispoofdb_processed/fake/edgetts/edgetts_1139.wav,fake,edgetts,neural_tts_commercial,test_seen
edgetts_1140,vispoofdb_processed/fake/edgetts/edgetts_1140.wav,fake,edgetts,neural_tts_commercial,train
edgetts_1141,vispoofdb_processed/fake/edgetts/edgetts_1141.wav,fake,edgetts,neural_tts_commercial,test_seen
edgetts_1142,vispoofdb_processed/fake/edgetts/edgetts_1142.wav,fake,edgetts,neural_tts_commercial,train
edgetts_1143,vispoofdb_processed/fake/edgetts/edgetts_1143.wav,fake,edgetts,neural_tts_commercial,train
edgetts_1144,vispoofdb_processed/fake/edgetts/edgetts_1144.wav,fake,edgetts,neural_tts_commercial,train
edgetts_1145,vispoofdb_processed/fake/edgetts/edgetts_1145.wav,fake,edgetts,neural_tts_commercial,test_seen
edgetts_1146,vispoofdb_processed/fake/edgetts/edgetts_1146.wav,fake,edgetts,neural_tts_commercial,train
edgetts_1147,vispoofdb_processed/fake/edgetts/edgetts_1147.wav,fake,edgetts,neural_tts_commercial,test_seen
edgetts_1148,vispoofdb_processed/fake/edgetts/edgetts_1148.wav,fake,edgetts,neural_tts_commercial,test_seen
edgetts_1149,vispoofdb_processed/fake/edgetts/edgetts_1149.wav,fake,edgetts,neural_tts_commercial,train
edgetts_1150,vispoofdb_processed/fake/edgetts/edgetts_1150.wav,fake,edgetts,neural_tts_commercial,test_seen
edgetts_1151,vispoofdb_processed/fake/edgetts/edgetts_1151.wav,fake,edgetts,neural_tts_commercial,train
edgetts_1152,vispoofdb_processed/fake/edgetts/edgetts_1152.wav,fake,edgetts,neural_tts_commercial,train
edgetts_1153,vispoofdb_processed/fake/edgetts/edgetts_1153.wav,fake,edgetts,neural_tts_commercial,train
edgetts_1154,vispoofdb_processed/fake/edgetts/edgetts_1154.wav,fake,edgetts,neural_tts_commercial,test_seen
edgetts_1155,vispoofdb_processed/fake/edgetts/edgetts_1155.wav,fake,edgetts,neural_tts_commercial,test_seen
edgetts_1156,vispoofdb_processed/fake/edgetts/edgetts_1156.wav,fake,edgetts,neural_tts_commercial,test_seen
edgetts_1157,vispoofdb_processed/fake/edgetts/edgetts_1157.wav,fake,edgetts,neural_tts_commercial,train
edgetts_1158,vispoofdb_processed/fake/edgetts/edgetts_1158.wav,fake,edgetts,neural_tts_commercial,train
edgetts_1159,vispoofdb_processed/fake/edgetts/edgetts_1159.wav,fake,edgetts,neural_tts_commercial,train
edgetts_1160,vispoofdb_processed/fake/edgetts/edgetts_1160.wav,fake,edgetts,neural_tts_commercial,test_seen
edgetts_1161,vispoofdb_processed/fake/edgetts/edgetts_1161.wav,fake,edgetts,neural_tts_commercial,train
edgetts_1162,vispoofdb_processed/fake/edgetts/edgetts_1162.wav,fake,edgetts,neural_tts_commercial,train
edgetts_1163,vispoofdb_processed/fake/edgetts/edgetts_1163.wav,fake,edgetts,neural_tts_commercial,train
edgetts_1164,vispoofdb_processed/fake/edgetts/edgetts_1164.wav,fake,edgetts,neural_tts_commercial,train
edgetts_1165,vispoofdb_processed/fake/edgetts/edgetts_1165.wav,fake,edgetts,neural_tts_commercial,train
edgetts_1166,vispoofdb_processed/fake/edgetts/edgetts_1166.wav,fake,edgetts,neural_tts_commercial,test_seen
edgetts_1167,vispoofdb_processed/fake/edgetts/edgetts_1167.wav,fake,edgetts,neural_tts_commercial,test_seen
edgetts_1168,vispoofdb_processed/fake/edgetts/edgetts_1168.wav,fake,edgetts,neural_tts_commercial,train
edgetts_1169,vispoofdb_processed/fake/edgetts/edgetts_1169.wav,fake,edgetts,neural_tts_commercial,test_seen
edgetts_1170,vispoofdb_processed/fake/edgetts/edgetts_1170.wav,fake,edgetts,neural_tts_commercial,train
edgetts_1171,vispoofdb_processed/fake/edgetts/edgetts_1171.wav,fake,edgetts,neural_tts_commercial,train
edgetts_1172,vispoofdb_processed/fake/edgetts/edgetts_1172.wav,fake,edgetts,neural_tts_commercial,train
edgetts_1173,vispoofdb_processed/fake/edgetts/edgetts_1173.wav,fake,edgetts,neural_tts_commercial,train
edgetts_1174,vispoofdb_processed/fake/edgetts/edgetts_1174.wav,fake,edgetts,neural_tts_commercial,train
edgetts_1175,vispoofdb_processed/fake/edgetts/edgetts_1175.wav,fake,edgetts,neural_tts_commercial,train
edgetts_1176,vispoofdb_processed/fake/edgetts/edgetts_1176.wav,fake,edgetts,neural_tts_commercial,train
edgetts_1177,vispoofdb_processed/fake/edgetts/edgetts_1177.wav,fake,edgetts,neural_tts_commercial,train
edgetts_1178,vispoofdb_processed/fake/edgetts/edgetts_1178.wav,fake,edgetts,neural_tts_commercial,train
edgetts_1179,vispoofdb_processed/fake/edgetts/edgetts_1179.wav,fake,edgetts,neural_tts_commercial,train
edgetts_1180,vispoofdb_processed/fake/edgetts/edgetts_1180.wav,fake,edgetts,neural_tts_commercial,train
edgetts_1181,vispoofdb_processed/fake/edgetts/edgetts_1181.wav,fake,edgetts,neural_tts_commercial,train
edgetts_1182,vispoofdb_processed/fake/edgetts/edgetts_1182.wav,fake,edgetts,neural_tts_commercial,train
edgetts_1183,vispoofdb_processed/fake/edgetts/edgetts_1183.wav,fake,edgetts,neural_tts_commercial,train
edgetts_1184,vispoofdb_processed/fake/edgetts/edgetts_1184.wav,fake,edgetts,neural_tts_commercial,test_seen
edgetts_1185,vispoofdb_processed/fake/edgetts/edgetts_1185.wav,fake,edgetts,neural_tts_commercial,train
edgetts_1186,vispoofdb_processed/fake/edgetts/edgetts_1186.wav,fake,edgetts,neural_tts_commercial,train
edgetts_1187,vispoofdb_processed/fake/edgetts/edgetts_1187.wav,fake,edgetts,neural_tts_commercial,train
edgetts_1188,vispoofdb_processed/fake/edgetts/edgetts_1188.wav,fake,edgetts,neural_tts_commercial,train
edgetts_1189,vispoofdb_processed/fake/edgetts/edgetts_1189.wav,fake,edgetts,neural_tts_commercial,train
edgetts_1190,vispoofdb_processed/fake/edgetts/edgetts_1190.wav,fake,edgetts,neural_tts_commercial,train
edgetts_1191,vispoofdb_processed/fake/edgetts/edgetts_1191.wav,fake,edgetts,neural_tts_commercial,test_seen
edgetts_1192,vispoofdb_processed/fake/edgetts/edgetts_1192.wav,fake,edgetts,neural_tts_commercial,train
edgetts_1193,vispoofdb_processed/fake/edgetts/edgetts_1193.wav,fake,edgetts,neural_tts_commercial,train
edgetts_1194,vispoofdb_processed/fake/edgetts/edgetts_1194.wav,fake,edgetts,neural_tts_commercial,train
edgetts_1195,vispoofdb_processed/fake/edgetts/edgetts_1195.wav,fake,edgetts,neural_tts_commercial,train
edgetts_1196,vispoofdb_processed/fake/edgetts/edgetts_1196.wav,fake,edgetts,neural_tts_commercial,train
edgetts_1197,vispoofdb_processed/fake/edgetts/edgetts_1197.wav,fake,edgetts,neural_tts_commercial,train
edgetts_1198,vispoofdb_processed/fake/edgetts/edgetts_1198.wav,fake,edgetts,neural_tts_commercial,train
edgetts_1199,vispoofdb_processed/fake/edgetts/edgetts_1199.wav,fake,edgetts,neural_tts_commercial,train
elevenlabs_0000,vispoofdb_processed/fake/elevenlabs/elevenlabs_0000.wav,fake,elevenlabs,voice_clone,train
elevenlabs_0001,vispoofdb_processed/fake/elevenlabs/elevenlabs_0001.wav,fake,elevenlabs,voice_clone,train
elevenlabs_0002,vispoofdb_processed/fake/elevenlabs/elevenlabs_0002.wav,fake,elevenlabs,voice_clone,test_seen
elevenlabs_0003,vispoofdb_processed/fake/elevenlabs/elevenlabs_0003.wav,fake,elevenlabs,voice_clone,train
elevenlabs_0004,vispoofdb_processed/fake/elevenlabs/elevenlabs_0004.wav,fake,elevenlabs,voice_clone,train
elevenlabs_0005,vispoofdb_processed/fake/elevenlabs/elevenlabs_0005.wav,fake,elevenlabs,voice_clone,test_seen
elevenlabs_0006,vispoofdb_processed/fake/elevenlabs/elevenlabs_0006.wav,fake,elevenlabs,voice_clone,train
elevenlabs_0007,vispoofdb_processed/fake/elevenlabs/elevenlabs_0007.wav,fake,elevenlabs,voice_clone,train
elevenlabs_0008,vispoofdb_processed/fake/elevenlabs/elevenlabs_0008.wav,fake,elevenlabs,voice_clone,train
elevenlabs_0009,vispoofdb_processed/fake/elevenlabs/elevenlabs_0009.wav,fake,elevenlabs,voice_clone,train
elevenlabs_0010,vispoofdb_processed/fake/elevenlabs/elevenlabs_0010.wav,fake,elevenlabs,voice_clone,train
elevenlabs_0011,vispoofdb_processed/fake/elevenlabs/elevenlabs_0011.wav,fake,elevenlabs,voice_clone,train
elevenlabs_0012,vispoofdb_processed/fake/elevenlabs/elevenlabs_0012.wav,fake,elevenlabs,voice_clone,train
elevenlabs_0013,vispoofdb_processed/fake/elevenlabs/elevenlabs_0013.wav,fake,elevenlabs,voice_clone,train
elevenlabs_0014,vispoofdb_processed/fake/elevenlabs/elevenlabs_0014.wav,fake,elevenlabs,voice_clone,test_seen
elevenlabs_0015,vispoofdb_processed/fake/elevenlabs/elevenlabs_0015.wav,fake,elevenlabs,voice_clone,train
elevenlabs_0016,vispoofdb_processed/fake/elevenlabs/elevenlabs_0016.wav,fake,elevenlabs,voice_clone,train
elevenlabs_0017,vispoofdb_processed/fake/elevenlabs/elevenlabs_0017.wav,fake,elevenlabs,voice_clone,test_seen
elevenlabs_0018,vispoofdb_processed/fake/elevenlabs/elevenlabs_0018.wav,fake,elevenlabs,voice_clone,test_seen
elevenlabs_0019,vispoofdb_processed/fake/elevenlabs/elevenlabs_0019.wav,fake,elevenlabs,voice_clone,train
elevenlabs_0020,vispoofdb_processed/fake/elevenlabs/elevenlabs_0020.wav,fake,elevenlabs,voice_clone,train
elevenlabs_0021,vispoofdb_processed/fake/elevenlabs/elevenlabs_0021.wav,fake,elevenlabs,voice_clone,train
elevenlabs_0022,vispoofdb_processed/fake/elevenlabs/elevenlabs_0022.wav,fake,elevenlabs,voice_clone,train
elevenlabs_0023,vispoofdb_processed/fake/elevenlabs/elevenlabs_0023.wav,fake,elevenlabs,voice_clone,train
elevenlabs_0024,vispoofdb_processed/fake/elevenlabs/elevenlabs_0024.wav,fake,elevenlabs,voice_clone,train
elevenlabs_0025,vispoofdb_processed/fake/elevenlabs/elevenlabs_0025.wav,fake,elevenlabs,voice_clone,train
elevenlabs_0026,vispoofdb_processed/fake/elevenlabs/elevenlabs_0026.wav,fake,elevenlabs,voice_clone,train
elevenlabs_0027,vispoofdb_processed/fake/elevenlabs/elevenlabs_0027.wav,fake,elevenlabs,voice_clone,train
elevenlabs_0028,vispoofdb_processed/fake/elevenlabs/elevenlabs_0028.wav,fake,elevenlabs,voice_clone,train
elevenlabs_0029,vispoofdb_processed/fake/elevenlabs/elevenlabs_0029.wav,fake,elevenlabs,voice_clone,train
elevenlabs_0030,vispoofdb_processed/fake/elevenlabs/elevenlabs_0030.wav,fake,elevenlabs,voice_clone,train
elevenlabs_0031,vispoofdb_processed/fake/elevenlabs/elevenlabs_0031.wav,fake,elevenlabs,voice_clone,train
elevenlabs_0032,vispoofdb_processed/fake/elevenlabs/elevenlabs_0032.wav,fake,elevenlabs,voice_clone,train
elevenlabs_0033,vispoofdb_processed/fake/elevenlabs/elevenlabs_0033.wav,fake,elevenlabs,voice_clone,train
elevenlabs_0034,vispoofdb_processed/fake/elevenlabs/elevenlabs_0034.wav,fake,elevenlabs,voice_clone,train
elevenlabs_0035,vispoofdb_processed/fake/elevenlabs/elevenlabs_0035.wav,fake,elevenlabs,voice_clone,train
elevenlabs_0036,vispoofdb_processed/fake/elevenlabs/elevenlabs_0036.wav,fake,elevenlabs,voice_clone,train
elevenlabs_0037,vispoofdb_processed/fake/elevenlabs/elevenlabs_0037.wav,fake,elevenlabs,voice_clone,train
elevenlabs_0038,vispoofdb_processed/fake/elevenlabs/elevenlabs_0038.wav,fake,elevenlabs,voice_clone,train
elevenlabs_0039,vispoofdb_processed/fake/elevenlabs/elevenlabs_0039.wav,fake,elevenlabs,voice_clone,train
elevenlabs_0040,vispoofdb_processed/fake/elevenlabs/elevenlabs_0040.wav,fake,elevenlabs,voice_clone,train
elevenlabs_0041,vispoofdb_processed/fake/elevenlabs/elevenlabs_0041.wav,fake,elevenlabs,voice_clone,train
elevenlabs_0042,vispoofdb_processed/fake/elevenlabs/elevenlabs_0042.wav,fake,elevenlabs,voice_clone,train
elevenlabs_0043,vispoofdb_processed/fake/elevenlabs/elevenlabs_0043.wav,fake,elevenlabs,voice_clone,test_seen
elevenlabs_0044,vispoofdb_processed/fake/elevenlabs/elevenlabs_0044.wav,fake,elevenlabs,voice_clone,train
elevenlabs_0045,vispoofdb_processed/fake/elevenlabs/elevenlabs_0045.wav,fake,elevenlabs,voice_clone,train
elevenlabs_0046,vispoofdb_processed/fake/elevenlabs/elevenlabs_0046.wav,fake,elevenlabs,voice_clone,train
elevenlabs_0047,vispoofdb_processed/fake/elevenlabs/elevenlabs_0047.wav,fake,elevenlabs,voice_clone,train
elevenlabs_0048,vispoofdb_processed/fake/elevenlabs/elevenlabs_0048.wav,fake,elevenlabs,voice_clone,test_seen
elevenlabs_0049,vispoofdb_processed/fake/elevenlabs/elevenlabs_0049.wav,fake,elevenlabs,voice_clone,train
elevenlabs_0050,vispoofdb_processed/fake/elevenlabs/elevenlabs_0050.wav,fake,elevenlabs,voice_clone,test_seen
elevenlabs_0051,vispoofdb_processed/fake/elevenlabs/elevenlabs_0051.wav,fake,elevenlabs,voice_clone,train
elevenlabs_0052,vispoofdb_processed/fake/elevenlabs/elevenlabs_0052.wav,fake,elevenlabs,voice_clone,test_seen
elevenlabs_0053,vispoofdb_processed/fake/elevenlabs/elevenlabs_0053.wav,fake,elevenlabs,voice_clone,train
elevenlabs_0054,vispoofdb_processed/fake/elevenlabs/elevenlabs_0054.wav,fake,elevenlabs,voice_clone,test_seen
elevenlabs_0055,vispoofdb_processed/fake/elevenlabs/elevenlabs_0055.wav,fake,elevenlabs,voice_clone,train
elevenlabs_0056,vispoofdb_processed/fake/elevenlabs/elevenlabs_0056.wav,fake,elevenlabs,voice_clone,test_seen
elevenlabs_0057,vispoofdb_processed/fake/elevenlabs/elevenlabs_0057.wav,fake,elevenlabs,voice_clone,train
elevenlabs_0058,vispoofdb_processed/fake/elevenlabs/elevenlabs_0058.wav,fake,elevenlabs,voice_clone,train
elevenlabs_0059,vispoofdb_processed/fake/elevenlabs/elevenlabs_0059.wav,fake,elevenlabs,voice_clone,train
elevenlabs_0060,vispoofdb_processed/fake/elevenlabs/elevenlabs_0060.wav,fake,elevenlabs,voice_clone,train
elevenlabs_0061,vispoofdb_processed/fake/elevenlabs/elevenlabs_0061.wav,fake,elevenlabs,voice_clone,train
elevenlabs_0062,vispoofdb_processed/fake/elevenlabs/elevenlabs_0062.wav,fake,elevenlabs,voice_clone,train
elevenlabs_0063,vispoofdb_processed/fake/elevenlabs/elevenlabs_0063.wav,fake,elevenlabs,voice_clone,train
elevenlabs_0064,vispoofdb_processed/fake/elevenlabs/elevenlabs_0064.wav,fake,elevenlabs,voice_clone,train
elevenlabs_0065,vispoofdb_processed/fake/elevenlabs/elevenlabs_0065.wav,fake,elevenlabs,voice_clone,train
elevenlabs_0066,vispoofdb_processed/fake/elevenlabs/elevenlabs_0066.wav,fake,elevenlabs,voice_clone,train
elevenlabs_0067,vispoofdb_processed/fake/elevenlabs/elevenlabs_0067.wav,fake,elevenlabs,voice_clone,test_seen
elevenlabs_0068,vispoofdb_processed/fake/elevenlabs/elevenlabs_0068.wav,fake,elevenlabs,voice_clone,train
elevenlabs_0069,vispoofdb_processed/fake/elevenlabs/elevenlabs_0069.wav,fake,elevenlabs,voice_clone,train
elevenlabs_0070,vispoofdb_processed/fake/elevenlabs/elevenlabs_0070.wav,fake,elevenlabs,voice_clone,train
elevenlabs_0071,vispoofdb_processed/fake/elevenlabs/elevenlabs_0071.wav,fake,elevenlabs,voice_clone,train
elevenlabs_0072,vispoofdb_processed/fake/elevenlabs/elevenlabs_0072.wav,fake,elevenlabs,voice_clone,train
elevenlabs_0073,vispoofdb_processed/fake/elevenlabs/elevenlabs_0073.wav,fake,elevenlabs,voice_clone,train
elevenlabs_0074,vispoofdb_processed/fake/elevenlabs/elevenlabs_0074.wav,fake,elevenlabs,voice_clone,train
elevenlabs_0075,vispoofdb_processed/fake/elevenlabs/elevenlabs_0075.wav,fake,elevenlabs,voice_clone,test_seen
elevenlabs_0076,vispoofdb_processed/fake/elevenlabs/elevenlabs_0076.wav,fake,elevenlabs,voice_clone,test_seen
elevenlabs_0077,vispoofdb_processed/fake/elevenlabs/elevenlabs_0077.wav,fake,elevenlabs,voice_clone,train
elevenlabs_0078,vispoofdb_processed/fake/elevenlabs/elevenlabs_0078.wav,fake,elevenlabs,voice_clone,train
elevenlabs_0079,vispoofdb_processed/fake/elevenlabs/elevenlabs_0079.wav,fake,elevenlabs,voice_clone,train
elevenlabs_0080,vispoofdb_processed/fake/elevenlabs/elevenlabs_0080.wav,fake,elevenlabs,voice_clone,train
elevenlabs_0081,vispoofdb_processed/fake/elevenlabs/elevenlabs_0081.wav,fake,elevenlabs,voice_clone,train
elevenlabs_0082,vispoofdb_processed/fake/elevenlabs/elevenlabs_0082.wav,fake,elevenlabs,voice_clone,test_seen
elevenlabs_0083,vispoofdb_processed/fake/elevenlabs/elevenlabs_0083.wav,fake,elevenlabs,voice_clone,train
elevenlabs_0084,vispoofdb_processed/fake/elevenlabs/elevenlabs_0084.wav,fake,elevenlabs,voice_clone,train
elevenlabs_0085,vispoofdb_processed/fake/elevenlabs/elevenlabs_0085.wav,fake,elevenlabs,voice_clone,train
elevenlabs_0086,vispoofdb_processed/fake/elevenlabs/elevenlabs_0086.wav,fake,elevenlabs,voice_clone,train
elevenlabs_0087,vispoofdb_processed/fake/elevenlabs/elevenlabs_0087.wav,fake,elevenlabs,voice_clone,train
elevenlabs_0088,vispoofdb_processed/fake/elevenlabs/elevenlabs_0088.wav,fake,elevenlabs,voice_clone,train
elevenlabs_0089,vispoofdb_processed/fake/elevenlabs/elevenlabs_0089.wav,fake,elevenlabs,voice_clone,train
elevenlabs_0090,vispoofdb_processed/fake/elevenlabs/elevenlabs_0090.wav,fake,elevenlabs,voice_clone,train
elevenlabs_0091,vispoofdb_processed/fake/elevenlabs/elevenlabs_0091.wav,fake,elevenlabs,voice_clone,test_seen
elevenlabs_0092,vispoofdb_processed/fake/elevenlabs/elevenlabs_0092.wav,fake,elevenlabs,voice_clone,train
elevenlabs_0093,vispoofdb_processed/fake/elevenlabs/elevenlabs_0093.wav,fake,elevenlabs,voice_clone,train
elevenlabs_0094,vispoofdb_processed/fake/elevenlabs/elevenlabs_0094.wav,fake,elevenlabs,voice_clone,train
elevenlabs_0095,vispoofdb_processed/fake/elevenlabs/elevenlabs_0095.wav,fake,elevenlabs,voice_clone,train
elevenlabs_0096,vispoofdb_processed/fake/elevenlabs/elevenlabs_0096.wav,fake,elevenlabs,voice_clone,test_seen
elevenlabs_0097,vispoofdb_processed/fake/elevenlabs/elevenlabs_0097.wav,fake,elevenlabs,voice_clone,train
elevenlabs_0098,vispoofdb_processed/fake/elevenlabs/elevenlabs_0098.wav,fake,elevenlabs,voice_clone,train
elevenlabs_0099,vispoofdb_processed/fake/elevenlabs/elevenlabs_0099.wav,fake,elevenlabs,voice_clone,train
elevenlabs_0100,vispoofdb_processed/fake/elevenlabs/elevenlabs_0100.wav,fake,elevenlabs,voice_clone,test_seen
elevenlabs_0101,vispoofdb_processed/fake/elevenlabs/elevenlabs_0101.wav,fake,elevenlabs,voice_clone,train
elevenlabs_0102,vispoofdb_processed/fake/elevenlabs/elevenlabs_0102.wav,fake,elevenlabs,voice_clone,train
elevenlabs_0103,vispoofdb_processed/fake/elevenlabs/elevenlabs_0103.wav,fake,elevenlabs,voice_clone,train
elevenlabs_0104,vispoofdb_processed/fake/elevenlabs/elevenlabs_0104.wav,fake,elevenlabs,voice_clone,train
elevenlabs_0105,vispoofdb_processed/fake/elevenlabs/elevenlabs_0105.wav,fake,elevenlabs,voice_clone,train
elevenlabs_0106,vispoofdb_processed/fake/elevenlabs/elevenlabs_0106.wav,fake,elevenlabs,voice_clone,test_seen
elevenlabs_0107,vispoofdb_processed/fake/elevenlabs/elevenlabs_0107.wav,fake,elevenlabs,voice_clone,train
elevenlabs_0108,vispoofdb_processed/fake/elevenlabs/elevenlabs_0108.wav,fake,elevenlabs,voice_clone,test_seen
elevenlabs_0109,vispoofdb_processed/fake/elevenlabs/elevenlabs_0109.wav,fake,elevenlabs,voice_clone,train
elevenlabs_0110,vispoofdb_processed/fake/elevenlabs/elevenlabs_0110.wav,fake,elevenlabs,voice_clone,train
elevenlabs_0111,vispoofdb_processed/fake/elevenlabs/elevenlabs_0111.wav,fake,elevenlabs,voice_clone,test_seen
elevenlabs_0112,vispoofdb_processed/fake/elevenlabs/elevenlabs_0112.wav,fake,elevenlabs,voice_clone,test_seen
elevenlabs_0113,vispoofdb_processed/fake/elevenlabs/elevenlabs_0113.wav,fake,elevenlabs,voice_clone,train
elevenlabs_0114,vispoofdb_processed/fake/elevenlabs/elevenlabs_0114.wav,fake,elevenlabs,voice_clone,test_seen
elevenlabs_0115,vispoofdb_processed/fake/elevenlabs/elevenlabs_0115.wav,fake,elevenlabs,voice_clone,train
elevenlabs_0116,vispoofdb_processed/fake/elevenlabs/elevenlabs_0116.wav,fake,elevenlabs,voice_clone,train
elevenlabs_0117,vispoofdb_processed/fake/elevenlabs/elevenlabs_0117.wav,fake,elevenlabs,voice_clone,train
elevenlabs_0118,vispoofdb_processed/fake/elevenlabs/elevenlabs_0118.wav,fake,elevenlabs,voice_clone,test_seen
elevenlabs_0119,vispoofdb_processed/fake/elevenlabs/elevenlabs_0119.wav,fake,elevenlabs,voice_clone,train
elevenlabs_0120,vispoofdb_processed/fake/elevenlabs/elevenlabs_0120.wav,fake,elevenlabs,voice_clone,train
elevenlabs_0121,vispoofdb_processed/fake/elevenlabs/elevenlabs_0121.wav,fake,elevenlabs,voice_clone,train
elevenlabs_0122,vispoofdb_processed/fake/elevenlabs/elevenlabs_0122.wav,fake,elevenlabs,voice_clone,train
elevenlabs_0123,vispoofdb_processed/fake/elevenlabs/elevenlabs_0123.wav,fake,elevenlabs,voice_clone,train
elevenlabs_0124,vispoofdb_processed/fake/elevenlabs/elevenlabs_0124.wav,fake,elevenlabs,voice_clone,test_seen
elevenlabs_0125,vispoofdb_processed/fake/elevenlabs/elevenlabs_0125.wav,fake,elevenlabs,voice_clone,train
elevenlabs_0126,vispoofdb_processed/fake/elevenlabs/elevenlabs_0126.wav,fake,elevenlabs,voice_clone,train
elevenlabs_0127,vispoofdb_processed/fake/elevenlabs/elevenlabs_0127.wav,fake,elevenlabs,voice_clone,train
elevenlabs_0128,vispoofdb_processed/fake/elevenlabs/elevenlabs_0128.wav,fake,elevenlabs,voice_clone,train
elevenlabs_0129,vispoofdb_processed/fake/elevenlabs/elevenlabs_0129.wav,fake,elevenlabs,voice_clone,test_seen
elevenlabs_0130,vispoofdb_processed/fake/elevenlabs/elevenlabs_0130.wav,fake,elevenlabs,voice_clone,train
elevenlabs_0131,vispoofdb_processed/fake/elevenlabs/elevenlabs_0131.wav,fake,elevenlabs,voice_clone,test_seen
elevenlabs_0132,vispoofdb_processed/fake/elevenlabs/elevenlabs_0132.wav,fake,elevenlabs,voice_clone,test_seen
elevenlabs_0133,vispoofdb_processed/fake/elevenlabs/elevenlabs_0133.wav,fake,elevenlabs,voice_clone,train
elevenlabs_0134,vispoofdb_processed/fake/elevenlabs/elevenlabs_0134.wav,fake,elevenlabs,voice_clone,train
elevenlabs_0135,vispoofdb_processed/fake/elevenlabs/elevenlabs_0135.wav,fake,elevenlabs,voice_clone,train
elevenlabs_0136,vispoofdb_processed/fake/elevenlabs/elevenlabs_0136.wav,fake,elevenlabs,voice_clone,train
elevenlabs_0137,vispoofdb_processed/fake/elevenlabs/elevenlabs_0137.wav,fake,elevenlabs,voice_clone,train
elevenlabs_0138,vispoofdb_processed/fake/elevenlabs/elevenlabs_0138.wav,fake,elevenlabs,voice_clone,train
elevenlabs_0139,vispoofdb_processed/fake/elevenlabs/elevenlabs_0139.wav,fake,elevenlabs,voice_clone,train
elevenlabs_0140,vispoofdb_processed/fake/elevenlabs/elevenlabs_0140.wav,fake,elevenlabs,voice_clone,train
elevenlabs_0141,vispoofdb_processed/fake/elevenlabs/elevenlabs_0141.wav,fake,elevenlabs,voice_clone,train
elevenlabs_0142,vispoofdb_processed/fake/elevenlabs/elevenlabs_0142.wav,fake,elevenlabs,voice_clone,test_seen
elevenlabs_0143,vispoofdb_processed/fake/elevenlabs/elevenlabs_0143.wav,fake,elevenlabs,voice_clone,train
elevenlabs_0144,vispoofdb_processed/fake/elevenlabs/elevenlabs_0144.wav,fake,elevenlabs,voice_clone,train
elevenlabs_0145,vispoofdb_processed/fake/elevenlabs/elevenlabs_0145.wav,fake,elevenlabs,voice_clone,train
elevenlabs_0146,vispoofdb_processed/fake/elevenlabs/elevenlabs_0146.wav,fake,elevenlabs,voice_clone,train
elevenlabs_0147,vispoofdb_processed/fake/elevenlabs/elevenlabs_0147.wav,fake,elevenlabs,voice_clone,train
elevenlabs_0148,vispoofdb_processed/fake/elevenlabs/elevenlabs_0148.wav,fake,elevenlabs,voice_clone,test_seen
elevenlabs_0149,vispoofdb_processed/fake/elevenlabs/elevenlabs_0149.wav,fake,elevenlabs,voice_clone,train
elevenlabs_0150,vispoofdb_processed/fake/elevenlabs/elevenlabs_0150.wav,fake,elevenlabs,voice_clone,train
elevenlabs_0151,vispoofdb_processed/fake/elevenlabs/elevenlabs_0151.wav,fake,elevenlabs,voice_clone,train
elevenlabs_0152,vispoofdb_processed/fake/elevenlabs/elevenlabs_0152.wav,fake,elevenlabs,voice_clone,train
elevenlabs_0153,vispoofdb_processed/fake/elevenlabs/elevenlabs_0153.wav,fake,elevenlabs,voice_clone,test_seen
elevenlabs_0154,vispoofdb_processed/fake/elevenlabs/elevenlabs_0154.wav,fake,elevenlabs,voice_clone,train
elevenlabs_0155,vispoofdb_processed/fake/elevenlabs/elevenlabs_0155.wav,fake,elevenlabs,voice_clone,train
elevenlabs_0156,vispoofdb_processed/fake/elevenlabs/elevenlabs_0156.wav,fake,elevenlabs,voice_clone,train
elevenlabs_0157,vispoofdb_processed/fake/elevenlabs/elevenlabs_0157.wav,fake,elevenlabs,voice_clone,train
elevenlabs_0158,vispoofdb_processed/fake/elevenlabs/elevenlabs_0158.wav,fake,elevenlabs,voice_clone,test_seen
elevenlabs_0159,vispoofdb_processed/fake/elevenlabs/elevenlabs_0159.wav,fake,elevenlabs,voice_clone,train
elevenlabs_0160,vispoofdb_processed/fake/elevenlabs/elevenlabs_0160.wav,fake,elevenlabs,voice_clone,train
elevenlabs_0161,vispoofdb_processed/fake/elevenlabs/elevenlabs_0161.wav,fake,elevenlabs,voice_clone,train
elevenlabs_0162,vispoofdb_processed/fake/elevenlabs/elevenlabs_0162.wav,fake,elevenlabs,voice_clone,train
elevenlabs_0163,vispoofdb_processed/fake/elevenlabs/elevenlabs_0163.wav,fake,elevenlabs,voice_clone,test_seen
elevenlabs_0164,vispoofdb_processed/fake/elevenlabs/elevenlabs_0164.wav,fake,elevenlabs,voice_clone,train
elevenlabs_0165,vispoofdb_processed/fake/elevenlabs/elevenlabs_0165.wav,fake,elevenlabs,voice_clone,test_seen
elevenlabs_0166,vispoofdb_processed/fake/elevenlabs/elevenlabs_0166.wav,fake,elevenlabs,voice_clone,train
elevenlabs_0167,vispoofdb_processed/fake/elevenlabs/elevenlabs_0167.wav,fake,elevenlabs,voice_clone,train
elevenlabs_0168,vispoofdb_processed/fake/elevenlabs/elevenlabs_0168.wav,fake,elevenlabs,voice_clone,train
elevenlabs_0169,vispoofdb_processed/fake/elevenlabs/elevenlabs_0169.wav,fake,elevenlabs,voice_clone,test_seen
elevenlabs_0170,vispoofdb_processed/fake/elevenlabs/elevenlabs_0170.wav,fake,elevenlabs,voice_clone,train
elevenlabs_0171,vispoofdb_processed/fake/elevenlabs/elevenlabs_0171.wav,fake,elevenlabs,voice_clone,train
elevenlabs_0172,vispoofdb_processed/fake/elevenlabs/elevenlabs_0172.wav,fake,elevenlabs,voice_clone,train
elevenlabs_0173,vispoofdb_processed/fake/elevenlabs/elevenlabs_0173.wav,fake,elevenlabs,voice_clone,train
elevenlabs_0174,vispoofdb_processed/fake/elevenlabs/elevenlabs_0174.wav,fake,elevenlabs,voice_clone,train
elevenlabs_0175,vispoofdb_processed/fake/elevenlabs/elevenlabs_0175.wav,fake,elevenlabs,voice_clone,train
elevenlabs_0176,vispoofdb_processed/fake/elevenlabs/elevenlabs_0176.wav,fake,elevenlabs,voice_clone,train
elevenlabs_0177,vispoofdb_processed/fake/elevenlabs/elevenlabs_0177.wav,fake,elevenlabs,voice_clone,train
elevenlabs_0178,vispoofdb_processed/fake/elevenlabs/elevenlabs_0178.wav,fake,elevenlabs,voice_clone,train
elevenlabs_0179,vispoofdb_processed/fake/elevenlabs/elevenlabs_0179.wav,fake,elevenlabs,voice_clone,train
elevenlabs_0180,vispoofdb_processed/fake/elevenlabs/elevenlabs_0180.wav,fake,elevenlabs,voice_clone,train
elevenlabs_0181,vispoofdb_processed/fake/elevenlabs/elevenlabs_0181.wav,fake,elevenlabs,voice_clone,train
elevenlabs_0182,vispoofdb_processed/fake/elevenlabs/elevenlabs_0182.wav,fake,elevenlabs,voice_clone,train
elevenlabs_0183,vispoofdb_processed/fake/elevenlabs/elevenlabs_0183.wav,fake,elevenlabs,voice_clone,train
elevenlabs_0184,vispoofdb_processed/fake/elevenlabs/elevenlabs_0184.wav,fake,elevenlabs,voice_clone,test_seen
elevenlabs_0185,vispoofdb_processed/fake/elevenlabs/elevenlabs_0185.wav,fake,elevenlabs,voice_clone,train
elevenlabs_0186,vispoofdb_processed/fake/elevenlabs/elevenlabs_0186.wav,fake,elevenlabs,voice_clone,train
elevenlabs_0187,vispoofdb_processed/fake/elevenlabs/elevenlabs_0187.wav,fake,elevenlabs,voice_clone,train
elevenlabs_0188,vispoofdb_processed/fake/elevenlabs/elevenlabs_0188.wav,fake,elevenlabs,voice_clone,test_seen
elevenlabs_0189,vispoofdb_processed/fake/elevenlabs/elevenlabs_0189.wav,fake,elevenlabs,voice_clone,train
elevenlabs_0190,vispoofdb_processed/fake/elevenlabs/elevenlabs_0190.wav,fake,elevenlabs,voice_clone,train
elevenlabs_0191,vispoofdb_processed/fake/elevenlabs/elevenlabs_0191.wav,fake,elevenlabs,voice_clone,train
elevenlabs_0192,vispoofdb_processed/fake/elevenlabs/elevenlabs_0192.wav,fake,elevenlabs,voice_clone,train
elevenlabs_0193,vispoofdb_processed/fake/elevenlabs/elevenlabs_0193.wav,fake,elevenlabs,voice_clone,train
elevenlabs_0194,vispoofdb_processed/fake/elevenlabs/elevenlabs_0194.wav,fake,elevenlabs,voice_clone,train
elevenlabs_0195,vispoofdb_processed/fake/elevenlabs/elevenlabs_0195.wav,fake,elevenlabs,voice_clone,train
elevenlabs_0196,vispoofdb_processed/fake/elevenlabs/elevenlabs_0196.wav,fake,elevenlabs,voice_clone,test_seen
elevenlabs_0197,vispoofdb_processed/fake/elevenlabs/elevenlabs_0197.wav,fake,elevenlabs,voice_clone,train
elevenlabs_0198,vispoofdb_processed/fake/elevenlabs/elevenlabs_0198.wav,fake,elevenlabs,voice_clone,train
elevenlabs_0199,vispoofdb_processed/fake/elevenlabs/elevenlabs_0199.wav,fake,elevenlabs,voice_clone,train
elevenlabs_0200,vispoofdb_processed/fake/elevenlabs/elevenlabs_0200.wav,fake,elevenlabs,voice_clone,train
elevenlabs_0201,vispoofdb_processed/fake/elevenlabs/elevenlabs_0201.wav,fake,elevenlabs,voice_clone,train
elevenlabs_0202,vispoofdb_processed/fake/elevenlabs/elevenlabs_0202.wav,fake,elevenlabs,voice_clone,train
elevenlabs_0203,vispoofdb_processed/fake/elevenlabs/elevenlabs_0203.wav,fake,elevenlabs,voice_clone,train
elevenlabs_0204,vispoofdb_processed/fake/elevenlabs/elevenlabs_0204.wav,fake,elevenlabs,voice_clone,train
elevenlabs_0205,vispoofdb_processed/fake/elevenlabs/elevenlabs_0205.wav,fake,elevenlabs,voice_clone,train
elevenlabs_0206,vispoofdb_processed/fake/elevenlabs/elevenlabs_0206.wav,fake,elevenlabs,voice_clone,train
elevenlabs_0207,vispoofdb_processed/fake/elevenlabs/elevenlabs_0207.wav,fake,elevenlabs,voice_clone,train
elevenlabs_0208,vispoofdb_processed/fake/elevenlabs/elevenlabs_0208.wav,fake,elevenlabs,voice_clone,train
elevenlabs_0209,vispoofdb_processed/fake/elevenlabs/elevenlabs_0209.wav,fake,elevenlabs,voice_clone,test_seen
elevenlabs_0210,vispoofdb_processed/fake/elevenlabs/elevenlabs_0210.wav,fake,elevenlabs,voice_clone,train
elevenlabs_0211,vispoofdb_processed/fake/elevenlabs/elevenlabs_0211.wav,fake,elevenlabs,voice_clone,train
elevenlabs_0212,vispoofdb_processed/fake/elevenlabs/elevenlabs_0212.wav,fake,elevenlabs,voice_clone,train
elevenlabs_0213,vispoofdb_processed/fake/elevenlabs/elevenlabs_0213.wav,fake,elevenlabs,voice_clone,train
elevenlabs_0214,vispoofdb_processed/fake/elevenlabs/elevenlabs_0214.wav,fake,elevenlabs,voice_clone,train
elevenlabs_0215,vispoofdb_processed/fake/elevenlabs/elevenlabs_0215.wav,fake,elevenlabs,voice_clone,train
elevenlabs_0216,vispoofdb_processed/fake/elevenlabs/elevenlabs_0216.wav,fake,elevenlabs,voice_clone,train
elevenlabs_0217,vispoofdb_processed/fake/elevenlabs/elevenlabs_0217.wav,fake,elevenlabs,voice_clone,train
elevenlabs_0218,vispoofdb_processed/fake/elevenlabs/elevenlabs_0218.wav,fake,elevenlabs,voice_clone,train
elevenlabs_0219,vispoofdb_processed/fake/elevenlabs/elevenlabs_0219.wav,fake,elevenlabs,voice_clone,train
elevenlabs_0220,vispoofdb_processed/fake/elevenlabs/elevenlabs_0220.wav,fake,elevenlabs,voice_clone,train
elevenlabs_0221,vispoofdb_processed/fake/elevenlabs/elevenlabs_0221.wav,fake,elevenlabs,voice_clone,train
elevenlabs_0222,vispoofdb_processed/fake/elevenlabs/elevenlabs_0222.wav,fake,elevenlabs,voice_clone,train
elevenlabs_0223,vispoofdb_processed/fake/elevenlabs/elevenlabs_0223.wav,fake,elevenlabs,voice_clone,train
elevenlabs_0224,vispoofdb_processed/fake/elevenlabs/elevenlabs_0224.wav,fake,elevenlabs,voice_clone,train
elevenlabs_0225,vispoofdb_processed/fake/elevenlabs/elevenlabs_0225.wav,fake,elevenlabs,voice_clone,train
elevenlabs_0226,vispoofdb_processed/fake/elevenlabs/elevenlabs_0226.wav,fake,elevenlabs,voice_clone,train
elevenlabs_0227,vispoofdb_processed/fake/elevenlabs/elevenlabs_0227.wav,fake,elevenlabs,voice_clone,train
elevenlabs_0228,vispoofdb_processed/fake/elevenlabs/elevenlabs_0228.wav,fake,elevenlabs,voice_clone,train
elevenlabs_0229,vispoofdb_processed/fake/elevenlabs/elevenlabs_0229.wav,fake,elevenlabs,voice_clone,train
elevenlabs_0230,vispoofdb_processed/fake/elevenlabs/elevenlabs_0230.wav,fake,elevenlabs,voice_clone,train
elevenlabs_0231,vispoofdb_processed/fake/elevenlabs/elevenlabs_0231.wav,fake,elevenlabs,voice_clone,train
elevenlabs_0232,vispoofdb_processed/fake/elevenlabs/elevenlabs_0232.wav,fake,elevenlabs,voice_clone,train
elevenlabs_0233,vispoofdb_processed/fake/elevenlabs/elevenlabs_0233.wav,fake,elevenlabs,voice_clone,train
elevenlabs_0234,vispoofdb_processed/fake/elevenlabs/elevenlabs_0234.wav,fake,elevenlabs,voice_clone,train
elevenlabs_0235,vispoofdb_processed/fake/elevenlabs/elevenlabs_0235.wav,fake,elevenlabs,voice_clone,train
elevenlabs_0236,vispoofdb_processed/fake/elevenlabs/elevenlabs_0236.wav,fake,elevenlabs,voice_clone,train
elevenlabs_0237,vispoofdb_processed/fake/elevenlabs/elevenlabs_0237.wav,fake,elevenlabs,voice_clone,train
elevenlabs_0238,vispoofdb_processed/fake/elevenlabs/elevenlabs_0238.wav,fake,elevenlabs,voice_clone,train
elevenlabs_0239,vispoofdb_processed/fake/elevenlabs/elevenlabs_0239.wav,fake,elevenlabs,voice_clone,train
elevenlabs_0240,vispoofdb_processed/fake/elevenlabs/elevenlabs_0240.wav,fake,elevenlabs,voice_clone,train
elevenlabs_0241,vispoofdb_processed/fake/elevenlabs/elevenlabs_0241.wav,fake,elevenlabs,voice_clone,train
elevenlabs_0242,vispoofdb_processed/fake/elevenlabs/elevenlabs_0242.wav,fake,elevenlabs,voice_clone,train
elevenlabs_0243,vispoofdb_processed/fake/elevenlabs/elevenlabs_0243.wav,fake,elevenlabs,voice_clone,train
elevenlabs_0244,vispoofdb_processed/fake/elevenlabs/elevenlabs_0244.wav,fake,elevenlabs,voice_clone,train
elevenlabs_0245,vispoofdb_processed/fake/elevenlabs/elevenlabs_0245.wav,fake,elevenlabs,voice_clone,test_seen
elevenlabs_0246,vispoofdb_processed/fake/elevenlabs/elevenlabs_0246.wav,fake,elevenlabs,voice_clone,train
elevenlabs_0247,vispoofdb_processed/fake/elevenlabs/elevenlabs_0247.wav,fake,elevenlabs,voice_clone,train
elevenlabs_0248,vispoofdb_processed/fake/elevenlabs/elevenlabs_0248.wav,fake,elevenlabs,voice_clone,train
elevenlabs_0249,vispoofdb_processed/fake/elevenlabs/elevenlabs_0249.wav,fake,elevenlabs,voice_clone,train
elevenlabs_0250,vispoofdb_processed/fake/elevenlabs/elevenlabs_0250.wav,fake,elevenlabs,voice_clone,train
elevenlabs_0251,vispoofdb_processed/fake/elevenlabs/elevenlabs_0251.wav,fake,elevenlabs,voice_clone,train
elevenlabs_0252,vispoofdb_processed/fake/elevenlabs/elevenlabs_0252.wav,fake,elevenlabs,voice_clone,train
elevenlabs_0253,vispoofdb_processed/fake/elevenlabs/elevenlabs_0253.wav,fake,elevenlabs,voice_clone,train
elevenlabs_0254,vispoofdb_processed/fake/elevenlabs/elevenlabs_0254.wav,fake,elevenlabs,voice_clone,train
elevenlabs_0255,vispoofdb_processed/fake/elevenlabs/elevenlabs_0255.wav,fake,elevenlabs,voice_clone,train
elevenlabs_0256,vispoofdb_processed/fake/elevenlabs/elevenlabs_0256.wav,fake,elevenlabs,voice_clone,train
elevenlabs_0257,vispoofdb_processed/fake/elevenlabs/elevenlabs_0257.wav,fake,elevenlabs,voice_clone,train
elevenlabs_0258,vispoofdb_processed/fake/elevenlabs/elevenlabs_0258.wav,fake,elevenlabs,voice_clone,train
elevenlabs_0259,vispoofdb_processed/fake/elevenlabs/elevenlabs_0259.wav,fake,elevenlabs,voice_clone,train
elevenlabs_0260,vispoofdb_processed/fake/elevenlabs/elevenlabs_0260.wav,fake,elevenlabs,voice_clone,test_seen
elevenlabs_0261,vispoofdb_processed/fake/elevenlabs/elevenlabs_0261.wav,fake,elevenlabs,voice_clone,train
elevenlabs_0262,vispoofdb_processed/fake/elevenlabs/elevenlabs_0262.wav,fake,elevenlabs,voice_clone,train
elevenlabs_0263,vispoofdb_processed/fake/elevenlabs/elevenlabs_0263.wav,fake,elevenlabs,voice_clone,train
elevenlabs_0264,vispoofdb_processed/fake/elevenlabs/elevenlabs_0264.wav,fake,elevenlabs,voice_clone,train
elevenlabs_0265,vispoofdb_processed/fake/elevenlabs/elevenlabs_0265.wav,fake,elevenlabs,voice_clone,train
elevenlabs_0266,vispoofdb_processed/fake/elevenlabs/elevenlabs_0266.wav,fake,elevenlabs,voice_clone,train
elevenlabs_0267,vispoofdb_processed/fake/elevenlabs/elevenlabs_0267.wav,fake,elevenlabs,voice_clone,train
elevenlabs_0268,vispoofdb_processed/fake/elevenlabs/elevenlabs_0268.wav,fake,elevenlabs,voice_clone,train
elevenlabs_0269,vispoofdb_processed/fake/elevenlabs/elevenlabs_0269.wav,fake,elevenlabs,voice_clone,train
elevenlabs_0270,vispoofdb_processed/fake/elevenlabs/elevenlabs_0270.wav,fake,elevenlabs,voice_clone,test_seen
elevenlabs_0271,vispoofdb_processed/fake/elevenlabs/elevenlabs_0271.wav,fake,elevenlabs,voice_clone,train
elevenlabs_0272,vispoofdb_processed/fake/elevenlabs/elevenlabs_0272.wav,fake,elevenlabs,voice_clone,train
elevenlabs_0273,vispoofdb_processed/fake/elevenlabs/elevenlabs_0273.wav,fake,elevenlabs,voice_clone,train
elevenlabs_0274,vispoofdb_processed/fake/elevenlabs/elevenlabs_0274.wav,fake,elevenlabs,voice_clone,train
elevenlabs_0275,vispoofdb_processed/fake/elevenlabs/elevenlabs_0275.wav,fake,elevenlabs,voice_clone,train
elevenlabs_0276,vispoofdb_processed/fake/elevenlabs/elevenlabs_0276.wav,fake,elevenlabs,voice_clone,train
elevenlabs_0277,vispoofdb_processed/fake/elevenlabs/elevenlabs_0277.wav,fake,elevenlabs,voice_clone,train
elevenlabs_0278,vispoofdb_processed/fake/elevenlabs/elevenlabs_0278.wav,fake,elevenlabs,voice_clone,test_seen
elevenlabs_0279,vispoofdb_processed/fake/elevenlabs/elevenlabs_0279.wav,fake,elevenlabs,voice_clone,train
elevenlabs_0280,vispoofdb_processed/fake/elevenlabs/elevenlabs_0280.wav,fake,elevenlabs,voice_clone,train
elevenlabs_0281,vispoofdb_processed/fake/elevenlabs/elevenlabs_0281.wav,fake,elevenlabs,voice_clone,test_seen
elevenlabs_0282,vispoofdb_processed/fake/elevenlabs/elevenlabs_0282.wav,fake,elevenlabs,voice_clone,train
elevenlabs_0283,vispoofdb_processed/fake/elevenlabs/elevenlabs_0283.wav,fake,elevenlabs,voice_clone,train
elevenlabs_0284,vispoofdb_processed/fake/elevenlabs/elevenlabs_0284.wav,fake,elevenlabs,voice_clone,test_seen
elevenlabs_0285,vispoofdb_processed/fake/elevenlabs/elevenlabs_0285.wav,fake,elevenlabs,voice_clone,train
elevenlabs_0286,vispoofdb_processed/fake/elevenlabs/elevenlabs_0286.wav,fake,elevenlabs,voice_clone,train
elevenlabs_0287,vispoofdb_processed/fake/elevenlabs/elevenlabs_0287.wav,fake,elevenlabs,voice_clone,train
elevenlabs_0288,vispoofdb_processed/fake/elevenlabs/elevenlabs_0288.wav,fake,elevenlabs,voice_clone,train
elevenlabs_0289,vispoofdb_processed/fake/elevenlabs/elevenlabs_0289.wav,fake,elevenlabs,voice_clone,train
elevenlabs_0290,vispoofdb_processed/fake/elevenlabs/elevenlabs_0290.wav,fake,elevenlabs,voice_clone,train
elevenlabs_0291,vispoofdb_processed/fake/elevenlabs/elevenlabs_0291.wav,fake,elevenlabs,voice_clone,train
elevenlabs_0292,vispoofdb_processed/fake/elevenlabs/elevenlabs_0292.wav,fake,elevenlabs,voice_clone,train
elevenlabs_0293,vispoofdb_processed/fake/elevenlabs/elevenlabs_0293.wav,fake,elevenlabs,voice_clone,test_seen
elevenlabs_0294,vispoofdb_processed/fake/elevenlabs/elevenlabs_0294.wav,fake,elevenlabs,voice_clone,train
elevenlabs_0295,vispoofdb_processed/fake/elevenlabs/elevenlabs_0295.wav,fake,elevenlabs,voice_clone,test_seen
elevenlabs_0296,vispoofdb_processed/fake/elevenlabs/elevenlabs_0296.wav,fake,elevenlabs,voice_clone,train
elevenlabs_0297,vispoofdb_processed/fake/elevenlabs/elevenlabs_0297.wav,fake,elevenlabs,voice_clone,train
elevenlabs_0298,vispoofdb_processed/fake/elevenlabs/elevenlabs_0298.wav,fake,elevenlabs,voice_clone,train
elevenlabs_0299,vispoofdb_processed/fake/elevenlabs/elevenlabs_0299.wav,fake,elevenlabs,voice_clone,train
elevenlabs_0300,vispoofdb_processed/fake/elevenlabs/elevenlabs_0300.wav,fake,elevenlabs,voice_clone,test_seen
elevenlabs_0301,vispoofdb_processed/fake/elevenlabs/elevenlabs_0301.wav,fake,elevenlabs,voice_clone,train
elevenlabs_0302,vispoofdb_processed/fake/elevenlabs/elevenlabs_0302.wav,fake,elevenlabs,voice_clone,train
elevenlabs_0303,vispoofdb_processed/fake/elevenlabs/elevenlabs_0303.wav,fake,elevenlabs,voice_clone,train
elevenlabs_0304,vispoofdb_processed/fake/elevenlabs/elevenlabs_0304.wav,fake,elevenlabs,voice_clone,train
elevenlabs_0305,vispoofdb_processed/fake/elevenlabs/elevenlabs_0305.wav,fake,elevenlabs,voice_clone,train
elevenlabs_0306,vispoofdb_processed/fake/elevenlabs/elevenlabs_0306.wav,fake,elevenlabs,voice_clone,train
elevenlabs_0307,vispoofdb_processed/fake/elevenlabs/elevenlabs_0307.wav,fake,elevenlabs,voice_clone,train
elevenlabs_0308,vispoofdb_processed/fake/elevenlabs/elevenlabs_0308.wav,fake,elevenlabs,voice_clone,train
elevenlabs_0309,vispoofdb_processed/fake/elevenlabs/elevenlabs_0309.wav,fake,elevenlabs,voice_clone,train
elevenlabs_0310,vispoofdb_processed/fake/elevenlabs/elevenlabs_0310.wav,fake,elevenlabs,voice_clone,train
elevenlabs_0311,vispoofdb_processed/fake/elevenlabs/elevenlabs_0311.wav,fake,elevenlabs,voice_clone,train
elevenlabs_0312,vispoofdb_processed/fake/elevenlabs/elevenlabs_0312.wav,fake,elevenlabs,voice_clone,train
elevenlabs_0313,vispoofdb_processed/fake/elevenlabs/elevenlabs_0313.wav,fake,elevenlabs,voice_clone,train
elevenlabs_0314,vispoofdb_processed/fake/elevenlabs/elevenlabs_0314.wav,fake,elevenlabs,voice_clone,train
elevenlabs_0315,vispoofdb_processed/fake/elevenlabs/elevenlabs_0315.wav,fake,elevenlabs,voice_clone,train
elevenlabs_0316,vispoofdb_processed/fake/elevenlabs/elevenlabs_0316.wav,fake,elevenlabs,voice_clone,test_seen
elevenlabs_0317,vispoofdb_processed/fake/elevenlabs/elevenlabs_0317.wav,fake,elevenlabs,voice_clone,train
elevenlabs_0318,vispoofdb_processed/fake/elevenlabs/elevenlabs_0318.wav,fake,elevenlabs,voice_clone,train
elevenlabs_0319,vispoofdb_processed/fake/elevenlabs/elevenlabs_0319.wav,fake,elevenlabs,voice_clone,train
elevenlabs_0320,vispoofdb_processed/fake/elevenlabs/elevenlabs_0320.wav,fake,elevenlabs,voice_clone,train
elevenlabs_0321,vispoofdb_processed/fake/elevenlabs/elevenlabs_0321.wav,fake,elevenlabs,voice_clone,train
elevenlabs_0322,vispoofdb_processed/fake/elevenlabs/elevenlabs_0322.wav,fake,elevenlabs,voice_clone,train
elevenlabs_0323,vispoofdb_processed/fake/elevenlabs/elevenlabs_0323.wav,fake,elevenlabs,voice_clone,train
elevenlabs_0324,vispoofdb_processed/fake/elevenlabs/elevenlabs_0324.wav,fake,elevenlabs,voice_clone,train
elevenlabs_0325,vispoofdb_processed/fake/elevenlabs/elevenlabs_0325.wav,fake,elevenlabs,voice_clone,train
elevenlabs_0326,vispoofdb_processed/fake/elevenlabs/elevenlabs_0326.wav,fake,elevenlabs,voice_clone,train
elevenlabs_0327,vispoofdb_processed/fake/elevenlabs/elevenlabs_0327.wav,fake,elevenlabs,voice_clone,test_seen
elevenlabs_0328,vispoofdb_processed/fake/elevenlabs/elevenlabs_0328.wav,fake,elevenlabs,voice_clone,test_seen
elevenlabs_0329,vispoofdb_processed/fake/elevenlabs/elevenlabs_0329.wav,fake,elevenlabs,voice_clone,test_seen
elevenlabs_0330,vispoofdb_processed/fake/elevenlabs/elevenlabs_0330.wav,fake,elevenlabs,voice_clone,train
elevenlabs_0331,vispoofdb_processed/fake/elevenlabs/elevenlabs_0331.wav,fake,elevenlabs,voice_clone,test_seen
elevenlabs_0332,vispoofdb_processed/fake/elevenlabs/elevenlabs_0332.wav,fake,elevenlabs,voice_clone,train
elevenlabs_0333,vispoofdb_processed/fake/elevenlabs/elevenlabs_0333.wav,fake,elevenlabs,voice_clone,train
elevenlabs_0334,vispoofdb_processed/fake/elevenlabs/elevenlabs_0334.wav,fake,elevenlabs,voice_clone,train
elevenlabs_0335,vispoofdb_processed/fake/elevenlabs/elevenlabs_0335.wav,fake,elevenlabs,voice_clone,train
elevenlabs_0336,vispoofdb_processed/fake/elevenlabs/elevenlabs_0336.wav,fake,elevenlabs,voice_clone,train
elevenlabs_0337,vispoofdb_processed/fake/elevenlabs/elevenlabs_0337.wav,fake,elevenlabs,voice_clone,train
elevenlabs_0338,vispoofdb_processed/fake/elevenlabs/elevenlabs_0338.wav,fake,elevenlabs,voice_clone,train
elevenlabs_0339,vispoofdb_processed/fake/elevenlabs/elevenlabs_0339.wav,fake,elevenlabs,voice_clone,train
elevenlabs_0340,vispoofdb_processed/fake/elevenlabs/elevenlabs_0340.wav,fake,elevenlabs,voice_clone,test_seen
elevenlabs_0341,vispoofdb_processed/fake/elevenlabs/elevenlabs_0341.wav,fake,elevenlabs,voice_clone,train
elevenlabs_0342,vispoofdb_processed/fake/elevenlabs/elevenlabs_0342.wav,fake,elevenlabs,voice_clone,test_seen
elevenlabs_0343,vispoofdb_processed/fake/elevenlabs/elevenlabs_0343.wav,fake,elevenlabs,voice_clone,train
elevenlabs_0344,vispoofdb_processed/fake/elevenlabs/elevenlabs_0344.wav,fake,elevenlabs,voice_clone,train
elevenlabs_0345,vispoofdb_processed/fake/elevenlabs/elevenlabs_0345.wav,fake,elevenlabs,voice_clone,train
elevenlabs_0346,vispoofdb_processed/fake/elevenlabs/elevenlabs_0346.wav,fake,elevenlabs,voice_clone,train
elevenlabs_0347,vispoofdb_processed/fake/elevenlabs/elevenlabs_0347.wav,fake,elevenlabs,voice_clone,train
elevenlabs_0348,vispoofdb_processed/fake/elevenlabs/elevenlabs_0348.wav,fake,elevenlabs,voice_clone,train
elevenlabs_0349,vispoofdb_processed/fake/elevenlabs/elevenlabs_0349.wav,fake,elevenlabs,voice_clone,train
elevenlabs_0350,vispoofdb_processed/fake/elevenlabs/elevenlabs_0350.wav,fake,elevenlabs,voice_clone,train
elevenlabs_0351,vispoofdb_processed/fake/elevenlabs/elevenlabs_0351.wav,fake,elevenlabs,voice_clone,train
elevenlabs_0352,vispoofdb_processed/fake/elevenlabs/elevenlabs_0352.wav,fake,elevenlabs,voice_clone,train
elevenlabs_0353,vispoofdb_processed/fake/elevenlabs/elevenlabs_0353.wav,fake,elevenlabs,voice_clone,train
elevenlabs_0354,vispoofdb_processed/fake/elevenlabs/elevenlabs_0354.wav,fake,elevenlabs,voice_clone,train
elevenlabs_0355,vispoofdb_processed/fake/elevenlabs/elevenlabs_0355.wav,fake,elevenlabs,voice_clone,train
elevenlabs_0356,vispoofdb_processed/fake/elevenlabs/elevenlabs_0356.wav,fake,elevenlabs,voice_clone,train
elevenlabs_0357,vispoofdb_processed/fake/elevenlabs/elevenlabs_0357.wav,fake,elevenlabs,voice_clone,train
elevenlabs_0358,vispoofdb_processed/fake/elevenlabs/elevenlabs_0358.wav,fake,elevenlabs,voice_clone,train
elevenlabs_0359,vispoofdb_processed/fake/elevenlabs/elevenlabs_0359.wav,fake,elevenlabs,voice_clone,train
elevenlabs_0360,vispoofdb_processed/fake/elevenlabs/elevenlabs_0360.wav,fake,elevenlabs,voice_clone,train
elevenlabs_0361,vispoofdb_processed/fake/elevenlabs/elevenlabs_0361.wav,fake,elevenlabs,voice_clone,train
elevenlabs_0362,vispoofdb_processed/fake/elevenlabs/elevenlabs_0362.wav,fake,elevenlabs,voice_clone,train
elevenlabs_0363,vispoofdb_processed/fake/elevenlabs/elevenlabs_0363.wav,fake,elevenlabs,voice_clone,train
elevenlabs_0364,vispoofdb_processed/fake/elevenlabs/elevenlabs_0364.wav,fake,elevenlabs,voice_clone,train
elevenlabs_0365,vispoofdb_processed/fake/elevenlabs/elevenlabs_0365.wav,fake,elevenlabs,voice_clone,train
elevenlabs_0366,vispoofdb_processed/fake/elevenlabs/elevenlabs_0366.wav,fake,elevenlabs,voice_clone,train
elevenlabs_0367,vispoofdb_processed/fake/elevenlabs/elevenlabs_0367.wav,fake,elevenlabs,voice_clone,train
elevenlabs_0368,vispoofdb_processed/fake/elevenlabs/elevenlabs_0368.wav,fake,elevenlabs,voice_clone,test_seen
elevenlabs_0369,vispoofdb_processed/fake/elevenlabs/elevenlabs_0369.wav,fake,elevenlabs,voice_clone,train
elevenlabs_0370,vispoofdb_processed/fake/elevenlabs/elevenlabs_0370.wav,fake,elevenlabs,voice_clone,test_seen
elevenlabs_0371,vispoofdb_processed/fake/elevenlabs/elevenlabs_0371.wav,fake,elevenlabs,voice_clone,test_seen
elevenlabs_0372,vispoofdb_processed/fake/elevenlabs/elevenlabs_0372.wav,fake,elevenlabs,voice_clone,train
elevenlabs_0373,vispoofdb_processed/fake/elevenlabs/elevenlabs_0373.wav,fake,elevenlabs,voice_clone,test_seen
elevenlabs_0374,vispoofdb_processed/fake/elevenlabs/elevenlabs_0374.wav,fake,elevenlabs,voice_clone,test_seen
elevenlabs_0375,vispoofdb_processed/fake/elevenlabs/elevenlabs_0375.wav,fake,elevenlabs,voice_clone,train
elevenlabs_0376,vispoofdb_processed/fake/elevenlabs/elevenlabs_0376.wav,fake,elevenlabs,voice_clone,train
elevenlabs_0377,vispoofdb_processed/fake/elevenlabs/elevenlabs_0377.wav,fake,elevenlabs,voice_clone,train
elevenlabs_0378,vispoofdb_processed/fake/elevenlabs/elevenlabs_0378.wav,fake,elevenlabs,voice_clone,train
elevenlabs_0379,vispoofdb_processed/fake/elevenlabs/elevenlabs_0379.wav,fake,elevenlabs,voice_clone,train
elevenlabs_0380,vispoofdb_processed/fake/elevenlabs/elevenlabs_0380.wav,fake,elevenlabs,voice_clone,train
elevenlabs_0381,vispoofdb_processed/fake/elevenlabs/elevenlabs_0381.wav,fake,elevenlabs,voice_clone,test_seen
elevenlabs_0382,vispoofdb_processed/fake/elevenlabs/elevenlabs_0382.wav,fake,elevenlabs,voice_clone,train
elevenlabs_0383,vispoofdb_processed/fake/elevenlabs/elevenlabs_0383.wav,fake,elevenlabs,voice_clone,train
elevenlabs_0384,vispoofdb_processed/fake/elevenlabs/elevenlabs_0384.wav,fake,elevenlabs,voice_clone,train
elevenlabs_0385,vispoofdb_processed/fake/elevenlabs/elevenlabs_0385.wav,fake,elevenlabs,voice_clone,test_seen
elevenlabs_0386,vispoofdb_processed/fake/elevenlabs/elevenlabs_0386.wav,fake,elevenlabs,voice_clone,train
elevenlabs_0387,vispoofdb_processed/fake/elevenlabs/elevenlabs_0387.wav,fake,elevenlabs,voice_clone,train
elevenlabs_0388,vispoofdb_processed/fake/elevenlabs/elevenlabs_0388.wav,fake,elevenlabs,voice_clone,train
elevenlabs_0389,vispoofdb_processed/fake/elevenlabs/elevenlabs_0389.wav,fake,elevenlabs,voice_clone,train
elevenlabs_0390,vispoofdb_processed/fake/elevenlabs/elevenlabs_0390.wav,fake,elevenlabs,voice_clone,train
elevenlabs_0391,vispoofdb_processed/fake/elevenlabs/elevenlabs_0391.wav,fake,elevenlabs,voice_clone,train
elevenlabs_0392,vispoofdb_processed/fake/elevenlabs/elevenlabs_0392.wav,fake,elevenlabs,voice_clone,train
elevenlabs_0393,vispoofdb_processed/fake/elevenlabs/elevenlabs_0393.wav,fake,elevenlabs,voice_clone,train
elevenlabs_0394,vispoofdb_processed/fake/elevenlabs/elevenlabs_0394.wav,fake,elevenlabs,voice_clone,train
elevenlabs_0395,vispoofdb_processed/fake/elevenlabs/elevenlabs_0395.wav,fake,elevenlabs,voice_clone,train
elevenlabs_0396,vispoofdb_processed/fake/elevenlabs/elevenlabs_0396.wav,fake,elevenlabs,voice_clone,train
elevenlabs_0397,vispoofdb_processed/fake/elevenlabs/elevenlabs_0397.wav,fake,elevenlabs,voice_clone,test_seen
elevenlabs_0398,vispoofdb_processed/fake/elevenlabs/elevenlabs_0398.wav,fake,elevenlabs,voice_clone,train
elevenlabs_0399,vispoofdb_processed/fake/elevenlabs/elevenlabs_0399.wav,fake,elevenlabs,voice_clone,train
elevenlabs_0400,vispoofdb_processed/fake/elevenlabs/elevenlabs_0400.wav,fake,elevenlabs,voice_clone,train
elevenlabs_0401,vispoofdb_processed/fake/elevenlabs/elevenlabs_0401.wav,fake,elevenlabs,voice_clone,train
elevenlabs_0402,vispoofdb_processed/fake/elevenlabs/elevenlabs_0402.wav,fake,elevenlabs,voice_clone,train
elevenlabs_0403,vispoofdb_processed/fake/elevenlabs/elevenlabs_0403.wav,fake,elevenlabs,voice_clone,test_seen
elevenlabs_0404,vispoofdb_processed/fake/elevenlabs/elevenlabs_0404.wav,fake,elevenlabs,voice_clone,test_seen
elevenlabs_0405,vispoofdb_processed/fake/elevenlabs/elevenlabs_0405.wav,fake,elevenlabs,voice_clone,test_seen
elevenlabs_0406,vispoofdb_processed/fake/elevenlabs/elevenlabs_0406.wav,fake,elevenlabs,voice_clone,train
elevenlabs_0407,vispoofdb_processed/fake/elevenlabs/elevenlabs_0407.wav,fake,elevenlabs,voice_clone,train
elevenlabs_0408,vispoofdb_processed/fake/elevenlabs/elevenlabs_0408.wav,fake,elevenlabs,voice_clone,train
elevenlabs_0409,vispoofdb_processed/fake/elevenlabs/elevenlabs_0409.wav,fake,elevenlabs,voice_clone,train
elevenlabs_0410,vispoofdb_processed/fake/elevenlabs/elevenlabs_0410.wav,fake,elevenlabs,voice_clone,train
elevenlabs_0411,vispoofdb_processed/fake/elevenlabs/elevenlabs_0411.wav,fake,elevenlabs,voice_clone,train
elevenlabs_0412,vispoofdb_processed/fake/elevenlabs/elevenlabs_0412.wav,fake,elevenlabs,voice_clone,train
elevenlabs_0413,vispoofdb_processed/fake/elevenlabs/elevenlabs_0413.wav,fake,elevenlabs,voice_clone,train
elevenlabs_0414,vispoofdb_processed/fake/elevenlabs/elevenlabs_0414.wav,fake,elevenlabs,voice_clone,train
elevenlabs_0415,vispoofdb_processed/fake/elevenlabs/elevenlabs_0415.wav,fake,elevenlabs,voice_clone,train
elevenlabs_0416,vispoofdb_processed/fake/elevenlabs/elevenlabs_0416.wav,fake,elevenlabs,voice_clone,train
elevenlabs_0417,vispoofdb_processed/fake/elevenlabs/elevenlabs_0417.wav,fake,elevenlabs,voice_clone,train
elevenlabs_0418,vispoofdb_processed/fake/elevenlabs/elevenlabs_0418.wav,fake,elevenlabs,voice_clone,train
elevenlabs_0419,vispoofdb_processed/fake/elevenlabs/elevenlabs_0419.wav,fake,elevenlabs,voice_clone,test_seen
elevenlabs_0420,vispoofdb_processed/fake/elevenlabs/elevenlabs_0420.wav,fake,elevenlabs,voice_clone,train
elevenlabs_0421,vispoofdb_processed/fake/elevenlabs/elevenlabs_0421.wav,fake,elevenlabs,voice_clone,train
elevenlabs_0422,vispoofdb_processed/fake/elevenlabs/elevenlabs_0422.wav,fake,elevenlabs,voice_clone,train
elevenlabs_0423,vispoofdb_processed/fake/elevenlabs/elevenlabs_0423.wav,fake,elevenlabs,voice_clone,train
elevenlabs_0424,vispoofdb_processed/fake/elevenlabs/elevenlabs_0424.wav,fake,elevenlabs,voice_clone,train
elevenlabs_0425,vispoofdb_processed/fake/elevenlabs/elevenlabs_0425.wav,fake,elevenlabs,voice_clone,test_seen
elevenlabs_0426,vispoofdb_processed/fake/elevenlabs/elevenlabs_0426.wav,fake,elevenlabs,voice_clone,train
elevenlabs_0427,vispoofdb_processed/fake/elevenlabs/elevenlabs_0427.wav,fake,elevenlabs,voice_clone,train
elevenlabs_0428,vispoofdb_processed/fake/elevenlabs/elevenlabs_0428.wav,fake,elevenlabs,voice_clone,train
elevenlabs_0429,vispoofdb_processed/fake/elevenlabs/elevenlabs_0429.wav,fake,elevenlabs,voice_clone,train
elevenlabs_0430,vispoofdb_processed/fake/elevenlabs/elevenlabs_0430.wav,fake,elevenlabs,voice_clone,train
elevenlabs_0431,vispoofdb_processed/fake/elevenlabs/elevenlabs_0431.wav,fake,elevenlabs,voice_clone,test_seen
elevenlabs_0432,vispoofdb_processed/fake/elevenlabs/elevenlabs_0432.wav,fake,elevenlabs,voice_clone,train
elevenlabs_0433,vispoofdb_processed/fake/elevenlabs/elevenlabs_0433.wav,fake,elevenlabs,voice_clone,test_seen
elevenlabs_0434,vispoofdb_processed/fake/elevenlabs/elevenlabs_0434.wav,fake,elevenlabs,voice_clone,train
elevenlabs_0435,vispoofdb_processed/fake/elevenlabs/elevenlabs_0435.wav,fake,elevenlabs,voice_clone,test_seen
elevenlabs_0436,vispoofdb_processed/fake/elevenlabs/elevenlabs_0436.wav,fake,elevenlabs,voice_clone,test_seen
elevenlabs_0437,vispoofdb_processed/fake/elevenlabs/elevenlabs_0437.wav,fake,elevenlabs,voice_clone,train
elevenlabs_0438,vispoofdb_processed/fake/elevenlabs/elevenlabs_0438.wav,fake,elevenlabs,voice_clone,train
elevenlabs_0439,vispoofdb_processed/fake/elevenlabs/elevenlabs_0439.wav,fake,elevenlabs,voice_clone,test_seen
elevenlabs_0440,vispoofdb_processed/fake/elevenlabs/elevenlabs_0440.wav,fake,elevenlabs,voice_clone,train
elevenlabs_0441,vispoofdb_processed/fake/elevenlabs/elevenlabs_0441.wav,fake,elevenlabs,voice_clone,train
elevenlabs_0442,vispoofdb_processed/fake/elevenlabs/elevenlabs_0442.wav,fake,elevenlabs,voice_clone,train
elevenlabs_0443,vispoofdb_processed/fake/elevenlabs/elevenlabs_0443.wav,fake,elevenlabs,voice_clone,train
elevenlabs_0444,vispoofdb_processed/fake/elevenlabs/elevenlabs_0444.wav,fake,elevenlabs,voice_clone,train
elevenlabs_0445,vispoofdb_processed/fake/elevenlabs/elevenlabs_0445.wav,fake,elevenlabs,voice_clone,test_seen
elevenlabs_0446,vispoofdb_processed/fake/elevenlabs/elevenlabs_0446.wav,fake,elevenlabs,voice_clone,test_seen
elevenlabs_0447,vispoofdb_processed/fake/elevenlabs/elevenlabs_0447.wav,fake,elevenlabs,voice_clone,train
elevenlabs_0448,vispoofdb_processed/fake/elevenlabs/elevenlabs_0448.wav,fake,elevenlabs,voice_clone,test_seen
elevenlabs_0449,vispoofdb_processed/fake/elevenlabs/elevenlabs_0449.wav,fake,elevenlabs,voice_clone,train
elevenlabs_0450,vispoofdb_processed/fake/elevenlabs/elevenlabs_0450.wav,fake,elevenlabs,voice_clone,train
elevenlabs_0451,vispoofdb_processed/fake/elevenlabs/elevenlabs_0451.wav,fake,elevenlabs,voice_clone,train
elevenlabs_0452,vispoofdb_processed/fake/elevenlabs/elevenlabs_0452.wav,fake,elevenlabs,voice_clone,train
elevenlabs_0453,vispoofdb_processed/fake/elevenlabs/elevenlabs_0453.wav,fake,elevenlabs,voice_clone,train
elevenlabs_0454,vispoofdb_processed/fake/elevenlabs/elevenlabs_0454.wav,fake,elevenlabs,voice_clone,train
elevenlabs_0455,vispoofdb_processed/fake/elevenlabs/elevenlabs_0455.wav,fake,elevenlabs,voice_clone,train
elevenlabs_0456,vispoofdb_processed/fake/elevenlabs/elevenlabs_0456.wav,fake,elevenlabs,voice_clone,train
elevenlabs_0457,vispoofdb_processed/fake/elevenlabs/elevenlabs_0457.wav,fake,elevenlabs,voice_clone,train
elevenlabs_0458,vispoofdb_processed/fake/elevenlabs/elevenlabs_0458.wav,fake,elevenlabs,voice_clone,train
elevenlabs_0459,vispoofdb_processed/fake/elevenlabs/elevenlabs_0459.wav,fake,elevenlabs,voice_clone,train
elevenlabs_0460,vispoofdb_processed/fake/elevenlabs/elevenlabs_0460.wav,fake,elevenlabs,voice_clone,train
elevenlabs_0461,vispoofdb_processed/fake/elevenlabs/elevenlabs_0461.wav,fake,elevenlabs,voice_clone,train
elevenlabs_0462,vispoofdb_processed/fake/elevenlabs/elevenlabs_0462.wav,fake,elevenlabs,voice_clone,train
elevenlabs_0463,vispoofdb_processed/fake/elevenlabs/elevenlabs_0463.wav,fake,elevenlabs,voice_clone,test_seen
elevenlabs_0464,vispoofdb_processed/fake/elevenlabs/elevenlabs_0464.wav,fake,elevenlabs,voice_clone,test_seen
elevenlabs_0465,vispoofdb_processed/fake/elevenlabs/elevenlabs_0465.wav,fake,elevenlabs,voice_clone,train
elevenlabs_0466,vispoofdb_processed/fake/elevenlabs/elevenlabs_0466.wav,fake,elevenlabs,voice_clone,train
elevenlabs_0467,vispoofdb_processed/fake/elevenlabs/elevenlabs_0467.wav,fake,elevenlabs,voice_clone,train
elevenlabs_0468,vispoofdb_processed/fake/elevenlabs/elevenlabs_0468.wav,fake,elevenlabs,voice_clone,test_seen
elevenlabs_0469,vispoofdb_processed/fake/elevenlabs/elevenlabs_0469.wav,fake,elevenlabs,voice_clone,train
elevenlabs_0470,vispoofdb_processed/fake/elevenlabs/elevenlabs_0470.wav,fake,elevenlabs,voice_clone,train
elevenlabs_0471,vispoofdb_processed/fake/elevenlabs/elevenlabs_0471.wav,fake,elevenlabs,voice_clone,train
elevenlabs_0472,vispoofdb_processed/fake/elevenlabs/elevenlabs_0472.wav,fake,elevenlabs,voice_clone,train
elevenlabs_0473,vispoofdb_processed/fake/elevenlabs/elevenlabs_0473.wav,fake,elevenlabs,voice_clone,test_seen
elevenlabs_0474,vispoofdb_processed/fake/elevenlabs/elevenlabs_0474.wav,fake,elevenlabs,voice_clone,train
elevenlabs_0475,vispoofdb_processed/fake/elevenlabs/elevenlabs_0475.wav,fake,elevenlabs,voice_clone,train
elevenlabs_0476,vispoofdb_processed/fake/elevenlabs/elevenlabs_0476.wav,fake,elevenlabs,voice_clone,train
elevenlabs_0477,vispoofdb_processed/fake/elevenlabs/elevenlabs_0477.wav,fake,elevenlabs,voice_clone,train
elevenlabs_0478,vispoofdb_processed/fake/elevenlabs/elevenlabs_0478.wav,fake,elevenlabs,voice_clone,test_seen
elevenlabs_0479,vispoofdb_processed/fake/elevenlabs/elevenlabs_0479.wav,fake,elevenlabs,voice_clone,test_seen
elevenlabs_0480,vispoofdb_processed/fake/elevenlabs/elevenlabs_0480.wav,fake,elevenlabs,voice_clone,test_seen
elevenlabs_0481,vispoofdb_processed/fake/elevenlabs/elevenlabs_0481.wav,fake,elevenlabs,voice_clone,train
elevenlabs_0482,vispoofdb_processed/fake/elevenlabs/elevenlabs_0482.wav,fake,elevenlabs,voice_clone,test_seen
elevenlabs_0483,vispoofdb_processed/fake/elevenlabs/elevenlabs_0483.wav,fake,elevenlabs,voice_clone,train
elevenlabs_0484,vispoofdb_processed/fake/elevenlabs/elevenlabs_0484.wav,fake,elevenlabs,voice_clone,train
elevenlabs_0485,vispoofdb_processed/fake/elevenlabs/elevenlabs_0485.wav,fake,elevenlabs,voice_clone,test_seen
elevenlabs_0486,vispoofdb_processed/fake/elevenlabs/elevenlabs_0486.wav,fake,elevenlabs,voice_clone,test_seen
elevenlabs_0487,vispoofdb_processed/fake/elevenlabs/elevenlabs_0487.wav,fake,elevenlabs,voice_clone,test_seen
elevenlabs_0488,vispoofdb_processed/fake/elevenlabs/elevenlabs_0488.wav,fake,elevenlabs,voice_clone,train
elevenlabs_0489,vispoofdb_processed/fake/elevenlabs/elevenlabs_0489.wav,fake,elevenlabs,voice_clone,train
elevenlabs_0490,vispoofdb_processed/fake/elevenlabs/elevenlabs_0490.wav,fake,elevenlabs,voice_clone,train
elevenlabs_0491,vispoofdb_processed/fake/elevenlabs/elevenlabs_0491.wav,fake,elevenlabs,voice_clone,train
elevenlabs_0492,vispoofdb_processed/fake/elevenlabs/elevenlabs_0492.wav,fake,elevenlabs,voice_clone,train
elevenlabs_0493,vispoofdb_processed/fake/elevenlabs/elevenlabs_0493.wav,fake,elevenlabs,voice_clone,test_seen
elevenlabs_0494,vispoofdb_processed/fake/elevenlabs/elevenlabs_0494.wav,fake,elevenlabs,voice_clone,train
elevenlabs_0495,vispoofdb_processed/fake/elevenlabs/elevenlabs_0495.wav,fake,elevenlabs,voice_clone,train
elevenlabs_0496,vispoofdb_processed/fake/elevenlabs/elevenlabs_0496.wav,fake,elevenlabs,voice_clone,test_seen
elevenlabs_0497,vispoofdb_processed/fake/elevenlabs/elevenlabs_0497.wav,fake,elevenlabs,voice_clone,train
elevenlabs_0498,vispoofdb_processed/fake/elevenlabs/elevenlabs_0498.wav,fake,elevenlabs,voice_clone,train
elevenlabs_0499,vispoofdb_processed/fake/elevenlabs/elevenlabs_0499.wav,fake,elevenlabs,voice_clone,train
elevenlabs_0500,vispoofdb_processed/fake/elevenlabs/elevenlabs_0500.wav,fake,elevenlabs,voice_clone,train
elevenlabs_0501,vispoofdb_processed/fake/elevenlabs/elevenlabs_0501.wav,fake,elevenlabs,voice_clone,train
elevenlabs_0502,vispoofdb_processed/fake/elevenlabs/elevenlabs_0502.wav,fake,elevenlabs,voice_clone,train
elevenlabs_0503,vispoofdb_processed/fake/elevenlabs/elevenlabs_0503.wav,fake,elevenlabs,voice_clone,train
elevenlabs_0504,vispoofdb_processed/fake/elevenlabs/elevenlabs_0504.wav,fake,elevenlabs,voice_clone,train
elevenlabs_0505,vispoofdb_processed/fake/elevenlabs/elevenlabs_0505.wav,fake,elevenlabs,voice_clone,train
elevenlabs_0506,vispoofdb_processed/fake/elevenlabs/elevenlabs_0506.wav,fake,elevenlabs,voice_clone,train
elevenlabs_0507,vispoofdb_processed/fake/elevenlabs/elevenlabs_0507.wav,fake,elevenlabs,voice_clone,test_seen
elevenlabs_0508,vispoofdb_processed/fake/elevenlabs/elevenlabs_0508.wav,fake,elevenlabs,voice_clone,train
elevenlabs_0509,vispoofdb_processed/fake/elevenlabs/elevenlabs_0509.wav,fake,elevenlabs,voice_clone,train
elevenlabs_0510,vispoofdb_processed/fake/elevenlabs/elevenlabs_0510.wav,fake,elevenlabs,voice_clone,train
elevenlabs_0511,vispoofdb_processed/fake/elevenlabs/elevenlabs_0511.wav,fake,elevenlabs,voice_clone,train
elevenlabs_0512,vispoofdb_processed/fake/elevenlabs/elevenlabs_0512.wav,fake,elevenlabs,voice_clone,train
elevenlabs_0513,vispoofdb_processed/fake/elevenlabs/elevenlabs_0513.wav,fake,elevenlabs,voice_clone,train
elevenlabs_0514,vispoofdb_processed/fake/elevenlabs/elevenlabs_0514.wav,fake,elevenlabs,voice_clone,train
elevenlabs_0515,vispoofdb_processed/fake/elevenlabs/elevenlabs_0515.wav,fake,elevenlabs,voice_clone,test_seen
elevenlabs_0516,vispoofdb_processed/fake/elevenlabs/elevenlabs_0516.wav,fake,elevenlabs,voice_clone,train
elevenlabs_0517,vispoofdb_processed/fake/elevenlabs/elevenlabs_0517.wav,fake,elevenlabs,voice_clone,train
elevenlabs_0518,vispoofdb_processed/fake/elevenlabs/elevenlabs_0518.wav,fake,elevenlabs,voice_clone,train
elevenlabs_0519,vispoofdb_processed/fake/elevenlabs/elevenlabs_0519.wav,fake,elevenlabs,voice_clone,test_seen
elevenlabs_0520,vispoofdb_processed/fake/elevenlabs/elevenlabs_0520.wav,fake,elevenlabs,voice_clone,train
elevenlabs_0521,vispoofdb_processed/fake/elevenlabs/elevenlabs_0521.wav,fake,elevenlabs,voice_clone,train
elevenlabs_0522,vispoofdb_processed/fake/elevenlabs/elevenlabs_0522.wav,fake,elevenlabs,voice_clone,test_seen
elevenlabs_0523,vispoofdb_processed/fake/elevenlabs/elevenlabs_0523.wav,fake,elevenlabs,voice_clone,train
elevenlabs_0524,vispoofdb_processed/fake/elevenlabs/elevenlabs_0524.wav,fake,elevenlabs,voice_clone,test_seen
elevenlabs_0525,vispoofdb_processed/fake/elevenlabs/elevenlabs_0525.wav,fake,elevenlabs,voice_clone,train
elevenlabs_0526,vispoofdb_processed/fake/elevenlabs/elevenlabs_0526.wav,fake,elevenlabs,voice_clone,train
elevenlabs_0527,vispoofdb_processed/fake/elevenlabs/elevenlabs_0527.wav,fake,elevenlabs,voice_clone,train
elevenlabs_0528,vispoofdb_processed/fake/elevenlabs/elevenlabs_0528.wav,fake,elevenlabs,voice_clone,train
elevenlabs_0529,vispoofdb_processed/fake/elevenlabs/elevenlabs_0529.wav,fake,elevenlabs,voice_clone,train
elevenlabs_0530,vispoofdb_processed/fake/elevenlabs/elevenlabs_0530.wav,fake,elevenlabs,voice_clone,train
elevenlabs_0531,vispoofdb_processed/fake/elevenlabs/elevenlabs_0531.wav,fake,elevenlabs,voice_clone,train
elevenlabs_0532,vispoofdb_processed/fake/elevenlabs/elevenlabs_0532.wav,fake,elevenlabs,voice_clone,train
elevenlabs_0533,vispoofdb_processed/fake/elevenlabs/elevenlabs_0533.wav,fake,elevenlabs,voice_clone,test_seen
elevenlabs_0534,vispoofdb_processed/fake/elevenlabs/elevenlabs_0534.wav,fake,elevenlabs,voice_clone,test_seen
elevenlabs_0535,vispoofdb_processed/fake/elevenlabs/elevenlabs_0535.wav,fake,elevenlabs,voice_clone,train
elevenlabs_0536,vispoofdb_processed/fake/elevenlabs/elevenlabs_0536.wav,fake,elevenlabs,voice_clone,train
elevenlabs_0537,vispoofdb_processed/fake/elevenlabs/elevenlabs_0537.wav,fake,elevenlabs,voice_clone,train
elevenlabs_0538,vispoofdb_processed/fake/elevenlabs/elevenlabs_0538.wav,fake,elevenlabs,voice_clone,train
elevenlabs_0539,vispoofdb_processed/fake/elevenlabs/elevenlabs_0539.wav,fake,elevenlabs,voice_clone,train
elevenlabs_0540,vispoofdb_processed/fake/elevenlabs/elevenlabs_0540.wav,fake,elevenlabs,voice_clone,train
elevenlabs_0541,vispoofdb_processed/fake/elevenlabs/elevenlabs_0541.wav,fake,elevenlabs,voice_clone,train
elevenlabs_0542,vispoofdb_processed/fake/elevenlabs/elevenlabs_0542.wav,fake,elevenlabs,voice_clone,train
elevenlabs_0543,vispoofdb_processed/fake/elevenlabs/elevenlabs_0543.wav,fake,elevenlabs,voice_clone,train
elevenlabs_0544,vispoofdb_processed/fake/elevenlabs/elevenlabs_0544.wav,fake,elevenlabs,voice_clone,train
elevenlabs_0545,vispoofdb_processed/fake/elevenlabs/elevenlabs_0545.wav,fake,elevenlabs,voice_clone,train
elevenlabs_0546,vispoofdb_processed/fake/elevenlabs/elevenlabs_0546.wav,fake,elevenlabs,voice_clone,train
elevenlabs_0547,vispoofdb_processed/fake/elevenlabs/elevenlabs_0547.wav,fake,elevenlabs,voice_clone,train
elevenlabs_0548,vispoofdb_processed/fake/elevenlabs/elevenlabs_0548.wav,fake,elevenlabs,voice_clone,train
elevenlabs_0549,vispoofdb_processed/fake/elevenlabs/elevenlabs_0549.wav,fake,elevenlabs,voice_clone,train
elevenlabs_0550,vispoofdb_processed/fake/elevenlabs/elevenlabs_0550.wav,fake,elevenlabs,voice_clone,train
elevenlabs_0551,vispoofdb_processed/fake/elevenlabs/elevenlabs_0551.wav,fake,elevenlabs,voice_clone,train
elevenlabs_0552,vispoofdb_processed/fake/elevenlabs/elevenlabs_0552.wav,fake,elevenlabs,voice_clone,train
elevenlabs_0553,vispoofdb_processed/fake/elevenlabs/elevenlabs_0553.wav,fake,elevenlabs,voice_clone,test_seen
elevenlabs_0554,vispoofdb_processed/fake/elevenlabs/elevenlabs_0554.wav,fake,elevenlabs,voice_clone,train
elevenlabs_0555,vispoofdb_processed/fake/elevenlabs/elevenlabs_0555.wav,fake,elevenlabs,voice_clone,train
elevenlabs_0556,vispoofdb_processed/fake/elevenlabs/elevenlabs_0556.wav,fake,elevenlabs,voice_clone,train
elevenlabs_0557,vispoofdb_processed/fake/elevenlabs/elevenlabs_0557.wav,fake,elevenlabs,voice_clone,test_seen
elevenlabs_0558,vispoofdb_processed/fake/elevenlabs/elevenlabs_0558.wav,fake,elevenlabs,voice_clone,train
elevenlabs_0559,vispoofdb_processed/fake/elevenlabs/elevenlabs_0559.wav,fake,elevenlabs,voice_clone,test_seen
elevenlabs_0560,vispoofdb_processed/fake/elevenlabs/elevenlabs_0560.wav,fake,elevenlabs,voice_clone,train
elevenlabs_0561,vispoofdb_processed/fake/elevenlabs/elevenlabs_0561.wav,fake,elevenlabs,voice_clone,test_seen
elevenlabs_0562,vispoofdb_processed/fake/elevenlabs/elevenlabs_0562.wav,fake,elevenlabs,voice_clone,train
elevenlabs_0563,vispoofdb_processed/fake/elevenlabs/elevenlabs_0563.wav,fake,elevenlabs,voice_clone,train
elevenlabs_0564,vispoofdb_processed/fake/elevenlabs/elevenlabs_0564.wav,fake,elevenlabs,voice_clone,train
elevenlabs_0565,vispoofdb_processed/fake/elevenlabs/elevenlabs_0565.wav,fake,elevenlabs,voice_clone,train
elevenlabs_0566,vispoofdb_processed/fake/elevenlabs/elevenlabs_0566.wav,fake,elevenlabs,voice_clone,train
elevenlabs_0567,vispoofdb_processed/fake/elevenlabs/elevenlabs_0567.wav,fake,elevenlabs,voice_clone,train
elevenlabs_0568,vispoofdb_processed/fake/elevenlabs/elevenlabs_0568.wav,fake,elevenlabs,voice_clone,train
elevenlabs_0569,vispoofdb_processed/fake/elevenlabs/elevenlabs_0569.wav,fake,elevenlabs,voice_clone,train
elevenlabs_0570,vispoofdb_processed/fake/elevenlabs/elevenlabs_0570.wav,fake,elevenlabs,voice_clone,train
elevenlabs_0571,vispoofdb_processed/fake/elevenlabs/elevenlabs_0571.wav,fake,elevenlabs,voice_clone,train
elevenlabs_0572,vispoofdb_processed/fake/elevenlabs/elevenlabs_0572.wav,fake,elevenlabs,voice_clone,train
elevenlabs_0573,vispoofdb_processed/fake/elevenlabs/elevenlabs_0573.wav,fake,elevenlabs,voice_clone,train
elevenlabs_0574,vispoofdb_processed/fake/elevenlabs/elevenlabs_0574.wav,fake,elevenlabs,voice_clone,train
elevenlabs_0575,vispoofdb_processed/fake/elevenlabs/elevenlabs_0575.wav,fake,elevenlabs,voice_clone,train
elevenlabs_0576,vispoofdb_processed/fake/elevenlabs/elevenlabs_0576.wav,fake,elevenlabs,voice_clone,train
elevenlabs_0577,vispoofdb_processed/fake/elevenlabs/elevenlabs_0577.wav,fake,elevenlabs,voice_clone,train
elevenlabs_0578,vispoofdb_processed/fake/elevenlabs/elevenlabs_0578.wav,fake,elevenlabs,voice_clone,train
elevenlabs_0579,vispoofdb_processed/fake/elevenlabs/elevenlabs_0579.wav,fake,elevenlabs,voice_clone,train
elevenlabs_0580,vispoofdb_processed/fake/elevenlabs/elevenlabs_0580.wav,fake,elevenlabs,voice_clone,train
elevenlabs_0581,vispoofdb_processed/fake/elevenlabs/elevenlabs_0581.wav,fake,elevenlabs,voice_clone,train
elevenlabs_0582,vispoofdb_processed/fake/elevenlabs/elevenlabs_0582.wav,fake,elevenlabs,voice_clone,train
elevenlabs_0583,vispoofdb_processed/fake/elevenlabs/elevenlabs_0583.wav,fake,elevenlabs,voice_clone,train
elevenlabs_0584,vispoofdb_processed/fake/elevenlabs/elevenlabs_0584.wav,fake,elevenlabs,voice_clone,train
elevenlabs_0585,vispoofdb_processed/fake/elevenlabs/elevenlabs_0585.wav,fake,elevenlabs,voice_clone,train
elevenlabs_0586,vispoofdb_processed/fake/elevenlabs/elevenlabs_0586.wav,fake,elevenlabs,voice_clone,train
elevenlabs_0587,vispoofdb_processed/fake/elevenlabs/elevenlabs_0587.wav,fake,elevenlabs,voice_clone,train
elevenlabs_0588,vispoofdb_processed/fake/elevenlabs/elevenlabs_0588.wav,fake,elevenlabs,voice_clone,train
elevenlabs_0589,vispoofdb_processed/fake/elevenlabs/elevenlabs_0589.wav,fake,elevenlabs,voice_clone,train
elevenlabs_0590,vispoofdb_processed/fake/elevenlabs/elevenlabs_0590.wav,fake,elevenlabs,voice_clone,train
elevenlabs_0591,vispoofdb_processed/fake/elevenlabs/elevenlabs_0591.wav,fake,elevenlabs,voice_clone,train
elevenlabs_0592,vispoofdb_processed/fake/elevenlabs/elevenlabs_0592.wav,fake,elevenlabs,voice_clone,test_seen
elevenlabs_0593,vispoofdb_processed/fake/elevenlabs/elevenlabs_0593.wav,fake,elevenlabs,voice_clone,train
elevenlabs_0594,vispoofdb_processed/fake/elevenlabs/elevenlabs_0594.wav,fake,elevenlabs,voice_clone,test_seen
elevenlabs_0595,vispoofdb_processed/fake/elevenlabs/elevenlabs_0595.wav,fake,elevenlabs,voice_clone,train
elevenlabs_0596,vispoofdb_processed/fake/elevenlabs/elevenlabs_0596.wav,fake,elevenlabs,voice_clone,train
elevenlabs_0597,vispoofdb_processed/fake/elevenlabs/elevenlabs_0597.wav,fake,elevenlabs,voice_clone,train
elevenlabs_0598,vispoofdb_processed/fake/elevenlabs/elevenlabs_0598.wav,fake,elevenlabs,voice_clone,train
elevenlabs_0599,vispoofdb_processed/fake/elevenlabs/elevenlabs_0599.wav,fake,elevenlabs,voice_clone,train
elevenlabs_0600,vispoofdb_processed/fake/elevenlabs/elevenlabs_0600.wav,fake,elevenlabs,voice_clone,train
elevenlabs_0601,vispoofdb_processed/fake/elevenlabs/elevenlabs_0601.wav,fake,elevenlabs,voice_clone,train
elevenlabs_0602,vispoofdb_processed/fake/elevenlabs/elevenlabs_0602.wav,fake,elevenlabs,voice_clone,test_seen
elevenlabs_0603,vispoofdb_processed/fake/elevenlabs/elevenlabs_0603.wav,fake,elevenlabs,voice_clone,train
elevenlabs_0604,vispoofdb_processed/fake/elevenlabs/elevenlabs_0604.wav,fake,elevenlabs,voice_clone,train
elevenlabs_0605,vispoofdb_processed/fake/elevenlabs/elevenlabs_0605.wav,fake,elevenlabs,voice_clone,train
elevenlabs_0606,vispoofdb_processed/fake/elevenlabs/elevenlabs_0606.wav,fake,elevenlabs,voice_clone,test_seen
elevenlabs_0607,vispoofdb_processed/fake/elevenlabs/elevenlabs_0607.wav,fake,elevenlabs,voice_clone,train
elevenlabs_0608,vispoofdb_processed/fake/elevenlabs/elevenlabs_0608.wav,fake,elevenlabs,voice_clone,train
elevenlabs_0609,vispoofdb_processed/fake/elevenlabs/elevenlabs_0609.wav,fake,elevenlabs,voice_clone,train
elevenlabs_0610,vispoofdb_processed/fake/elevenlabs/elevenlabs_0610.wav,fake,elevenlabs,voice_clone,test_seen
elevenlabs_0611,vispoofdb_processed/fake/elevenlabs/elevenlabs_0611.wav,fake,elevenlabs,voice_clone,train
elevenlabs_0612,vispoofdb_processed/fake/elevenlabs/elevenlabs_0612.wav,fake,elevenlabs,voice_clone,train
elevenlabs_0613,vispoofdb_processed/fake/elevenlabs/elevenlabs_0613.wav,fake,elevenlabs,voice_clone,train
elevenlabs_0614,vispoofdb_processed/fake/elevenlabs/elevenlabs_0614.wav,fake,elevenlabs,voice_clone,train
elevenlabs_0615,vispoofdb_processed/fake/elevenlabs/elevenlabs_0615.wav,fake,elevenlabs,voice_clone,train
elevenlabs_0616,vispoofdb_processed/fake/elevenlabs/elevenlabs_0616.wav,fake,elevenlabs,voice_clone,test_seen
elevenlabs_0617,vispoofdb_processed/fake/elevenlabs/elevenlabs_0617.wav,fake,elevenlabs,voice_clone,train
elevenlabs_0618,vispoofdb_processed/fake/elevenlabs/elevenlabs_0618.wav,fake,elevenlabs,voice_clone,train
elevenlabs_0619,vispoofdb_processed/fake/elevenlabs/elevenlabs_0619.wav,fake,elevenlabs,voice_clone,test_seen
elevenlabs_0620,vispoofdb_processed/fake/elevenlabs/elevenlabs_0620.wav,fake,elevenlabs,voice_clone,train
elevenlabs_0621,vispoofdb_processed/fake/elevenlabs/elevenlabs_0621.wav,fake,elevenlabs,voice_clone,train
elevenlabs_0622,vispoofdb_processed/fake/elevenlabs/elevenlabs_0622.wav,fake,elevenlabs,voice_clone,train
elevenlabs_0623,vispoofdb_processed/fake/elevenlabs/elevenlabs_0623.wav,fake,elevenlabs,voice_clone,test_seen
elevenlabs_0624,vispoofdb_processed/fake/elevenlabs/elevenlabs_0624.wav,fake,elevenlabs,voice_clone,test_seen
elevenlabs_0625,vispoofdb_processed/fake/elevenlabs/elevenlabs_0625.wav,fake,elevenlabs,voice_clone,train
elevenlabs_0626,vispoofdb_processed/fake/elevenlabs/elevenlabs_0626.wav,fake,elevenlabs,voice_clone,train
elevenlabs_0627,vispoofdb_processed/fake/elevenlabs/elevenlabs_0627.wav,fake,elevenlabs,voice_clone,test_seen
elevenlabs_0628,vispoofdb_processed/fake/elevenlabs/elevenlabs_0628.wav,fake,elevenlabs,voice_clone,test_seen
elevenlabs_0629,vispoofdb_processed/fake/elevenlabs/elevenlabs_0629.wav,fake,elevenlabs,voice_clone,train
elevenlabs_0630,vispoofdb_processed/fake/elevenlabs/elevenlabs_0630.wav,fake,elevenlabs,voice_clone,train
elevenlabs_0631,vispoofdb_processed/fake/elevenlabs/elevenlabs_0631.wav,fake,elevenlabs,voice_clone,train
elevenlabs_0632,vispoofdb_processed/fake/elevenlabs/elevenlabs_0632.wav,fake,elevenlabs,voice_clone,train
elevenlabs_0633,vispoofdb_processed/fake/elevenlabs/elevenlabs_0633.wav,fake,elevenlabs,voice_clone,train
elevenlabs_0634,vispoofdb_processed/fake/elevenlabs/elevenlabs_0634.wav,fake,elevenlabs,voice_clone,test_seen
elevenlabs_0635,vispoofdb_processed/fake/elevenlabs/elevenlabs_0635.wav,fake,elevenlabs,voice_clone,train
elevenlabs_0636,vispoofdb_processed/fake/elevenlabs/elevenlabs_0636.wav,fake,elevenlabs,voice_clone,train
elevenlabs_0637,vispoofdb_processed/fake/elevenlabs/elevenlabs_0637.wav,fake,elevenlabs,voice_clone,train
elevenlabs_0638,vispoofdb_processed/fake/elevenlabs/elevenlabs_0638.wav,fake,elevenlabs,voice_clone,test_seen
elevenlabs_0639,vispoofdb_processed/fake/elevenlabs/elevenlabs_0639.wav,fake,elevenlabs,voice_clone,train
elevenlabs_0640,vispoofdb_processed/fake/elevenlabs/elevenlabs_0640.wav,fake,elevenlabs,voice_clone,train
elevenlabs_0641,vispoofdb_processed/fake/elevenlabs/elevenlabs_0641.wav,fake,elevenlabs,voice_clone,test_seen
elevenlabs_0642,vispoofdb_processed/fake/elevenlabs/elevenlabs_0642.wav,fake,elevenlabs,voice_clone,train
elevenlabs_0643,vispoofdb_processed/fake/elevenlabs/elevenlabs_0643.wav,fake,elevenlabs,voice_clone,test_seen
elevenlabs_0644,vispoofdb_processed/fake/elevenlabs/elevenlabs_0644.wav,fake,elevenlabs,voice_clone,train
elevenlabs_0645,vispoofdb_processed/fake/elevenlabs/elevenlabs_0645.wav,fake,elevenlabs,voice_clone,train
elevenlabs_0646,vispoofdb_processed/fake/elevenlabs/elevenlabs_0646.wav,fake,elevenlabs,voice_clone,train
elevenlabs_0647,vispoofdb_processed/fake/elevenlabs/elevenlabs_0647.wav,fake,elevenlabs,voice_clone,train
elevenlabs_0648,vispoofdb_processed/fake/elevenlabs/elevenlabs_0648.wav,fake,elevenlabs,voice_clone,test_seen
elevenlabs_0649,vispoofdb_processed/fake/elevenlabs/elevenlabs_0649.wav,fake,elevenlabs,voice_clone,train
elevenlabs_0650,vispoofdb_processed/fake/elevenlabs/elevenlabs_0650.wav,fake,elevenlabs,voice_clone,train
elevenlabs_0651,vispoofdb_processed/fake/elevenlabs/elevenlabs_0651.wav,fake,elevenlabs,voice_clone,train
elevenlabs_0652,vispoofdb_processed/fake/elevenlabs/elevenlabs_0652.wav,fake,elevenlabs,voice_clone,test_seen
elevenlabs_0653,vispoofdb_processed/fake/elevenlabs/elevenlabs_0653.wav,fake,elevenlabs,voice_clone,test_seen
elevenlabs_0654,vispoofdb_processed/fake/elevenlabs/elevenlabs_0654.wav,fake,elevenlabs,voice_clone,test_seen
elevenlabs_0655,vispoofdb_processed/fake/elevenlabs/elevenlabs_0655.wav,fake,elevenlabs,voice_clone,train
elevenlabs_0656,vispoofdb_processed/fake/elevenlabs/elevenlabs_0656.wav,fake,elevenlabs,voice_clone,test_seen
elevenlabs_0657,vispoofdb_processed/fake/elevenlabs/elevenlabs_0657.wav,fake,elevenlabs,voice_clone,test_seen
elevenlabs_0658,vispoofdb_processed/fake/elevenlabs/elevenlabs_0658.wav,fake,elevenlabs,voice_clone,train
elevenlabs_0659,vispoofdb_processed/fake/elevenlabs/elevenlabs_0659.wav,fake,elevenlabs,voice_clone,train
elevenlabs_0660,vispoofdb_processed/fake/elevenlabs/elevenlabs_0660.wav,fake,elevenlabs,voice_clone,train
elevenlabs_0661,vispoofdb_processed/fake/elevenlabs/elevenlabs_0661.wav,fake,elevenlabs,voice_clone,train
elevenlabs_0662,vispoofdb_processed/fake/elevenlabs/elevenlabs_0662.wav,fake,elevenlabs,voice_clone,train
elevenlabs_0663,vispoofdb_processed/fake/elevenlabs/elevenlabs_0663.wav,fake,elevenlabs,voice_clone,test_seen
elevenlabs_0664,vispoofdb_processed/fake/elevenlabs/elevenlabs_0664.wav,fake,elevenlabs,voice_clone,train
elevenlabs_0665,vispoofdb_processed/fake/elevenlabs/elevenlabs_0665.wav,fake,elevenlabs,voice_clone,test_seen
elevenlabs_0666,vispoofdb_processed/fake/elevenlabs/elevenlabs_0666.wav,fake,elevenlabs,voice_clone,train
elevenlabs_0667,vispoofdb_processed/fake/elevenlabs/elevenlabs_0667.wav,fake,elevenlabs,voice_clone,train
elevenlabs_0668,vispoofdb_processed/fake/elevenlabs/elevenlabs_0668.wav,fake,elevenlabs,voice_clone,train
elevenlabs_0669,vispoofdb_processed/fake/elevenlabs/elevenlabs_0669.wav,fake,elevenlabs,voice_clone,train
elevenlabs_0670,vispoofdb_processed/fake/elevenlabs/elevenlabs_0670.wav,fake,elevenlabs,voice_clone,train
elevenlabs_0671,vispoofdb_processed/fake/elevenlabs/elevenlabs_0671.wav,fake,elevenlabs,voice_clone,train
elevenlabs_0672,vispoofdb_processed/fake/elevenlabs/elevenlabs_0672.wav,fake,elevenlabs,voice_clone,train
elevenlabs_0673,vispoofdb_processed/fake/elevenlabs/elevenlabs_0673.wav,fake,elevenlabs,voice_clone,train
elevenlabs_0674,vispoofdb_processed/fake/elevenlabs/elevenlabs_0674.wav,fake,elevenlabs,voice_clone,train
elevenlabs_0675,vispoofdb_processed/fake/elevenlabs/elevenlabs_0675.wav,fake,elevenlabs,voice_clone,train
elevenlabs_0676,vispoofdb_processed/fake/elevenlabs/elevenlabs_0676.wav,fake,elevenlabs,voice_clone,train
elevenlabs_0677,vispoofdb_processed/fake/elevenlabs/elevenlabs_0677.wav,fake,elevenlabs,voice_clone,train
elevenlabs_0678,vispoofdb_processed/fake/elevenlabs/elevenlabs_0678.wav,fake,elevenlabs,voice_clone,train
elevenlabs_0679,vispoofdb_processed/fake/elevenlabs/elevenlabs_0679.wav,fake,elevenlabs,voice_clone,train
elevenlabs_0680,vispoofdb_processed/fake/elevenlabs/elevenlabs_0680.wav,fake,elevenlabs,voice_clone,train
elevenlabs_0681,vispoofdb_processed/fake/elevenlabs/elevenlabs_0681.wav,fake,elevenlabs,voice_clone,train
elevenlabs_0682,vispoofdb_processed/fake/elevenlabs/elevenlabs_0682.wav,fake,elevenlabs,voice_clone,train
elevenlabs_0683,vispoofdb_processed/fake/elevenlabs/elevenlabs_0683.wav,fake,elevenlabs,voice_clone,train
elevenlabs_0684,vispoofdb_processed/fake/elevenlabs/elevenlabs_0684.wav,fake,elevenlabs,voice_clone,train
elevenlabs_0685,vispoofdb_processed/fake/elevenlabs/elevenlabs_0685.wav,fake,elevenlabs,voice_clone,train
elevenlabs_0686,vispoofdb_processed/fake/elevenlabs/elevenlabs_0686.wav,fake,elevenlabs,voice_clone,train
elevenlabs_0687,vispoofdb_processed/fake/elevenlabs/elevenlabs_0687.wav,fake,elevenlabs,voice_clone,test_seen
elevenlabs_0688,vispoofdb_processed/fake/elevenlabs/elevenlabs_0688.wav,fake,elevenlabs,voice_clone,train
elevenlabs_0689,vispoofdb_processed/fake/elevenlabs/elevenlabs_0689.wav,fake,elevenlabs,voice_clone,train
elevenlabs_0690,vispoofdb_processed/fake/elevenlabs/elevenlabs_0690.wav,fake,elevenlabs,voice_clone,train
elevenlabs_0691,vispoofdb_processed/fake/elevenlabs/elevenlabs_0691.wav,fake,elevenlabs,voice_clone,train
elevenlabs_0692,vispoofdb_processed/fake/elevenlabs/elevenlabs_0692.wav,fake,elevenlabs,voice_clone,train
elevenlabs_0693,vispoofdb_processed/fake/elevenlabs/elevenlabs_0693.wav,fake,elevenlabs,voice_clone,train
elevenlabs_0694,vispoofdb_processed/fake/elevenlabs/elevenlabs_0694.wav,fake,elevenlabs,voice_clone,train
elevenlabs_0695,vispoofdb_processed/fake/elevenlabs/elevenlabs_0695.wav,fake,elevenlabs,voice_clone,test_seen
elevenlabs_0696,vispoofdb_processed/fake/elevenlabs/elevenlabs_0696.wav,fake,elevenlabs,voice_clone,train
elevenlabs_0697,vispoofdb_processed/fake/elevenlabs/elevenlabs_0697.wav,fake,elevenlabs,voice_clone,train
elevenlabs_0698,vispoofdb_processed/fake/elevenlabs/elevenlabs_0698.wav,fake,elevenlabs,voice_clone,train
elevenlabs_0699,vispoofdb_processed/fake/elevenlabs/elevenlabs_0699.wav,fake,elevenlabs,voice_clone,test_seen
elevenlabs_0700,vispoofdb_processed/fake/elevenlabs/elevenlabs_0700.wav,fake,elevenlabs,voice_clone,train
elevenlabs_0701,vispoofdb_processed/fake/elevenlabs/elevenlabs_0701.wav,fake,elevenlabs,voice_clone,test_seen
elevenlabs_0702,vispoofdb_processed/fake/elevenlabs/elevenlabs_0702.wav,fake,elevenlabs,voice_clone,train
elevenlabs_0703,vispoofdb_processed/fake/elevenlabs/elevenlabs_0703.wav,fake,elevenlabs,voice_clone,train
elevenlabs_0704,vispoofdb_processed/fake/elevenlabs/elevenlabs_0704.wav,fake,elevenlabs,voice_clone,train
elevenlabs_0705,vispoofdb_processed/fake/elevenlabs/elevenlabs_0705.wav,fake,elevenlabs,voice_clone,train
elevenlabs_0706,vispoofdb_processed/fake/elevenlabs/elevenlabs_0706.wav,fake,elevenlabs,voice_clone,test_seen
elevenlabs_0707,vispoofdb_processed/fake/elevenlabs/elevenlabs_0707.wav,fake,elevenlabs,voice_clone,train
elevenlabs_0708,vispoofdb_processed/fake/elevenlabs/elevenlabs_0708.wav,fake,elevenlabs,voice_clone,test_seen
elevenlabs_0709,vispoofdb_processed/fake/elevenlabs/elevenlabs_0709.wav,fake,elevenlabs,voice_clone,train
elevenlabs_0710,vispoofdb_processed/fake/elevenlabs/elevenlabs_0710.wav,fake,elevenlabs,voice_clone,train
elevenlabs_0711,vispoofdb_processed/fake/elevenlabs/elevenlabs_0711.wav,fake,elevenlabs,voice_clone,train
elevenlabs_0712,vispoofdb_processed/fake/elevenlabs/elevenlabs_0712.wav,fake,elevenlabs,voice_clone,train
elevenlabs_0713,vispoofdb_processed/fake/elevenlabs/elevenlabs_0713.wav,fake,elevenlabs,voice_clone,train
elevenlabs_0714,vispoofdb_processed/fake/elevenlabs/elevenlabs_0714.wav,fake,elevenlabs,voice_clone,train
elevenlabs_0715,vispoofdb_processed/fake/elevenlabs/elevenlabs_0715.wav,fake,elevenlabs,voice_clone,train
elevenlabs_0716,vispoofdb_processed/fake/elevenlabs/elevenlabs_0716.wav,fake,elevenlabs,voice_clone,train
elevenlabs_0717,vispoofdb_processed/fake/elevenlabs/elevenlabs_0717.wav,fake,elevenlabs,voice_clone,test_seen
elevenlabs_0718,vispoofdb_processed/fake/elevenlabs/elevenlabs_0718.wav,fake,elevenlabs,voice_clone,train
elevenlabs_0719,vispoofdb_processed/fake/elevenlabs/elevenlabs_0719.wav,fake,elevenlabs,voice_clone,train
elevenlabs_0720,vispoofdb_processed/fake/elevenlabs/elevenlabs_0720.wav,fake,elevenlabs,voice_clone,test_seen
elevenlabs_0721,vispoofdb_processed/fake/elevenlabs/elevenlabs_0721.wav,fake,elevenlabs,voice_clone,train
elevenlabs_0722,vispoofdb_processed/fake/elevenlabs/elevenlabs_0722.wav,fake,elevenlabs,voice_clone,train
elevenlabs_0723,vispoofdb_processed/fake/elevenlabs/elevenlabs_0723.wav,fake,elevenlabs,voice_clone,train
elevenlabs_0724,vispoofdb_processed/fake/elevenlabs/elevenlabs_0724.wav,fake,elevenlabs,voice_clone,train
elevenlabs_0725,vispoofdb_processed/fake/elevenlabs/elevenlabs_0725.wav,fake,elevenlabs,voice_clone,train
elevenlabs_0726,vispoofdb_processed/fake/elevenlabs/elevenlabs_0726.wav,fake,elevenlabs,voice_clone,train
elevenlabs_0727,vispoofdb_processed/fake/elevenlabs/elevenlabs_0727.wav,fake,elevenlabs,voice_clone,train
elevenlabs_0728,vispoofdb_processed/fake/elevenlabs/elevenlabs_0728.wav,fake,elevenlabs,voice_clone,train
elevenlabs_0729,vispoofdb_processed/fake/elevenlabs/elevenlabs_0729.wav,fake,elevenlabs,voice_clone,train
elevenlabs_0730,vispoofdb_processed/fake/elevenlabs/elevenlabs_0730.wav,fake,elevenlabs,voice_clone,test_seen
elevenlabs_0731,vispoofdb_processed/fake/elevenlabs/elevenlabs_0731.wav,fake,elevenlabs,voice_clone,test_seen
elevenlabs_0732,vispoofdb_processed/fake/elevenlabs/elevenlabs_0732.wav,fake,elevenlabs,voice_clone,train
elevenlabs_0733,vispoofdb_processed/fake/elevenlabs/elevenlabs_0733.wav,fake,elevenlabs,voice_clone,train
elevenlabs_0734,vispoofdb_processed/fake/elevenlabs/elevenlabs_0734.wav,fake,elevenlabs,voice_clone,train
elevenlabs_0735,vispoofdb_processed/fake/elevenlabs/elevenlabs_0735.wav,fake,elevenlabs,voice_clone,train
elevenlabs_0736,vispoofdb_processed/fake/elevenlabs/elevenlabs_0736.wav,fake,elevenlabs,voice_clone,train
elevenlabs_0737,vispoofdb_processed/fake/elevenlabs/elevenlabs_0737.wav,fake,elevenlabs,voice_clone,train
elevenlabs_0738,vispoofdb_processed/fake/elevenlabs/elevenlabs_0738.wav,fake,elevenlabs,voice_clone,train
elevenlabs_0739,vispoofdb_processed/fake/elevenlabs/elevenlabs_0739.wav,fake,elevenlabs,voice_clone,train
elevenlabs_0740,vispoofdb_processed/fake/elevenlabs/elevenlabs_0740.wav,fake,elevenlabs,voice_clone,train
elevenlabs_0741,vispoofdb_processed/fake/elevenlabs/elevenlabs_0741.wav,fake,elevenlabs,voice_clone,train
elevenlabs_0742,vispoofdb_processed/fake/elevenlabs/elevenlabs_0742.wav,fake,elevenlabs,voice_clone,train
elevenlabs_0743,vispoofdb_processed/fake/elevenlabs/elevenlabs_0743.wav,fake,elevenlabs,voice_clone,train
elevenlabs_0744,vispoofdb_processed/fake/elevenlabs/elevenlabs_0744.wav,fake,elevenlabs,voice_clone,test_seen
elevenlabs_0745,vispoofdb_processed/fake/elevenlabs/elevenlabs_0745.wav,fake,elevenlabs,voice_clone,train
elevenlabs_0746,vispoofdb_processed/fake/elevenlabs/elevenlabs_0746.wav,fake,elevenlabs,voice_clone,train
elevenlabs_0747,vispoofdb_processed/fake/elevenlabs/elevenlabs_0747.wav,fake,elevenlabs,voice_clone,train
elevenlabs_0748,vispoofdb_processed/fake/elevenlabs/elevenlabs_0748.wav,fake,elevenlabs,voice_clone,train
elevenlabs_0749,vispoofdb_processed/fake/elevenlabs/elevenlabs_0749.wav,fake,elevenlabs,voice_clone,train
elevenlabs_0750,vispoofdb_processed/fake/elevenlabs/elevenlabs_0750.wav,fake,elevenlabs,voice_clone,train
elevenlabs_0751,vispoofdb_processed/fake/elevenlabs/elevenlabs_0751.wav,fake,elevenlabs,voice_clone,train
elevenlabs_0752,vispoofdb_processed/fake/elevenlabs/elevenlabs_0752.wav,fake,elevenlabs,voice_clone,train
elevenlabs_0753,vispoofdb_processed/fake/elevenlabs/elevenlabs_0753.wav,fake,elevenlabs,voice_clone,train
elevenlabs_0754,vispoofdb_processed/fake/elevenlabs/elevenlabs_0754.wav,fake,elevenlabs,voice_clone,train
elevenlabs_0755,vispoofdb_processed/fake/elevenlabs/elevenlabs_0755.wav,fake,elevenlabs,voice_clone,test_seen
elevenlabs_0756,vispoofdb_processed/fake/elevenlabs/elevenlabs_0756.wav,fake,elevenlabs,voice_clone,train
elevenlabs_0757,vispoofdb_processed/fake/elevenlabs/elevenlabs_0757.wav,fake,elevenlabs,voice_clone,train
elevenlabs_0758,vispoofdb_processed/fake/elevenlabs/elevenlabs_0758.wav,fake,elevenlabs,voice_clone,test_seen
elevenlabs_0759,vispoofdb_processed/fake/elevenlabs/elevenlabs_0759.wav,fake,elevenlabs,voice_clone,test_seen
elevenlabs_0760,vispoofdb_processed/fake/elevenlabs/elevenlabs_0760.wav,fake,elevenlabs,voice_clone,train
elevenlabs_0761,vispoofdb_processed/fake/elevenlabs/elevenlabs_0761.wav,fake,elevenlabs,voice_clone,train
elevenlabs_0762,vispoofdb_processed/fake/elevenlabs/elevenlabs_0762.wav,fake,elevenlabs,voice_clone,train
elevenlabs_0763,vispoofdb_processed/fake/elevenlabs/elevenlabs_0763.wav,fake,elevenlabs,voice_clone,train
elevenlabs_0764,vispoofdb_processed/fake/elevenlabs/elevenlabs_0764.wav,fake,elevenlabs,voice_clone,train
elevenlabs_0765,vispoofdb_processed/fake/elevenlabs/elevenlabs_0765.wav,fake,elevenlabs,voice_clone,train
elevenlabs_0766,vispoofdb_processed/fake/elevenlabs/elevenlabs_0766.wav,fake,elevenlabs,voice_clone,train
elevenlabs_0767,vispoofdb_processed/fake/elevenlabs/elevenlabs_0767.wav,fake,elevenlabs,voice_clone,train
elevenlabs_0768,vispoofdb_processed/fake/elevenlabs/elevenlabs_0768.wav,fake,elevenlabs,voice_clone,test_seen
elevenlabs_0769,vispoofdb_processed/fake/elevenlabs/elevenlabs_0769.wav,fake,elevenlabs,voice_clone,test_seen
elevenlabs_0770,vispoofdb_processed/fake/elevenlabs/elevenlabs_0770.wav,fake,elevenlabs,voice_clone,test_seen
elevenlabs_0771,vispoofdb_processed/fake/elevenlabs/elevenlabs_0771.wav,fake,elevenlabs,voice_clone,train
elevenlabs_0772,vispoofdb_processed/fake/elevenlabs/elevenlabs_0772.wav,fake,elevenlabs,voice_clone,train
elevenlabs_0773,vispoofdb_processed/fake/elevenlabs/elevenlabs_0773.wav,fake,elevenlabs,voice_clone,train
elevenlabs_0774,vispoofdb_processed/fake/elevenlabs/elevenlabs_0774.wav,fake,elevenlabs,voice_clone,train
elevenlabs_0775,vispoofdb_processed/fake/elevenlabs/elevenlabs_0775.wav,fake,elevenlabs,voice_clone,test_seen
elevenlabs_0776,vispoofdb_processed/fake/elevenlabs/elevenlabs_0776.wav,fake,elevenlabs,voice_clone,test_seen
elevenlabs_0777,vispoofdb_processed/fake/elevenlabs/elevenlabs_0777.wav,fake,elevenlabs,voice_clone,train
elevenlabs_0778,vispoofdb_processed/fake/elevenlabs/elevenlabs_0778.wav,fake,elevenlabs,voice_clone,train
elevenlabs_0779,vispoofdb_processed/fake/elevenlabs/elevenlabs_0779.wav,fake,elevenlabs,voice_clone,train
elevenlabs_0780,vispoofdb_processed/fake/elevenlabs/elevenlabs_0780.wav,fake,elevenlabs,voice_clone,train
elevenlabs_0781,vispoofdb_processed/fake/elevenlabs/elevenlabs_0781.wav,fake,elevenlabs,voice_clone,test_seen
elevenlabs_0782,vispoofdb_processed/fake/elevenlabs/elevenlabs_0782.wav,fake,elevenlabs,voice_clone,test_seen
elevenlabs_0783,vispoofdb_processed/fake/elevenlabs/elevenlabs_0783.wav,fake,elevenlabs,voice_clone,train
elevenlabs_0784,vispoofdb_processed/fake/elevenlabs/elevenlabs_0784.wav,fake,elevenlabs,voice_clone,test_seen
elevenlabs_0785,vispoofdb_processed/fake/elevenlabs/elevenlabs_0785.wav,fake,elevenlabs,voice_clone,train
elevenlabs_0786,vispoofdb_processed/fake/elevenlabs/elevenlabs_0786.wav,fake,elevenlabs,voice_clone,test_seen
elevenlabs_0787,vispoofdb_processed/fake/elevenlabs/elevenlabs_0787.wav,fake,elevenlabs,voice_clone,train
elevenlabs_0788,vispoofdb_processed/fake/elevenlabs/elevenlabs_0788.wav,fake,elevenlabs,voice_clone,train
elevenlabs_0789,vispoofdb_processed/fake/elevenlabs/elevenlabs_0789.wav,fake,elevenlabs,voice_clone,train
elevenlabs_0790,vispoofdb_processed/fake/elevenlabs/elevenlabs_0790.wav,fake,elevenlabs,voice_clone,test_seen
elevenlabs_0791,vispoofdb_processed/fake/elevenlabs/elevenlabs_0791.wav,fake,elevenlabs,voice_clone,train
elevenlabs_0792,vispoofdb_processed/fake/elevenlabs/elevenlabs_0792.wav,fake,elevenlabs,voice_clone,train
elevenlabs_0793,vispoofdb_processed/fake/elevenlabs/elevenlabs_0793.wav,fake,elevenlabs,voice_clone,train
elevenlabs_0794,vispoofdb_processed/fake/elevenlabs/elevenlabs_0794.wav,fake,elevenlabs,voice_clone,test_seen
elevenlabs_0795,vispoofdb_processed/fake/elevenlabs/elevenlabs_0795.wav,fake,elevenlabs,voice_clone,train
elevenlabs_0796,vispoofdb_processed/fake/elevenlabs/elevenlabs_0796.wav,fake,elevenlabs,voice_clone,test_seen
elevenlabs_0797,vispoofdb_processed/fake/elevenlabs/elevenlabs_0797.wav,fake,elevenlabs,voice_clone,test_seen
elevenlabs_0798,vispoofdb_processed/fake/elevenlabs/elevenlabs_0798.wav,fake,elevenlabs,voice_clone,test_seen
elevenlabs_0799,vispoofdb_processed/fake/elevenlabs/elevenlabs_0799.wav,fake,elevenlabs,voice_clone,train
elevenlabs_0800,vispoofdb_processed/fake/elevenlabs/elevenlabs_0800.wav,fake,elevenlabs,voice_clone,test_seen
elevenlabs_0801,vispoofdb_processed/fake/elevenlabs/elevenlabs_0801.wav,fake,elevenlabs,voice_clone,train
elevenlabs_0802,vispoofdb_processed/fake/elevenlabs/elevenlabs_0802.wav,fake,elevenlabs,voice_clone,train
elevenlabs_0803,vispoofdb_processed/fake/elevenlabs/elevenlabs_0803.wav,fake,elevenlabs,voice_clone,train
elevenlabs_0804,vispoofdb_processed/fake/elevenlabs/elevenlabs_0804.wav,fake,elevenlabs,voice_clone,train
elevenlabs_0805,vispoofdb_processed/fake/elevenlabs/elevenlabs_0805.wav,fake,elevenlabs,voice_clone,train
elevenlabs_0806,vispoofdb_processed/fake/elevenlabs/elevenlabs_0806.wav,fake,elevenlabs,voice_clone,train
elevenlabs_0807,vispoofdb_processed/fake/elevenlabs/elevenlabs_0807.wav,fake,elevenlabs,voice_clone,train
elevenlabs_0808,vispoofdb_processed/fake/elevenlabs/elevenlabs_0808.wav,fake,elevenlabs,voice_clone,train
elevenlabs_0809,vispoofdb_processed/fake/elevenlabs/elevenlabs_0809.wav,fake,elevenlabs,voice_clone,train
elevenlabs_0810,vispoofdb_processed/fake/elevenlabs/elevenlabs_0810.wav,fake,elevenlabs,voice_clone,train
elevenlabs_0811,vispoofdb_processed/fake/elevenlabs/elevenlabs_0811.wav,fake,elevenlabs,voice_clone,train
elevenlabs_0812,vispoofdb_processed/fake/elevenlabs/elevenlabs_0812.wav,fake,elevenlabs,voice_clone,train
elevenlabs_0813,vispoofdb_processed/fake/elevenlabs/elevenlabs_0813.wav,fake,elevenlabs,voice_clone,train
elevenlabs_0814,vispoofdb_processed/fake/elevenlabs/elevenlabs_0814.wav,fake,elevenlabs,voice_clone,train
elevenlabs_0815,vispoofdb_processed/fake/elevenlabs/elevenlabs_0815.wav,fake,elevenlabs,voice_clone,train
elevenlabs_0816,vispoofdb_processed/fake/elevenlabs/elevenlabs_0816.wav,fake,elevenlabs,voice_clone,train
elevenlabs_0817,vispoofdb_processed/fake/elevenlabs/elevenlabs_0817.wav,fake,elevenlabs,voice_clone,test_seen
elevenlabs_0818,vispoofdb_processed/fake/elevenlabs/elevenlabs_0818.wav,fake,elevenlabs,voice_clone,train
elevenlabs_0819,vispoofdb_processed/fake/elevenlabs/elevenlabs_0819.wav,fake,elevenlabs,voice_clone,train
elevenlabs_0820,vispoofdb_processed/fake/elevenlabs/elevenlabs_0820.wav,fake,elevenlabs,voice_clone,train
elevenlabs_0821,vispoofdb_processed/fake/elevenlabs/elevenlabs_0821.wav,fake,elevenlabs,voice_clone,train
elevenlabs_0822,vispoofdb_processed/fake/elevenlabs/elevenlabs_0822.wav,fake,elevenlabs,voice_clone,train
elevenlabs_0823,vispoofdb_processed/fake/elevenlabs/elevenlabs_0823.wav,fake,elevenlabs,voice_clone,train
elevenlabs_0824,vispoofdb_processed/fake/elevenlabs/elevenlabs_0824.wav,fake,elevenlabs,voice_clone,train
elevenlabs_0825,vispoofdb_processed/fake/elevenlabs/elevenlabs_0825.wav,fake,elevenlabs,voice_clone,train
elevenlabs_0826,vispoofdb_processed/fake/elevenlabs/elevenlabs_0826.wav,fake,elevenlabs,voice_clone,test_seen
elevenlabs_0827,vispoofdb_processed/fake/elevenlabs/elevenlabs_0827.wav,fake,elevenlabs,voice_clone,test_seen
elevenlabs_0828,vispoofdb_processed/fake/elevenlabs/elevenlabs_0828.wav,fake,elevenlabs,voice_clone,train
elevenlabs_0829,vispoofdb_processed/fake/elevenlabs/elevenlabs_0829.wav,fake,elevenlabs,voice_clone,train
elevenlabs_0830,vispoofdb_processed/fake/elevenlabs/elevenlabs_0830.wav,fake,elevenlabs,voice_clone,train
elevenlabs_0831,vispoofdb_processed/fake/elevenlabs/elevenlabs_0831.wav,fake,elevenlabs,voice_clone,train
elevenlabs_0832,vispoofdb_processed/fake/elevenlabs/elevenlabs_0832.wav,fake,elevenlabs,voice_clone,train
elevenlabs_0833,vispoofdb_processed/fake/elevenlabs/elevenlabs_0833.wav,fake,elevenlabs,voice_clone,train
elevenlabs_0834,vispoofdb_processed/fake/elevenlabs/elevenlabs_0834.wav,fake,elevenlabs,voice_clone,train
elevenlabs_0835,vispoofdb_processed/fake/elevenlabs/elevenlabs_0835.wav,fake,elevenlabs,voice_clone,test_seen
elevenlabs_0836,vispoofdb_processed/fake/elevenlabs/elevenlabs_0836.wav,fake,elevenlabs,voice_clone,train
elevenlabs_0837,vispoofdb_processed/fake/elevenlabs/elevenlabs_0837.wav,fake,elevenlabs,voice_clone,train
elevenlabs_0838,vispoofdb_processed/fake/elevenlabs/elevenlabs_0838.wav,fake,elevenlabs,voice_clone,test_seen
elevenlabs_0839,vispoofdb_processed/fake/elevenlabs/elevenlabs_0839.wav,fake,elevenlabs,voice_clone,test_seen
elevenlabs_0840,vispoofdb_processed/fake/elevenlabs/elevenlabs_0840.wav,fake,elevenlabs,voice_clone,train
elevenlabs_0841,vispoofdb_processed/fake/elevenlabs/elevenlabs_0841.wav,fake,elevenlabs,voice_clone,test_seen
elevenlabs_0842,vispoofdb_processed/fake/elevenlabs/elevenlabs_0842.wav,fake,elevenlabs,voice_clone,train
elevenlabs_0843,vispoofdb_processed/fake/elevenlabs/elevenlabs_0843.wav,fake,elevenlabs,voice_clone,train
elevenlabs_0844,vispoofdb_processed/fake/elevenlabs/elevenlabs_0844.wav,fake,elevenlabs,voice_clone,train
elevenlabs_0845,vispoofdb_processed/fake/elevenlabs/elevenlabs_0845.wav,fake,elevenlabs,voice_clone,train
elevenlabs_0846,vispoofdb_processed/fake/elevenlabs/elevenlabs_0846.wav,fake,elevenlabs,voice_clone,train
elevenlabs_0847,vispoofdb_processed/fake/elevenlabs/elevenlabs_0847.wav,fake,elevenlabs,voice_clone,test_seen
elevenlabs_0848,vispoofdb_processed/fake/elevenlabs/elevenlabs_0848.wav,fake,elevenlabs,voice_clone,test_seen
elevenlabs_0849,vispoofdb_processed/fake/elevenlabs/elevenlabs_0849.wav,fake,elevenlabs,voice_clone,test_seen
elevenlabs_0850,vispoofdb_processed/fake/elevenlabs/elevenlabs_0850.wav,fake,elevenlabs,voice_clone,train
elevenlabs_0851,vispoofdb_processed/fake/elevenlabs/elevenlabs_0851.wav,fake,elevenlabs,voice_clone,train
elevenlabs_0852,vispoofdb_processed/fake/elevenlabs/elevenlabs_0852.wav,fake,elevenlabs,voice_clone,train
elevenlabs_0853,vispoofdb_processed/fake/elevenlabs/elevenlabs_0853.wav,fake,elevenlabs,voice_clone,train
elevenlabs_0854,vispoofdb_processed/fake/elevenlabs/elevenlabs_0854.wav,fake,elevenlabs,voice_clone,train
elevenlabs_0855,vispoofdb_processed/fake/elevenlabs/elevenlabs_0855.wav,fake,elevenlabs,voice_clone,test_seen
elevenlabs_0856,vispoofdb_processed/fake/elevenlabs/elevenlabs_0856.wav,fake,elevenlabs,voice_clone,test_seen
elevenlabs_0857,vispoofdb_processed/fake/elevenlabs/elevenlabs_0857.wav,fake,elevenlabs,voice_clone,train
elevenlabs_0858,vispoofdb_processed/fake/elevenlabs/elevenlabs_0858.wav,fake,elevenlabs,voice_clone,train
elevenlabs_0859,vispoofdb_processed/fake/elevenlabs/elevenlabs_0859.wav,fake,elevenlabs,voice_clone,train
elevenlabs_0860,vispoofdb_processed/fake/elevenlabs/elevenlabs_0860.wav,fake,elevenlabs,voice_clone,test_seen
elevenlabs_0861,vispoofdb_processed/fake/elevenlabs/elevenlabs_0861.wav,fake,elevenlabs,voice_clone,test_seen
elevenlabs_0862,vispoofdb_processed/fake/elevenlabs/elevenlabs_0862.wav,fake,elevenlabs,voice_clone,test_seen
elevenlabs_0863,vispoofdb_processed/fake/elevenlabs/elevenlabs_0863.wav,fake,elevenlabs,voice_clone,train
elevenlabs_0864,vispoofdb_processed/fake/elevenlabs/elevenlabs_0864.wav,fake,elevenlabs,voice_clone,train
elevenlabs_0865,vispoofdb_processed/fake/elevenlabs/elevenlabs_0865.wav,fake,elevenlabs,voice_clone,test_seen
elevenlabs_0866,vispoofdb_processed/fake/elevenlabs/elevenlabs_0866.wav,fake,elevenlabs,voice_clone,train
elevenlabs_0867,vispoofdb_processed/fake/elevenlabs/elevenlabs_0867.wav,fake,elevenlabs,voice_clone,train
elevenlabs_0868,vispoofdb_processed/fake/elevenlabs/elevenlabs_0868.wav,fake,elevenlabs,voice_clone,train
elevenlabs_0869,vispoofdb_processed/fake/elevenlabs/elevenlabs_0869.wav,fake,elevenlabs,voice_clone,train
elevenlabs_0870,vispoofdb_processed/fake/elevenlabs/elevenlabs_0870.wav,fake,elevenlabs,voice_clone,test_seen
elevenlabs_0871,vispoofdb_processed/fake/elevenlabs/elevenlabs_0871.wav,fake,elevenlabs,voice_clone,train
elevenlabs_0872,vispoofdb_processed/fake/elevenlabs/elevenlabs_0872.wav,fake,elevenlabs,voice_clone,train
elevenlabs_0873,vispoofdb_processed/fake/elevenlabs/elevenlabs_0873.wav,fake,elevenlabs,voice_clone,train
elevenlabs_0874,vispoofdb_processed/fake/elevenlabs/elevenlabs_0874.wav,fake,elevenlabs,voice_clone,train
elevenlabs_0875,vispoofdb_processed/fake/elevenlabs/elevenlabs_0875.wav,fake,elevenlabs,voice_clone,test_seen
elevenlabs_0876,vispoofdb_processed/fake/elevenlabs/elevenlabs_0876.wav,fake,elevenlabs,voice_clone,train
elevenlabs_0877,vispoofdb_processed/fake/elevenlabs/elevenlabs_0877.wav,fake,elevenlabs,voice_clone,train
elevenlabs_0878,vispoofdb_processed/fake/elevenlabs/elevenlabs_0878.wav,fake,elevenlabs,voice_clone,train
elevenlabs_0879,vispoofdb_processed/fake/elevenlabs/elevenlabs_0879.wav,fake,elevenlabs,voice_clone,test_seen
elevenlabs_0880,vispoofdb_processed/fake/elevenlabs/elevenlabs_0880.wav,fake,elevenlabs,voice_clone,train
elevenlabs_0881,vispoofdb_processed/fake/elevenlabs/elevenlabs_0881.wav,fake,elevenlabs,voice_clone,test_seen
elevenlabs_0882,vispoofdb_processed/fake/elevenlabs/elevenlabs_0882.wav,fake,elevenlabs,voice_clone,test_seen
elevenlabs_0883,vispoofdb_processed/fake/elevenlabs/elevenlabs_0883.wav,fake,elevenlabs,voice_clone,train
elevenlabs_0884,vispoofdb_processed/fake/elevenlabs/elevenlabs_0884.wav,fake,elevenlabs,voice_clone,train
elevenlabs_0885,vispoofdb_processed/fake/elevenlabs/elevenlabs_0885.wav,fake,elevenlabs,voice_clone,train
elevenlabs_0886,vispoofdb_processed/fake/elevenlabs/elevenlabs_0886.wav,fake,elevenlabs,voice_clone,train
elevenlabs_0887,vispoofdb_processed/fake/elevenlabs/elevenlabs_0887.wav,fake,elevenlabs,voice_clone,train
elevenlabs_0888,vispoofdb_processed/fake/elevenlabs/elevenlabs_0888.wav,fake,elevenlabs,voice_clone,train
elevenlabs_0889,vispoofdb_processed/fake/elevenlabs/elevenlabs_0889.wav,fake,elevenlabs,voice_clone,train
elevenlabs_0890,vispoofdb_processed/fake/elevenlabs/elevenlabs_0890.wav,fake,elevenlabs,voice_clone,train
elevenlabs_0891,vispoofdb_processed/fake/elevenlabs/elevenlabs_0891.wav,fake,elevenlabs,voice_clone,train
elevenlabs_0892,vispoofdb_processed/fake/elevenlabs/elevenlabs_0892.wav,fake,elevenlabs,voice_clone,train
elevenlabs_0893,vispoofdb_processed/fake/elevenlabs/elevenlabs_0893.wav,fake,elevenlabs,voice_clone,train
elevenlabs_0894,vispoofdb_processed/fake/elevenlabs/elevenlabs_0894.wav,fake,elevenlabs,voice_clone,train
elevenlabs_0895,vispoofdb_processed/fake/elevenlabs/elevenlabs_0895.wav,fake,elevenlabs,voice_clone,train
elevenlabs_0896,vispoofdb_processed/fake/elevenlabs/elevenlabs_0896.wav,fake,elevenlabs,voice_clone,train
elevenlabs_0897,vispoofdb_processed/fake/elevenlabs/elevenlabs_0897.wav,fake,elevenlabs,voice_clone,train
elevenlabs_0898,vispoofdb_processed/fake/elevenlabs/elevenlabs_0898.wav,fake,elevenlabs,voice_clone,train
elevenlabs_0899,vispoofdb_processed/fake/elevenlabs/elevenlabs_0899.wav,fake,elevenlabs,voice_clone,train
elevenlabs_0900,vispoofdb_processed/fake/elevenlabs/elevenlabs_0900.wav,fake,elevenlabs,voice_clone,train
elevenlabs_0901,vispoofdb_processed/fake/elevenlabs/elevenlabs_0901.wav,fake,elevenlabs,voice_clone,train
elevenlabs_0902,vispoofdb_processed/fake/elevenlabs/elevenlabs_0902.wav,fake,elevenlabs,voice_clone,train
elevenlabs_0903,vispoofdb_processed/fake/elevenlabs/elevenlabs_0903.wav,fake,elevenlabs,voice_clone,train
elevenlabs_0904,vispoofdb_processed/fake/elevenlabs/elevenlabs_0904.wav,fake,elevenlabs,voice_clone,train
elevenlabs_0905,vispoofdb_processed/fake/elevenlabs/elevenlabs_0905.wav,fake,elevenlabs,voice_clone,test_seen
elevenlabs_0906,vispoofdb_processed/fake/elevenlabs/elevenlabs_0906.wav,fake,elevenlabs,voice_clone,train
elevenlabs_0907,vispoofdb_processed/fake/elevenlabs/elevenlabs_0907.wav,fake,elevenlabs,voice_clone,train
elevenlabs_0908,vispoofdb_processed/fake/elevenlabs/elevenlabs_0908.wav,fake,elevenlabs,voice_clone,train
elevenlabs_0909,vispoofdb_processed/fake/elevenlabs/elevenlabs_0909.wav,fake,elevenlabs,voice_clone,train
elevenlabs_0910,vispoofdb_processed/fake/elevenlabs/elevenlabs_0910.wav,fake,elevenlabs,voice_clone,train
elevenlabs_0911,vispoofdb_processed/fake/elevenlabs/elevenlabs_0911.wav,fake,elevenlabs,voice_clone,train
elevenlabs_0912,vispoofdb_processed/fake/elevenlabs/elevenlabs_0912.wav,fake,elevenlabs,voice_clone,train
elevenlabs_0913,vispoofdb_processed/fake/elevenlabs/elevenlabs_0913.wav,fake,elevenlabs,voice_clone,train
elevenlabs_0914,vispoofdb_processed/fake/elevenlabs/elevenlabs_0914.wav,fake,elevenlabs,voice_clone,train
elevenlabs_0915,vispoofdb_processed/fake/elevenlabs/elevenlabs_0915.wav,fake,elevenlabs,voice_clone,train
elevenlabs_0916,vispoofdb_processed/fake/elevenlabs/elevenlabs_0916.wav,fake,elevenlabs,voice_clone,test_seen
elevenlabs_0917,vispoofdb_processed/fake/elevenlabs/elevenlabs_0917.wav,fake,elevenlabs,voice_clone,train
elevenlabs_0918,vispoofdb_processed/fake/elevenlabs/elevenlabs_0918.wav,fake,elevenlabs,voice_clone,train
elevenlabs_0919,vispoofdb_processed/fake/elevenlabs/elevenlabs_0919.wav,fake,elevenlabs,voice_clone,train
elevenlabs_0920,vispoofdb_processed/fake/elevenlabs/elevenlabs_0920.wav,fake,elevenlabs,voice_clone,train
elevenlabs_0921,vispoofdb_processed/fake/elevenlabs/elevenlabs_0921.wav,fake,elevenlabs,voice_clone,train
elevenlabs_0922,vispoofdb_processed/fake/elevenlabs/elevenlabs_0922.wav,fake,elevenlabs,voice_clone,test_seen
elevenlabs_0923,vispoofdb_processed/fake/elevenlabs/elevenlabs_0923.wav,fake,elevenlabs,voice_clone,train
elevenlabs_0924,vispoofdb_processed/fake/elevenlabs/elevenlabs_0924.wav,fake,elevenlabs,voice_clone,train
elevenlabs_0925,vispoofdb_processed/fake/elevenlabs/elevenlabs_0925.wav,fake,elevenlabs,voice_clone,test_seen
elevenlabs_0926,vispoofdb_processed/fake/elevenlabs/elevenlabs_0926.wav,fake,elevenlabs,voice_clone,train
elevenlabs_0927,vispoofdb_processed/fake/elevenlabs/elevenlabs_0927.wav,fake,elevenlabs,voice_clone,train
elevenlabs_0928,vispoofdb_processed/fake/elevenlabs/elevenlabs_0928.wav,fake,elevenlabs,voice_clone,test_seen
elevenlabs_0929,vispoofdb_processed/fake/elevenlabs/elevenlabs_0929.wav,fake,elevenlabs,voice_clone,train
elevenlabs_0930,vispoofdb_processed/fake/elevenlabs/elevenlabs_0930.wav,fake,elevenlabs,voice_clone,train
elevenlabs_0931,vispoofdb_processed/fake/elevenlabs/elevenlabs_0931.wav,fake,elevenlabs,voice_clone,train
elevenlabs_0932,vispoofdb_processed/fake/elevenlabs/elevenlabs_0932.wav,fake,elevenlabs,voice_clone,train
elevenlabs_0933,vispoofdb_processed/fake/elevenlabs/elevenlabs_0933.wav,fake,elevenlabs,voice_clone,train
elevenlabs_0934,vispoofdb_processed/fake/elevenlabs/elevenlabs_0934.wav,fake,elevenlabs,voice_clone,train
elevenlabs_0935,vispoofdb_processed/fake/elevenlabs/elevenlabs_0935.wav,fake,elevenlabs,voice_clone,train
elevenlabs_0936,vispoofdb_processed/fake/elevenlabs/elevenlabs_0936.wav,fake,elevenlabs,voice_clone,test_seen
elevenlabs_0937,vispoofdb_processed/fake/elevenlabs/elevenlabs_0937.wav,fake,elevenlabs,voice_clone,train
elevenlabs_0938,vispoofdb_processed/fake/elevenlabs/elevenlabs_0938.wav,fake,elevenlabs,voice_clone,train
elevenlabs_0939,vispoofdb_processed/fake/elevenlabs/elevenlabs_0939.wav,fake,elevenlabs,voice_clone,train
elevenlabs_0940,vispoofdb_processed/fake/elevenlabs/elevenlabs_0940.wav,fake,elevenlabs,voice_clone,train
elevenlabs_0941,vispoofdb_processed/fake/elevenlabs/elevenlabs_0941.wav,fake,elevenlabs,voice_clone,test_seen
elevenlabs_0942,vispoofdb_processed/fake/elevenlabs/elevenlabs_0942.wav,fake,elevenlabs,voice_clone,train
elevenlabs_0943,vispoofdb_processed/fake/elevenlabs/elevenlabs_0943.wav,fake,elevenlabs,voice_clone,test_seen
elevenlabs_0944,vispoofdb_processed/fake/elevenlabs/elevenlabs_0944.wav,fake,elevenlabs,voice_clone,train
elevenlabs_0945,vispoofdb_processed/fake/elevenlabs/elevenlabs_0945.wav,fake,elevenlabs,voice_clone,train
elevenlabs_0946,vispoofdb_processed/fake/elevenlabs/elevenlabs_0946.wav,fake,elevenlabs,voice_clone,train
elevenlabs_0947,vispoofdb_processed/fake/elevenlabs/elevenlabs_0947.wav,fake,elevenlabs,voice_clone,train
elevenlabs_0948,vispoofdb_processed/fake/elevenlabs/elevenlabs_0948.wav,fake,elevenlabs,voice_clone,train
elevenlabs_0949,vispoofdb_processed/fake/elevenlabs/elevenlabs_0949.wav,fake,elevenlabs,voice_clone,train
elevenlabs_0950,vispoofdb_processed/fake/elevenlabs/elevenlabs_0950.wav,fake,elevenlabs,voice_clone,test_seen
elevenlabs_0951,vispoofdb_processed/fake/elevenlabs/elevenlabs_0951.wav,fake,elevenlabs,voice_clone,test_seen
elevenlabs_0952,vispoofdb_processed/fake/elevenlabs/elevenlabs_0952.wav,fake,elevenlabs,voice_clone,test_seen
elevenlabs_0953,vispoofdb_processed/fake/elevenlabs/elevenlabs_0953.wav,fake,elevenlabs,voice_clone,train
elevenlabs_0954,vispoofdb_processed/fake/elevenlabs/elevenlabs_0954.wav,fake,elevenlabs,voice_clone,train
elevenlabs_0955,vispoofdb_processed/fake/elevenlabs/elevenlabs_0955.wav,fake,elevenlabs,voice_clone,train
elevenlabs_0956,vispoofdb_processed/fake/elevenlabs/elevenlabs_0956.wav,fake,elevenlabs,voice_clone,test_seen
elevenlabs_0957,vispoofdb_processed/fake/elevenlabs/elevenlabs_0957.wav,fake,elevenlabs,voice_clone,train
elevenlabs_0958,vispoofdb_processed/fake/elevenlabs/elevenlabs_0958.wav,fake,elevenlabs,voice_clone,test_seen
elevenlabs_0959,vispoofdb_processed/fake/elevenlabs/elevenlabs_0959.wav,fake,elevenlabs,voice_clone,train
elevenlabs_0960,vispoofdb_processed/fake/elevenlabs/elevenlabs_0960.wav,fake,elevenlabs,voice_clone,test_seen
elevenlabs_0961,vispoofdb_processed/fake/elevenlabs/elevenlabs_0961.wav,fake,elevenlabs,voice_clone,test_seen
elevenlabs_0962,vispoofdb_processed/fake/elevenlabs/elevenlabs_0962.wav,fake,elevenlabs,voice_clone,train
elevenlabs_0963,vispoofdb_processed/fake/elevenlabs/elevenlabs_0963.wav,fake,elevenlabs,voice_clone,train
elevenlabs_0964,vispoofdb_processed/fake/elevenlabs/elevenlabs_0964.wav,fake,elevenlabs,voice_clone,train
elevenlabs_0965,vispoofdb_processed/fake/elevenlabs/elevenlabs_0965.wav,fake,elevenlabs,voice_clone,test_seen
elevenlabs_0966,vispoofdb_processed/fake/elevenlabs/elevenlabs_0966.wav,fake,elevenlabs,voice_clone,train
elevenlabs_0967,vispoofdb_processed/fake/elevenlabs/elevenlabs_0967.wav,fake,elevenlabs,voice_clone,train
elevenlabs_0968,vispoofdb_processed/fake/elevenlabs/elevenlabs_0968.wav,fake,elevenlabs,voice_clone,train
elevenlabs_0969,vispoofdb_processed/fake/elevenlabs/elevenlabs_0969.wav,fake,elevenlabs,voice_clone,train
elevenlabs_0970,vispoofdb_processed/fake/elevenlabs/elevenlabs_0970.wav,fake,elevenlabs,voice_clone,train
elevenlabs_0971,vispoofdb_processed/fake/elevenlabs/elevenlabs_0971.wav,fake,elevenlabs,voice_clone,train
elevenlabs_0972,vispoofdb_processed/fake/elevenlabs/elevenlabs_0972.wav,fake,elevenlabs,voice_clone,train
elevenlabs_0973,vispoofdb_processed/fake/elevenlabs/elevenlabs_0973.wav,fake,elevenlabs,voice_clone,train
elevenlabs_0974,vispoofdb_processed/fake/elevenlabs/elevenlabs_0974.wav,fake,elevenlabs,voice_clone,train
elevenlabs_0975,vispoofdb_processed/fake/elevenlabs/elevenlabs_0975.wav,fake,elevenlabs,voice_clone,train
elevenlabs_0976,vispoofdb_processed/fake/elevenlabs/elevenlabs_0976.wav,fake,elevenlabs,voice_clone,train
elevenlabs_0977,vispoofdb_processed/fake/elevenlabs/elevenlabs_0977.wav,fake,elevenlabs,voice_clone,train
elevenlabs_0978,vispoofdb_processed/fake/elevenlabs/elevenlabs_0978.wav,fake,elevenlabs,voice_clone,train
elevenlabs_0979,vispoofdb_processed/fake/elevenlabs/elevenlabs_0979.wav,fake,elevenlabs,voice_clone,train
elevenlabs_0980,vispoofdb_processed/fake/elevenlabs/elevenlabs_0980.wav,fake,elevenlabs,voice_clone,test_seen
elevenlabs_0981,vispoofdb_processed/fake/elevenlabs/elevenlabs_0981.wav,fake,elevenlabs,voice_clone,train
elevenlabs_0982,vispoofdb_processed/fake/elevenlabs/elevenlabs_0982.wav,fake,elevenlabs,voice_clone,train
elevenlabs_0983,vispoofdb_processed/fake/elevenlabs/elevenlabs_0983.wav,fake,elevenlabs,voice_clone,train
elevenlabs_0984,vispoofdb_processed/fake/elevenlabs/elevenlabs_0984.wav,fake,elevenlabs,voice_clone,train
elevenlabs_0985,vispoofdb_processed/fake/elevenlabs/elevenlabs_0985.wav,fake,elevenlabs,voice_clone,train
elevenlabs_0986,vispoofdb_processed/fake/elevenlabs/elevenlabs_0986.wav,fake,elevenlabs,voice_clone,train
elevenlabs_0987,vispoofdb_processed/fake/elevenlabs/elevenlabs_0987.wav,fake,elevenlabs,voice_clone,train
elevenlabs_0988,vispoofdb_processed/fake/elevenlabs/elevenlabs_0988.wav,fake,elevenlabs,voice_clone,test_seen
elevenlabs_0989,vispoofdb_processed/fake/elevenlabs/elevenlabs_0989.wav,fake,elevenlabs,voice_clone,train
elevenlabs_0990,vispoofdb_processed/fake/elevenlabs/elevenlabs_0990.wav,fake,elevenlabs,voice_clone,test_seen
elevenlabs_0991,vispoofdb_processed/fake/elevenlabs/elevenlabs_0991.wav,fake,elevenlabs,voice_clone,train
elevenlabs_0992,vispoofdb_processed/fake/elevenlabs/elevenlabs_0992.wav,fake,elevenlabs,voice_clone,test_seen
elevenlabs_0993,vispoofdb_processed/fake/elevenlabs/elevenlabs_0993.wav,fake,elevenlabs,voice_clone,test_seen
elevenlabs_0994,vispoofdb_processed/fake/elevenlabs/elevenlabs_0994.wav,fake,elevenlabs,voice_clone,train
elevenlabs_0995,vispoofdb_processed/fake/elevenlabs/elevenlabs_0995.wav,fake,elevenlabs,voice_clone,train
elevenlabs_0996,vispoofdb_processed/fake/elevenlabs/elevenlabs_0996.wav,fake,elevenlabs,voice_clone,train
elevenlabs_0997,vispoofdb_processed/fake/elevenlabs/elevenlabs_0997.wav,fake,elevenlabs,voice_clone,train
elevenlabs_0998,vispoofdb_processed/fake/elevenlabs/elevenlabs_0998.wav,fake,elevenlabs,voice_clone,test_seen
elevenlabs_0999,vispoofdb_processed/fake/elevenlabs/elevenlabs_0999.wav,fake,elevenlabs,voice_clone,train
elevenlabs_1000,vispoofdb_processed/fake/elevenlabs/elevenlabs_1000.wav,fake,elevenlabs,voice_clone,test_seen
elevenlabs_1001,vispoofdb_processed/fake/elevenlabs/elevenlabs_1001.wav,fake,elevenlabs,voice_clone,train
elevenlabs_1002,vispoofdb_processed/fake/elevenlabs/elevenlabs_1002.wav,fake,elevenlabs,voice_clone,train
elevenlabs_1003,vispoofdb_processed/fake/elevenlabs/elevenlabs_1003.wav,fake,elevenlabs,voice_clone,test_seen
elevenlabs_1004,vispoofdb_processed/fake/elevenlabs/elevenlabs_1004.wav,fake,elevenlabs,voice_clone,test_seen
elevenlabs_1005,vispoofdb_processed/fake/elevenlabs/elevenlabs_1005.wav,fake,elevenlabs,voice_clone,test_seen
elevenlabs_1006,vispoofdb_processed/fake/elevenlabs/elevenlabs_1006.wav,fake,elevenlabs,voice_clone,train
elevenlabs_1007,vispoofdb_processed/fake/elevenlabs/elevenlabs_1007.wav,fake,elevenlabs,voice_clone,train
elevenlabs_1008,vispoofdb_processed/fake/elevenlabs/elevenlabs_1008.wav,fake,elevenlabs,voice_clone,train
elevenlabs_1009,vispoofdb_processed/fake/elevenlabs/elevenlabs_1009.wav,fake,elevenlabs,voice_clone,train
elevenlabs_1010,vispoofdb_processed/fake/elevenlabs/elevenlabs_1010.wav,fake,elevenlabs,voice_clone,train
elevenlabs_1011,vispoofdb_processed/fake/elevenlabs/elevenlabs_1011.wav,fake,elevenlabs,voice_clone,train
elevenlabs_1012,vispoofdb_processed/fake/elevenlabs/elevenlabs_1012.wav,fake,elevenlabs,voice_clone,train
elevenlabs_1013,vispoofdb_processed/fake/elevenlabs/elevenlabs_1013.wav,fake,elevenlabs,voice_clone,train
elevenlabs_1014,vispoofdb_processed/fake/elevenlabs/elevenlabs_1014.wav,fake,elevenlabs,voice_clone,test_seen
elevenlabs_1015,vispoofdb_processed/fake/elevenlabs/elevenlabs_1015.wav,fake,elevenlabs,voice_clone,train
elevenlabs_1016,vispoofdb_processed/fake/elevenlabs/elevenlabs_1016.wav,fake,elevenlabs,voice_clone,train
elevenlabs_1017,vispoofdb_processed/fake/elevenlabs/elevenlabs_1017.wav,fake,elevenlabs,voice_clone,train
elevenlabs_1018,vispoofdb_processed/fake/elevenlabs/elevenlabs_1018.wav,fake,elevenlabs,voice_clone,train
elevenlabs_1019,vispoofdb_processed/fake/elevenlabs/elevenlabs_1019.wav,fake,elevenlabs,voice_clone,test_seen
elevenlabs_1020,vispoofdb_processed/fake/elevenlabs/elevenlabs_1020.wav,fake,elevenlabs,voice_clone,train
elevenlabs_1021,vispoofdb_processed/fake/elevenlabs/elevenlabs_1021.wav,fake,elevenlabs,voice_clone,train
elevenlabs_1022,vispoofdb_processed/fake/elevenlabs/elevenlabs_1022.wav,fake,elevenlabs,voice_clone,train
elevenlabs_1023,vispoofdb_processed/fake/elevenlabs/elevenlabs_1023.wav,fake,elevenlabs,voice_clone,train
elevenlabs_1024,vispoofdb_processed/fake/elevenlabs/elevenlabs_1024.wav,fake,elevenlabs,voice_clone,train
elevenlabs_1025,vispoofdb_processed/fake/elevenlabs/elevenlabs_1025.wav,fake,elevenlabs,voice_clone,train
elevenlabs_1026,vispoofdb_processed/fake/elevenlabs/elevenlabs_1026.wav,fake,elevenlabs,voice_clone,train
elevenlabs_1027,vispoofdb_processed/fake/elevenlabs/elevenlabs_1027.wav,fake,elevenlabs,voice_clone,train
elevenlabs_1028,vispoofdb_processed/fake/elevenlabs/elevenlabs_1028.wav,fake,elevenlabs,voice_clone,train
elevenlabs_1029,vispoofdb_processed/fake/elevenlabs/elevenlabs_1029.wav,fake,elevenlabs,voice_clone,train
elevenlabs_1030,vispoofdb_processed/fake/elevenlabs/elevenlabs_1030.wav,fake,elevenlabs,voice_clone,train
elevenlabs_1031,vispoofdb_processed/fake/elevenlabs/elevenlabs_1031.wav,fake,elevenlabs,voice_clone,train
elevenlabs_1032,vispoofdb_processed/fake/elevenlabs/elevenlabs_1032.wav,fake,elevenlabs,voice_clone,train
elevenlabs_1033,vispoofdb_processed/fake/elevenlabs/elevenlabs_1033.wav,fake,elevenlabs,voice_clone,train
elevenlabs_1034,vispoofdb_processed/fake/elevenlabs/elevenlabs_1034.wav,fake,elevenlabs,voice_clone,train
elevenlabs_1035,vispoofdb_processed/fake/elevenlabs/elevenlabs_1035.wav,fake,elevenlabs,voice_clone,train
elevenlabs_1036,vispoofdb_processed/fake/elevenlabs/elevenlabs_1036.wav,fake,elevenlabs,voice_clone,train
elevenlabs_1037,vispoofdb_processed/fake/elevenlabs/elevenlabs_1037.wav,fake,elevenlabs,voice_clone,test_seen
elevenlabs_1038,vispoofdb_processed/fake/elevenlabs/elevenlabs_1038.wav,fake,elevenlabs,voice_clone,train
elevenlabs_1039,vispoofdb_processed/fake/elevenlabs/elevenlabs_1039.mp3,fake,elevenlabs,voice_clone,train
elevenlabs_1040,vispoofdb_processed/fake/elevenlabs/elevenlabs_1040.mp3,fake,elevenlabs,voice_clone,train
elevenlabs_1041,vispoofdb_processed/fake/elevenlabs/elevenlabs_1041.mp3,fake,elevenlabs,voice_clone,train
elevenlabs_1042,vispoofdb_processed/fake/elevenlabs/elevenlabs_1042.mp3,fake,elevenlabs,voice_clone,train
elevenlabs_1043,vispoofdb_processed/fake/elevenlabs/elevenlabs_1043.mp3,fake,elevenlabs,voice_clone,test_seen
elevenlabs_1044,vispoofdb_processed/fake/elevenlabs/elevenlabs_1044.mp3,fake,elevenlabs,voice_clone,train
elevenlabs_1045,vispoofdb_processed/fake/elevenlabs/elevenlabs_1045.mp3,fake,elevenlabs,voice_clone,train
elevenlabs_1046,vispoofdb_processed/fake/elevenlabs/elevenlabs_1046.mp3,fake,elevenlabs,voice_clone,train
elevenlabs_1047,vispoofdb_processed/fake/elevenlabs/elevenlabs_1047.mp3,fake,elevenlabs,voice_clone,train
elevenlabs_1048,vispoofdb_processed/fake/elevenlabs/elevenlabs_1048.mp3,fake,elevenlabs,voice_clone,train
elevenlabs_1049,vispoofdb_processed/fake/elevenlabs/elevenlabs_1049.mp3,fake,elevenlabs,voice_clone,train
elevenlabs_1050,vispoofdb_processed/fake/elevenlabs/elevenlabs_1050.mp3,fake,elevenlabs,voice_clone,train
elevenlabs_1051,vispoofdb_processed/fake/elevenlabs/elevenlabs_1051.mp3,fake,elevenlabs,voice_clone,train
elevenlabs_1052,vispoofdb_processed/fake/elevenlabs/elevenlabs_1052.mp3,fake,elevenlabs,voice_clone,train
elevenlabs_1053,vispoofdb_processed/fake/elevenlabs/elevenlabs_1053.mp3,fake,elevenlabs,voice_clone,train
elevenlabs_1054,vispoofdb_processed/fake/elevenlabs/elevenlabs_1054.mp3,fake,elevenlabs,voice_clone,train
elevenlabs_1055,vispoofdb_processed/fake/elevenlabs/elevenlabs_1055.mp3,fake,elevenlabs,voice_clone,test_seen
elevenlabs_1056,vispoofdb_processed/fake/elevenlabs/elevenlabs_1056.mp3,fake,elevenlabs,voice_clone,train
elevenlabs_1057,vispoofdb_processed/fake/elevenlabs/elevenlabs_1057.mp3,fake,elevenlabs,voice_clone,train
elevenlabs_1058,vispoofdb_processed/fake/elevenlabs/elevenlabs_1058.mp3,fake,elevenlabs,voice_clone,train
elevenlabs_1059,vispoofdb_processed/fake/elevenlabs/elevenlabs_1059.mp3,fake,elevenlabs,voice_clone,train
elevenlabs_1060,vispoofdb_processed/fake/elevenlabs/elevenlabs_1060.mp3,fake,elevenlabs,voice_clone,train
elevenlabs_1061,vispoofdb_processed/fake/elevenlabs/elevenlabs_1061.mp3,fake,elevenlabs,voice_clone,test_seen
elevenlabs_1062,vispoofdb_processed/fake/elevenlabs/elevenlabs_1062.mp3,fake,elevenlabs,voice_clone,test_seen
elevenlabs_1063,vispoofdb_processed/fake/elevenlabs/elevenlabs_1063.mp3,fake,elevenlabs,voice_clone,train
elevenlabs_1064,vispoofdb_processed/fake/elevenlabs/elevenlabs_1064.mp3,fake,elevenlabs,voice_clone,train
elevenlabs_1065,vispoofdb_processed/fake/elevenlabs/elevenlabs_1065.mp3,fake,elevenlabs,voice_clone,test_seen
elevenlabs_1066,vispoofdb_processed/fake/elevenlabs/elevenlabs_1066.mp3,fake,elevenlabs,voice_clone,train
elevenlabs_1067,vispoofdb_processed/fake/elevenlabs/elevenlabs_1067.mp3,fake,elevenlabs,voice_clone,train
elevenlabs_1068,vispoofdb_processed/fake/elevenlabs/elevenlabs_1068.mp3,fake,elevenlabs,voice_clone,train
elevenlabs_1069,vispoofdb_processed/fake/elevenlabs/elevenlabs_1069.mp3,fake,elevenlabs,voice_clone,train
elevenlabs_1070,vispoofdb_processed/fake/elevenlabs/elevenlabs_1070.mp3,fake,elevenlabs,voice_clone,train
elevenlabs_1071,vispoofdb_processed/fake/elevenlabs/elevenlabs_1071.mp3,fake,elevenlabs,voice_clone,train
elevenlabs_1072,vispoofdb_processed/fake/elevenlabs/elevenlabs_1072.mp3,fake,elevenlabs,voice_clone,train
elevenlabs_1073,vispoofdb_processed/fake/elevenlabs/elevenlabs_1073.mp3,fake,elevenlabs,voice_clone,train
elevenlabs_1074,vispoofdb_processed/fake/elevenlabs/elevenlabs_1074.mp3,fake,elevenlabs,voice_clone,train
elevenlabs_1075,vispoofdb_processed/fake/elevenlabs/elevenlabs_1075.mp3,fake,elevenlabs,voice_clone,train
elevenlabs_1076,vispoofdb_processed/fake/elevenlabs/elevenlabs_1076.mp3,fake,elevenlabs,voice_clone,train
elevenlabs_1077,vispoofdb_processed/fake/elevenlabs/elevenlabs_1077.mp3,fake,elevenlabs,voice_clone,train
elevenlabs_1078,vispoofdb_processed/fake/elevenlabs/elevenlabs_1078.mp3,fake,elevenlabs,voice_clone,test_seen
elevenlabs_1079,vispoofdb_processed/fake/elevenlabs/elevenlabs_1079.mp3,fake,elevenlabs,voice_clone,train
elevenlabs_1080,vispoofdb_processed/fake/elevenlabs/elevenlabs_1080.mp3,fake,elevenlabs,voice_clone,train
elevenlabs_1081,vispoofdb_processed/fake/elevenlabs/elevenlabs_1081.mp3,fake,elevenlabs,voice_clone,train
elevenlabs_1082,vispoofdb_processed/fake/elevenlabs/elevenlabs_1082.mp3,fake,elevenlabs,voice_clone,train
elevenlabs_1083,vispoofdb_processed/fake/elevenlabs/elevenlabs_1083.mp3,fake,elevenlabs,voice_clone,train
elevenlabs_1084,vispoofdb_processed/fake/elevenlabs/elevenlabs_1084.mp3,fake,elevenlabs,voice_clone,train
elevenlabs_1085,vispoofdb_processed/fake/elevenlabs/elevenlabs_1085.mp3,fake,elevenlabs,voice_clone,train
elevenlabs_1086,vispoofdb_processed/fake/elevenlabs/elevenlabs_1086.mp3,fake,elevenlabs,voice_clone,test_seen
elevenlabs_1087,vispoofdb_processed/fake/elevenlabs/elevenlabs_1087.mp3,fake,elevenlabs,voice_clone,train
elevenlabs_1088,vispoofdb_processed/fake/elevenlabs/elevenlabs_1088.mp3,fake,elevenlabs,voice_clone,train
elevenlabs_1089,vispoofdb_processed/fake/elevenlabs/elevenlabs_1089.mp3,fake,elevenlabs,voice_clone,train
elevenlabs_1090,vispoofdb_processed/fake/elevenlabs/elevenlabs_1090.mp3,fake,elevenlabs,voice_clone,train
elevenlabs_1091,vispoofdb_processed/fake/elevenlabs/elevenlabs_1091.mp3,fake,elevenlabs,voice_clone,train
elevenlabs_1092,vispoofdb_processed/fake/elevenlabs/elevenlabs_1092.mp3,fake,elevenlabs,voice_clone,train
elevenlabs_1093,vispoofdb_processed/fake/elevenlabs/elevenlabs_1093.mp3,fake,elevenlabs,voice_clone,train
elevenlabs_1094,vispoofdb_processed/fake/elevenlabs/elevenlabs_1094.mp3,fake,elevenlabs,voice_clone,test_seen
elevenlabs_1095,vispoofdb_processed/fake/elevenlabs/elevenlabs_1095.mp3,fake,elevenlabs,voice_clone,train
elevenlabs_1096,vispoofdb_processed/fake/elevenlabs/elevenlabs_1096.mp3,fake,elevenlabs,voice_clone,test_seen
elevenlabs_1097,vispoofdb_processed/fake/elevenlabs/elevenlabs_1097.mp3,fake,elevenlabs,voice_clone,train
elevenlabs_1098,vispoofdb_processed/fake/elevenlabs/elevenlabs_1098.mp3,fake,elevenlabs,voice_clone,train
elevenlabs_1099,vispoofdb_processed/fake/elevenlabs/elevenlabs_1099.mp3,fake,elevenlabs,voice_clone,train
elevenlabs_1100,vispoofdb_processed/fake/elevenlabs/elevenlabs_1100.mp3,fake,elevenlabs,voice_clone,test_seen
elevenlabs_1101,vispoofdb_processed/fake/elevenlabs/elevenlabs_1101.mp3,fake,elevenlabs,voice_clone,train
elevenlabs_1102,vispoofdb_processed/fake/elevenlabs/elevenlabs_1102.mp3,fake,elevenlabs,voice_clone,train
elevenlabs_1103,vispoofdb_processed/fake/elevenlabs/elevenlabs_1103.mp3,fake,elevenlabs,voice_clone,train
elevenlabs_1104,vispoofdb_processed/fake/elevenlabs/elevenlabs_1104.mp3,fake,elevenlabs,voice_clone,train
elevenlabs_1105,vispoofdb_processed/fake/elevenlabs/elevenlabs_1105.mp3,fake,elevenlabs,voice_clone,train
elevenlabs_1106,vispoofdb_processed/fake/elevenlabs/elevenlabs_1106.mp3,fake,elevenlabs,voice_clone,train
elevenlabs_1107,vispoofdb_processed/fake/elevenlabs/elevenlabs_1107.mp3,fake,elevenlabs,voice_clone,train
elevenlabs_1108,vispoofdb_processed/fake/elevenlabs/elevenlabs_1108.mp3,fake,elevenlabs,voice_clone,train
elevenlabs_1109,vispoofdb_processed/fake/elevenlabs/elevenlabs_1109.mp3,fake,elevenlabs,voice_clone,train
elevenlabs_1110,vispoofdb_processed/fake/elevenlabs/elevenlabs_1110.mp3,fake,elevenlabs,voice_clone,train
elevenlabs_1111,vispoofdb_processed/fake/elevenlabs/elevenlabs_1111.mp3,fake,elevenlabs,voice_clone,train
elevenlabs_1112,vispoofdb_processed/fake/elevenlabs/elevenlabs_1112.mp3,fake,elevenlabs,voice_clone,train
elevenlabs_1113,vispoofdb_processed/fake/elevenlabs/elevenlabs_1113.mp3,fake,elevenlabs,voice_clone,train
elevenlabs_1114,vispoofdb_processed/fake/elevenlabs/elevenlabs_1114.mp3,fake,elevenlabs,voice_clone,train
elevenlabs_1115,vispoofdb_processed/fake/elevenlabs/elevenlabs_1115.mp3,fake,elevenlabs,voice_clone,train
elevenlabs_1116,vispoofdb_processed/fake/elevenlabs/elevenlabs_1116.mp3,fake,elevenlabs,voice_clone,train
elevenlabs_1117,vispoofdb_processed/fake/elevenlabs/elevenlabs_1117.mp3,fake,elevenlabs,voice_clone,train
elevenlabs_1118,vispoofdb_processed/fake/elevenlabs/elevenlabs_1118.mp3,fake,elevenlabs,voice_clone,train
elevenlabs_1119,vispoofdb_processed/fake/elevenlabs/elevenlabs_1119.mp3,fake,elevenlabs,voice_clone,train
elevenlabs_1120,vispoofdb_processed/fake/elevenlabs/elevenlabs_1120.mp3,fake,elevenlabs,voice_clone,train
elevenlabs_1121,vispoofdb_processed/fake/elevenlabs/elevenlabs_1121.mp3,fake,elevenlabs,voice_clone,train
elevenlabs_1122,vispoofdb_processed/fake/elevenlabs/elevenlabs_1122.mp3,fake,elevenlabs,voice_clone,train
elevenlabs_1123,vispoofdb_processed/fake/elevenlabs/elevenlabs_1123.mp3,fake,elevenlabs,voice_clone,train
elevenlabs_1124,vispoofdb_processed/fake/elevenlabs/elevenlabs_1124.mp3,fake,elevenlabs,voice_clone,test_seen
elevenlabs_1125,vispoofdb_processed/fake/elevenlabs/elevenlabs_1125.mp3,fake,elevenlabs,voice_clone,train
elevenlabs_1126,vispoofdb_processed/fake/elevenlabs/elevenlabs_1126.mp3,fake,elevenlabs,voice_clone,test_seen
elevenlabs_1127,vispoofdb_processed/fake/elevenlabs/elevenlabs_1127.mp3,fake,elevenlabs,voice_clone,test_seen
elevenlabs_1128,vispoofdb_processed/fake/elevenlabs/elevenlabs_1128.mp3,fake,elevenlabs,voice_clone,train
elevenlabs_1129,vispoofdb_processed/fake/elevenlabs/elevenlabs_1129.mp3,fake,elevenlabs,voice_clone,train
elevenlabs_1130,vispoofdb_processed/fake/elevenlabs/elevenlabs_1130.mp3,fake,elevenlabs,voice_clone,train
elevenlabs_1131,vispoofdb_processed/fake/elevenlabs/elevenlabs_1131.mp3,fake,elevenlabs,voice_clone,train
elevenlabs_1132,vispoofdb_processed/fake/elevenlabs/elevenlabs_1132.mp3,fake,elevenlabs,voice_clone,test_seen
elevenlabs_1133,vispoofdb_processed/fake/elevenlabs/elevenlabs_1133.mp3,fake,elevenlabs,voice_clone,train
elevenlabs_1134,vispoofdb_processed/fake/elevenlabs/elevenlabs_1134.mp3,fake,elevenlabs,voice_clone,train
elevenlabs_1135,vispoofdb_processed/fake/elevenlabs/elevenlabs_1135.mp3,fake,elevenlabs,voice_clone,train
elevenlabs_1136,vispoofdb_processed/fake/elevenlabs/elevenlabs_1136.mp3,fake,elevenlabs,voice_clone,test_seen
elevenlabs_1137,vispoofdb_processed/fake/elevenlabs/elevenlabs_1137.mp3,fake,elevenlabs,voice_clone,train
elevenlabs_1138,vispoofdb_processed/fake/elevenlabs/elevenlabs_1138.mp3,fake,elevenlabs,voice_clone,train
elevenlabs_1139,vispoofdb_processed/fake/elevenlabs/elevenlabs_1139.mp3,fake,elevenlabs,voice_clone,train
elevenlabs_1140,vispoofdb_processed/fake/elevenlabs/elevenlabs_1140.mp3,fake,elevenlabs,voice_clone,train
elevenlabs_1141,vispoofdb_processed/fake/elevenlabs/elevenlabs_1141.mp3,fake,elevenlabs,voice_clone,train
elevenlabs_1142,vispoofdb_processed/fake/elevenlabs/elevenlabs_1142.mp3,fake,elevenlabs,voice_clone,train
elevenlabs_1143,vispoofdb_processed/fake/elevenlabs/elevenlabs_1143.mp3,fake,elevenlabs,voice_clone,test_seen
elevenlabs_1144,vispoofdb_processed/fake/elevenlabs/elevenlabs_1144.mp3,fake,elevenlabs,voice_clone,train
elevenlabs_1145,vispoofdb_processed/fake/elevenlabs/elevenlabs_1145.mp3,fake,elevenlabs,voice_clone,train
elevenlabs_1146,vispoofdb_processed/fake/elevenlabs/elevenlabs_1146.mp3,fake,elevenlabs,voice_clone,train
elevenlabs_1147,vispoofdb_processed/fake/elevenlabs/elevenlabs_1147.mp3,fake,elevenlabs,voice_clone,train
elevenlabs_1148,vispoofdb_processed/fake/elevenlabs/elevenlabs_1148.mp3,fake,elevenlabs,voice_clone,train
elevenlabs_1149,vispoofdb_processed/fake/elevenlabs/elevenlabs_1149.mp3,fake,elevenlabs,voice_clone,test_seen
elevenlabs_1150,vispoofdb_processed/fake/elevenlabs/elevenlabs_1150.mp3,fake,elevenlabs,voice_clone,train
elevenlabs_1151,vispoofdb_processed/fake/elevenlabs/elevenlabs_1151.mp3,fake,elevenlabs,voice_clone,train
elevenlabs_1152,vispoofdb_processed/fake/elevenlabs/elevenlabs_1152.mp3,fake,elevenlabs,voice_clone,train
elevenlabs_1153,vispoofdb_processed/fake/elevenlabs/elevenlabs_1153.mp3,fake,elevenlabs,voice_clone,train
elevenlabs_1154,vispoofdb_processed/fake/elevenlabs/elevenlabs_1154.mp3,fake,elevenlabs,voice_clone,train
elevenlabs_1155,vispoofdb_processed/fake/elevenlabs/elevenlabs_1155.mp3,fake,elevenlabs,voice_clone,train
elevenlabs_1156,vispoofdb_processed/fake/elevenlabs/elevenlabs_1156.mp3,fake,elevenlabs,voice_clone,train
elevenlabs_1157,vispoofdb_processed/fake/elevenlabs/elevenlabs_1157.mp3,fake,elevenlabs,voice_clone,train
elevenlabs_1158,vispoofdb_processed/fake/elevenlabs/elevenlabs_1158.mp3,fake,elevenlabs,voice_clone,train
elevenlabs_1159,vispoofdb_processed/fake/elevenlabs/elevenlabs_1159.mp3,fake,elevenlabs,voice_clone,train
elevenlabs_1160,vispoofdb_processed/fake/elevenlabs/elevenlabs_1160.mp3,fake,elevenlabs,voice_clone,train
elevenlabs_1161,vispoofdb_processed/fake/elevenlabs/elevenlabs_1161.mp3,fake,elevenlabs,voice_clone,train
elevenlabs_1162,vispoofdb_processed/fake/elevenlabs/elevenlabs_1162.mp3,fake,elevenlabs,voice_clone,test_seen
elevenlabs_1163,vispoofdb_processed/fake/elevenlabs/elevenlabs_1163.mp3,fake,elevenlabs,voice_clone,test_seen
elevenlabs_1164,vispoofdb_processed/fake/elevenlabs/elevenlabs_1164.mp3,fake,elevenlabs,voice_clone,train
elevenlabs_1165,vispoofdb_processed/fake/elevenlabs/elevenlabs_1165.mp3,fake,elevenlabs,voice_clone,train
elevenlabs_1166,vispoofdb_processed/fake/elevenlabs/elevenlabs_1166.mp3,fake,elevenlabs,voice_clone,train
elevenlabs_1167,vispoofdb_processed/fake/elevenlabs/elevenlabs_1167.mp3,fake,elevenlabs,voice_clone,train
elevenlabs_1168,vispoofdb_processed/fake/elevenlabs/elevenlabs_1168.mp3,fake,elevenlabs,voice_clone,test_seen
elevenlabs_1169,vispoofdb_processed/fake/elevenlabs/elevenlabs_1169.mp3,fake,elevenlabs,voice_clone,train
elevenlabs_1170,vispoofdb_processed/fake/elevenlabs/elevenlabs_1170.mp3,fake,elevenlabs,voice_clone,train
elevenlabs_1171,vispoofdb_processed/fake/elevenlabs/elevenlabs_1171.mp3,fake,elevenlabs,voice_clone,test_seen
elevenlabs_1172,vispoofdb_processed/fake/elevenlabs/elevenlabs_1172.mp3,fake,elevenlabs,voice_clone,train
elevenlabs_1173,vispoofdb_processed/fake/elevenlabs/elevenlabs_1173.mp3,fake,elevenlabs,voice_clone,train
elevenlabs_1174,vispoofdb_processed/fake/elevenlabs/elevenlabs_1174.mp3,fake,elevenlabs,voice_clone,train
elevenlabs_1175,vispoofdb_processed/fake/elevenlabs/elevenlabs_1175.mp3,fake,elevenlabs,voice_clone,train
elevenlabs_1176,vispoofdb_processed/fake/elevenlabs/elevenlabs_1176.mp3,fake,elevenlabs,voice_clone,test_seen
elevenlabs_1177,vispoofdb_processed/fake/elevenlabs/elevenlabs_1177.mp3,fake,elevenlabs,voice_clone,train
elevenlabs_1178,vispoofdb_processed/fake/elevenlabs/elevenlabs_1178.mp3,fake,elevenlabs,voice_clone,train
elevenlabs_1179,vispoofdb_processed/fake/elevenlabs/elevenlabs_1179.mp3,fake,elevenlabs,voice_clone,train
elevenlabs_1180,vispoofdb_processed/fake/elevenlabs/elevenlabs_1180.mp3,fake,elevenlabs,voice_clone,train
elevenlabs_1181,vispoofdb_processed/fake/elevenlabs/elevenlabs_1181.mp3,fake,elevenlabs,voice_clone,train
elevenlabs_1182,vispoofdb_processed/fake/elevenlabs/elevenlabs_1182.mp3,fake,elevenlabs,voice_clone,train
elevenlabs_1183,vispoofdb_processed/fake/elevenlabs/elevenlabs_1183.mp3,fake,elevenlabs,voice_clone,train
elevenlabs_1184,vispoofdb_processed/fake/elevenlabs/elevenlabs_1184.mp3,fake,elevenlabs,voice_clone,train
elevenlabs_1185,vispoofdb_processed/fake/elevenlabs/elevenlabs_1185.mp3,fake,elevenlabs,voice_clone,test_seen
elevenlabs_1186,vispoofdb_processed/fake/elevenlabs/elevenlabs_1186.mp3,fake,elevenlabs,voice_clone,test_seen
elevenlabs_1187,vispoofdb_processed/fake/elevenlabs/elevenlabs_1187.mp3,fake,elevenlabs,voice_clone,train
elevenlabs_1188,vispoofdb_processed/fake/elevenlabs/elevenlabs_1188.mp3,fake,elevenlabs,voice_clone,train
elevenlabs_1189,vispoofdb_processed/fake/elevenlabs/elevenlabs_1189.mp3,fake,elevenlabs,voice_clone,train
elevenlabs_1190,vispoofdb_processed/fake/elevenlabs/elevenlabs_1190.mp3,fake,elevenlabs,voice_clone,train
elevenlabs_1191,vispoofdb_processed/fake/elevenlabs/elevenlabs_1191.mp3,fake,elevenlabs,voice_clone,test_seen
elevenlabs_1192,vispoofdb_processed/fake/elevenlabs/elevenlabs_1192.mp3,fake,elevenlabs,voice_clone,train
elevenlabs_1193,vispoofdb_processed/fake/elevenlabs/elevenlabs_1193.mp3,fake,elevenlabs,voice_clone,test_seen
elevenlabs_1194,vispoofdb_processed/fake/elevenlabs/elevenlabs_1194.mp3,fake,elevenlabs,voice_clone,train
elevenlabs_1195,vispoofdb_processed/fake/elevenlabs/elevenlabs_1195.mp3,fake,elevenlabs,voice_clone,train
elevenlabs_1196,vispoofdb_processed/fake/elevenlabs/elevenlabs_1196.mp3,fake,elevenlabs,voice_clone,train
fptai_0000,vispoofdb_processed/fake/fptai/fptai_0000.wav,fake,fptai,neural_tts_commercial,test_seen
fptai_0001,vispoofdb_processed/fake/fptai/fptai_0001.wav,fake,fptai,neural_tts_commercial,train
fptai_0002,vispoofdb_processed/fake/fptai/fptai_0002.wav,fake,fptai,neural_tts_commercial,train
fptai_0003,vispoofdb_processed/fake/fptai/fptai_0003.wav,fake,fptai,neural_tts_commercial,train
fptai_0004,vispoofdb_processed/fake/fptai/fptai_0004.wav,fake,fptai,neural_tts_commercial,train
fptai_0005,vispoofdb_processed/fake/fptai/fptai_0005.wav,fake,fptai,neural_tts_commercial,train
fptai_0006,vispoofdb_processed/fake/fptai/fptai_0006.wav,fake,fptai,neural_tts_commercial,train
fptai_0007,vispoofdb_processed/fake/fptai/fptai_0007.wav,fake,fptai,neural_tts_commercial,train
fptai_0008,vispoofdb_processed/fake/fptai/fptai_0008.wav,fake,fptai,neural_tts_commercial,train
fptai_0009,vispoofdb_processed/fake/fptai/fptai_0009.wav,fake,fptai,neural_tts_commercial,train
fptai_0010,vispoofdb_processed/fake/fptai/fptai_0010.wav,fake,fptai,neural_tts_commercial,train
fptai_0011,vispoofdb_processed/fake/fptai/fptai_0011.wav,fake,fptai,neural_tts_commercial,train
fptai_0012,vispoofdb_processed/fake/fptai/fptai_0012.wav,fake,fptai,neural_tts_commercial,train
fptai_0013,vispoofdb_processed/fake/fptai/fptai_0013.wav,fake,fptai,neural_tts_commercial,train
fptai_0014,vispoofdb_processed/fake/fptai/fptai_0014.wav,fake,fptai,neural_tts_commercial,train
fptai_0015,vispoofdb_processed/fake/fptai/fptai_0015.wav,fake,fptai,neural_tts_commercial,train
fptai_0016,vispoofdb_processed/fake/fptai/fptai_0016.wav,fake,fptai,neural_tts_commercial,train
fptai_0017,vispoofdb_processed/fake/fptai/fptai_0017.wav,fake,fptai,neural_tts_commercial,train
fptai_0018,vispoofdb_processed/fake/fptai/fptai_0018.wav,fake,fptai,neural_tts_commercial,train
fptai_0019,vispoofdb_processed/fake/fptai/fptai_0019.wav,fake,fptai,neural_tts_commercial,train
fptai_0020,vispoofdb_processed/fake/fptai/fptai_0020.wav,fake,fptai,neural_tts_commercial,train
fptai_0021,vispoofdb_processed/fake/fptai/fptai_0021.wav,fake,fptai,neural_tts_commercial,train
fptai_0022,vispoofdb_processed/fake/fptai/fptai_0022.wav,fake,fptai,neural_tts_commercial,train
fptai_0023,vispoofdb_processed/fake/fptai/fptai_0023.wav,fake,fptai,neural_tts_commercial,train
fptai_0024,vispoofdb_processed/fake/fptai/fptai_0024.wav,fake,fptai,neural_tts_commercial,train
fptai_0025,vispoofdb_processed/fake/fptai/fptai_0025.wav,fake,fptai,neural_tts_commercial,train
fptai_0026,vispoofdb_processed/fake/fptai/fptai_0026.wav,fake,fptai,neural_tts_commercial,train
fptai_0027,vispoofdb_processed/fake/fptai/fptai_0027.wav,fake,fptai,neural_tts_commercial,train
fptai_0028,vispoofdb_processed/fake/fptai/fptai_0028.wav,fake,fptai,neural_tts_commercial,train
fptai_0029,vispoofdb_processed/fake/fptai/fptai_0029.wav,fake,fptai,neural_tts_commercial,train
fptai_0030,vispoofdb_processed/fake/fptai/fptai_0030.wav,fake,fptai,neural_tts_commercial,test_seen
fptai_0031,vispoofdb_processed/fake/fptai/fptai_0031.wav,fake,fptai,neural_tts_commercial,train
fptai_0032,vispoofdb_processed/fake/fptai/fptai_0032.wav,fake,fptai,neural_tts_commercial,train
fptai_0033,vispoofdb_processed/fake/fptai/fptai_0033.wav,fake,fptai,neural_tts_commercial,train
fptai_0034,vispoofdb_processed/fake/fptai/fptai_0034.wav,fake,fptai,neural_tts_commercial,train
fptai_0035,vispoofdb_processed/fake/fptai/fptai_0035.wav,fake,fptai,neural_tts_commercial,train
fptai_0036,vispoofdb_processed/fake/fptai/fptai_0036.wav,fake,fptai,neural_tts_commercial,test_seen
fptai_0037,vispoofdb_processed/fake/fptai/fptai_0037.wav,fake,fptai,neural_tts_commercial,train
fptai_0038,vispoofdb_processed/fake/fptai/fptai_0038.wav,fake,fptai,neural_tts_commercial,test_seen
fptai_0039,vispoofdb_processed/fake/fptai/fptai_0039.wav,fake,fptai,neural_tts_commercial,train
fptai_0040,vispoofdb_processed/fake/fptai/fptai_0040.wav,fake,fptai,neural_tts_commercial,train
fptai_0041,vispoofdb_processed/fake/fptai/fptai_0041.wav,fake,fptai,neural_tts_commercial,train
fptai_0042,vispoofdb_processed/fake/fptai/fptai_0042.wav,fake,fptai,neural_tts_commercial,train
fptai_0043,vispoofdb_processed/fake/fptai/fptai_0043.wav,fake,fptai,neural_tts_commercial,train
fptai_0044,vispoofdb_processed/fake/fptai/fptai_0044.wav,fake,fptai,neural_tts_commercial,train
fptai_0045,vispoofdb_processed/fake/fptai/fptai_0045.wav,fake,fptai,neural_tts_commercial,train
fptai_0046,vispoofdb_processed/fake/fptai/fptai_0046.wav,fake,fptai,neural_tts_commercial,test_seen
fptai_0047,vispoofdb_processed/fake/fptai/fptai_0047.wav,fake,fptai,neural_tts_commercial,test_seen
fptai_0048,vispoofdb_processed/fake/fptai/fptai_0048.wav,fake,fptai,neural_tts_commercial,train
fptai_0049,vispoofdb_processed/fake/fptai/fptai_0049.wav,fake,fptai,neural_tts_commercial,train
fptai_0050,vispoofdb_processed/fake/fptai/fptai_0050.wav,fake,fptai,neural_tts_commercial,train
fptai_0051,vispoofdb_processed/fake/fptai/fptai_0051.wav,fake,fptai,neural_tts_commercial,train
fptai_0052,vispoofdb_processed/fake/fptai/fptai_0052.wav,fake,fptai,neural_tts_commercial,test_seen
fptai_0053,vispoofdb_processed/fake/fptai/fptai_0053.wav,fake,fptai,neural_tts_commercial,train
fptai_0054,vispoofdb_processed/fake/fptai/fptai_0054.wav,fake,fptai,neural_tts_commercial,train
fptai_0055,vispoofdb_processed/fake/fptai/fptai_0055.wav,fake,fptai,neural_tts_commercial,train
fptai_0056,vispoofdb_processed/fake/fptai/fptai_0056.wav,fake,fptai,neural_tts_commercial,train
fptai_0057,vispoofdb_processed/fake/fptai/fptai_0057.wav,fake,fptai,neural_tts_commercial,test_seen
fptai_0058,vispoofdb_processed/fake/fptai/fptai_0058.wav,fake,fptai,neural_tts_commercial,test_seen
fptai_0059,vispoofdb_processed/fake/fptai/fptai_0059.wav,fake,fptai,neural_tts_commercial,train
fptai_0060,vispoofdb_processed/fake/fptai/fptai_0060.wav,fake,fptai,neural_tts_commercial,train
fptai_0061,vispoofdb_processed/fake/fptai/fptai_0061.wav,fake,fptai,neural_tts_commercial,train
fptai_0062,vispoofdb_processed/fake/fptai/fptai_0062.wav,fake,fptai,neural_tts_commercial,train
fptai_0063,vispoofdb_processed/fake/fptai/fptai_0063.wav,fake,fptai,neural_tts_commercial,train
fptai_0064,vispoofdb_processed/fake/fptai/fptai_0064.wav,fake,fptai,neural_tts_commercial,train
fptai_0065,vispoofdb_processed/fake/fptai/fptai_0065.wav,fake,fptai,neural_tts_commercial,train
fptai_0066,vispoofdb_processed/fake/fptai/fptai_0066.wav,fake,fptai,neural_tts_commercial,train
fptai_0067,vispoofdb_processed/fake/fptai/fptai_0067.wav,fake,fptai,neural_tts_commercial,train
fptai_0068,vispoofdb_processed/fake/fptai/fptai_0068.wav,fake,fptai,neural_tts_commercial,train
fptai_0069,vispoofdb_processed/fake/fptai/fptai_0069.wav,fake,fptai,neural_tts_commercial,train
fptai_0070,vispoofdb_processed/fake/fptai/fptai_0070.wav,fake,fptai,neural_tts_commercial,train
fptai_0071,vispoofdb_processed/fake/fptai/fptai_0071.wav,fake,fptai,neural_tts_commercial,train
fptai_0072,vispoofdb_processed/fake/fptai/fptai_0072.wav,fake,fptai,neural_tts_commercial,train
fptai_0073,vispoofdb_processed/fake/fptai/fptai_0073.wav,fake,fptai,neural_tts_commercial,train
fptai_0074,vispoofdb_processed/fake/fptai/fptai_0074.wav,fake,fptai,neural_tts_commercial,train
fptai_0075,vispoofdb_processed/fake/fptai/fptai_0075.wav,fake,fptai,neural_tts_commercial,test_seen
fptai_0076,vispoofdb_processed/fake/fptai/fptai_0076.wav,fake,fptai,neural_tts_commercial,train
fptai_0077,vispoofdb_processed/fake/fptai/fptai_0077.wav,fake,fptai,neural_tts_commercial,train
fptai_0078,vispoofdb_processed/fake/fptai/fptai_0078.wav,fake,fptai,neural_tts_commercial,train
fptai_0079,vispoofdb_processed/fake/fptai/fptai_0079.wav,fake,fptai,neural_tts_commercial,train
fptai_0080,vispoofdb_processed/fake/fptai/fptai_0080.wav,fake,fptai,neural_tts_commercial,train
fptai_0081,vispoofdb_processed/fake/fptai/fptai_0081.wav,fake,fptai,neural_tts_commercial,train
fptai_0082,vispoofdb_processed/fake/fptai/fptai_0082.wav,fake,fptai,neural_tts_commercial,test_seen
fptai_0083,vispoofdb_processed/fake/fptai/fptai_0083.wav,fake,fptai,neural_tts_commercial,train
fptai_0084,vispoofdb_processed/fake/fptai/fptai_0084.wav,fake,fptai,neural_tts_commercial,train
fptai_0085,vispoofdb_processed/fake/fptai/fptai_0085.wav,fake,fptai,neural_tts_commercial,test_seen
fptai_0086,vispoofdb_processed/fake/fptai/fptai_0086.wav,fake,fptai,neural_tts_commercial,train
fptai_0087,vispoofdb_processed/fake/fptai/fptai_0087.wav,fake,fptai,neural_tts_commercial,train
fptai_0088,vispoofdb_processed/fake/fptai/fptai_0088.wav,fake,fptai,neural_tts_commercial,test_seen
fptai_0089,vispoofdb_processed/fake/fptai/fptai_0089.wav,fake,fptai,neural_tts_commercial,train
fptai_0090,vispoofdb_processed/fake/fptai/fptai_0090.wav,fake,fptai,neural_tts_commercial,train
fptai_0091,vispoofdb_processed/fake/fptai/fptai_0091.wav,fake,fptai,neural_tts_commercial,train
fptai_0092,vispoofdb_processed/fake/fptai/fptai_0092.wav,fake,fptai,neural_tts_commercial,test_seen
fptai_0093,vispoofdb_processed/fake/fptai/fptai_0093.wav,fake,fptai,neural_tts_commercial,test_seen
fptai_0094,vispoofdb_processed/fake/fptai/fptai_0094.wav,fake,fptai,neural_tts_commercial,test_seen
fptai_0095,vispoofdb_processed/fake/fptai/fptai_0095.wav,fake,fptai,neural_tts_commercial,train
fptai_0096,vispoofdb_processed/fake/fptai/fptai_0096.wav,fake,fptai,neural_tts_commercial,train
fptai_0097,vispoofdb_processed/fake/fptai/fptai_0097.wav,fake,fptai,neural_tts_commercial,train
fptai_0098,vispoofdb_processed/fake/fptai/fptai_0098.wav,fake,fptai,neural_tts_commercial,train
fptai_0099,vispoofdb_processed/fake/fptai/fptai_0099.wav,fake,fptai,neural_tts_commercial,train
fptai_0100,vispoofdb_processed/fake/fptai/fptai_0100.wav,fake,fptai,neural_tts_commercial,train
fptai_0101,vispoofdb_processed/fake/fptai/fptai_0101.wav,fake,fptai,neural_tts_commercial,train
fptai_0102,vispoofdb_processed/fake/fptai/fptai_0102.wav,fake,fptai,neural_tts_commercial,train
fptai_0103,vispoofdb_processed/fake/fptai/fptai_0103.wav,fake,fptai,neural_tts_commercial,train
fptai_0104,vispoofdb_processed/fake/fptai/fptai_0104.wav,fake,fptai,neural_tts_commercial,train
fptai_0105,vispoofdb_processed/fake/fptai/fptai_0105.wav,fake,fptai,neural_tts_commercial,test_seen
fptai_0106,vispoofdb_processed/fake/fptai/fptai_0106.wav,fake,fptai,neural_tts_commercial,train
fptai_0107,vispoofdb_processed/fake/fptai/fptai_0107.wav,fake,fptai,neural_tts_commercial,test_seen
fptai_0108,vispoofdb_processed/fake/fptai/fptai_0108.wav,fake,fptai,neural_tts_commercial,train
fptai_0109,vispoofdb_processed/fake/fptai/fptai_0109.wav,fake,fptai,neural_tts_commercial,train
fptai_0110,vispoofdb_processed/fake/fptai/fptai_0110.wav,fake,fptai,neural_tts_commercial,train
fptai_0111,vispoofdb_processed/fake/fptai/fptai_0111.wav,fake,fptai,neural_tts_commercial,test_seen
fptai_0112,vispoofdb_processed/fake/fptai/fptai_0112.wav,fake,fptai,neural_tts_commercial,train
fptai_0113,vispoofdb_processed/fake/fptai/fptai_0113.wav,fake,fptai,neural_tts_commercial,train
fptai_0114,vispoofdb_processed/fake/fptai/fptai_0114.wav,fake,fptai,neural_tts_commercial,test_seen
fptai_0115,vispoofdb_processed/fake/fptai/fptai_0115.wav,fake,fptai,neural_tts_commercial,train
fptai_0116,vispoofdb_processed/fake/fptai/fptai_0116.wav,fake,fptai,neural_tts_commercial,train
fptai_0117,vispoofdb_processed/fake/fptai/fptai_0117.wav,fake,fptai,neural_tts_commercial,train
fptai_0118,vispoofdb_processed/fake/fptai/fptai_0118.wav,fake,fptai,neural_tts_commercial,train
fptai_0119,vispoofdb_processed/fake/fptai/fptai_0119.wav,fake,fptai,neural_tts_commercial,train
fptai_0120,vispoofdb_processed/fake/fptai/fptai_0120.wav,fake,fptai,neural_tts_commercial,train
fptai_0121,vispoofdb_processed/fake/fptai/fptai_0121.wav,fake,fptai,neural_tts_commercial,train
fptai_0122,vispoofdb_processed/fake/fptai/fptai_0122.wav,fake,fptai,neural_tts_commercial,train
fptai_0123,vispoofdb_processed/fake/fptai/fptai_0123.wav,fake,fptai,neural_tts_commercial,train
fptai_0124,vispoofdb_processed/fake/fptai/fptai_0124.wav,fake,fptai,neural_tts_commercial,train
fptai_0125,vispoofdb_processed/fake/fptai/fptai_0125.wav,fake,fptai,neural_tts_commercial,train
fptai_0126,vispoofdb_processed/fake/fptai/fptai_0126.wav,fake,fptai,neural_tts_commercial,train
fptai_0127,vispoofdb_processed/fake/fptai/fptai_0127.wav,fake,fptai,neural_tts_commercial,test_seen
fptai_0128,vispoofdb_processed/fake/fptai/fptai_0128.wav,fake,fptai,neural_tts_commercial,train
fptai_0129,vispoofdb_processed/fake/fptai/fptai_0129.wav,fake,fptai,neural_tts_commercial,train
fptai_0130,vispoofdb_processed/fake/fptai/fptai_0130.wav,fake,fptai,neural_tts_commercial,train
fptai_0131,vispoofdb_processed/fake/fptai/fptai_0131.wav,fake,fptai,neural_tts_commercial,train
fptai_0132,vispoofdb_processed/fake/fptai/fptai_0132.wav,fake,fptai,neural_tts_commercial,train
fptai_0133,vispoofdb_processed/fake/fptai/fptai_0133.wav,fake,fptai,neural_tts_commercial,train
fptai_0134,vispoofdb_processed/fake/fptai/fptai_0134.wav,fake,fptai,neural_tts_commercial,train
fptai_0135,vispoofdb_processed/fake/fptai/fptai_0135.wav,fake,fptai,neural_tts_commercial,train
fptai_0136,vispoofdb_processed/fake/fptai/fptai_0136.wav,fake,fptai,neural_tts_commercial,train
fptai_0137,vispoofdb_processed/fake/fptai/fptai_0137.wav,fake,fptai,neural_tts_commercial,train
fptai_0138,vispoofdb_processed/fake/fptai/fptai_0138.wav,fake,fptai,neural_tts_commercial,train
fptai_0139,vispoofdb_processed/fake/fptai/fptai_0139.wav,fake,fptai,neural_tts_commercial,train
fptai_0140,vispoofdb_processed/fake/fptai/fptai_0140.wav,fake,fptai,neural_tts_commercial,test_seen
fptai_0141,vispoofdb_processed/fake/fptai/fptai_0141.wav,fake,fptai,neural_tts_commercial,test_seen
fptai_0142,vispoofdb_processed/fake/fptai/fptai_0142.wav,fake,fptai,neural_tts_commercial,test_seen
fptai_0143,vispoofdb_processed/fake/fptai/fptai_0143.wav,fake,fptai,neural_tts_commercial,train
fptai_0144,vispoofdb_processed/fake/fptai/fptai_0144.wav,fake,fptai,neural_tts_commercial,train
fptai_0145,vispoofdb_processed/fake/fptai/fptai_0145.wav,fake,fptai,neural_tts_commercial,train
fptai_0146,vispoofdb_processed/fake/fptai/fptai_0146.wav,fake,fptai,neural_tts_commercial,train
fptai_0147,vispoofdb_processed/fake/fptai/fptai_0147.wav,fake,fptai,neural_tts_commercial,train
fptai_0148,vispoofdb_processed/fake/fptai/fptai_0148.wav,fake,fptai,neural_tts_commercial,train
fptai_0149,vispoofdb_processed/fake/fptai/fptai_0149.wav,fake,fptai,neural_tts_commercial,test_seen
fptai_0150,vispoofdb_processed/fake/fptai/fptai_0150.wav,fake,fptai,neural_tts_commercial,train
fptai_0151,vispoofdb_processed/fake/fptai/fptai_0151.wav,fake,fptai,neural_tts_commercial,train
fptai_0152,vispoofdb_processed/fake/fptai/fptai_0152.wav,fake,fptai,neural_tts_commercial,train
fptai_0153,vispoofdb_processed/fake/fptai/fptai_0153.wav,fake,fptai,neural_tts_commercial,train
fptai_0154,vispoofdb_processed/fake/fptai/fptai_0154.wav,fake,fptai,neural_tts_commercial,test_seen
fptai_0155,vispoofdb_processed/fake/fptai/fptai_0155.wav,fake,fptai,neural_tts_commercial,train
fptai_0156,vispoofdb_processed/fake/fptai/fptai_0156.wav,fake,fptai,neural_tts_commercial,train
fptai_0157,vispoofdb_processed/fake/fptai/fptai_0157.wav,fake,fptai,neural_tts_commercial,train
fptai_0158,vispoofdb_processed/fake/fptai/fptai_0158.wav,fake,fptai,neural_tts_commercial,train
fptai_0159,vispoofdb_processed/fake/fptai/fptai_0159.wav,fake,fptai,neural_tts_commercial,test_seen
fptai_0160,vispoofdb_processed/fake/fptai/fptai_0160.wav,fake,fptai,neural_tts_commercial,test_seen
fptai_0161,vispoofdb_processed/fake/fptai/fptai_0161.wav,fake,fptai,neural_tts_commercial,test_seen
fptai_0162,vispoofdb_processed/fake/fptai/fptai_0162.wav,fake,fptai,neural_tts_commercial,train
fptai_0163,vispoofdb_processed/fake/fptai/fptai_0163.wav,fake,fptai,neural_tts_commercial,test_seen
fptai_0164,vispoofdb_processed/fake/fptai/fptai_0164.wav,fake,fptai,neural_tts_commercial,train
fptai_0165,vispoofdb_processed/fake/fptai/fptai_0165.wav,fake,fptai,neural_tts_commercial,train
fptai_0166,vispoofdb_processed/fake/fptai/fptai_0166.wav,fake,fptai,neural_tts_commercial,test_seen
fptai_0167,vispoofdb_processed/fake/fptai/fptai_0167.wav,fake,fptai,neural_tts_commercial,train
fptai_0168,vispoofdb_processed/fake/fptai/fptai_0168.wav,fake,fptai,neural_tts_commercial,test_seen
fptai_0169,vispoofdb_processed/fake/fptai/fptai_0169.wav,fake,fptai,neural_tts_commercial,train
fptai_0170,vispoofdb_processed/fake/fptai/fptai_0170.wav,fake,fptai,neural_tts_commercial,train
fptai_0171,vispoofdb_processed/fake/fptai/fptai_0171.wav,fake,fptai,neural_tts_commercial,test_seen
fptai_0172,vispoofdb_processed/fake/fptai/fptai_0172.wav,fake,fptai,neural_tts_commercial,train
fptai_0173,vispoofdb_processed/fake/fptai/fptai_0173.wav,fake,fptai,neural_tts_commercial,train
fptai_0174,vispoofdb_processed/fake/fptai/fptai_0174.wav,fake,fptai,neural_tts_commercial,train
fptai_0175,vispoofdb_processed/fake/fptai/fptai_0175.wav,fake,fptai,neural_tts_commercial,train
fptai_0176,vispoofdb_processed/fake/fptai/fptai_0176.wav,fake,fptai,neural_tts_commercial,train
fptai_0177,vispoofdb_processed/fake/fptai/fptai_0177.wav,fake,fptai,neural_tts_commercial,train
fptai_0178,vispoofdb_processed/fake/fptai/fptai_0178.wav,fake,fptai,neural_tts_commercial,train
fptai_0179,vispoofdb_processed/fake/fptai/fptai_0179.wav,fake,fptai,neural_tts_commercial,train
fptai_0180,vispoofdb_processed/fake/fptai/fptai_0180.wav,fake,fptai,neural_tts_commercial,train
fptai_0181,vispoofdb_processed/fake/fptai/fptai_0181.wav,fake,fptai,neural_tts_commercial,train
fptai_0182,vispoofdb_processed/fake/fptai/fptai_0182.wav,fake,fptai,neural_tts_commercial,train
fptai_0183,vispoofdb_processed/fake/fptai/fptai_0183.wav,fake,fptai,neural_tts_commercial,train
fptai_0184,vispoofdb_processed/fake/fptai/fptai_0184.wav,fake,fptai,neural_tts_commercial,train
fptai_0185,vispoofdb_processed/fake/fptai/fptai_0185.wav,fake,fptai,neural_tts_commercial,train
fptai_0186,vispoofdb_processed/fake/fptai/fptai_0186.wav,fake,fptai,neural_tts_commercial,train
fptai_0187,vispoofdb_processed/fake/fptai/fptai_0187.wav,fake,fptai,neural_tts_commercial,train
fptai_0188,vispoofdb_processed/fake/fptai/fptai_0188.wav,fake,fptai,neural_tts_commercial,train
fptai_0189,vispoofdb_processed/fake/fptai/fptai_0189.wav,fake,fptai,neural_tts_commercial,train
fptai_0190,vispoofdb_processed/fake/fptai/fptai_0190.wav,fake,fptai,neural_tts_commercial,train
fptai_0191,vispoofdb_processed/fake/fptai/fptai_0191.wav,fake,fptai,neural_tts_commercial,train
fptai_0192,vispoofdb_processed/fake/fptai/fptai_0192.wav,fake,fptai,neural_tts_commercial,train
fptai_0193,vispoofdb_processed/fake/fptai/fptai_0193.wav,fake,fptai,neural_tts_commercial,test_seen
fptai_0194,vispoofdb_processed/fake/fptai/fptai_0194.wav,fake,fptai,neural_tts_commercial,train
fptai_0195,vispoofdb_processed/fake/fptai/fptai_0195.wav,fake,fptai,neural_tts_commercial,train
fptai_0196,vispoofdb_processed/fake/fptai/fptai_0196.wav,fake,fptai,neural_tts_commercial,test_seen
fptai_0197,vispoofdb_processed/fake/fptai/fptai_0197.wav,fake,fptai,neural_tts_commercial,train
fptai_0198,vispoofdb_processed/fake/fptai/fptai_0198.wav,fake,fptai,neural_tts_commercial,test_seen
fptai_0199,vispoofdb_processed/fake/fptai/fptai_0199.wav,fake,fptai,neural_tts_commercial,train
fptai_0200,vispoofdb_processed/fake/fptai/fptai_0200.wav,fake,fptai,neural_tts_commercial,test_seen
fptai_0201,vispoofdb_processed/fake/fptai/fptai_0201.wav,fake,fptai,neural_tts_commercial,train
fptai_0202,vispoofdb_processed/fake/fptai/fptai_0202.wav,fake,fptai,neural_tts_commercial,train
fptai_0203,vispoofdb_processed/fake/fptai/fptai_0203.wav,fake,fptai,neural_tts_commercial,train
fptai_0204,vispoofdb_processed/fake/fptai/fptai_0204.wav,fake,fptai,neural_tts_commercial,train
fptai_0205,vispoofdb_processed/fake/fptai/fptai_0205.wav,fake,fptai,neural_tts_commercial,train
fptai_0206,vispoofdb_processed/fake/fptai/fptai_0206.wav,fake,fptai,neural_tts_commercial,train
fptai_0207,vispoofdb_processed/fake/fptai/fptai_0207.wav,fake,fptai,neural_tts_commercial,train
fptai_0208,vispoofdb_processed/fake/fptai/fptai_0208.wav,fake,fptai,neural_tts_commercial,train
fptai_0209,vispoofdb_processed/fake/fptai/fptai_0209.wav,fake,fptai,neural_tts_commercial,train
fptai_0210,vispoofdb_processed/fake/fptai/fptai_0210.wav,fake,fptai,neural_tts_commercial,train
fptai_0211,vispoofdb_processed/fake/fptai/fptai_0211.wav,fake,fptai,neural_tts_commercial,train
fptai_0212,vispoofdb_processed/fake/fptai/fptai_0212.wav,fake,fptai,neural_tts_commercial,train
fptai_0213,vispoofdb_processed/fake/fptai/fptai_0213.wav,fake,fptai,neural_tts_commercial,train
fptai_0214,vispoofdb_processed/fake/fptai/fptai_0214.wav,fake,fptai,neural_tts_commercial,train
fptai_0215,vispoofdb_processed/fake/fptai/fptai_0215.wav,fake,fptai,neural_tts_commercial,test_seen
fptai_0216,vispoofdb_processed/fake/fptai/fptai_0216.wav,fake,fptai,neural_tts_commercial,test_seen
fptai_0217,vispoofdb_processed/fake/fptai/fptai_0217.wav,fake,fptai,neural_tts_commercial,train
fptai_0218,vispoofdb_processed/fake/fptai/fptai_0218.wav,fake,fptai,neural_tts_commercial,train
fptai_0219,vispoofdb_processed/fake/fptai/fptai_0219.wav,fake,fptai,neural_tts_commercial,test_seen
fptai_0220,vispoofdb_processed/fake/fptai/fptai_0220.wav,fake,fptai,neural_tts_commercial,train
fptai_0221,vispoofdb_processed/fake/fptai/fptai_0221.wav,fake,fptai,neural_tts_commercial,train
fptai_0222,vispoofdb_processed/fake/fptai/fptai_0222.wav,fake,fptai,neural_tts_commercial,train
fptai_0223,vispoofdb_processed/fake/fptai/fptai_0223.wav,fake,fptai,neural_tts_commercial,train
fptai_0224,vispoofdb_processed/fake/fptai/fptai_0224.wav,fake,fptai,neural_tts_commercial,test_seen
fptai_0225,vispoofdb_processed/fake/fptai/fptai_0225.wav,fake,fptai,neural_tts_commercial,train
fptai_0226,vispoofdb_processed/fake/fptai/fptai_0226.wav,fake,fptai,neural_tts_commercial,train
fptai_0227,vispoofdb_processed/fake/fptai/fptai_0227.wav,fake,fptai,neural_tts_commercial,train
fptai_0228,vispoofdb_processed/fake/fptai/fptai_0228.wav,fake,fptai,neural_tts_commercial,test_seen
fptai_0229,vispoofdb_processed/fake/fptai/fptai_0229.wav,fake,fptai,neural_tts_commercial,test_seen
fptai_0230,vispoofdb_processed/fake/fptai/fptai_0230.wav,fake,fptai,neural_tts_commercial,train
fptai_0231,vispoofdb_processed/fake/fptai/fptai_0231.wav,fake,fptai,neural_tts_commercial,train
fptai_0232,vispoofdb_processed/fake/fptai/fptai_0232.wav,fake,fptai,neural_tts_commercial,train
fptai_0233,vispoofdb_processed/fake/fptai/fptai_0233.wav,fake,fptai,neural_tts_commercial,train
fptai_0234,vispoofdb_processed/fake/fptai/fptai_0234.wav,fake,fptai,neural_tts_commercial,train
fptai_0235,vispoofdb_processed/fake/fptai/fptai_0235.wav,fake,fptai,neural_tts_commercial,train
fptai_0236,vispoofdb_processed/fake/fptai/fptai_0236.wav,fake,fptai,neural_tts_commercial,train
fptai_0237,vispoofdb_processed/fake/fptai/fptai_0237.wav,fake,fptai,neural_tts_commercial,train
fptai_0238,vispoofdb_processed/fake/fptai/fptai_0238.wav,fake,fptai,neural_tts_commercial,test_seen
fptai_0239,vispoofdb_processed/fake/fptai/fptai_0239.wav,fake,fptai,neural_tts_commercial,train
fptai_0240,vispoofdb_processed/fake/fptai/fptai_0240.wav,fake,fptai,neural_tts_commercial,train
fptai_0241,vispoofdb_processed/fake/fptai/fptai_0241.wav,fake,fptai,neural_tts_commercial,train
fptai_0242,vispoofdb_processed/fake/fptai/fptai_0242.wav,fake,fptai,neural_tts_commercial,train
fptai_0243,vispoofdb_processed/fake/fptai/fptai_0243.wav,fake,fptai,neural_tts_commercial,train
fptai_0244,vispoofdb_processed/fake/fptai/fptai_0244.wav,fake,fptai,neural_tts_commercial,train
fptai_0245,vispoofdb_processed/fake/fptai/fptai_0245.wav,fake,fptai,neural_tts_commercial,train
fptai_0246,vispoofdb_processed/fake/fptai/fptai_0246.wav,fake,fptai,neural_tts_commercial,train
fptai_0247,vispoofdb_processed/fake/fptai/fptai_0247.wav,fake,fptai,neural_tts_commercial,train
fptai_0248,vispoofdb_processed/fake/fptai/fptai_0248.wav,fake,fptai,neural_tts_commercial,test_seen
fptai_0249,vispoofdb_processed/fake/fptai/fptai_0249.wav,fake,fptai,neural_tts_commercial,train
fptai_0250,vispoofdb_processed/fake/fptai/fptai_0250.wav,fake,fptai,neural_tts_commercial,train
fptai_0251,vispoofdb_processed/fake/fptai/fptai_0251.wav,fake,fptai,neural_tts_commercial,train
fptai_0252,vispoofdb_processed/fake/fptai/fptai_0252.wav,fake,fptai,neural_tts_commercial,train
fptai_0253,vispoofdb_processed/fake/fptai/fptai_0253.wav,fake,fptai,neural_tts_commercial,train
fptai_0254,vispoofdb_processed/fake/fptai/fptai_0254.wav,fake,fptai,neural_tts_commercial,train
fptai_0255,vispoofdb_processed/fake/fptai/fptai_0255.wav,fake,fptai,neural_tts_commercial,train
fptai_0256,vispoofdb_processed/fake/fptai/fptai_0256.wav,fake,fptai,neural_tts_commercial,train
fptai_0257,vispoofdb_processed/fake/fptai/fptai_0257.wav,fake,fptai,neural_tts_commercial,train
fptai_0258,vispoofdb_processed/fake/fptai/fptai_0258.wav,fake,fptai,neural_tts_commercial,train
fptai_0259,vispoofdb_processed/fake/fptai/fptai_0259.wav,fake,fptai,neural_tts_commercial,train
fptai_0260,vispoofdb_processed/fake/fptai/fptai_0260.wav,fake,fptai,neural_tts_commercial,train
fptai_0261,vispoofdb_processed/fake/fptai/fptai_0261.wav,fake,fptai,neural_tts_commercial,train
fptai_0262,vispoofdb_processed/fake/fptai/fptai_0262.wav,fake,fptai,neural_tts_commercial,train
fptai_0263,vispoofdb_processed/fake/fptai/fptai_0263.wav,fake,fptai,neural_tts_commercial,test_seen
fptai_0264,vispoofdb_processed/fake/fptai/fptai_0264.wav,fake,fptai,neural_tts_commercial,train
fptai_0265,vispoofdb_processed/fake/fptai/fptai_0265.wav,fake,fptai,neural_tts_commercial,train
fptai_0266,vispoofdb_processed/fake/fptai/fptai_0266.wav,fake,fptai,neural_tts_commercial,train
fptai_0267,vispoofdb_processed/fake/fptai/fptai_0267.wav,fake,fptai,neural_tts_commercial,train
fptai_0268,vispoofdb_processed/fake/fptai/fptai_0268.wav,fake,fptai,neural_tts_commercial,train
fptai_0269,vispoofdb_processed/fake/fptai/fptai_0269.wav,fake,fptai,neural_tts_commercial,train
fptai_0270,vispoofdb_processed/fake/fptai/fptai_0270.wav,fake,fptai,neural_tts_commercial,train
fptai_0271,vispoofdb_processed/fake/fptai/fptai_0271.wav,fake,fptai,neural_tts_commercial,train
fptai_0272,vispoofdb_processed/fake/fptai/fptai_0272.wav,fake,fptai,neural_tts_commercial,train
fptai_0273,vispoofdb_processed/fake/fptai/fptai_0273.wav,fake,fptai,neural_tts_commercial,train
fptai_0274,vispoofdb_processed/fake/fptai/fptai_0274.wav,fake,fptai,neural_tts_commercial,train
fptai_0275,vispoofdb_processed/fake/fptai/fptai_0275.wav,fake,fptai,neural_tts_commercial,train
fptai_0276,vispoofdb_processed/fake/fptai/fptai_0276.wav,fake,fptai,neural_tts_commercial,train
fptai_0277,vispoofdb_processed/fake/fptai/fptai_0277.wav,fake,fptai,neural_tts_commercial,test_seen
fptai_0278,vispoofdb_processed/fake/fptai/fptai_0278.wav,fake,fptai,neural_tts_commercial,test_seen
fptai_0279,vispoofdb_processed/fake/fptai/fptai_0279.wav,fake,fptai,neural_tts_commercial,train
fptai_0280,vispoofdb_processed/fake/fptai/fptai_0280.wav,fake,fptai,neural_tts_commercial,train
fptai_0281,vispoofdb_processed/fake/fptai/fptai_0281.wav,fake,fptai,neural_tts_commercial,train
fptai_0282,vispoofdb_processed/fake/fptai/fptai_0282.wav,fake,fptai,neural_tts_commercial,train
fptai_0283,vispoofdb_processed/fake/fptai/fptai_0283.wav,fake,fptai,neural_tts_commercial,train
fptai_0284,vispoofdb_processed/fake/fptai/fptai_0284.wav,fake,fptai,neural_tts_commercial,test_seen
fptai_0285,vispoofdb_processed/fake/fptai/fptai_0285.wav,fake,fptai,neural_tts_commercial,train
fptai_0286,vispoofdb_processed/fake/fptai/fptai_0286.wav,fake,fptai,neural_tts_commercial,train
fptai_0287,vispoofdb_processed/fake/fptai/fptai_0287.wav,fake,fptai,neural_tts_commercial,train
fptai_0288,vispoofdb_processed/fake/fptai/fptai_0288.wav,fake,fptai,neural_tts_commercial,train
fptai_0289,vispoofdb_processed/fake/fptai/fptai_0289.wav,fake,fptai,neural_tts_commercial,train
fptai_0290,vispoofdb_processed/fake/fptai/fptai_0290.wav,fake,fptai,neural_tts_commercial,train
fptai_0291,vispoofdb_processed/fake/fptai/fptai_0291.wav,fake,fptai,neural_tts_commercial,train
fptai_0292,vispoofdb_processed/fake/fptai/fptai_0292.wav,fake,fptai,neural_tts_commercial,train
fptai_0293,vispoofdb_processed/fake/fptai/fptai_0293.wav,fake,fptai,neural_tts_commercial,test_seen
fptai_0294,vispoofdb_processed/fake/fptai/fptai_0294.wav,fake,fptai,neural_tts_commercial,train
fptai_0295,vispoofdb_processed/fake/fptai/fptai_0295.wav,fake,fptai,neural_tts_commercial,train
fptai_0296,vispoofdb_processed/fake/fptai/fptai_0296.wav,fake,fptai,neural_tts_commercial,test_seen
fptai_0297,vispoofdb_processed/fake/fptai/fptai_0297.wav,fake,fptai,neural_tts_commercial,train
fptai_0298,vispoofdb_processed/fake/fptai/fptai_0298.wav,fake,fptai,neural_tts_commercial,test_seen
fptai_0299,vispoofdb_processed/fake/fptai/fptai_0299.wav,fake,fptai,neural_tts_commercial,train
fptai_0300,vispoofdb_processed/fake/fptai/fptai_0300.wav,fake,fptai,neural_tts_commercial,train
fptai_0301,vispoofdb_processed/fake/fptai/fptai_0301.wav,fake,fptai,neural_tts_commercial,train
fptai_0302,vispoofdb_processed/fake/fptai/fptai_0302.wav,fake,fptai,neural_tts_commercial,train
fptai_0303,vispoofdb_processed/fake/fptai/fptai_0303.wav,fake,fptai,neural_tts_commercial,train
fptai_0304,vispoofdb_processed/fake/fptai/fptai_0304.wav,fake,fptai,neural_tts_commercial,test_seen
fptai_0305,vispoofdb_processed/fake/fptai/fptai_0305.wav,fake,fptai,neural_tts_commercial,train
fptai_0306,vispoofdb_processed/fake/fptai/fptai_0306.wav,fake,fptai,neural_tts_commercial,test_seen
fptai_0307,vispoofdb_processed/fake/fptai/fptai_0307.wav,fake,fptai,neural_tts_commercial,train
fptai_0308,vispoofdb_processed/fake/fptai/fptai_0308.wav,fake,fptai,neural_tts_commercial,train
fptai_0309,vispoofdb_processed/fake/fptai/fptai_0309.wav,fake,fptai,neural_tts_commercial,train
fptai_0310,vispoofdb_processed/fake/fptai/fptai_0310.wav,fake,fptai,neural_tts_commercial,train
fptai_0311,vispoofdb_processed/fake/fptai/fptai_0311.wav,fake,fptai,neural_tts_commercial,test_seen
fptai_0312,vispoofdb_processed/fake/fptai/fptai_0312.wav,fake,fptai,neural_tts_commercial,test_seen
fptai_0313,vispoofdb_processed/fake/fptai/fptai_0313.wav,fake,fptai,neural_tts_commercial,train
fptai_0314,vispoofdb_processed/fake/fptai/fptai_0314.wav,fake,fptai,neural_tts_commercial,train
fptai_0315,vispoofdb_processed/fake/fptai/fptai_0315.wav,fake,fptai,neural_tts_commercial,test_seen
fptai_0316,vispoofdb_processed/fake/fptai/fptai_0316.wav,fake,fptai,neural_tts_commercial,test_seen
fptai_0317,vispoofdb_processed/fake/fptai/fptai_0317.wav,fake,fptai,neural_tts_commercial,train
fptai_0318,vispoofdb_processed/fake/fptai/fptai_0318.wav,fake,fptai,neural_tts_commercial,train
fptai_0319,vispoofdb_processed/fake/fptai/fptai_0319.wav,fake,fptai,neural_tts_commercial,train
fptai_0320,vispoofdb_processed/fake/fptai/fptai_0320.wav,fake,fptai,neural_tts_commercial,test_seen
fptai_0321,vispoofdb_processed/fake/fptai/fptai_0321.wav,fake,fptai,neural_tts_commercial,train
fptai_0322,vispoofdb_processed/fake/fptai/fptai_0322.wav,fake,fptai,neural_tts_commercial,train
fptai_0323,vispoofdb_processed/fake/fptai/fptai_0323.wav,fake,fptai,neural_tts_commercial,train
fptai_0324,vispoofdb_processed/fake/fptai/fptai_0324.wav,fake,fptai,neural_tts_commercial,train
fptai_0325,vispoofdb_processed/fake/fptai/fptai_0325.wav,fake,fptai,neural_tts_commercial,train
fptai_0326,vispoofdb_processed/fake/fptai/fptai_0326.wav,fake,fptai,neural_tts_commercial,train
fptai_0327,vispoofdb_processed/fake/fptai/fptai_0327.wav,fake,fptai,neural_tts_commercial,test_seen
fptai_0328,vispoofdb_processed/fake/fptai/fptai_0328.wav,fake,fptai,neural_tts_commercial,train
fptai_0329,vispoofdb_processed/fake/fptai/fptai_0329.wav,fake,fptai,neural_tts_commercial,train
fptai_0330,vispoofdb_processed/fake/fptai/fptai_0330.wav,fake,fptai,neural_tts_commercial,train
fptai_0331,vispoofdb_processed/fake/fptai/fptai_0331.wav,fake,fptai,neural_tts_commercial,train
fptai_0332,vispoofdb_processed/fake/fptai/fptai_0332.wav,fake,fptai,neural_tts_commercial,test_seen
fptai_0333,vispoofdb_processed/fake/fptai/fptai_0333.wav,fake,fptai,neural_tts_commercial,test_seen
fptai_0334,vispoofdb_processed/fake/fptai/fptai_0334.wav,fake,fptai,neural_tts_commercial,test_seen
fptai_0335,vispoofdb_processed/fake/fptai/fptai_0335.wav,fake,fptai,neural_tts_commercial,train
fptai_0336,vispoofdb_processed/fake/fptai/fptai_0336.wav,fake,fptai,neural_tts_commercial,test_seen
fptai_0337,vispoofdb_processed/fake/fptai/fptai_0337.wav,fake,fptai,neural_tts_commercial,test_seen
fptai_0338,vispoofdb_processed/fake/fptai/fptai_0338.wav,fake,fptai,neural_tts_commercial,test_seen
fptai_0339,vispoofdb_processed/fake/fptai/fptai_0339.wav,fake,fptai,neural_tts_commercial,train
fptai_0340,vispoofdb_processed/fake/fptai/fptai_0340.wav,fake,fptai,neural_tts_commercial,train
fptai_0341,vispoofdb_processed/fake/fptai/fptai_0341.wav,fake,fptai,neural_tts_commercial,test_seen
fptai_0342,vispoofdb_processed/fake/fptai/fptai_0342.wav,fake,fptai,neural_tts_commercial,test_seen
fptai_0343,vispoofdb_processed/fake/fptai/fptai_0343.wav,fake,fptai,neural_tts_commercial,train
fptai_0344,vispoofdb_processed/fake/fptai/fptai_0344.wav,fake,fptai,neural_tts_commercial,train
fptai_0345,vispoofdb_processed/fake/fptai/fptai_0345.wav,fake,fptai,neural_tts_commercial,train
fptai_0346,vispoofdb_processed/fake/fptai/fptai_0346.wav,fake,fptai,neural_tts_commercial,train
fptai_0347,vispoofdb_processed/fake/fptai/fptai_0347.wav,fake,fptai,neural_tts_commercial,test_seen
fptai_0348,vispoofdb_processed/fake/fptai/fptai_0348.wav,fake,fptai,neural_tts_commercial,test_seen
fptai_0349,vispoofdb_processed/fake/fptai/fptai_0349.wav,fake,fptai,neural_tts_commercial,train
fptai_0350,vispoofdb_processed/fake/fptai/fptai_0350.wav,fake,fptai,neural_tts_commercial,test_seen
fptai_0351,vispoofdb_processed/fake/fptai/fptai_0351.wav,fake,fptai,neural_tts_commercial,train
fptai_0352,vispoofdb_processed/fake/fptai/fptai_0352.wav,fake,fptai,neural_tts_commercial,train
fptai_0353,vispoofdb_processed/fake/fptai/fptai_0353.wav,fake,fptai,neural_tts_commercial,train
fptai_0354,vispoofdb_processed/fake/fptai/fptai_0354.wav,fake,fptai,neural_tts_commercial,train
fptai_0355,vispoofdb_processed/fake/fptai/fptai_0355.wav,fake,fptai,neural_tts_commercial,train
fptai_0356,vispoofdb_processed/fake/fptai/fptai_0356.wav,fake,fptai,neural_tts_commercial,train
fptai_0357,vispoofdb_processed/fake/fptai/fptai_0357.wav,fake,fptai,neural_tts_commercial,train
fptai_0358,vispoofdb_processed/fake/fptai/fptai_0358.wav,fake,fptai,neural_tts_commercial,train
fptai_0359,vispoofdb_processed/fake/fptai/fptai_0359.wav,fake,fptai,neural_tts_commercial,test_seen
fptai_0360,vispoofdb_processed/fake/fptai/fptai_0360.wav,fake,fptai,neural_tts_commercial,train
fptai_0361,vispoofdb_processed/fake/fptai/fptai_0361.wav,fake,fptai,neural_tts_commercial,train
fptai_0362,vispoofdb_processed/fake/fptai/fptai_0362.wav,fake,fptai,neural_tts_commercial,train
fptai_0363,vispoofdb_processed/fake/fptai/fptai_0363.wav,fake,fptai,neural_tts_commercial,train
fptai_0364,vispoofdb_processed/fake/fptai/fptai_0364.wav,fake,fptai,neural_tts_commercial,train
fptai_0365,vispoofdb_processed/fake/fptai/fptai_0365.wav,fake,fptai,neural_tts_commercial,test_seen
fptai_0366,vispoofdb_processed/fake/fptai/fptai_0366.wav,fake,fptai,neural_tts_commercial,train
fptai_0367,vispoofdb_processed/fake/fptai/fptai_0367.wav,fake,fptai,neural_tts_commercial,train
fptai_0368,vispoofdb_processed/fake/fptai/fptai_0368.wav,fake,fptai,neural_tts_commercial,train
fptai_0369,vispoofdb_processed/fake/fptai/fptai_0369.wav,fake,fptai,neural_tts_commercial,test_seen
fptai_0370,vispoofdb_processed/fake/fptai/fptai_0370.wav,fake,fptai,neural_tts_commercial,train
fptai_0371,vispoofdb_processed/fake/fptai/fptai_0371.wav,fake,fptai,neural_tts_commercial,train
fptai_0372,vispoofdb_processed/fake/fptai/fptai_0372.wav,fake,fptai,neural_tts_commercial,train
fptai_0373,vispoofdb_processed/fake/fptai/fptai_0373.wav,fake,fptai,neural_tts_commercial,train
fptai_0374,vispoofdb_processed/fake/fptai/fptai_0374.wav,fake,fptai,neural_tts_commercial,train
fptai_0375,vispoofdb_processed/fake/fptai/fptai_0375.wav,fake,fptai,neural_tts_commercial,train
fptai_0376,vispoofdb_processed/fake/fptai/fptai_0376.wav,fake,fptai,neural_tts_commercial,test_seen
fptai_0377,vispoofdb_processed/fake/fptai/fptai_0377.wav,fake,fptai,neural_tts_commercial,test_seen
fptai_0378,vispoofdb_processed/fake/fptai/fptai_0378.wav,fake,fptai,neural_tts_commercial,train
fptai_0379,vispoofdb_processed/fake/fptai/fptai_0379.wav,fake,fptai,neural_tts_commercial,train
fptai_0380,vispoofdb_processed/fake/fptai/fptai_0380.wav,fake,fptai,neural_tts_commercial,test_seen
fptai_0381,vispoofdb_processed/fake/fptai/fptai_0381.wav,fake,fptai,neural_tts_commercial,train
fptai_0382,vispoofdb_processed/fake/fptai/fptai_0382.wav,fake,fptai,neural_tts_commercial,test_seen
fptai_0383,vispoofdb_processed/fake/fptai/fptai_0383.wav,fake,fptai,neural_tts_commercial,train
fptai_0384,vispoofdb_processed/fake/fptai/fptai_0384.wav,fake,fptai,neural_tts_commercial,train
fptai_0385,vispoofdb_processed/fake/fptai/fptai_0385.wav,fake,fptai,neural_tts_commercial,test_seen
fptai_0386,vispoofdb_processed/fake/fptai/fptai_0386.wav,fake,fptai,neural_tts_commercial,test_seen
fptai_0387,vispoofdb_processed/fake/fptai/fptai_0387.wav,fake,fptai,neural_tts_commercial,train
fptai_0388,vispoofdb_processed/fake/fptai/fptai_0388.wav,fake,fptai,neural_tts_commercial,train
fptai_0389,vispoofdb_processed/fake/fptai/fptai_0389.wav,fake,fptai,neural_tts_commercial,test_seen
fptai_0390,vispoofdb_processed/fake/fptai/fptai_0390.wav,fake,fptai,neural_tts_commercial,train
fptai_0391,vispoofdb_processed/fake/fptai/fptai_0391.wav,fake,fptai,neural_tts_commercial,train
fptai_0392,vispoofdb_processed/fake/fptai/fptai_0392.wav,fake,fptai,neural_tts_commercial,train
fptai_0393,vispoofdb_processed/fake/fptai/fptai_0393.wav,fake,fptai,neural_tts_commercial,test_seen
fptai_0394,vispoofdb_processed/fake/fptai/fptai_0394.wav,fake,fptai,neural_tts_commercial,train
fptai_0395,vispoofdb_processed/fake/fptai/fptai_0395.wav,fake,fptai,neural_tts_commercial,train
fptai_0396,vispoofdb_processed/fake/fptai/fptai_0396.wav,fake,fptai,neural_tts_commercial,train
fptai_0397,vispoofdb_processed/fake/fptai/fptai_0397.wav,fake,fptai,neural_tts_commercial,train
fptai_0398,vispoofdb_processed/fake/fptai/fptai_0398.wav,fake,fptai,neural_tts_commercial,train
fptai_0399,vispoofdb_processed/fake/fptai/fptai_0399.wav,fake,fptai,neural_tts_commercial,train
fptai_0400,vispoofdb_processed/fake/fptai/fptai_0400.wav,fake,fptai,neural_tts_commercial,test_seen
fptai_0401,vispoofdb_processed/fake/fptai/fptai_0401.wav,fake,fptai,neural_tts_commercial,train
fptai_0402,vispoofdb_processed/fake/fptai/fptai_0402.wav,fake,fptai,neural_tts_commercial,train
fptai_0403,vispoofdb_processed/fake/fptai/fptai_0403.wav,fake,fptai,neural_tts_commercial,train
fptai_0404,vispoofdb_processed/fake/fptai/fptai_0404.wav,fake,fptai,neural_tts_commercial,train
fptai_0405,vispoofdb_processed/fake/fptai/fptai_0405.wav,fake,fptai,neural_tts_commercial,train
fptai_0406,vispoofdb_processed/fake/fptai/fptai_0406.wav,fake,fptai,neural_tts_commercial,train
fptai_0407,vispoofdb_processed/fake/fptai/fptai_0407.wav,fake,fptai,neural_tts_commercial,train
fptai_0408,vispoofdb_processed/fake/fptai/fptai_0408.wav,fake,fptai,neural_tts_commercial,train
fptai_0409,vispoofdb_processed/fake/fptai/fptai_0409.wav,fake,fptai,neural_tts_commercial,test_seen
fptai_0410,vispoofdb_processed/fake/fptai/fptai_0410.wav,fake,fptai,neural_tts_commercial,train
fptai_0411,vispoofdb_processed/fake/fptai/fptai_0411.wav,fake,fptai,neural_tts_commercial,test_seen
fptai_0412,vispoofdb_processed/fake/fptai/fptai_0412.wav,fake,fptai,neural_tts_commercial,train
fptai_0413,vispoofdb_processed/fake/fptai/fptai_0413.wav,fake,fptai,neural_tts_commercial,train
fptai_0414,vispoofdb_processed/fake/fptai/fptai_0414.wav,fake,fptai,neural_tts_commercial,test_seen
fptai_0415,vispoofdb_processed/fake/fptai/fptai_0415.wav,fake,fptai,neural_tts_commercial,train
fptai_0416,vispoofdb_processed/fake/fptai/fptai_0416.wav,fake,fptai,neural_tts_commercial,train
fptai_0417,vispoofdb_processed/fake/fptai/fptai_0417.wav,fake,fptai,neural_tts_commercial,test_seen
fptai_0418,vispoofdb_processed/fake/fptai/fptai_0418.wav,fake,fptai,neural_tts_commercial,train
fptai_0419,vispoofdb_processed/fake/fptai/fptai_0419.wav,fake,fptai,neural_tts_commercial,test_seen
fptai_0420,vispoofdb_processed/fake/fptai/fptai_0420.wav,fake,fptai,neural_tts_commercial,train
fptai_0421,vispoofdb_processed/fake/fptai/fptai_0421.wav,fake,fptai,neural_tts_commercial,train
fptai_0422,vispoofdb_processed/fake/fptai/fptai_0422.wav,fake,fptai,neural_tts_commercial,train
fptai_0423,vispoofdb_processed/fake/fptai/fptai_0423.wav,fake,fptai,neural_tts_commercial,train
fptai_0424,vispoofdb_processed/fake/fptai/fptai_0424.wav,fake,fptai,neural_tts_commercial,train
fptai_0425,vispoofdb_processed/fake/fptai/fptai_0425.wav,fake,fptai,neural_tts_commercial,train
fptai_0426,vispoofdb_processed/fake/fptai/fptai_0426.wav,fake,fptai,neural_tts_commercial,train
fptai_0427,vispoofdb_processed/fake/fptai/fptai_0427.wav,fake,fptai,neural_tts_commercial,test_seen
fptai_0428,vispoofdb_processed/fake/fptai/fptai_0428.wav,fake,fptai,neural_tts_commercial,train
fptai_0429,vispoofdb_processed/fake/fptai/fptai_0429.wav,fake,fptai,neural_tts_commercial,train
fptai_0430,vispoofdb_processed/fake/fptai/fptai_0430.wav,fake,fptai,neural_tts_commercial,train
fptai_0431,vispoofdb_processed/fake/fptai/fptai_0431.wav,fake,fptai,neural_tts_commercial,train
fptai_0432,vispoofdb_processed/fake/fptai/fptai_0432.wav,fake,fptai,neural_tts_commercial,train
fptai_0433,vispoofdb_processed/fake/fptai/fptai_0433.wav,fake,fptai,neural_tts_commercial,train
fptai_0434,vispoofdb_processed/fake/fptai/fptai_0434.wav,fake,fptai,neural_tts_commercial,test_seen
fptai_0435,vispoofdb_processed/fake/fptai/fptai_0435.wav,fake,fptai,neural_tts_commercial,test_seen
fptai_0436,vispoofdb_processed/fake/fptai/fptai_0436.wav,fake,fptai,neural_tts_commercial,train
fptai_0437,vispoofdb_processed/fake/fptai/fptai_0437.wav,fake,fptai,neural_tts_commercial,train
fptai_0438,vispoofdb_processed/fake/fptai/fptai_0438.wav,fake,fptai,neural_tts_commercial,train
fptai_0439,vispoofdb_processed/fake/fptai/fptai_0439.wav,fake,fptai,neural_tts_commercial,train
fptai_0440,vispoofdb_processed/fake/fptai/fptai_0440.wav,fake,fptai,neural_tts_commercial,train
fptai_0441,vispoofdb_processed/fake/fptai/fptai_0441.wav,fake,fptai,neural_tts_commercial,test_seen
fptai_0442,vispoofdb_processed/fake/fptai/fptai_0442.wav,fake,fptai,neural_tts_commercial,test_seen
fptai_0443,vispoofdb_processed/fake/fptai/fptai_0443.wav,fake,fptai,neural_tts_commercial,train
fptai_0444,vispoofdb_processed/fake/fptai/fptai_0444.wav,fake,fptai,neural_tts_commercial,train
fptai_0445,vispoofdb_processed/fake/fptai/fptai_0445.wav,fake,fptai,neural_tts_commercial,train
fptai_0446,vispoofdb_processed/fake/fptai/fptai_0446.wav,fake,fptai,neural_tts_commercial,train
fptai_0447,vispoofdb_processed/fake/fptai/fptai_0447.wav,fake,fptai,neural_tts_commercial,train
fptai_0448,vispoofdb_processed/fake/fptai/fptai_0448.wav,fake,fptai,neural_tts_commercial,train
fptai_0449,vispoofdb_processed/fake/fptai/fptai_0449.wav,fake,fptai,neural_tts_commercial,train
fptai_0450,vispoofdb_processed/fake/fptai/fptai_0450.wav,fake,fptai,neural_tts_commercial,train
fptai_0451,vispoofdb_processed/fake/fptai/fptai_0451.wav,fake,fptai,neural_tts_commercial,train
fptai_0452,vispoofdb_processed/fake/fptai/fptai_0452.wav,fake,fptai,neural_tts_commercial,test_seen
fptai_0453,vispoofdb_processed/fake/fptai/fptai_0453.wav,fake,fptai,neural_tts_commercial,train
fptai_0454,vispoofdb_processed/fake/fptai/fptai_0454.wav,fake,fptai,neural_tts_commercial,train
fptai_0455,vispoofdb_processed/fake/fptai/fptai_0455.wav,fake,fptai,neural_tts_commercial,train
fptai_0456,vispoofdb_processed/fake/fptai/fptai_0456.wav,fake,fptai,neural_tts_commercial,test_seen
fptai_0457,vispoofdb_processed/fake/fptai/fptai_0457.wav,fake,fptai,neural_tts_commercial,train
fptai_0458,vispoofdb_processed/fake/fptai/fptai_0458.wav,fake,fptai,neural_tts_commercial,train
fptai_0459,vispoofdb_processed/fake/fptai/fptai_0459.wav,fake,fptai,neural_tts_commercial,train
fptai_0460,vispoofdb_processed/fake/fptai/fptai_0460.wav,fake,fptai,neural_tts_commercial,train
fptai_0461,vispoofdb_processed/fake/fptai/fptai_0461.wav,fake,fptai,neural_tts_commercial,train
fptai_0462,vispoofdb_processed/fake/fptai/fptai_0462.wav,fake,fptai,neural_tts_commercial,train
fptai_0463,vispoofdb_processed/fake/fptai/fptai_0463.wav,fake,fptai,neural_tts_commercial,train
fptai_0464,vispoofdb_processed/fake/fptai/fptai_0464.wav,fake,fptai,neural_tts_commercial,test_seen
fptai_0465,vispoofdb_processed/fake/fptai/fptai_0465.wav,fake,fptai,neural_tts_commercial,train
fptai_0466,vispoofdb_processed/fake/fptai/fptai_0466.wav,fake,fptai,neural_tts_commercial,train
fptai_0467,vispoofdb_processed/fake/fptai/fptai_0467.wav,fake,fptai,neural_tts_commercial,train
fptai_0468,vispoofdb_processed/fake/fptai/fptai_0468.wav,fake,fptai,neural_tts_commercial,train
fptai_0469,vispoofdb_processed/fake/fptai/fptai_0469.wav,fake,fptai,neural_tts_commercial,train
fptai_0470,vispoofdb_processed/fake/fptai/fptai_0470.wav,fake,fptai,neural_tts_commercial,train
fptai_0471,vispoofdb_processed/fake/fptai/fptai_0471.wav,fake,fptai,neural_tts_commercial,train
fptai_0472,vispoofdb_processed/fake/fptai/fptai_0472.wav,fake,fptai,neural_tts_commercial,test_seen
fptai_0473,vispoofdb_processed/fake/fptai/fptai_0473.wav,fake,fptai,neural_tts_commercial,test_seen
fptai_0474,vispoofdb_processed/fake/fptai/fptai_0474.wav,fake,fptai,neural_tts_commercial,test_seen
fptai_0475,vispoofdb_processed/fake/fptai/fptai_0475.wav,fake,fptai,neural_tts_commercial,test_seen
fptai_0476,vispoofdb_processed/fake/fptai/fptai_0476.wav,fake,fptai,neural_tts_commercial,train
fptai_0477,vispoofdb_processed/fake/fptai/fptai_0477.wav,fake,fptai,neural_tts_commercial,train
fptai_0478,vispoofdb_processed/fake/fptai/fptai_0478.wav,fake,fptai,neural_tts_commercial,train
fptai_0479,vispoofdb_processed/fake/fptai/fptai_0479.wav,fake,fptai,neural_tts_commercial,train
fptai_0480,vispoofdb_processed/fake/fptai/fptai_0480.wav,fake,fptai,neural_tts_commercial,train
fptai_0481,vispoofdb_processed/fake/fptai/fptai_0481.wav,fake,fptai,neural_tts_commercial,test_seen
fptai_0482,vispoofdb_processed/fake/fptai/fptai_0482.wav,fake,fptai,neural_tts_commercial,train
fptai_0483,vispoofdb_processed/fake/fptai/fptai_0483.wav,fake,fptai,neural_tts_commercial,train
fptai_0484,vispoofdb_processed/fake/fptai/fptai_0484.wav,fake,fptai,neural_tts_commercial,train
fptai_0485,vispoofdb_processed/fake/fptai/fptai_0485.wav,fake,fptai,neural_tts_commercial,train
fptai_0486,vispoofdb_processed/fake/fptai/fptai_0486.wav,fake,fptai,neural_tts_commercial,train
fptai_0487,vispoofdb_processed/fake/fptai/fptai_0487.wav,fake,fptai,neural_tts_commercial,train
fptai_0488,vispoofdb_processed/fake/fptai/fptai_0488.wav,fake,fptai,neural_tts_commercial,train
fptai_0489,vispoofdb_processed/fake/fptai/fptai_0489.wav,fake,fptai,neural_tts_commercial,train
fptai_0490,vispoofdb_processed/fake/fptai/fptai_0490.wav,fake,fptai,neural_tts_commercial,train
fptai_0491,vispoofdb_processed/fake/fptai/fptai_0491.wav,fake,fptai,neural_tts_commercial,test_seen
fptai_0492,vispoofdb_processed/fake/fptai/fptai_0492.wav,fake,fptai,neural_tts_commercial,train
fptai_0493,vispoofdb_processed/fake/fptai/fptai_0493.wav,fake,fptai,neural_tts_commercial,train
fptai_0494,vispoofdb_processed/fake/fptai/fptai_0494.wav,fake,fptai,neural_tts_commercial,test_seen
fptai_0495,vispoofdb_processed/fake/fptai/fptai_0495.wav,fake,fptai,neural_tts_commercial,train
fptai_0496,vispoofdb_processed/fake/fptai/fptai_0496.wav,fake,fptai,neural_tts_commercial,train
fptai_0497,vispoofdb_processed/fake/fptai/fptai_0497.wav,fake,fptai,neural_tts_commercial,train
fptai_0498,vispoofdb_processed/fake/fptai/fptai_0498.wav,fake,fptai,neural_tts_commercial,train
fptai_0499,vispoofdb_processed/fake/fptai/fptai_0499.wav,fake,fptai,neural_tts_commercial,test_seen
fptai_0500,vispoofdb_processed/fake/fptai/fptai_0500.wav,fake,fptai,neural_tts_commercial,train
fptai_0501,vispoofdb_processed/fake/fptai/fptai_0501.wav,fake,fptai,neural_tts_commercial,test_seen
fptai_0502,vispoofdb_processed/fake/fptai/fptai_0502.wav,fake,fptai,neural_tts_commercial,train
fptai_0503,vispoofdb_processed/fake/fptai/fptai_0503.wav,fake,fptai,neural_tts_commercial,train
fptai_0504,vispoofdb_processed/fake/fptai/fptai_0504.wav,fake,fptai,neural_tts_commercial,test_seen
fptai_0505,vispoofdb_processed/fake/fptai/fptai_0505.wav,fake,fptai,neural_tts_commercial,train
fptai_0506,vispoofdb_processed/fake/fptai/fptai_0506.wav,fake,fptai,neural_tts_commercial,train
fptai_0507,vispoofdb_processed/fake/fptai/fptai_0507.wav,fake,fptai,neural_tts_commercial,test_seen
fptai_0508,vispoofdb_processed/fake/fptai/fptai_0508.wav,fake,fptai,neural_tts_commercial,train
fptai_0509,vispoofdb_processed/fake/fptai/fptai_0509.wav,fake,fptai,neural_tts_commercial,train
fptai_0510,vispoofdb_processed/fake/fptai/fptai_0510.wav,fake,fptai,neural_tts_commercial,train
fptai_0511,vispoofdb_processed/fake/fptai/fptai_0511.wav,fake,fptai,neural_tts_commercial,train
fptai_0512,vispoofdb_processed/fake/fptai/fptai_0512.wav,fake,fptai,neural_tts_commercial,train
fptai_0513,vispoofdb_processed/fake/fptai/fptai_0513.wav,fake,fptai,neural_tts_commercial,train
fptai_0514,vispoofdb_processed/fake/fptai/fptai_0514.wav,fake,fptai,neural_tts_commercial,test_seen
fptai_0515,vispoofdb_processed/fake/fptai/fptai_0515.wav,fake,fptai,neural_tts_commercial,test_seen
fptai_0516,vispoofdb_processed/fake/fptai/fptai_0516.wav,fake,fptai,neural_tts_commercial,train
fptai_0517,vispoofdb_processed/fake/fptai/fptai_0517.wav,fake,fptai,neural_tts_commercial,test_seen
fptai_0518,vispoofdb_processed/fake/fptai/fptai_0518.wav,fake,fptai,neural_tts_commercial,train
fptai_0519,vispoofdb_processed/fake/fptai/fptai_0519.wav,fake,fptai,neural_tts_commercial,train
fptai_0520,vispoofdb_processed/fake/fptai/fptai_0520.wav,fake,fptai,neural_tts_commercial,train
fptai_0521,vispoofdb_processed/fake/fptai/fptai_0521.wav,fake,fptai,neural_tts_commercial,train
fptai_0522,vispoofdb_processed/fake/fptai/fptai_0522.wav,fake,fptai,neural_tts_commercial,test_seen
fptai_0523,vispoofdb_processed/fake/fptai/fptai_0523.wav,fake,fptai,neural_tts_commercial,train
fptai_0524,vispoofdb_processed/fake/fptai/fptai_0524.wav,fake,fptai,neural_tts_commercial,train
fptai_0525,vispoofdb_processed/fake/fptai/fptai_0525.wav,fake,fptai,neural_tts_commercial,train
fptai_0526,vispoofdb_processed/fake/fptai/fptai_0526.wav,fake,fptai,neural_tts_commercial,test_seen
fptai_0527,vispoofdb_processed/fake/fptai/fptai_0527.wav,fake,fptai,neural_tts_commercial,train
fptai_0528,vispoofdb_processed/fake/fptai/fptai_0528.wav,fake,fptai,neural_tts_commercial,train
fptai_0529,vispoofdb_processed/fake/fptai/fptai_0529.wav,fake,fptai,neural_tts_commercial,train
fptai_0530,vispoofdb_processed/fake/fptai/fptai_0530.wav,fake,fptai,neural_tts_commercial,train
fptai_0531,vispoofdb_processed/fake/fptai/fptai_0531.wav,fake,fptai,neural_tts_commercial,test_seen
fptai_0532,vispoofdb_processed/fake/fptai/fptai_0532.wav,fake,fptai,neural_tts_commercial,train
fptai_0533,vispoofdb_processed/fake/fptai/fptai_0533.wav,fake,fptai,neural_tts_commercial,train
fptai_0534,vispoofdb_processed/fake/fptai/fptai_0534.wav,fake,fptai,neural_tts_commercial,test_seen
fptai_0535,vispoofdb_processed/fake/fptai/fptai_0535.wav,fake,fptai,neural_tts_commercial,train
fptai_0536,vispoofdb_processed/fake/fptai/fptai_0536.wav,fake,fptai,neural_tts_commercial,test_seen
fptai_0537,vispoofdb_processed/fake/fptai/fptai_0537.wav,fake,fptai,neural_tts_commercial,train
fptai_0538,vispoofdb_processed/fake/fptai/fptai_0538.wav,fake,fptai,neural_tts_commercial,test_seen
fptai_0539,vispoofdb_processed/fake/fptai/fptai_0539.wav,fake,fptai,neural_tts_commercial,train
fptai_0540,vispoofdb_processed/fake/fptai/fptai_0540.wav,fake,fptai,neural_tts_commercial,train
fptai_0541,vispoofdb_processed/fake/fptai/fptai_0541.wav,fake,fptai,neural_tts_commercial,test_seen
fptai_0542,vispoofdb_processed/fake/fptai/fptai_0542.wav,fake,fptai,neural_tts_commercial,train
fptai_0543,vispoofdb_processed/fake/fptai/fptai_0543.wav,fake,fptai,neural_tts_commercial,train
fptai_0544,vispoofdb_processed/fake/fptai/fptai_0544.wav,fake,fptai,neural_tts_commercial,train
fptai_0545,vispoofdb_processed/fake/fptai/fptai_0545.wav,fake,fptai,neural_tts_commercial,train
fptai_0546,vispoofdb_processed/fake/fptai/fptai_0546.wav,fake,fptai,neural_tts_commercial,train
fptai_0547,vispoofdb_processed/fake/fptai/fptai_0547.wav,fake,fptai,neural_tts_commercial,train
fptai_0548,vispoofdb_processed/fake/fptai/fptai_0548.wav,fake,fptai,neural_tts_commercial,train
fptai_0549,vispoofdb_processed/fake/fptai/fptai_0549.wav,fake,fptai,neural_tts_commercial,train
fptai_0550,vispoofdb_processed/fake/fptai/fptai_0550.wav,fake,fptai,neural_tts_commercial,test_seen
fptai_0551,vispoofdb_processed/fake/fptai/fptai_0551.wav,fake,fptai,neural_tts_commercial,train
fptai_0552,vispoofdb_processed/fake/fptai/fptai_0552.wav,fake,fptai,neural_tts_commercial,train
fptai_0553,vispoofdb_processed/fake/fptai/fptai_0553.wav,fake,fptai,neural_tts_commercial,test_seen
fptai_0554,vispoofdb_processed/fake/fptai/fptai_0554.wav,fake,fptai,neural_tts_commercial,train
fptai_0555,vispoofdb_processed/fake/fptai/fptai_0555.wav,fake,fptai,neural_tts_commercial,train
fptai_0556,vispoofdb_processed/fake/fptai/fptai_0556.wav,fake,fptai,neural_tts_commercial,train
fptai_0557,vispoofdb_processed/fake/fptai/fptai_0557.wav,fake,fptai,neural_tts_commercial,train
fptai_0558,vispoofdb_processed/fake/fptai/fptai_0558.wav,fake,fptai,neural_tts_commercial,train
fptai_0559,vispoofdb_processed/fake/fptai/fptai_0559.wav,fake,fptai,neural_tts_commercial,test_seen
fptai_0560,vispoofdb_processed/fake/fptai/fptai_0560.wav,fake,fptai,neural_tts_commercial,train
fptai_0561,vispoofdb_processed/fake/fptai/fptai_0561.wav,fake,fptai,neural_tts_commercial,test_seen
fptai_0562,vispoofdb_processed/fake/fptai/fptai_0562.wav,fake,fptai,neural_tts_commercial,test_seen
fptai_0563,vispoofdb_processed/fake/fptai/fptai_0563.wav,fake,fptai,neural_tts_commercial,train
fptai_0564,vispoofdb_processed/fake/fptai/fptai_0564.wav,fake,fptai,neural_tts_commercial,test_seen
fptai_0565,vispoofdb_processed/fake/fptai/fptai_0565.wav,fake,fptai,neural_tts_commercial,train
fptai_0566,vispoofdb_processed/fake/fptai/fptai_0566.wav,fake,fptai,neural_tts_commercial,train
fptai_0567,vispoofdb_processed/fake/fptai/fptai_0567.wav,fake,fptai,neural_tts_commercial,train
fptai_0568,vispoofdb_processed/fake/fptai/fptai_0568.wav,fake,fptai,neural_tts_commercial,test_seen
fptai_0569,vispoofdb_processed/fake/fptai/fptai_0569.wav,fake,fptai,neural_tts_commercial,train
fptai_0570,vispoofdb_processed/fake/fptai/fptai_0570.wav,fake,fptai,neural_tts_commercial,test_seen
fptai_0571,vispoofdb_processed/fake/fptai/fptai_0571.wav,fake,fptai,neural_tts_commercial,train
fptai_0572,vispoofdb_processed/fake/fptai/fptai_0572.wav,fake,fptai,neural_tts_commercial,train
fptai_0573,vispoofdb_processed/fake/fptai/fptai_0573.wav,fake,fptai,neural_tts_commercial,train
fptai_0574,vispoofdb_processed/fake/fptai/fptai_0574.wav,fake,fptai,neural_tts_commercial,train
fptai_0575,vispoofdb_processed/fake/fptai/fptai_0575.wav,fake,fptai,neural_tts_commercial,train
fptai_0576,vispoofdb_processed/fake/fptai/fptai_0576.wav,fake,fptai,neural_tts_commercial,train
fptai_0577,vispoofdb_processed/fake/fptai/fptai_0577.wav,fake,fptai,neural_tts_commercial,train
fptai_0578,vispoofdb_processed/fake/fptai/fptai_0578.wav,fake,fptai,neural_tts_commercial,test_seen
fptai_0579,vispoofdb_processed/fake/fptai/fptai_0579.wav,fake,fptai,neural_tts_commercial,test_seen
fptai_0580,vispoofdb_processed/fake/fptai/fptai_0580.wav,fake,fptai,neural_tts_commercial,train
fptai_0581,vispoofdb_processed/fake/fptai/fptai_0581.wav,fake,fptai,neural_tts_commercial,train
fptai_0582,vispoofdb_processed/fake/fptai/fptai_0582.wav,fake,fptai,neural_tts_commercial,train
fptai_0583,vispoofdb_processed/fake/fptai/fptai_0583.wav,fake,fptai,neural_tts_commercial,train
fptai_0584,vispoofdb_processed/fake/fptai/fptai_0584.wav,fake,fptai,neural_tts_commercial,train
fptai_0585,vispoofdb_processed/fake/fptai/fptai_0585.wav,fake,fptai,neural_tts_commercial,test_seen
fptai_0586,vispoofdb_processed/fake/fptai/fptai_0586.wav,fake,fptai,neural_tts_commercial,train
fptai_0587,vispoofdb_processed/fake/fptai/fptai_0587.wav,fake,fptai,neural_tts_commercial,train
fptai_0588,vispoofdb_processed/fake/fptai/fptai_0588.wav,fake,fptai,neural_tts_commercial,train
fptai_0589,vispoofdb_processed/fake/fptai/fptai_0589.wav,fake,fptai,neural_tts_commercial,train
fptai_0590,vispoofdb_processed/fake/fptai/fptai_0590.wav,fake,fptai,neural_tts_commercial,train
fptai_0591,vispoofdb_processed/fake/fptai/fptai_0591.wav,fake,fptai,neural_tts_commercial,train
fptai_0592,vispoofdb_processed/fake/fptai/fptai_0592.wav,fake,fptai,neural_tts_commercial,train
fptai_0593,vispoofdb_processed/fake/fptai/fptai_0593.wav,fake,fptai,neural_tts_commercial,train
fptai_0594,vispoofdb_processed/fake/fptai/fptai_0594.wav,fake,fptai,neural_tts_commercial,train
fptai_0595,vispoofdb_processed/fake/fptai/fptai_0595.wav,fake,fptai,neural_tts_commercial,train
fptai_0596,vispoofdb_processed/fake/fptai/fptai_0596.wav,fake,fptai,neural_tts_commercial,test_seen
fptai_0597,vispoofdb_processed/fake/fptai/fptai_0597.wav,fake,fptai,neural_tts_commercial,train
fptai_0598,vispoofdb_processed/fake/fptai/fptai_0598.wav,fake,fptai,neural_tts_commercial,train
fptai_0599,vispoofdb_processed/fake/fptai/fptai_0599.wav,fake,fptai,neural_tts_commercial,train
fptai_0600,vispoofdb_processed/fake/fptai/fptai_0600.wav,fake,fptai,neural_tts_commercial,train
fptai_0601,vispoofdb_processed/fake/fptai/fptai_0601.wav,fake,fptai,neural_tts_commercial,train
fptai_0602,vispoofdb_processed/fake/fptai/fptai_0602.wav,fake,fptai,neural_tts_commercial,test_seen
fptai_0603,vispoofdb_processed/fake/fptai/fptai_0603.wav,fake,fptai,neural_tts_commercial,train
fptai_0604,vispoofdb_processed/fake/fptai/fptai_0604.wav,fake,fptai,neural_tts_commercial,train
fptai_0605,vispoofdb_processed/fake/fptai/fptai_0605.wav,fake,fptai,neural_tts_commercial,train
fptai_0606,vispoofdb_processed/fake/fptai/fptai_0606.wav,fake,fptai,neural_tts_commercial,train
fptai_0607,vispoofdb_processed/fake/fptai/fptai_0607.wav,fake,fptai,neural_tts_commercial,train
fptai_0608,vispoofdb_processed/fake/fptai/fptai_0608.wav,fake,fptai,neural_tts_commercial,test_seen
fptai_0609,vispoofdb_processed/fake/fptai/fptai_0609.wav,fake,fptai,neural_tts_commercial,train
fptai_0610,vispoofdb_processed/fake/fptai/fptai_0610.wav,fake,fptai,neural_tts_commercial,train
fptai_0611,vispoofdb_processed/fake/fptai/fptai_0611.wav,fake,fptai,neural_tts_commercial,train
fptai_0612,vispoofdb_processed/fake/fptai/fptai_0612.wav,fake,fptai,neural_tts_commercial,test_seen
fptai_0613,vispoofdb_processed/fake/fptai/fptai_0613.wav,fake,fptai,neural_tts_commercial,train
fptai_0614,vispoofdb_processed/fake/fptai/fptai_0614.wav,fake,fptai,neural_tts_commercial,train
fptai_0615,vispoofdb_processed/fake/fptai/fptai_0615.wav,fake,fptai,neural_tts_commercial,train
fptai_0616,vispoofdb_processed/fake/fptai/fptai_0616.wav,fake,fptai,neural_tts_commercial,train
fptai_0617,vispoofdb_processed/fake/fptai/fptai_0617.wav,fake,fptai,neural_tts_commercial,train
fptai_0618,vispoofdb_processed/fake/fptai/fptai_0618.wav,fake,fptai,neural_tts_commercial,train
fptai_0619,vispoofdb_processed/fake/fptai/fptai_0619.wav,fake,fptai,neural_tts_commercial,train
fptai_0620,vispoofdb_processed/fake/fptai/fptai_0620.wav,fake,fptai,neural_tts_commercial,train
fptai_0621,vispoofdb_processed/fake/fptai/fptai_0621.wav,fake,fptai,neural_tts_commercial,train
fptai_0622,vispoofdb_processed/fake/fptai/fptai_0622.wav,fake,fptai,neural_tts_commercial,test_seen
fptai_0623,vispoofdb_processed/fake/fptai/fptai_0623.wav,fake,fptai,neural_tts_commercial,train
fptai_0624,vispoofdb_processed/fake/fptai/fptai_0624.wav,fake,fptai,neural_tts_commercial,train
fptai_0625,vispoofdb_processed/fake/fptai/fptai_0625.wav,fake,fptai,neural_tts_commercial,train
fptai_0626,vispoofdb_processed/fake/fptai/fptai_0626.wav,fake,fptai,neural_tts_commercial,train
fptai_0627,vispoofdb_processed/fake/fptai/fptai_0627.wav,fake,fptai,neural_tts_commercial,train
fptai_0628,vispoofdb_processed/fake/fptai/fptai_0628.wav,fake,fptai,neural_tts_commercial,train
fptai_0629,vispoofdb_processed/fake/fptai/fptai_0629.wav,fake,fptai,neural_tts_commercial,train
fptai_0630,vispoofdb_processed/fake/fptai/fptai_0630.wav,fake,fptai,neural_tts_commercial,train
fptai_0631,vispoofdb_processed/fake/fptai/fptai_0631.wav,fake,fptai,neural_tts_commercial,train
fptai_0632,vispoofdb_processed/fake/fptai/fptai_0632.wav,fake,fptai,neural_tts_commercial,train
fptai_0633,vispoofdb_processed/fake/fptai/fptai_0633.wav,fake,fptai,neural_tts_commercial,test_seen
fptai_0634,vispoofdb_processed/fake/fptai/fptai_0634.wav,fake,fptai,neural_tts_commercial,test_seen
fptai_0635,vispoofdb_processed/fake/fptai/fptai_0635.wav,fake,fptai,neural_tts_commercial,train
fptai_0636,vispoofdb_processed/fake/fptai/fptai_0636.wav,fake,fptai,neural_tts_commercial,train
fptai_0637,vispoofdb_processed/fake/fptai/fptai_0637.wav,fake,fptai,neural_tts_commercial,train
fptai_0638,vispoofdb_processed/fake/fptai/fptai_0638.wav,fake,fptai,neural_tts_commercial,train
fptai_0639,vispoofdb_processed/fake/fptai/fptai_0639.wav,fake,fptai,neural_tts_commercial,train
fptai_0640,vispoofdb_processed/fake/fptai/fptai_0640.wav,fake,fptai,neural_tts_commercial,test_seen
fptai_0641,vispoofdb_processed/fake/fptai/fptai_0641.wav,fake,fptai,neural_tts_commercial,train
fptai_0642,vispoofdb_processed/fake/fptai/fptai_0642.wav,fake,fptai,neural_tts_commercial,train
fptai_0643,vispoofdb_processed/fake/fptai/fptai_0643.wav,fake,fptai,neural_tts_commercial,train
fptai_0644,vispoofdb_processed/fake/fptai/fptai_0644.wav,fake,fptai,neural_tts_commercial,train
fptai_0645,vispoofdb_processed/fake/fptai/fptai_0645.wav,fake,fptai,neural_tts_commercial,train
fptai_0646,vispoofdb_processed/fake/fptai/fptai_0646.wav,fake,fptai,neural_tts_commercial,train
fptai_0647,vispoofdb_processed/fake/fptai/fptai_0647.wav,fake,fptai,neural_tts_commercial,train
fptai_0648,vispoofdb_processed/fake/fptai/fptai_0648.wav,fake,fptai,neural_tts_commercial,train
fptai_0649,vispoofdb_processed/fake/fptai/fptai_0649.wav,fake,fptai,neural_tts_commercial,train
fptai_0650,vispoofdb_processed/fake/fptai/fptai_0650.wav,fake,fptai,neural_tts_commercial,train
fptai_0651,vispoofdb_processed/fake/fptai/fptai_0651.wav,fake,fptai,neural_tts_commercial,train
fptai_0652,vispoofdb_processed/fake/fptai/fptai_0652.wav,fake,fptai,neural_tts_commercial,train
fptai_0653,vispoofdb_processed/fake/fptai/fptai_0653.wav,fake,fptai,neural_tts_commercial,train
fptai_0654,vispoofdb_processed/fake/fptai/fptai_0654.wav,fake,fptai,neural_tts_commercial,test_seen
fptai_0655,vispoofdb_processed/fake/fptai/fptai_0655.wav,fake,fptai,neural_tts_commercial,train
fptai_0656,vispoofdb_processed/fake/fptai/fptai_0656.wav,fake,fptai,neural_tts_commercial,train
fptai_0657,vispoofdb_processed/fake/fptai/fptai_0657.wav,fake,fptai,neural_tts_commercial,test_seen
fptai_0658,vispoofdb_processed/fake/fptai/fptai_0658.wav,fake,fptai,neural_tts_commercial,train
fptai_0659,vispoofdb_processed/fake/fptai/fptai_0659.wav,fake,fptai,neural_tts_commercial,test_seen
fptai_0660,vispoofdb_processed/fake/fptai/fptai_0660.wav,fake,fptai,neural_tts_commercial,test_seen
fptai_0661,vispoofdb_processed/fake/fptai/fptai_0661.wav,fake,fptai,neural_tts_commercial,train
fptai_0662,vispoofdb_processed/fake/fptai/fptai_0662.wav,fake,fptai,neural_tts_commercial,test_seen
fptai_0663,vispoofdb_processed/fake/fptai/fptai_0663.wav,fake,fptai,neural_tts_commercial,test_seen
fptai_0664,vispoofdb_processed/fake/fptai/fptai_0664.wav,fake,fptai,neural_tts_commercial,train
fptai_0665,vispoofdb_processed/fake/fptai/fptai_0665.wav,fake,fptai,neural_tts_commercial,train
fptai_0666,vispoofdb_processed/fake/fptai/fptai_0666.wav,fake,fptai,neural_tts_commercial,train
fptai_0667,vispoofdb_processed/fake/fptai/fptai_0667.wav,fake,fptai,neural_tts_commercial,train
fptai_0668,vispoofdb_processed/fake/fptai/fptai_0668.wav,fake,fptai,neural_tts_commercial,train
fptai_0669,vispoofdb_processed/fake/fptai/fptai_0669.wav,fake,fptai,neural_tts_commercial,train
fptai_0670,vispoofdb_processed/fake/fptai/fptai_0670.wav,fake,fptai,neural_tts_commercial,test_seen
fptai_0671,vispoofdb_processed/fake/fptai/fptai_0671.wav,fake,fptai,neural_tts_commercial,test_seen
fptai_0672,vispoofdb_processed/fake/fptai/fptai_0672.wav,fake,fptai,neural_tts_commercial,test_seen
fptai_0673,vispoofdb_processed/fake/fptai/fptai_0673.wav,fake,fptai,neural_tts_commercial,train
fptai_0674,vispoofdb_processed/fake/fptai/fptai_0674.wav,fake,fptai,neural_tts_commercial,train
fptai_0675,vispoofdb_processed/fake/fptai/fptai_0675.wav,fake,fptai,neural_tts_commercial,test_seen
fptai_0676,vispoofdb_processed/fake/fptai/fptai_0676.wav,fake,fptai,neural_tts_commercial,test_seen
fptai_0677,vispoofdb_processed/fake/fptai/fptai_0677.wav,fake,fptai,neural_tts_commercial,train
fptai_0678,vispoofdb_processed/fake/fptai/fptai_0678.wav,fake,fptai,neural_tts_commercial,train
fptai_0679,vispoofdb_processed/fake/fptai/fptai_0679.wav,fake,fptai,neural_tts_commercial,train
fptai_0680,vispoofdb_processed/fake/fptai/fptai_0680.wav,fake,fptai,neural_tts_commercial,train
fptai_0681,vispoofdb_processed/fake/fptai/fptai_0681.wav,fake,fptai,neural_tts_commercial,train
fptai_0682,vispoofdb_processed/fake/fptai/fptai_0682.wav,fake,fptai,neural_tts_commercial,test_seen
fptai_0683,vispoofdb_processed/fake/fptai/fptai_0683.wav,fake,fptai,neural_tts_commercial,train
fptai_0684,vispoofdb_processed/fake/fptai/fptai_0684.wav,fake,fptai,neural_tts_commercial,train
fptai_0685,vispoofdb_processed/fake/fptai/fptai_0685.wav,fake,fptai,neural_tts_commercial,train
fptai_0686,vispoofdb_processed/fake/fptai/fptai_0686.wav,fake,fptai,neural_tts_commercial,train
fptai_0687,vispoofdb_processed/fake/fptai/fptai_0687.wav,fake,fptai,neural_tts_commercial,train
fptai_0688,vispoofdb_processed/fake/fptai/fptai_0688.wav,fake,fptai,neural_tts_commercial,train
fptai_0689,vispoofdb_processed/fake/fptai/fptai_0689.wav,fake,fptai,neural_tts_commercial,test_seen
fptai_0690,vispoofdb_processed/fake/fptai/fptai_0690.wav,fake,fptai,neural_tts_commercial,test_seen
fptai_0691,vispoofdb_processed/fake/fptai/fptai_0691.wav,fake,fptai,neural_tts_commercial,train
fptai_0692,vispoofdb_processed/fake/fptai/fptai_0692.wav,fake,fptai,neural_tts_commercial,train
fptai_0693,vispoofdb_processed/fake/fptai/fptai_0693.wav,fake,fptai,neural_tts_commercial,train
fptai_0694,vispoofdb_processed/fake/fptai/fptai_0694.wav,fake,fptai,neural_tts_commercial,train
fptai_0695,vispoofdb_processed/fake/fptai/fptai_0695.wav,fake,fptai,neural_tts_commercial,test_seen
fptai_0696,vispoofdb_processed/fake/fptai/fptai_0696.wav,fake,fptai,neural_tts_commercial,train
fptai_0697,vispoofdb_processed/fake/fptai/fptai_0697.wav,fake,fptai,neural_tts_commercial,train
fptai_0698,vispoofdb_processed/fake/fptai/fptai_0698.wav,fake,fptai,neural_tts_commercial,train
fptai_0699,vispoofdb_processed/fake/fptai/fptai_0699.wav,fake,fptai,neural_tts_commercial,train
fptai_0700,vispoofdb_processed/fake/fptai/fptai_0700.wav,fake,fptai,neural_tts_commercial,train
fptai_0701,vispoofdb_processed/fake/fptai/fptai_0701.wav,fake,fptai,neural_tts_commercial,train
fptai_0702,vispoofdb_processed/fake/fptai/fptai_0702.wav,fake,fptai,neural_tts_commercial,test_seen
fptai_0703,vispoofdb_processed/fake/fptai/fptai_0703.wav,fake,fptai,neural_tts_commercial,train
fptai_0704,vispoofdb_processed/fake/fptai/fptai_0704.wav,fake,fptai,neural_tts_commercial,train
fptai_0705,vispoofdb_processed/fake/fptai/fptai_0705.wav,fake,fptai,neural_tts_commercial,train
fptai_0706,vispoofdb_processed/fake/fptai/fptai_0706.wav,fake,fptai,neural_tts_commercial,train
fptai_0707,vispoofdb_processed/fake/fptai/fptai_0707.wav,fake,fptai,neural_tts_commercial,test_seen
fptai_0708,vispoofdb_processed/fake/fptai/fptai_0708.wav,fake,fptai,neural_tts_commercial,train
fptai_0709,vispoofdb_processed/fake/fptai/fptai_0709.wav,fake,fptai,neural_tts_commercial,train
fptai_0710,vispoofdb_processed/fake/fptai/fptai_0710.wav,fake,fptai,neural_tts_commercial,train
fptai_0711,vispoofdb_processed/fake/fptai/fptai_0711.wav,fake,fptai,neural_tts_commercial,test_seen
fptai_0712,vispoofdb_processed/fake/fptai/fptai_0712.wav,fake,fptai,neural_tts_commercial,train
fptai_0713,vispoofdb_processed/fake/fptai/fptai_0713.wav,fake,fptai,neural_tts_commercial,test_seen
fptai_0714,vispoofdb_processed/fake/fptai/fptai_0714.wav,fake,fptai,neural_tts_commercial,train
fptai_0715,vispoofdb_processed/fake/fptai/fptai_0715.wav,fake,fptai,neural_tts_commercial,train
fptai_0716,vispoofdb_processed/fake/fptai/fptai_0716.wav,fake,fptai,neural_tts_commercial,train
fptai_0717,vispoofdb_processed/fake/fptai/fptai_0717.wav,fake,fptai,neural_tts_commercial,train
fptai_0718,vispoofdb_processed/fake/fptai/fptai_0718.wav,fake,fptai,neural_tts_commercial,train
fptai_0719,vispoofdb_processed/fake/fptai/fptai_0719.wav,fake,fptai,neural_tts_commercial,train
fptai_0720,vispoofdb_processed/fake/fptai/fptai_0720.wav,fake,fptai,neural_tts_commercial,test_seen
fptai_0721,vispoofdb_processed/fake/fptai/fptai_0721.wav,fake,fptai,neural_tts_commercial,test_seen
fptai_0722,vispoofdb_processed/fake/fptai/fptai_0722.wav,fake,fptai,neural_tts_commercial,train
fptai_0723,vispoofdb_processed/fake/fptai/fptai_0723.wav,fake,fptai,neural_tts_commercial,test_seen
fptai_0724,vispoofdb_processed/fake/fptai/fptai_0724.wav,fake,fptai,neural_tts_commercial,train
fptai_0725,vispoofdb_processed/fake/fptai/fptai_0725.wav,fake,fptai,neural_tts_commercial,test_seen
fptai_0726,vispoofdb_processed/fake/fptai/fptai_0726.wav,fake,fptai,neural_tts_commercial,train
fptai_0727,vispoofdb_processed/fake/fptai/fptai_0727.wav,fake,fptai,neural_tts_commercial,test_seen
fptai_0728,vispoofdb_processed/fake/fptai/fptai_0728.wav,fake,fptai,neural_tts_commercial,train
fptai_0729,vispoofdb_processed/fake/fptai/fptai_0729.wav,fake,fptai,neural_tts_commercial,train
fptai_0730,vispoofdb_processed/fake/fptai/fptai_0730.wav,fake,fptai,neural_tts_commercial,train
fptai_0731,vispoofdb_processed/fake/fptai/fptai_0731.wav,fake,fptai,neural_tts_commercial,train
fptai_0732,vispoofdb_processed/fake/fptai/fptai_0732.wav,fake,fptai,neural_tts_commercial,train
fptai_0733,vispoofdb_processed/fake/fptai/fptai_0733.wav,fake,fptai,neural_tts_commercial,train
fptai_0734,vispoofdb_processed/fake/fptai/fptai_0734.wav,fake,fptai,neural_tts_commercial,train
fptai_0735,vispoofdb_processed/fake/fptai/fptai_0735.wav,fake,fptai,neural_tts_commercial,train
fptai_0736,vispoofdb_processed/fake/fptai/fptai_0736.wav,fake,fptai,neural_tts_commercial,train
fptai_0737,vispoofdb_processed/fake/fptai/fptai_0737.wav,fake,fptai,neural_tts_commercial,train
fptai_0738,vispoofdb_processed/fake/fptai/fptai_0738.wav,fake,fptai,neural_tts_commercial,train
fptai_0739,vispoofdb_processed/fake/fptai/fptai_0739.wav,fake,fptai,neural_tts_commercial,test_seen
fptai_0740,vispoofdb_processed/fake/fptai/fptai_0740.wav,fake,fptai,neural_tts_commercial,train
fptai_0741,vispoofdb_processed/fake/fptai/fptai_0741.wav,fake,fptai,neural_tts_commercial,train
fptai_0742,vispoofdb_processed/fake/fptai/fptai_0742.wav,fake,fptai,neural_tts_commercial,train
fptai_0743,vispoofdb_processed/fake/fptai/fptai_0743.wav,fake,fptai,neural_tts_commercial,test_seen
fptai_0744,vispoofdb_processed/fake/fptai/fptai_0744.wav,fake,fptai,neural_tts_commercial,test_seen
fptai_0745,vispoofdb_processed/fake/fptai/fptai_0745.wav,fake,fptai,neural_tts_commercial,train
fptai_0746,vispoofdb_processed/fake/fptai/fptai_0746.wav,fake,fptai,neural_tts_commercial,train
fptai_0747,vispoofdb_processed/fake/fptai/fptai_0747.wav,fake,fptai,neural_tts_commercial,train
fptai_0748,vispoofdb_processed/fake/fptai/fptai_0748.wav,fake,fptai,neural_tts_commercial,train
fptai_0749,vispoofdb_processed/fake/fptai/fptai_0749.wav,fake,fptai,neural_tts_commercial,test_seen
fptai_0750,vispoofdb_processed/fake/fptai/fptai_0750.wav,fake,fptai,neural_tts_commercial,test_seen
fptai_0751,vispoofdb_processed/fake/fptai/fptai_0751.wav,fake,fptai,neural_tts_commercial,train
fptai_0752,vispoofdb_processed/fake/fptai/fptai_0752.wav,fake,fptai,neural_tts_commercial,train
fptai_0753,vispoofdb_processed/fake/fptai/fptai_0753.wav,fake,fptai,neural_tts_commercial,train
fptai_0754,vispoofdb_processed/fake/fptai/fptai_0754.wav,fake,fptai,neural_tts_commercial,train
fptai_0755,vispoofdb_processed/fake/fptai/fptai_0755.wav,fake,fptai,neural_tts_commercial,test_seen
fptai_0756,vispoofdb_processed/fake/fptai/fptai_0756.wav,fake,fptai,neural_tts_commercial,train
fptai_0757,vispoofdb_processed/fake/fptai/fptai_0757.wav,fake,fptai,neural_tts_commercial,train
fptai_0758,vispoofdb_processed/fake/fptai/fptai_0758.wav,fake,fptai,neural_tts_commercial,train
fptai_0759,vispoofdb_processed/fake/fptai/fptai_0759.wav,fake,fptai,neural_tts_commercial,test_seen
fptai_0760,vispoofdb_processed/fake/fptai/fptai_0760.wav,fake,fptai,neural_tts_commercial,test_seen
fptai_0761,vispoofdb_processed/fake/fptai/fptai_0761.wav,fake,fptai,neural_tts_commercial,train
fptai_0762,vispoofdb_processed/fake/fptai/fptai_0762.wav,fake,fptai,neural_tts_commercial,train
fptai_0763,vispoofdb_processed/fake/fptai/fptai_0763.wav,fake,fptai,neural_tts_commercial,train
fptai_0764,vispoofdb_processed/fake/fptai/fptai_0764.wav,fake,fptai,neural_tts_commercial,train
fptai_0765,vispoofdb_processed/fake/fptai/fptai_0765.wav,fake,fptai,neural_tts_commercial,train
fptai_0766,vispoofdb_processed/fake/fptai/fptai_0766.wav,fake,fptai,neural_tts_commercial,train
fptai_0767,vispoofdb_processed/fake/fptai/fptai_0767.wav,fake,fptai,neural_tts_commercial,train
fptai_0768,vispoofdb_processed/fake/fptai/fptai_0768.wav,fake,fptai,neural_tts_commercial,train
fptai_0769,vispoofdb_processed/fake/fptai/fptai_0769.wav,fake,fptai,neural_tts_commercial,train
fptai_0770,vispoofdb_processed/fake/fptai/fptai_0770.wav,fake,fptai,neural_tts_commercial,train
fptai_0771,vispoofdb_processed/fake/fptai/fptai_0771.wav,fake,fptai,neural_tts_commercial,train
fptai_0772,vispoofdb_processed/fake/fptai/fptai_0772.wav,fake,fptai,neural_tts_commercial,train
fptai_0773,vispoofdb_processed/fake/fptai/fptai_0773.wav,fake,fptai,neural_tts_commercial,test_seen
fptai_0774,vispoofdb_processed/fake/fptai/fptai_0774.wav,fake,fptai,neural_tts_commercial,test_seen
fptai_0775,vispoofdb_processed/fake/fptai/fptai_0775.wav,fake,fptai,neural_tts_commercial,train
fptai_0776,vispoofdb_processed/fake/fptai/fptai_0776.wav,fake,fptai,neural_tts_commercial,train
fptai_0777,vispoofdb_processed/fake/fptai/fptai_0777.wav,fake,fptai,neural_tts_commercial,train
fptai_0778,vispoofdb_processed/fake/fptai/fptai_0778.wav,fake,fptai,neural_tts_commercial,test_seen
fptai_0779,vispoofdb_processed/fake/fptai/fptai_0779.wav,fake,fptai,neural_tts_commercial,train
fptai_0780,vispoofdb_processed/fake/fptai/fptai_0780.wav,fake,fptai,neural_tts_commercial,test_seen
fptai_0781,vispoofdb_processed/fake/fptai/fptai_0781.wav,fake,fptai,neural_tts_commercial,train
fptai_0782,vispoofdb_processed/fake/fptai/fptai_0782.wav,fake,fptai,neural_tts_commercial,train
fptai_0783,vispoofdb_processed/fake/fptai/fptai_0783.wav,fake,fptai,neural_tts_commercial,train
fptai_0784,vispoofdb_processed/fake/fptai/fptai_0784.wav,fake,fptai,neural_tts_commercial,train
fptai_0785,vispoofdb_processed/fake/fptai/fptai_0785.wav,fake,fptai,neural_tts_commercial,train
fptai_0786,vispoofdb_processed/fake/fptai/fptai_0786.wav,fake,fptai,neural_tts_commercial,test_seen
fptai_0787,vispoofdb_processed/fake/fptai/fptai_0787.wav,fake,fptai,neural_tts_commercial,train
fptai_0788,vispoofdb_processed/fake/fptai/fptai_0788.wav,fake,fptai,neural_tts_commercial,train
fptai_0789,vispoofdb_processed/fake/fptai/fptai_0789.wav,fake,fptai,neural_tts_commercial,train
fptai_0790,vispoofdb_processed/fake/fptai/fptai_0790.wav,fake,fptai,neural_tts_commercial,train
fptai_0791,vispoofdb_processed/fake/fptai/fptai_0791.wav,fake,fptai,neural_tts_commercial,train
fptai_0792,vispoofdb_processed/fake/fptai/fptai_0792.wav,fake,fptai,neural_tts_commercial,train
fptai_0793,vispoofdb_processed/fake/fptai/fptai_0793.wav,fake,fptai,neural_tts_commercial,test_seen
fptai_0794,vispoofdb_processed/fake/fptai/fptai_0794.wav,fake,fptai,neural_tts_commercial,test_seen
fptai_0795,vispoofdb_processed/fake/fptai/fptai_0795.wav,fake,fptai,neural_tts_commercial,train
fptai_0796,vispoofdb_processed/fake/fptai/fptai_0796.wav,fake,fptai,neural_tts_commercial,train
fptai_0797,vispoofdb_processed/fake/fptai/fptai_0797.wav,fake,fptai,neural_tts_commercial,train
fptai_0798,vispoofdb_processed/fake/fptai/fptai_0798.wav,fake,fptai,neural_tts_commercial,train
fptai_0799,vispoofdb_processed/fake/fptai/fptai_0799.wav,fake,fptai,neural_tts_commercial,train
fptai_0800,vispoofdb_processed/fake/fptai/fptai_0800.wav,fake,fptai,neural_tts_commercial,train
fptai_0801,vispoofdb_processed/fake/fptai/fptai_0801.wav,fake,fptai,neural_tts_commercial,train
fptai_0802,vispoofdb_processed/fake/fptai/fptai_0802.wav,fake,fptai,neural_tts_commercial,train
fptai_0803,vispoofdb_processed/fake/fptai/fptai_0803.wav,fake,fptai,neural_tts_commercial,train
fptai_0804,vispoofdb_processed/fake/fptai/fptai_0804.wav,fake,fptai,neural_tts_commercial,train
fptai_0805,vispoofdb_processed/fake/fptai/fptai_0805.wav,fake,fptai,neural_tts_commercial,test_seen
fptai_0806,vispoofdb_processed/fake/fptai/fptai_0806.wav,fake,fptai,neural_tts_commercial,train
fptai_0807,vispoofdb_processed/fake/fptai/fptai_0807.wav,fake,fptai,neural_tts_commercial,train
fptai_0808,vispoofdb_processed/fake/fptai/fptai_0808.wav,fake,fptai,neural_tts_commercial,test_seen
fptai_0809,vispoofdb_processed/fake/fptai/fptai_0809.wav,fake,fptai,neural_tts_commercial,train
fptai_0810,vispoofdb_processed/fake/fptai/fptai_0810.wav,fake,fptai,neural_tts_commercial,train
fptai_0811,vispoofdb_processed/fake/fptai/fptai_0811.wav,fake,fptai,neural_tts_commercial,train
fptai_0812,vispoofdb_processed/fake/fptai/fptai_0812.wav,fake,fptai,neural_tts_commercial,train
fptai_0813,vispoofdb_processed/fake/fptai/fptai_0813.wav,fake,fptai,neural_tts_commercial,train
fptai_0814,vispoofdb_processed/fake/fptai/fptai_0814.wav,fake,fptai,neural_tts_commercial,train
fptai_0815,vispoofdb_processed/fake/fptai/fptai_0815.wav,fake,fptai,neural_tts_commercial,test_seen
fptai_0816,vispoofdb_processed/fake/fptai/fptai_0816.wav,fake,fptai,neural_tts_commercial,train
fptai_0817,vispoofdb_processed/fake/fptai/fptai_0817.wav,fake,fptai,neural_tts_commercial,train
fptai_0818,vispoofdb_processed/fake/fptai/fptai_0818.wav,fake,fptai,neural_tts_commercial,train
fptai_0819,vispoofdb_processed/fake/fptai/fptai_0819.wav,fake,fptai,neural_tts_commercial,train
fptai_0820,vispoofdb_processed/fake/fptai/fptai_0820.wav,fake,fptai,neural_tts_commercial,train
fptai_0821,vispoofdb_processed/fake/fptai/fptai_0821.wav,fake,fptai,neural_tts_commercial,train
fptai_0822,vispoofdb_processed/fake/fptai/fptai_0822.wav,fake,fptai,neural_tts_commercial,test_seen
fptai_0823,vispoofdb_processed/fake/fptai/fptai_0823.wav,fake,fptai,neural_tts_commercial,train
fptai_0824,vispoofdb_processed/fake/fptai/fptai_0824.wav,fake,fptai,neural_tts_commercial,train
fptai_0825,vispoofdb_processed/fake/fptai/fptai_0825.wav,fake,fptai,neural_tts_commercial,test_seen
fptai_0826,vispoofdb_processed/fake/fptai/fptai_0826.wav,fake,fptai,neural_tts_commercial,train
fptai_0827,vispoofdb_processed/fake/fptai/fptai_0827.wav,fake,fptai,neural_tts_commercial,train
fptai_0828,vispoofdb_processed/fake/fptai/fptai_0828.wav,fake,fptai,neural_tts_commercial,train
fptai_0829,vispoofdb_processed/fake/fptai/fptai_0829.wav,fake,fptai,neural_tts_commercial,train
fptai_0830,vispoofdb_processed/fake/fptai/fptai_0830.wav,fake,fptai,neural_tts_commercial,train
fptai_0831,vispoofdb_processed/fake/fptai/fptai_0831.wav,fake,fptai,neural_tts_commercial,test_seen
fptai_0832,vispoofdb_processed/fake/fptai/fptai_0832.wav,fake,fptai,neural_tts_commercial,train
fptai_0833,vispoofdb_processed/fake/fptai/fptai_0833.wav,fake,fptai,neural_tts_commercial,train
fptai_0834,vispoofdb_processed/fake/fptai/fptai_0834.wav,fake,fptai,neural_tts_commercial,train
fptai_0835,vispoofdb_processed/fake/fptai/fptai_0835.wav,fake,fptai,neural_tts_commercial,train
fptai_0836,vispoofdb_processed/fake/fptai/fptai_0836.wav,fake,fptai,neural_tts_commercial,train
fptai_0837,vispoofdb_processed/fake/fptai/fptai_0837.wav,fake,fptai,neural_tts_commercial,test_seen
fptai_0838,vispoofdb_processed/fake/fptai/fptai_0838.wav,fake,fptai,neural_tts_commercial,train
fptai_0839,vispoofdb_processed/fake/fptai/fptai_0839.wav,fake,fptai,neural_tts_commercial,test_seen
fptai_0840,vispoofdb_processed/fake/fptai/fptai_0840.wav,fake,fptai,neural_tts_commercial,train
fptai_0841,vispoofdb_processed/fake/fptai/fptai_0841.wav,fake,fptai,neural_tts_commercial,train
fptai_0842,vispoofdb_processed/fake/fptai/fptai_0842.wav,fake,fptai,neural_tts_commercial,train
fptai_0843,vispoofdb_processed/fake/fptai/fptai_0843.wav,fake,fptai,neural_tts_commercial,train
fptai_0844,vispoofdb_processed/fake/fptai/fptai_0844.wav,fake,fptai,neural_tts_commercial,train
fptai_0845,vispoofdb_processed/fake/fptai/fptai_0845.wav,fake,fptai,neural_tts_commercial,test_seen
fptai_0846,vispoofdb_processed/fake/fptai/fptai_0846.wav,fake,fptai,neural_tts_commercial,train
fptai_0847,vispoofdb_processed/fake/fptai/fptai_0847.wav,fake,fptai,neural_tts_commercial,train
fptai_0848,vispoofdb_processed/fake/fptai/fptai_0848.wav,fake,fptai,neural_tts_commercial,train
fptai_0849,vispoofdb_processed/fake/fptai/fptai_0849.wav,fake,fptai,neural_tts_commercial,train
fptai_0850,vispoofdb_processed/fake/fptai/fptai_0850.wav,fake,fptai,neural_tts_commercial,train
fptai_0851,vispoofdb_processed/fake/fptai/fptai_0851.wav,fake,fptai,neural_tts_commercial,train
fptai_0852,vispoofdb_processed/fake/fptai/fptai_0852.wav,fake,fptai,neural_tts_commercial,train
fptai_0853,vispoofdb_processed/fake/fptai/fptai_0853.wav,fake,fptai,neural_tts_commercial,train
fptai_0854,vispoofdb_processed/fake/fptai/fptai_0854.wav,fake,fptai,neural_tts_commercial,test_seen
fptai_0855,vispoofdb_processed/fake/fptai/fptai_0855.wav,fake,fptai,neural_tts_commercial,train
fptai_0856,vispoofdb_processed/fake/fptai/fptai_0856.wav,fake,fptai,neural_tts_commercial,train
fptai_0857,vispoofdb_processed/fake/fptai/fptai_0857.wav,fake,fptai,neural_tts_commercial,train
fptai_0858,vispoofdb_processed/fake/fptai/fptai_0858.wav,fake,fptai,neural_tts_commercial,test_seen
fptai_0859,vispoofdb_processed/fake/fptai/fptai_0859.wav,fake,fptai,neural_tts_commercial,train
fptai_0860,vispoofdb_processed/fake/fptai/fptai_0860.wav,fake,fptai,neural_tts_commercial,train
fptai_0861,vispoofdb_processed/fake/fptai/fptai_0861.wav,fake,fptai,neural_tts_commercial,train
fptai_0862,vispoofdb_processed/fake/fptai/fptai_0862.wav,fake,fptai,neural_tts_commercial,train
fptai_0863,vispoofdb_processed/fake/fptai/fptai_0863.wav,fake,fptai,neural_tts_commercial,train
fptai_0864,vispoofdb_processed/fake/fptai/fptai_0864.wav,fake,fptai,neural_tts_commercial,test_seen
fptai_0865,vispoofdb_processed/fake/fptai/fptai_0865.wav,fake,fptai,neural_tts_commercial,train
fptai_0866,vispoofdb_processed/fake/fptai/fptai_0866.wav,fake,fptai,neural_tts_commercial,train
fptai_0867,vispoofdb_processed/fake/fptai/fptai_0867.wav,fake,fptai,neural_tts_commercial,train
fptai_0868,vispoofdb_processed/fake/fptai/fptai_0868.wav,fake,fptai,neural_tts_commercial,train
fptai_0869,vispoofdb_processed/fake/fptai/fptai_0869.wav,fake,fptai,neural_tts_commercial,test_seen
fptai_0870,vispoofdb_processed/fake/fptai/fptai_0870.wav,fake,fptai,neural_tts_commercial,test_seen
fptai_0871,vispoofdb_processed/fake/fptai/fptai_0871.wav,fake,fptai,neural_tts_commercial,train
fptai_0872,vispoofdb_processed/fake/fptai/fptai_0872.wav,fake,fptai,neural_tts_commercial,train
fptai_0873,vispoofdb_processed/fake/fptai/fptai_0873.wav,fake,fptai,neural_tts_commercial,train
fptai_0874,vispoofdb_processed/fake/fptai/fptai_0874.wav,fake,fptai,neural_tts_commercial,train
fptai_0875,vispoofdb_processed/fake/fptai/fptai_0875.wav,fake,fptai,neural_tts_commercial,test_seen
fptai_0876,vispoofdb_processed/fake/fptai/fptai_0876.wav,fake,fptai,neural_tts_commercial,train
fptai_0877,vispoofdb_processed/fake/fptai/fptai_0877.wav,fake,fptai,neural_tts_commercial,train
fptai_0878,vispoofdb_processed/fake/fptai/fptai_0878.wav,fake,fptai,neural_tts_commercial,train
fptai_0879,vispoofdb_processed/fake/fptai/fptai_0879.wav,fake,fptai,neural_tts_commercial,train
fptai_0880,vispoofdb_processed/fake/fptai/fptai_0880.wav,fake,fptai,neural_tts_commercial,train
fptai_0881,vispoofdb_processed/fake/fptai/fptai_0881.wav,fake,fptai,neural_tts_commercial,test_seen
fptai_0882,vispoofdb_processed/fake/fptai/fptai_0882.wav,fake,fptai,neural_tts_commercial,train
fptai_0883,vispoofdb_processed/fake/fptai/fptai_0883.wav,fake,fptai,neural_tts_commercial,train
fptai_0884,vispoofdb_processed/fake/fptai/fptai_0884.wav,fake,fptai,neural_tts_commercial,test_seen
fptai_0885,vispoofdb_processed/fake/fptai/fptai_0885.wav,fake,fptai,neural_tts_commercial,train
fptai_0886,vispoofdb_processed/fake/fptai/fptai_0886.wav,fake,fptai,neural_tts_commercial,test_seen
fptai_0887,vispoofdb_processed/fake/fptai/fptai_0887.wav,fake,fptai,neural_tts_commercial,test_seen
fptai_0888,vispoofdb_processed/fake/fptai/fptai_0888.wav,fake,fptai,neural_tts_commercial,train
fptai_0889,vispoofdb_processed/fake/fptai/fptai_0889.wav,fake,fptai,neural_tts_commercial,train
fptai_0890,vispoofdb_processed/fake/fptai/fptai_0890.wav,fake,fptai,neural_tts_commercial,test_seen
fptai_0891,vispoofdb_processed/fake/fptai/fptai_0891.wav,fake,fptai,neural_tts_commercial,train
fptai_0892,vispoofdb_processed/fake/fptai/fptai_0892.wav,fake,fptai,neural_tts_commercial,train
fptai_0893,vispoofdb_processed/fake/fptai/fptai_0893.wav,fake,fptai,neural_tts_commercial,train
fptai_0894,vispoofdb_processed/fake/fptai/fptai_0894.wav,fake,fptai,neural_tts_commercial,train
fptai_0895,vispoofdb_processed/fake/fptai/fptai_0895.wav,fake,fptai,neural_tts_commercial,train
fptai_0896,vispoofdb_processed/fake/fptai/fptai_0896.wav,fake,fptai,neural_tts_commercial,test_seen
fptai_0897,vispoofdb_processed/fake/fptai/fptai_0897.wav,fake,fptai,neural_tts_commercial,test_seen
fptai_0898,vispoofdb_processed/fake/fptai/fptai_0898.wav,fake,fptai,neural_tts_commercial,train
fptai_0899,vispoofdb_processed/fake/fptai/fptai_0899.wav,fake,fptai,neural_tts_commercial,train
fptai_0900,vispoofdb_processed/fake/fptai/fptai_0900.wav,fake,fptai,neural_tts_commercial,train
fptai_0901,vispoofdb_processed/fake/fptai/fptai_0901.wav,fake,fptai,neural_tts_commercial,train
fptai_0902,vispoofdb_processed/fake/fptai/fptai_0902.wav,fake,fptai,neural_tts_commercial,train
fptai_0903,vispoofdb_processed/fake/fptai/fptai_0903.wav,fake,fptai,neural_tts_commercial,test_seen
fptai_0904,vispoofdb_processed/fake/fptai/fptai_0904.wav,fake,fptai,neural_tts_commercial,test_seen
fptai_0905,vispoofdb_processed/fake/fptai/fptai_0905.wav,fake,fptai,neural_tts_commercial,test_seen
fptai_0906,vispoofdb_processed/fake/fptai/fptai_0906.wav,fake,fptai,neural_tts_commercial,train
fptai_0907,vispoofdb_processed/fake/fptai/fptai_0907.wav,fake,fptai,neural_tts_commercial,test_seen
fptai_0908,vispoofdb_processed/fake/fptai/fptai_0908.wav,fake,fptai,neural_tts_commercial,train
fptai_0909,vispoofdb_processed/fake/fptai/fptai_0909.wav,fake,fptai,neural_tts_commercial,train
fptai_0910,vispoofdb_processed/fake/fptai/fptai_0910.wav,fake,fptai,neural_tts_commercial,train
fptai_0911,vispoofdb_processed/fake/fptai/fptai_0911.wav,fake,fptai,neural_tts_commercial,train
fptai_0912,vispoofdb_processed/fake/fptai/fptai_0912.wav,fake,fptai,neural_tts_commercial,train
fptai_0913,vispoofdb_processed/fake/fptai/fptai_0913.wav,fake,fptai,neural_tts_commercial,test_seen
fptai_0914,vispoofdb_processed/fake/fptai/fptai_0914.wav,fake,fptai,neural_tts_commercial,train
fptai_0915,vispoofdb_processed/fake/fptai/fptai_0915.wav,fake,fptai,neural_tts_commercial,train
fptai_0916,vispoofdb_processed/fake/fptai/fptai_0916.wav,fake,fptai,neural_tts_commercial,train
fptai_0917,vispoofdb_processed/fake/fptai/fptai_0917.wav,fake,fptai,neural_tts_commercial,test_seen
fptai_0918,vispoofdb_processed/fake/fptai/fptai_0918.wav,fake,fptai,neural_tts_commercial,train
fptai_0919,vispoofdb_processed/fake/fptai/fptai_0919.wav,fake,fptai,neural_tts_commercial,train
fptai_0920,vispoofdb_processed/fake/fptai/fptai_0920.wav,fake,fptai,neural_tts_commercial,train
fptai_0921,vispoofdb_processed/fake/fptai/fptai_0921.wav,fake,fptai,neural_tts_commercial,train
fptai_0922,vispoofdb_processed/fake/fptai/fptai_0922.wav,fake,fptai,neural_tts_commercial,train
fptai_0923,vispoofdb_processed/fake/fptai/fptai_0923.wav,fake,fptai,neural_tts_commercial,train
fptai_0924,vispoofdb_processed/fake/fptai/fptai_0924.wav,fake,fptai,neural_tts_commercial,train
fptai_0925,vispoofdb_processed/fake/fptai/fptai_0925.wav,fake,fptai,neural_tts_commercial,train
fptai_0926,vispoofdb_processed/fake/fptai/fptai_0926.wav,fake,fptai,neural_tts_commercial,train
fptai_0927,vispoofdb_processed/fake/fptai/fptai_0927.wav,fake,fptai,neural_tts_commercial,test_seen
fptai_0928,vispoofdb_processed/fake/fptai/fptai_0928.wav,fake,fptai,neural_tts_commercial,test_seen
fptai_0929,vispoofdb_processed/fake/fptai/fptai_0929.wav,fake,fptai,neural_tts_commercial,train
fptai_0930,vispoofdb_processed/fake/fptai/fptai_0930.wav,fake,fptai,neural_tts_commercial,test_seen
fptai_0931,vispoofdb_processed/fake/fptai/fptai_0931.wav,fake,fptai,neural_tts_commercial,train
fptai_0932,vispoofdb_processed/fake/fptai/fptai_0932.wav,fake,fptai,neural_tts_commercial,train
fptai_0933,vispoofdb_processed/fake/fptai/fptai_0933.wav,fake,fptai,neural_tts_commercial,test_seen
fptai_0934,vispoofdb_processed/fake/fptai/fptai_0934.wav,fake,fptai,neural_tts_commercial,train
fptai_0935,vispoofdb_processed/fake/fptai/fptai_0935.wav,fake,fptai,neural_tts_commercial,train
fptai_0936,vispoofdb_processed/fake/fptai/fptai_0936.wav,fake,fptai,neural_tts_commercial,train
fptai_0937,vispoofdb_processed/fake/fptai/fptai_0937.wav,fake,fptai,neural_tts_commercial,train
fptai_0938,vispoofdb_processed/fake/fptai/fptai_0938.wav,fake,fptai,neural_tts_commercial,test_seen
fptai_0939,vispoofdb_processed/fake/fptai/fptai_0939.wav,fake,fptai,neural_tts_commercial,train
fptai_0940,vispoofdb_processed/fake/fptai/fptai_0940.wav,fake,fptai,neural_tts_commercial,train
fptai_0941,vispoofdb_processed/fake/fptai/fptai_0941.wav,fake,fptai,neural_tts_commercial,train
fptai_0942,vispoofdb_processed/fake/fptai/fptai_0942.wav,fake,fptai,neural_tts_commercial,train
fptai_0943,vispoofdb_processed/fake/fptai/fptai_0943.wav,fake,fptai,neural_tts_commercial,train
fptai_0944,vispoofdb_processed/fake/fptai/fptai_0944.wav,fake,fptai,neural_tts_commercial,train
fptai_0945,vispoofdb_processed/fake/fptai/fptai_0945.wav,fake,fptai,neural_tts_commercial,test_seen
fptai_0946,vispoofdb_processed/fake/fptai/fptai_0946.wav,fake,fptai,neural_tts_commercial,test_seen
fptai_0947,vispoofdb_processed/fake/fptai/fptai_0947.wav,fake,fptai,neural_tts_commercial,train
fptai_0948,vispoofdb_processed/fake/fptai/fptai_0948.wav,fake,fptai,neural_tts_commercial,test_seen
fptai_0949,vispoofdb_processed/fake/fptai/fptai_0949.wav,fake,fptai,neural_tts_commercial,train
fptai_0950,vispoofdb_processed/fake/fptai/fptai_0950.wav,fake,fptai,neural_tts_commercial,train
fptai_0951,vispoofdb_processed/fake/fptai/fptai_0951.wav,fake,fptai,neural_tts_commercial,test_seen
fptai_0952,vispoofdb_processed/fake/fptai/fptai_0952.wav,fake,fptai,neural_tts_commercial,train
fptai_0953,vispoofdb_processed/fake/fptai/fptai_0953.wav,fake,fptai,neural_tts_commercial,train
fptai_0954,vispoofdb_processed/fake/fptai/fptai_0954.wav,fake,fptai,neural_tts_commercial,train
fptai_0955,vispoofdb_processed/fake/fptai/fptai_0955.wav,fake,fptai,neural_tts_commercial,train
fptai_0956,vispoofdb_processed/fake/fptai/fptai_0956.wav,fake,fptai,neural_tts_commercial,train
fptai_0957,vispoofdb_processed/fake/fptai/fptai_0957.wav,fake,fptai,neural_tts_commercial,test_seen
fptai_0958,vispoofdb_processed/fake/fptai/fptai_0958.wav,fake,fptai,neural_tts_commercial,train
fptai_0959,vispoofdb_processed/fake/fptai/fptai_0959.wav,fake,fptai,neural_tts_commercial,test_seen
fptai_0960,vispoofdb_processed/fake/fptai/fptai_0960.wav,fake,fptai,neural_tts_commercial,train
fptai_0961,vispoofdb_processed/fake/fptai/fptai_0961.wav,fake,fptai,neural_tts_commercial,train
fptai_0962,vispoofdb_processed/fake/fptai/fptai_0962.wav,fake,fptai,neural_tts_commercial,train
fptai_0963,vispoofdb_processed/fake/fptai/fptai_0963.wav,fake,fptai,neural_tts_commercial,train
fptai_0964,vispoofdb_processed/fake/fptai/fptai_0964.wav,fake,fptai,neural_tts_commercial,train
fptai_0965,vispoofdb_processed/fake/fptai/fptai_0965.wav,fake,fptai,neural_tts_commercial,train
fptai_0966,vispoofdb_processed/fake/fptai/fptai_0966.wav,fake,fptai,neural_tts_commercial,train
fptai_0967,vispoofdb_processed/fake/fptai/fptai_0967.wav,fake,fptai,neural_tts_commercial,train
fptai_0968,vispoofdb_processed/fake/fptai/fptai_0968.wav,fake,fptai,neural_tts_commercial,train
fptai_0969,vispoofdb_processed/fake/fptai/fptai_0969.wav,fake,fptai,neural_tts_commercial,train
fptai_0970,vispoofdb_processed/fake/fptai/fptai_0970.wav,fake,fptai,neural_tts_commercial,test_seen
fptai_0971,vispoofdb_processed/fake/fptai/fptai_0971.wav,fake,fptai,neural_tts_commercial,test_seen
fptai_0972,vispoofdb_processed/fake/fptai/fptai_0972.wav,fake,fptai,neural_tts_commercial,test_seen
fptai_0973,vispoofdb_processed/fake/fptai/fptai_0973.wav,fake,fptai,neural_tts_commercial,train
fptai_0974,vispoofdb_processed/fake/fptai/fptai_0974.wav,fake,fptai,neural_tts_commercial,train
fptai_0975,vispoofdb_processed/fake/fptai/fptai_0975.wav,fake,fptai,neural_tts_commercial,train
fptai_0976,vispoofdb_processed/fake/fptai/fptai_0976.wav,fake,fptai,neural_tts_commercial,test_seen
fptai_0977,vispoofdb_processed/fake/fptai/fptai_0977.wav,fake,fptai,neural_tts_commercial,test_seen
fptai_0978,vispoofdb_processed/fake/fptai/fptai_0978.wav,fake,fptai,neural_tts_commercial,train
fptai_0979,vispoofdb_processed/fake/fptai/fptai_0979.wav,fake,fptai,neural_tts_commercial,test_seen
fptai_0980,vispoofdb_processed/fake/fptai/fptai_0980.wav,fake,fptai,neural_tts_commercial,train
fptai_0981,vispoofdb_processed/fake/fptai/fptai_0981.wav,fake,fptai,neural_tts_commercial,train
fptai_0982,vispoofdb_processed/fake/fptai/fptai_0982.wav,fake,fptai,neural_tts_commercial,train
fptai_0983,vispoofdb_processed/fake/fptai/fptai_0983.wav,fake,fptai,neural_tts_commercial,train
fptai_0984,vispoofdb_processed/fake/fptai/fptai_0984.wav,fake,fptai,neural_tts_commercial,train
fptai_0985,vispoofdb_processed/fake/fptai/fptai_0985.wav,fake,fptai,neural_tts_commercial,train
fptai_0986,vispoofdb_processed/fake/fptai/fptai_0986.wav,fake,fptai,neural_tts_commercial,train
fptai_0987,vispoofdb_processed/fake/fptai/fptai_0987.wav,fake,fptai,neural_tts_commercial,train
fptai_0988,vispoofdb_processed/fake/fptai/fptai_0988.wav,fake,fptai,neural_tts_commercial,test_seen
fptai_0989,vispoofdb_processed/fake/fptai/fptai_0989.wav,fake,fptai,neural_tts_commercial,train
fptai_0990,vispoofdb_processed/fake/fptai/fptai_0990.wav,fake,fptai,neural_tts_commercial,train
fptai_0991,vispoofdb_processed/fake/fptai/fptai_0991.wav,fake,fptai,neural_tts_commercial,train
fptai_0992,vispoofdb_processed/fake/fptai/fptai_0992.wav,fake,fptai,neural_tts_commercial,test_seen
fptai_0993,vispoofdb_processed/fake/fptai/fptai_0993.wav,fake,fptai,neural_tts_commercial,train
fptai_0994,vispoofdb_processed/fake/fptai/fptai_0994.wav,fake,fptai,neural_tts_commercial,test_seen
fptai_0995,vispoofdb_processed/fake/fptai/fptai_0995.wav,fake,fptai,neural_tts_commercial,train
fptai_0996,vispoofdb_processed/fake/fptai/fptai_0996.wav,fake,fptai,neural_tts_commercial,train
fptai_0997,vispoofdb_processed/fake/fptai/fptai_0997.wav,fake,fptai,neural_tts_commercial,test_seen
fptai_0998,vispoofdb_processed/fake/fptai/fptai_0998.wav,fake,fptai,neural_tts_commercial,train
fptai_0999,vispoofdb_processed/fake/fptai/fptai_0999.wav,fake,fptai,neural_tts_commercial,train
fptai_1000,vispoofdb_processed/fake/fptai/fptai_1000.wav,fake,fptai,neural_tts_commercial,test_seen
fptai_1001,vispoofdb_processed/fake/fptai/fptai_1001.wav,fake,fptai,neural_tts_commercial,train
fptai_1002,vispoofdb_processed/fake/fptai/fptai_1002.wav,fake,fptai,neural_tts_commercial,train
fptai_1003,vispoofdb_processed/fake/fptai/fptai_1003.wav,fake,fptai,neural_tts_commercial,train
fptai_1004,vispoofdb_processed/fake/fptai/fptai_1004.wav,fake,fptai,neural_tts_commercial,train
fptai_1005,vispoofdb_processed/fake/fptai/fptai_1005.wav,fake,fptai,neural_tts_commercial,train
fptai_1006,vispoofdb_processed/fake/fptai/fptai_1006.wav,fake,fptai,neural_tts_commercial,train
fptai_1007,vispoofdb_processed/fake/fptai/fptai_1007.wav,fake,fptai,neural_tts_commercial,train
fptai_1008,vispoofdb_processed/fake/fptai/fptai_1008.wav,fake,fptai,neural_tts_commercial,train
fptai_1009,vispoofdb_processed/fake/fptai/fptai_1009.wav,fake,fptai,neural_tts_commercial,train
fptai_1010,vispoofdb_processed/fake/fptai/fptai_1010.wav,fake,fptai,neural_tts_commercial,train
fptai_1011,vispoofdb_processed/fake/fptai/fptai_1011.wav,fake,fptai,neural_tts_commercial,train
fptai_1012,vispoofdb_processed/fake/fptai/fptai_1012.wav,fake,fptai,neural_tts_commercial,train
fptai_1013,vispoofdb_processed/fake/fptai/fptai_1013.wav,fake,fptai,neural_tts_commercial,train
fptai_1014,vispoofdb_processed/fake/fptai/fptai_1014.wav,fake,fptai,neural_tts_commercial,train
fptai_1015,vispoofdb_processed/fake/fptai/fptai_1015.wav,fake,fptai,neural_tts_commercial,train
fptai_1016,vispoofdb_processed/fake/fptai/fptai_1016.wav,fake,fptai,neural_tts_commercial,train
fptai_1017,vispoofdb_processed/fake/fptai/fptai_1017.wav,fake,fptai,neural_tts_commercial,train
fptai_1018,vispoofdb_processed/fake/fptai/fptai_1018.wav,fake,fptai,neural_tts_commercial,train
fptai_1019,vispoofdb_processed/fake/fptai/fptai_1019.wav,fake,fptai,neural_tts_commercial,train
fptai_1020,vispoofdb_processed/fake/fptai/fptai_1020.wav,fake,fptai,neural_tts_commercial,test_seen
fptai_1021,vispoofdb_processed/fake/fptai/fptai_1021.wav,fake,fptai,neural_tts_commercial,train
fptai_1022,vispoofdb_processed/fake/fptai/fptai_1022.wav,fake,fptai,neural_tts_commercial,test_seen
fptai_1023,vispoofdb_processed/fake/fptai/fptai_1023.wav,fake,fptai,neural_tts_commercial,test_seen
fptai_1024,vispoofdb_processed/fake/fptai/fptai_1024.wav,fake,fptai,neural_tts_commercial,test_seen
fptai_1025,vispoofdb_processed/fake/fptai/fptai_1025.wav,fake,fptai,neural_tts_commercial,train
fptai_1026,vispoofdb_processed/fake/fptai/fptai_1026.wav,fake,fptai,neural_tts_commercial,train
fptai_1027,vispoofdb_processed/fake/fptai/fptai_1027.wav,fake,fptai,neural_tts_commercial,train
fptai_1028,vispoofdb_processed/fake/fptai/fptai_1028.wav,fake,fptai,neural_tts_commercial,train
fptai_1029,vispoofdb_processed/fake/fptai/fptai_1029.wav,fake,fptai,neural_tts_commercial,train
fptai_1030,vispoofdb_processed/fake/fptai/fptai_1030.wav,fake,fptai,neural_tts_commercial,train
fptai_1031,vispoofdb_processed/fake/fptai/fptai_1031.wav,fake,fptai,neural_tts_commercial,train
fptai_1032,vispoofdb_processed/fake/fptai/fptai_1032.wav,fake,fptai,neural_tts_commercial,train
fptai_1033,vispoofdb_processed/fake/fptai/fptai_1033.wav,fake,fptai,neural_tts_commercial,train
fptai_1034,vispoofdb_processed/fake/fptai/fptai_1034.wav,fake,fptai,neural_tts_commercial,train
fptai_1035,vispoofdb_processed/fake/fptai/fptai_1035.wav,fake,fptai,neural_tts_commercial,test_seen
fptai_1036,vispoofdb_processed/fake/fptai/fptai_1036.wav,fake,fptai,neural_tts_commercial,train
fptai_1037,vispoofdb_processed/fake/fptai/fptai_1037.wav,fake,fptai,neural_tts_commercial,train
fptai_1038,vispoofdb_processed/fake/fptai/fptai_1038.wav,fake,fptai,neural_tts_commercial,train
fptai_1039,vispoofdb_processed/fake/fptai/fptai_1039.wav,fake,fptai,neural_tts_commercial,test_seen
fptai_1040,vispoofdb_processed/fake/fptai/fptai_1040.wav,fake,fptai,neural_tts_commercial,train
fptai_1041,vispoofdb_processed/fake/fptai/fptai_1041.wav,fake,fptai,neural_tts_commercial,train
fptai_1042,vispoofdb_processed/fake/fptai/fptai_1042.wav,fake,fptai,neural_tts_commercial,train
fptai_1043,vispoofdb_processed/fake/fptai/fptai_1043.wav,fake,fptai,neural_tts_commercial,test_seen
fptai_1044,vispoofdb_processed/fake/fptai/fptai_1044.wav,fake,fptai,neural_tts_commercial,train
fptai_1045,vispoofdb_processed/fake/fptai/fptai_1045.wav,fake,fptai,neural_tts_commercial,train
fptai_1046,vispoofdb_processed/fake/fptai/fptai_1046.wav,fake,fptai,neural_tts_commercial,train
fptai_1047,vispoofdb_processed/fake/fptai/fptai_1047.wav,fake,fptai,neural_tts_commercial,test_seen
fptai_1048,vispoofdb_processed/fake/fptai/fptai_1048.wav,fake,fptai,neural_tts_commercial,test_seen
fptai_1049,vispoofdb_processed/fake/fptai/fptai_1049.wav,fake,fptai,neural_tts_commercial,test_seen
fptai_1050,vispoofdb_processed/fake/fptai/fptai_1050.wav,fake,fptai,neural_tts_commercial,train
fptai_1051,vispoofdb_processed/fake/fptai/fptai_1051.wav,fake,fptai,neural_tts_commercial,test_seen
fptai_1052,vispoofdb_processed/fake/fptai/fptai_1052.wav,fake,fptai,neural_tts_commercial,test_seen
fptai_1053,vispoofdb_processed/fake/fptai/fptai_1053.wav,fake,fptai,neural_tts_commercial,train
fptai_1054,vispoofdb_processed/fake/fptai/fptai_1054.wav,fake,fptai,neural_tts_commercial,test_seen
fptai_1055,vispoofdb_processed/fake/fptai/fptai_1055.wav,fake,fptai,neural_tts_commercial,test_seen
fptai_1056,vispoofdb_processed/fake/fptai/fptai_1056.wav,fake,fptai,neural_tts_commercial,train
fptai_1057,vispoofdb_processed/fake/fptai/fptai_1057.wav,fake,fptai,neural_tts_commercial,train
fptai_1058,vispoofdb_processed/fake/fptai/fptai_1058.wav,fake,fptai,neural_tts_commercial,train
fptai_1059,vispoofdb_processed/fake/fptai/fptai_1059.wav,fake,fptai,neural_tts_commercial,train
fptai_1060,vispoofdb_processed/fake/fptai/fptai_1060.wav,fake,fptai,neural_tts_commercial,test_seen
fptai_1061,vispoofdb_processed/fake/fptai/fptai_1061.wav,fake,fptai,neural_tts_commercial,train
fptai_1062,vispoofdb_processed/fake/fptai/fptai_1062.wav,fake,fptai,neural_tts_commercial,train
fptai_1063,vispoofdb_processed/fake/fptai/fptai_1063.wav,fake,fptai,neural_tts_commercial,train
fptai_1064,vispoofdb_processed/fake/fptai/fptai_1064.wav,fake,fptai,neural_tts_commercial,test_seen
fptai_1065,vispoofdb_processed/fake/fptai/fptai_1065.wav,fake,fptai,neural_tts_commercial,test_seen
fptai_1066,vispoofdb_processed/fake/fptai/fptai_1066.wav,fake,fptai,neural_tts_commercial,train
fptai_1067,vispoofdb_processed/fake/fptai/fptai_1067.wav,fake,fptai,neural_tts_commercial,train
fptai_1068,vispoofdb_processed/fake/fptai/fptai_1068.wav,fake,fptai,neural_tts_commercial,test_seen
fptai_1069,vispoofdb_processed/fake/fptai/fptai_1069.wav,fake,fptai,neural_tts_commercial,train
fptai_1070,vispoofdb_processed/fake/fptai/fptai_1070.wav,fake,fptai,neural_tts_commercial,train
fptai_1071,vispoofdb_processed/fake/fptai/fptai_1071.wav,fake,fptai,neural_tts_commercial,train
fptai_1072,vispoofdb_processed/fake/fptai/fptai_1072.wav,fake,fptai,neural_tts_commercial,train
fptai_1073,vispoofdb_processed/fake/fptai/fptai_1073.wav,fake,fptai,neural_tts_commercial,train
fptai_1074,vispoofdb_processed/fake/fptai/fptai_1074.wav,fake,fptai,neural_tts_commercial,train
fptai_1075,vispoofdb_processed/fake/fptai/fptai_1075.wav,fake,fptai,neural_tts_commercial,test_seen
fptai_1076,vispoofdb_processed/fake/fptai/fptai_1076.wav,fake,fptai,neural_tts_commercial,train
fptai_1077,vispoofdb_processed/fake/fptai/fptai_1077.wav,fake,fptai,neural_tts_commercial,test_seen
fptai_1078,vispoofdb_processed/fake/fptai/fptai_1078.wav,fake,fptai,neural_tts_commercial,train
fptai_1079,vispoofdb_processed/fake/fptai/fptai_1079.wav,fake,fptai,neural_tts_commercial,test_seen
fptai_1080,vispoofdb_processed/fake/fptai/fptai_1080.wav,fake,fptai,neural_tts_commercial,train
fptai_1081,vispoofdb_processed/fake/fptai/fptai_1081.wav,fake,fptai,neural_tts_commercial,train
fptai_1082,vispoofdb_processed/fake/fptai/fptai_1082.wav,fake,fptai,neural_tts_commercial,train
fptai_1083,vispoofdb_processed/fake/fptai/fptai_1083.wav,fake,fptai,neural_tts_commercial,train
fptai_1084,vispoofdb_processed/fake/fptai/fptai_1084.wav,fake,fptai,neural_tts_commercial,train
fptai_1085,vispoofdb_processed/fake/fptai/fptai_1085.wav,fake,fptai,neural_tts_commercial,train
fptai_1086,vispoofdb_processed/fake/fptai/fptai_1086.wav,fake,fptai,neural_tts_commercial,train
fptai_1087,vispoofdb_processed/fake/fptai/fptai_1087.wav,fake,fptai,neural_tts_commercial,train
fptai_1088,vispoofdb_processed/fake/fptai/fptai_1088.wav,fake,fptai,neural_tts_commercial,train
fptai_1089,vispoofdb_processed/fake/fptai/fptai_1089.wav,fake,fptai,neural_tts_commercial,test_seen
fptai_1090,vispoofdb_processed/fake/fptai/fptai_1090.wav,fake,fptai,neural_tts_commercial,train
fptai_1091,vispoofdb_processed/fake/fptai/fptai_1091.wav,fake,fptai,neural_tts_commercial,train
fptai_1092,vispoofdb_processed/fake/fptai/fptai_1092.wav,fake,fptai,neural_tts_commercial,train
fptai_1093,vispoofdb_processed/fake/fptai/fptai_1093.wav,fake,fptai,neural_tts_commercial,test_seen
fptai_1094,vispoofdb_processed/fake/fptai/fptai_1094.wav,fake,fptai,neural_tts_commercial,train
fptai_1095,vispoofdb_processed/fake/fptai/fptai_1095.wav,fake,fptai,neural_tts_commercial,train
fptai_1096,vispoofdb_processed/fake/fptai/fptai_1096.wav,fake,fptai,neural_tts_commercial,train
fptai_1097,vispoofdb_processed/fake/fptai/fptai_1097.wav,fake,fptai,neural_tts_commercial,train
fptai_1098,vispoofdb_processed/fake/fptai/fptai_1098.wav,fake,fptai,neural_tts_commercial,test_seen
fptai_1099,vispoofdb_processed/fake/fptai/fptai_1099.wav,fake,fptai,neural_tts_commercial,train
fptai_1100,vispoofdb_processed/fake/fptai/fptai_1100.wav,fake,fptai,neural_tts_commercial,train
fptai_1101,vispoofdb_processed/fake/fptai/fptai_1101.wav,fake,fptai,neural_tts_commercial,test_seen
fptai_1102,vispoofdb_processed/fake/fptai/fptai_1102.wav,fake,fptai,neural_tts_commercial,train
fptai_1103,vispoofdb_processed/fake/fptai/fptai_1103.wav,fake,fptai,neural_tts_commercial,train
fptai_1104,vispoofdb_processed/fake/fptai/fptai_1104.wav,fake,fptai,neural_tts_commercial,train
fptai_1105,vispoofdb_processed/fake/fptai/fptai_1105.wav,fake,fptai,neural_tts_commercial,test_seen
fptai_1106,vispoofdb_processed/fake/fptai/fptai_1106.wav,fake,fptai,neural_tts_commercial,train
fptai_1107,vispoofdb_processed/fake/fptai/fptai_1107.wav,fake,fptai,neural_tts_commercial,train
fptai_1108,vispoofdb_processed/fake/fptai/fptai_1108.wav,fake,fptai,neural_tts_commercial,train
fptai_1109,vispoofdb_processed/fake/fptai/fptai_1109.wav,fake,fptai,neural_tts_commercial,test_seen
fptai_1110,vispoofdb_processed/fake/fptai/fptai_1110.wav,fake,fptai,neural_tts_commercial,test_seen
fptai_1111,vispoofdb_processed/fake/fptai/fptai_1111.wav,fake,fptai,neural_tts_commercial,train
fptai_1112,vispoofdb_processed/fake/fptai/fptai_1112.wav,fake,fptai,neural_tts_commercial,train
fptai_1113,vispoofdb_processed/fake/fptai/fptai_1113.wav,fake,fptai,neural_tts_commercial,test_seen
fptai_1114,vispoofdb_processed/fake/fptai/fptai_1114.wav,fake,fptai,neural_tts_commercial,train
fptai_1115,vispoofdb_processed/fake/fptai/fptai_1115.wav,fake,fptai,neural_tts_commercial,test_seen
fptai_1116,vispoofdb_processed/fake/fptai/fptai_1116.wav,fake,fptai,neural_tts_commercial,train
fptai_1117,vispoofdb_processed/fake/fptai/fptai_1117.wav,fake,fptai,neural_tts_commercial,test_seen
fptai_1118,vispoofdb_processed/fake/fptai/fptai_1118.wav,fake,fptai,neural_tts_commercial,train
fptai_1119,vispoofdb_processed/fake/fptai/fptai_1119.wav,fake,fptai,neural_tts_commercial,train
fptai_1120,vispoofdb_processed/fake/fptai/fptai_1120.wav,fake,fptai,neural_tts_commercial,test_seen
fptai_1121,vispoofdb_processed/fake/fptai/fptai_1121.wav,fake,fptai,neural_tts_commercial,train
fptai_1122,vispoofdb_processed/fake/fptai/fptai_1122.wav,fake,fptai,neural_tts_commercial,train
fptai_1123,vispoofdb_processed/fake/fptai/fptai_1123.wav,fake,fptai,neural_tts_commercial,train
fptai_1124,vispoofdb_processed/fake/fptai/fptai_1124.wav,fake,fptai,neural_tts_commercial,train
fptai_1125,vispoofdb_processed/fake/fptai/fptai_1125.wav,fake,fptai,neural_tts_commercial,test_seen
fptai_1126,vispoofdb_processed/fake/fptai/fptai_1126.wav,fake,fptai,neural_tts_commercial,train
fptai_1127,vispoofdb_processed/fake/fptai/fptai_1127.wav,fake,fptai,neural_tts_commercial,train
fptai_1128,vispoofdb_processed/fake/fptai/fptai_1128.wav,fake,fptai,neural_tts_commercial,train
fptai_1129,vispoofdb_processed/fake/fptai/fptai_1129.wav,fake,fptai,neural_tts_commercial,train
fptai_1130,vispoofdb_processed/fake/fptai/fptai_1130.wav,fake,fptai,neural_tts_commercial,train
fptai_1131,vispoofdb_processed/fake/fptai/fptai_1131.wav,fake,fptai,neural_tts_commercial,train
fptai_1132,vispoofdb_processed/fake/fptai/fptai_1132.wav,fake,fptai,neural_tts_commercial,train
fptai_1133,vispoofdb_processed/fake/fptai/fptai_1133.wav,fake,fptai,neural_tts_commercial,test_seen
fptai_1134,vispoofdb_processed/fake/fptai/fptai_1134.wav,fake,fptai,neural_tts_commercial,test_seen
fptai_1135,vispoofdb_processed/fake/fptai/fptai_1135.wav,fake,fptai,neural_tts_commercial,train
fptai_1136,vispoofdb_processed/fake/fptai/fptai_1136.wav,fake,fptai,neural_tts_commercial,test_seen
fptai_1137,vispoofdb_processed/fake/fptai/fptai_1137.wav,fake,fptai,neural_tts_commercial,train
fptai_1138,vispoofdb_processed/fake/fptai/fptai_1138.wav,fake,fptai,neural_tts_commercial,train
fptai_1139,vispoofdb_processed/fake/fptai/fptai_1139.wav,fake,fptai,neural_tts_commercial,train
fptai_1140,vispoofdb_processed/fake/fptai/fptai_1140.wav,fake,fptai,neural_tts_commercial,train
fptai_1141,vispoofdb_processed/fake/fptai/fptai_1141.wav,fake,fptai,neural_tts_commercial,train
fptai_1142,vispoofdb_processed/fake/fptai/fptai_1142.wav,fake,fptai,neural_tts_commercial,train
fptai_1143,vispoofdb_processed/fake/fptai/fptai_1143.wav,fake,fptai,neural_tts_commercial,train
fptai_1144,vispoofdb_processed/fake/fptai/fptai_1144.wav,fake,fptai,neural_tts_commercial,train
fptai_1145,vispoofdb_processed/fake/fptai/fptai_1145.wav,fake,fptai,neural_tts_commercial,train
fptai_1146,vispoofdb_processed/fake/fptai/fptai_1146.wav,fake,fptai,neural_tts_commercial,train
fptai_1147,vispoofdb_processed/fake/fptai/fptai_1147.wav,fake,fptai,neural_tts_commercial,train
fptai_1148,vispoofdb_processed/fake/fptai/fptai_1148.wav,fake,fptai,neural_tts_commercial,train
fptai_1149,vispoofdb_processed/fake/fptai/fptai_1149.wav,fake,fptai,neural_tts_commercial,test_seen
fptai_1150,vispoofdb_processed/fake/fptai/fptai_1150.wav,fake,fptai,neural_tts_commercial,train
fptai_1151,vispoofdb_processed/fake/fptai/fptai_1151.wav,fake,fptai,neural_tts_commercial,train
fptai_1152,vispoofdb_processed/fake/fptai/fptai_1152.wav,fake,fptai,neural_tts_commercial,train
fptai_1153,vispoofdb_processed/fake/fptai/fptai_1153.wav,fake,fptai,neural_tts_commercial,train
fptai_1154,vispoofdb_processed/fake/fptai/fptai_1154.wav,fake,fptai,neural_tts_commercial,train
fptai_1155,vispoofdb_processed/fake/fptai/fptai_1155.wav,fake,fptai,neural_tts_commercial,train
fptai_1156,vispoofdb_processed/fake/fptai/fptai_1156.wav,fake,fptai,neural_tts_commercial,train
fptai_1157,vispoofdb_processed/fake/fptai/fptai_1157.wav,fake,fptai,neural_tts_commercial,train
fptai_1158,vispoofdb_processed/fake/fptai/fptai_1158.wav,fake,fptai,neural_tts_commercial,train
fptai_1159,vispoofdb_processed/fake/fptai/fptai_1159.wav,fake,fptai,neural_tts_commercial,test_seen
fptai_1160,vispoofdb_processed/fake/fptai/fptai_1160.wav,fake,fptai,neural_tts_commercial,train
fptai_1161,vispoofdb_processed/fake/fptai/fptai_1161.wav,fake,fptai,neural_tts_commercial,train
fptai_1162,vispoofdb_processed/fake/fptai/fptai_1162.wav,fake,fptai,neural_tts_commercial,train
fptai_1163,vispoofdb_processed/fake/fptai/fptai_1163.wav,fake,fptai,neural_tts_commercial,train
fptai_1164,vispoofdb_processed/fake/fptai/fptai_1164.wav,fake,fptai,neural_tts_commercial,test_seen
fptai_1165,vispoofdb_processed/fake/fptai/fptai_1165.wav,fake,fptai,neural_tts_commercial,train
fptai_1166,vispoofdb_processed/fake/fptai/fptai_1166.wav,fake,fptai,neural_tts_commercial,train
fptai_1167,vispoofdb_processed/fake/fptai/fptai_1167.wav,fake,fptai,neural_tts_commercial,train
fptai_1168,vispoofdb_processed/fake/fptai/fptai_1168.wav,fake,fptai,neural_tts_commercial,train
fptai_1169,vispoofdb_processed/fake/fptai/fptai_1169.wav,fake,fptai,neural_tts_commercial,train
fptai_1170,vispoofdb_processed/fake/fptai/fptai_1170.wav,fake,fptai,neural_tts_commercial,train
fptai_1171,vispoofdb_processed/fake/fptai/fptai_1171.wav,fake,fptai,neural_tts_commercial,train
fptai_1172,vispoofdb_processed/fake/fptai/fptai_1172.wav,fake,fptai,neural_tts_commercial,train
fptai_1173,vispoofdb_processed/fake/fptai/fptai_1173.wav,fake,fptai,neural_tts_commercial,train
fptai_1174,vispoofdb_processed/fake/fptai/fptai_1174.wav,fake,fptai,neural_tts_commercial,train
fptai_1175,vispoofdb_processed/fake/fptai/fptai_1175.wav,fake,fptai,neural_tts_commercial,test_seen
fptai_1176,vispoofdb_processed/fake/fptai/fptai_1176.wav,fake,fptai,neural_tts_commercial,train
fptai_1177,vispoofdb_processed/fake/fptai/fptai_1177.wav,fake,fptai,neural_tts_commercial,train
fptai_1178,vispoofdb_processed/fake/fptai/fptai_1178.wav,fake,fptai,neural_tts_commercial,train
fptai_1179,vispoofdb_processed/fake/fptai/fptai_1179.wav,fake,fptai,neural_tts_commercial,train
fptai_1180,vispoofdb_processed/fake/fptai/fptai_1180.wav,fake,fptai,neural_tts_commercial,test_seen
fptai_1181,vispoofdb_processed/fake/fptai/fptai_1181.wav,fake,fptai,neural_tts_commercial,train
fptai_1182,vispoofdb_processed/fake/fptai/fptai_1182.wav,fake,fptai,neural_tts_commercial,test_seen
fptai_1183,vispoofdb_processed/fake/fptai/fptai_1183.wav,fake,fptai,neural_tts_commercial,train
fptai_1184,vispoofdb_processed/fake/fptai/fptai_1184.wav,fake,fptai,neural_tts_commercial,test_seen
fptai_1185,vispoofdb_processed/fake/fptai/fptai_1185.wav,fake,fptai,neural_tts_commercial,test_seen
fptai_1186,vispoofdb_processed/fake/fptai/fptai_1186.wav,fake,fptai,neural_tts_commercial,train
fptai_1187,vispoofdb_processed/fake/fptai/fptai_1187.wav,fake,fptai,neural_tts_commercial,test_seen
fptai_1188,vispoofdb_processed/fake/fptai/fptai_1188.wav,fake,fptai,neural_tts_commercial,train
fptai_1189,vispoofdb_processed/fake/fptai/fptai_1189.wav,fake,fptai,neural_tts_commercial,train
fptai_1190,vispoofdb_processed/fake/fptai/fptai_1190.wav,fake,fptai,neural_tts_commercial,train
fptai_1191,vispoofdb_processed/fake/fptai/fptai_1191.wav,fake,fptai,neural_tts_commercial,train
fptai_1192,vispoofdb_processed/fake/fptai/fptai_1192.wav,fake,fptai,neural_tts_commercial,train
fptai_1193,vispoofdb_processed/fake/fptai/fptai_1193.wav,fake,fptai,neural_tts_commercial,train
fptai_1194,vispoofdb_processed/fake/fptai/fptai_1194.wav,fake,fptai,neural_tts_commercial,train
fptai_1195,vispoofdb_processed/fake/fptai/fptai_1195.wav,fake,fptai,neural_tts_commercial,train
fptai_1196,vispoofdb_processed/fake/fptai/fptai_1196.wav,fake,fptai,neural_tts_commercial,train
fptai_1197,vispoofdb_processed/fake/fptai/fptai_1197.wav,fake,fptai,neural_tts_commercial,test_seen
fptai_1198,vispoofdb_processed/fake/fptai/fptai_1198.wav,fake,fptai,neural_tts_commercial,train
gtts_0000,vispoofdb_processed/fake/gtts/gtts_0000.wav,fake,gtts,concatenative_tts,test_unseen
gtts_0001,vispoofdb_processed/fake/gtts/gtts_0001.wav,fake,gtts,concatenative_tts,test_unseen
gtts_0002,vispoofdb_processed/fake/gtts/gtts_0002.wav,fake,gtts,concatenative_tts,test_unseen
gtts_0003,vispoofdb_processed/fake/gtts/gtts_0003.wav,fake,gtts,concatenative_tts,test_unseen
gtts_0004,vispoofdb_processed/fake/gtts/gtts_0004.wav,fake,gtts,concatenative_tts,test_unseen
gtts_0005,vispoofdb_processed/fake/gtts/gtts_0005.wav,fake,gtts,concatenative_tts,test_unseen
gtts_0006,vispoofdb_processed/fake/gtts/gtts_0006.wav,fake,gtts,concatenative_tts,test_unseen
gtts_0007,vispoofdb_processed/fake/gtts/gtts_0007.wav,fake,gtts,concatenative_tts,test_unseen
gtts_0008,vispoofdb_processed/fake/gtts/gtts_0008.wav,fake,gtts,concatenative_tts,test_unseen
gtts_0009,vispoofdb_processed/fake/gtts/gtts_0009.wav,fake,gtts,concatenative_tts,test_unseen
gtts_0010,vispoofdb_processed/fake/gtts/gtts_0010.wav,fake,gtts,concatenative_tts,test_unseen
gtts_0011,vispoofdb_processed/fake/gtts/gtts_0011.wav,fake,gtts,concatenative_tts,test_unseen
gtts_0012,vispoofdb_processed/fake/gtts/gtts_0012.wav,fake,gtts,concatenative_tts,test_unseen
gtts_0013,vispoofdb_processed/fake/gtts/gtts_0013.wav,fake,gtts,concatenative_tts,test_unseen
gtts_0014,vispoofdb_processed/fake/gtts/gtts_0014.wav,fake,gtts,concatenative_tts,test_unseen
gtts_0015,vispoofdb_processed/fake/gtts/gtts_0015.wav,fake,gtts,concatenative_tts,test_unseen
gtts_0016,vispoofdb_processed/fake/gtts/gtts_0016.wav,fake,gtts,concatenative_tts,test_unseen
gtts_0017,vispoofdb_processed/fake/gtts/gtts_0017.wav,fake,gtts,concatenative_tts,test_unseen
gtts_0018,vispoofdb_processed/fake/gtts/gtts_0018.wav,fake,gtts,concatenative_tts,test_unseen
gtts_0019,vispoofdb_processed/fake/gtts/gtts_0019.wav,fake,gtts,concatenative_tts,test_unseen
gtts_0020,vispoofdb_processed/fake/gtts/gtts_0020.wav,fake,gtts,concatenative_tts,test_unseen
gtts_0021,vispoofdb_processed/fake/gtts/gtts_0021.wav,fake,gtts,concatenative_tts,test_unseen
gtts_0022,vispoofdb_processed/fake/gtts/gtts_0022.wav,fake,gtts,concatenative_tts,test_unseen
gtts_0023,vispoofdb_processed/fake/gtts/gtts_0023.wav,fake,gtts,concatenative_tts,test_unseen
gtts_0024,vispoofdb_processed/fake/gtts/gtts_0024.wav,fake,gtts,concatenative_tts,test_unseen
gtts_0025,vispoofdb_processed/fake/gtts/gtts_0025.wav,fake,gtts,concatenative_tts,test_unseen
gtts_0026,vispoofdb_processed/fake/gtts/gtts_0026.wav,fake,gtts,concatenative_tts,test_unseen
gtts_0027,vispoofdb_processed/fake/gtts/gtts_0027.wav,fake,gtts,concatenative_tts,test_unseen
gtts_0028,vispoofdb_processed/fake/gtts/gtts_0028.wav,fake,gtts,concatenative_tts,test_unseen
gtts_0029,vispoofdb_processed/fake/gtts/gtts_0029.wav,fake,gtts,concatenative_tts,test_unseen
gtts_0030,vispoofdb_processed/fake/gtts/gtts_0030.wav,fake,gtts,concatenative_tts,test_unseen
gtts_0031,vispoofdb_processed/fake/gtts/gtts_0031.wav,fake,gtts,concatenative_tts,test_unseen
gtts_0032,vispoofdb_processed/fake/gtts/gtts_0032.wav,fake,gtts,concatenative_tts,test_unseen
gtts_0033,vispoofdb_processed/fake/gtts/gtts_0033.wav,fake,gtts,concatenative_tts,test_unseen
gtts_0034,vispoofdb_processed/fake/gtts/gtts_0034.wav,fake,gtts,concatenative_tts,test_unseen
gtts_0035,vispoofdb_processed/fake/gtts/gtts_0035.wav,fake,gtts,concatenative_tts,test_unseen
gtts_0036,vispoofdb_processed/fake/gtts/gtts_0036.wav,fake,gtts,concatenative_tts,test_unseen
gtts_0037,vispoofdb_processed/fake/gtts/gtts_0037.wav,fake,gtts,concatenative_tts,test_unseen
gtts_0038,vispoofdb_processed/fake/gtts/gtts_0038.wav,fake,gtts,concatenative_tts,test_unseen
gtts_0039,vispoofdb_processed/fake/gtts/gtts_0039.wav,fake,gtts,concatenative_tts,test_unseen
gtts_0040,vispoofdb_processed/fake/gtts/gtts_0040.wav,fake,gtts,concatenative_tts,test_unseen
gtts_0041,vispoofdb_processed/fake/gtts/gtts_0041.wav,fake,gtts,concatenative_tts,test_unseen
gtts_0042,vispoofdb_processed/fake/gtts/gtts_0042.wav,fake,gtts,concatenative_tts,test_unseen
gtts_0043,vispoofdb_processed/fake/gtts/gtts_0043.wav,fake,gtts,concatenative_tts,test_unseen
gtts_0044,vispoofdb_processed/fake/gtts/gtts_0044.wav,fake,gtts,concatenative_tts,test_unseen
gtts_0045,vispoofdb_processed/fake/gtts/gtts_0045.wav,fake,gtts,concatenative_tts,test_unseen
gtts_0046,vispoofdb_processed/fake/gtts/gtts_0046.wav,fake,gtts,concatenative_tts,test_unseen
gtts_0047,vispoofdb_processed/fake/gtts/gtts_0047.wav,fake,gtts,concatenative_tts,test_unseen
gtts_0048,vispoofdb_processed/fake/gtts/gtts_0048.wav,fake,gtts,concatenative_tts,test_unseen
gtts_0049,vispoofdb_processed/fake/gtts/gtts_0049.wav,fake,gtts,concatenative_tts,test_unseen
gtts_0050,vispoofdb_processed/fake/gtts/gtts_0050.wav,fake,gtts,concatenative_tts,test_unseen
gtts_0051,vispoofdb_processed/fake/gtts/gtts_0051.wav,fake,gtts,concatenative_tts,test_unseen
gtts_0052,vispoofdb_processed/fake/gtts/gtts_0052.wav,fake,gtts,concatenative_tts,test_unseen
gtts_0053,vispoofdb_processed/fake/gtts/gtts_0053.wav,fake,gtts,concatenative_tts,test_unseen
gtts_0054,vispoofdb_processed/fake/gtts/gtts_0054.wav,fake,gtts,concatenative_tts,test_unseen
gtts_0055,vispoofdb_processed/fake/gtts/gtts_0055.wav,fake,gtts,concatenative_tts,test_unseen
gtts_0056,vispoofdb_processed/fake/gtts/gtts_0056.wav,fake,gtts,concatenative_tts,test_unseen
gtts_0057,vispoofdb_processed/fake/gtts/gtts_0057.wav,fake,gtts,concatenative_tts,test_unseen
gtts_0058,vispoofdb_processed/fake/gtts/gtts_0058.wav,fake,gtts,concatenative_tts,test_unseen
gtts_0059,vispoofdb_processed/fake/gtts/gtts_0059.wav,fake,gtts,concatenative_tts,test_unseen
gtts_0060,vispoofdb_processed/fake/gtts/gtts_0060.wav,fake,gtts,concatenative_tts,test_unseen
gtts_0061,vispoofdb_processed/fake/gtts/gtts_0061.wav,fake,gtts,concatenative_tts,test_unseen
gtts_0062,vispoofdb_processed/fake/gtts/gtts_0062.wav,fake,gtts,concatenative_tts,test_unseen
gtts_0063,vispoofdb_processed/fake/gtts/gtts_0063.wav,fake,gtts,concatenative_tts,test_unseen
gtts_0064,vispoofdb_processed/fake/gtts/gtts_0064.wav,fake,gtts,concatenative_tts,test_unseen
gtts_0065,vispoofdb_processed/fake/gtts/gtts_0065.wav,fake,gtts,concatenative_tts,test_unseen
gtts_0066,vispoofdb_processed/fake/gtts/gtts_0066.wav,fake,gtts,concatenative_tts,test_unseen
gtts_0067,vispoofdb_processed/fake/gtts/gtts_0067.wav,fake,gtts,concatenative_tts,test_unseen
gtts_0068,vispoofdb_processed/fake/gtts/gtts_0068.wav,fake,gtts,concatenative_tts,test_unseen
gtts_0069,vispoofdb_processed/fake/gtts/gtts_0069.wav,fake,gtts,concatenative_tts,test_unseen
gtts_0070,vispoofdb_processed/fake/gtts/gtts_0070.wav,fake,gtts,concatenative_tts,test_unseen
gtts_0071,vispoofdb_processed/fake/gtts/gtts_0071.wav,fake,gtts,concatenative_tts,test_unseen
gtts_0072,vispoofdb_processed/fake/gtts/gtts_0072.wav,fake,gtts,concatenative_tts,test_unseen
gtts_0073,vispoofdb_processed/fake/gtts/gtts_0073.wav,fake,gtts,concatenative_tts,test_unseen
gtts_0074,vispoofdb_processed/fake/gtts/gtts_0074.wav,fake,gtts,concatenative_tts,test_unseen
gtts_0075,vispoofdb_processed/fake/gtts/gtts_0075.wav,fake,gtts,concatenative_tts,test_unseen
gtts_0076,vispoofdb_processed/fake/gtts/gtts_0076.wav,fake,gtts,concatenative_tts,test_unseen
gtts_0077,vispoofdb_processed/fake/gtts/gtts_0077.wav,fake,gtts,concatenative_tts,test_unseen
gtts_0078,vispoofdb_processed/fake/gtts/gtts_0078.wav,fake,gtts,concatenative_tts,test_unseen
gtts_0079,vispoofdb_processed/fake/gtts/gtts_0079.wav,fake,gtts,concatenative_tts,test_unseen
gtts_0080,vispoofdb_processed/fake/gtts/gtts_0080.wav,fake,gtts,concatenative_tts,test_unseen
gtts_0081,vispoofdb_processed/fake/gtts/gtts_0081.wav,fake,gtts,concatenative_tts,test_unseen
gtts_0082,vispoofdb_processed/fake/gtts/gtts_0082.wav,fake,gtts,concatenative_tts,test_unseen
gtts_0083,vispoofdb_processed/fake/gtts/gtts_0083.wav,fake,gtts,concatenative_tts,test_unseen
gtts_0084,vispoofdb_processed/fake/gtts/gtts_0084.wav,fake,gtts,concatenative_tts,test_unseen
gtts_0085,vispoofdb_processed/fake/gtts/gtts_0085.wav,fake,gtts,concatenative_tts,test_unseen
gtts_0086,vispoofdb_processed/fake/gtts/gtts_0086.wav,fake,gtts,concatenative_tts,test_unseen
gtts_0087,vispoofdb_processed/fake/gtts/gtts_0087.wav,fake,gtts,concatenative_tts,test_unseen
gtts_0088,vispoofdb_processed/fake/gtts/gtts_0088.wav,fake,gtts,concatenative_tts,test_unseen
gtts_0089,vispoofdb_processed/fake/gtts/gtts_0089.wav,fake,gtts,concatenative_tts,test_unseen
gtts_0090,vispoofdb_processed/fake/gtts/gtts_0090.wav,fake,gtts,concatenative_tts,test_unseen
gtts_0091,vispoofdb_processed/fake/gtts/gtts_0091.wav,fake,gtts,concatenative_tts,test_unseen
gtts_0092,vispoofdb_processed/fake/gtts/gtts_0092.wav,fake,gtts,concatenative_tts,test_unseen
gtts_0093,vispoofdb_processed/fake/gtts/gtts_0093.wav,fake,gtts,concatenative_tts,test_unseen
gtts_0094,vispoofdb_processed/fake/gtts/gtts_0094.wav,fake,gtts,concatenative_tts,test_unseen
gtts_0095,vispoofdb_processed/fake/gtts/gtts_0095.wav,fake,gtts,concatenative_tts,test_unseen
gtts_0096,vispoofdb_processed/fake/gtts/gtts_0096.wav,fake,gtts,concatenative_tts,test_unseen
gtts_0097,vispoofdb_processed/fake/gtts/gtts_0097.wav,fake,gtts,concatenative_tts,test_unseen
gtts_0098,vispoofdb_processed/fake/gtts/gtts_0098.wav,fake,gtts,concatenative_tts,test_unseen
gtts_0099,vispoofdb_processed/fake/gtts/gtts_0099.wav,fake,gtts,concatenative_tts,test_unseen
gtts_0100,vispoofdb_processed/fake/gtts/gtts_0100.wav,fake,gtts,concatenative_tts,test_unseen
gtts_0101,vispoofdb_processed/fake/gtts/gtts_0101.wav,fake,gtts,concatenative_tts,test_unseen
gtts_0102,vispoofdb_processed/fake/gtts/gtts_0102.wav,fake,gtts,concatenative_tts,test_unseen
gtts_0103,vispoofdb_processed/fake/gtts/gtts_0103.wav,fake,gtts,concatenative_tts,test_unseen
gtts_0104,vispoofdb_processed/fake/gtts/gtts_0104.wav,fake,gtts,concatenative_tts,test_unseen
gtts_0105,vispoofdb_processed/fake/gtts/gtts_0105.wav,fake,gtts,concatenative_tts,test_unseen
gtts_0106,vispoofdb_processed/fake/gtts/gtts_0106.wav,fake,gtts,concatenative_tts,test_unseen
gtts_0107,vispoofdb_processed/fake/gtts/gtts_0107.wav,fake,gtts,concatenative_tts,test_unseen
gtts_0108,vispoofdb_processed/fake/gtts/gtts_0108.wav,fake,gtts,concatenative_tts,test_unseen
gtts_0109,vispoofdb_processed/fake/gtts/gtts_0109.wav,fake,gtts,concatenative_tts,test_unseen
gtts_0110,vispoofdb_processed/fake/gtts/gtts_0110.wav,fake,gtts,concatenative_tts,test_unseen
gtts_0111,vispoofdb_processed/fake/gtts/gtts_0111.wav,fake,gtts,concatenative_tts,test_unseen
gtts_0112,vispoofdb_processed/fake/gtts/gtts_0112.wav,fake,gtts,concatenative_tts,test_unseen
gtts_0113,vispoofdb_processed/fake/gtts/gtts_0113.wav,fake,gtts,concatenative_tts,test_unseen
gtts_0114,vispoofdb_processed/fake/gtts/gtts_0114.wav,fake,gtts,concatenative_tts,test_unseen
gtts_0115,vispoofdb_processed/fake/gtts/gtts_0115.wav,fake,gtts,concatenative_tts,test_unseen
gtts_0116,vispoofdb_processed/fake/gtts/gtts_0116.wav,fake,gtts,concatenative_tts,test_unseen
gtts_0117,vispoofdb_processed/fake/gtts/gtts_0117.wav,fake,gtts,concatenative_tts,test_unseen
gtts_0118,vispoofdb_processed/fake/gtts/gtts_0118.wav,fake,gtts,concatenative_tts,test_unseen
gtts_0119,vispoofdb_processed/fake/gtts/gtts_0119.wav,fake,gtts,concatenative_tts,test_unseen
gtts_0120,vispoofdb_processed/fake/gtts/gtts_0120.wav,fake,gtts,concatenative_tts,test_unseen
gtts_0121,vispoofdb_processed/fake/gtts/gtts_0121.wav,fake,gtts,concatenative_tts,test_unseen
gtts_0122,vispoofdb_processed/fake/gtts/gtts_0122.wav,fake,gtts,concatenative_tts,test_unseen
gtts_0123,vispoofdb_processed/fake/gtts/gtts_0123.wav,fake,gtts,concatenative_tts,test_unseen
gtts_0124,vispoofdb_processed/fake/gtts/gtts_0124.wav,fake,gtts,concatenative_tts,test_unseen
gtts_0125,vispoofdb_processed/fake/gtts/gtts_0125.wav,fake,gtts,concatenative_tts,test_unseen
gtts_0126,vispoofdb_processed/fake/gtts/gtts_0126.wav,fake,gtts,concatenative_tts,test_unseen
gtts_0127,vispoofdb_processed/fake/gtts/gtts_0127.wav,fake,gtts,concatenative_tts,test_unseen
gtts_0128,vispoofdb_processed/fake/gtts/gtts_0128.wav,fake,gtts,concatenative_tts,test_unseen
gtts_0129,vispoofdb_processed/fake/gtts/gtts_0129.wav,fake,gtts,concatenative_tts,test_unseen
gtts_0130,vispoofdb_processed/fake/gtts/gtts_0130.wav,fake,gtts,concatenative_tts,test_unseen
gtts_0131,vispoofdb_processed/fake/gtts/gtts_0131.wav,fake,gtts,concatenative_tts,test_unseen
gtts_0132,vispoofdb_processed/fake/gtts/gtts_0132.wav,fake,gtts,concatenative_tts,test_unseen
gtts_0133,vispoofdb_processed/fake/gtts/gtts_0133.wav,fake,gtts,concatenative_tts,test_unseen
gtts_0134,vispoofdb_processed/fake/gtts/gtts_0134.wav,fake,gtts,concatenative_tts,test_unseen
gtts_0135,vispoofdb_processed/fake/gtts/gtts_0135.wav,fake,gtts,concatenative_tts,test_unseen
gtts_0136,vispoofdb_processed/fake/gtts/gtts_0136.wav,fake,gtts,concatenative_tts,test_unseen
gtts_0137,vispoofdb_processed/fake/gtts/gtts_0137.wav,fake,gtts,concatenative_tts,test_unseen
gtts_0138,vispoofdb_processed/fake/gtts/gtts_0138.wav,fake,gtts,concatenative_tts,test_unseen
gtts_0139,vispoofdb_processed/fake/gtts/gtts_0139.wav,fake,gtts,concatenative_tts,test_unseen
gtts_0140,vispoofdb_processed/fake/gtts/gtts_0140.wav,fake,gtts,concatenative_tts,test_unseen
gtts_0141,vispoofdb_processed/fake/gtts/gtts_0141.wav,fake,gtts,concatenative_tts,test_unseen
gtts_0142,vispoofdb_processed/fake/gtts/gtts_0142.wav,fake,gtts,concatenative_tts,test_unseen
gtts_0143,vispoofdb_processed/fake/gtts/gtts_0143.wav,fake,gtts,concatenative_tts,test_unseen
gtts_0144,vispoofdb_processed/fake/gtts/gtts_0144.wav,fake,gtts,concatenative_tts,test_unseen
gtts_0145,vispoofdb_processed/fake/gtts/gtts_0145.wav,fake,gtts,concatenative_tts,test_unseen
gtts_0146,vispoofdb_processed/fake/gtts/gtts_0146.wav,fake,gtts,concatenative_tts,test_unseen
gtts_0147,vispoofdb_processed/fake/gtts/gtts_0147.wav,fake,gtts,concatenative_tts,test_unseen
gtts_0148,vispoofdb_processed/fake/gtts/gtts_0148.wav,fake,gtts,concatenative_tts,test_unseen
gtts_0149,vispoofdb_processed/fake/gtts/gtts_0149.wav,fake,gtts,concatenative_tts,test_unseen
gtts_0150,vispoofdb_processed/fake/gtts/gtts_0150.wav,fake,gtts,concatenative_tts,test_unseen
gtts_0151,vispoofdb_processed/fake/gtts/gtts_0151.wav,fake,gtts,concatenative_tts,test_unseen
gtts_0152,vispoofdb_processed/fake/gtts/gtts_0152.wav,fake,gtts,concatenative_tts,test_unseen
gtts_0153,vispoofdb_processed/fake/gtts/gtts_0153.wav,fake,gtts,concatenative_tts,test_unseen
gtts_0154,vispoofdb_processed/fake/gtts/gtts_0154.wav,fake,gtts,concatenative_tts,test_unseen
gtts_0155,vispoofdb_processed/fake/gtts/gtts_0155.wav,fake,gtts,concatenative_tts,test_unseen
gtts_0156,vispoofdb_processed/fake/gtts/gtts_0156.wav,fake,gtts,concatenative_tts,test_unseen
gtts_0157,vispoofdb_processed/fake/gtts/gtts_0157.wav,fake,gtts,concatenative_tts,test_unseen
gtts_0158,vispoofdb_processed/fake/gtts/gtts_0158.wav,fake,gtts,concatenative_tts,test_unseen
gtts_0159,vispoofdb_processed/fake/gtts/gtts_0159.wav,fake,gtts,concatenative_tts,test_unseen
gtts_0160,vispoofdb_processed/fake/gtts/gtts_0160.wav,fake,gtts,concatenative_tts,test_unseen
gtts_0161,vispoofdb_processed/fake/gtts/gtts_0161.wav,fake,gtts,concatenative_tts,test_unseen
gtts_0162,vispoofdb_processed/fake/gtts/gtts_0162.wav,fake,gtts,concatenative_tts,test_unseen
gtts_0163,vispoofdb_processed/fake/gtts/gtts_0163.wav,fake,gtts,concatenative_tts,test_unseen
gtts_0164,vispoofdb_processed/fake/gtts/gtts_0164.wav,fake,gtts,concatenative_tts,test_unseen
gtts_0165,vispoofdb_processed/fake/gtts/gtts_0165.wav,fake,gtts,concatenative_tts,test_unseen
gtts_0166,vispoofdb_processed/fake/gtts/gtts_0166.wav,fake,gtts,concatenative_tts,test_unseen
gtts_0167,vispoofdb_processed/fake/gtts/gtts_0167.wav,fake,gtts,concatenative_tts,test_unseen
gtts_0168,vispoofdb_processed/fake/gtts/gtts_0168.wav,fake,gtts,concatenative_tts,test_unseen
gtts_0169,vispoofdb_processed/fake/gtts/gtts_0169.wav,fake,gtts,concatenative_tts,test_unseen
gtts_0170,vispoofdb_processed/fake/gtts/gtts_0170.wav,fake,gtts,concatenative_tts,test_unseen
gtts_0171,vispoofdb_processed/fake/gtts/gtts_0171.wav,fake,gtts,concatenative_tts,test_unseen
gtts_0172,vispoofdb_processed/fake/gtts/gtts_0172.wav,fake,gtts,concatenative_tts,test_unseen
gtts_0173,vispoofdb_processed/fake/gtts/gtts_0173.wav,fake,gtts,concatenative_tts,test_unseen
gtts_0174,vispoofdb_processed/fake/gtts/gtts_0174.wav,fake,gtts,concatenative_tts,test_unseen
gtts_0175,vispoofdb_processed/fake/gtts/gtts_0175.wav,fake,gtts,concatenative_tts,test_unseen
gtts_0176,vispoofdb_processed/fake/gtts/gtts_0176.wav,fake,gtts,concatenative_tts,test_unseen
gtts_0177,vispoofdb_processed/fake/gtts/gtts_0177.wav,fake,gtts,concatenative_tts,test_unseen
gtts_0178,vispoofdb_processed/fake/gtts/gtts_0178.wav,fake,gtts,concatenative_tts,test_unseen
gtts_0179,vispoofdb_processed/fake/gtts/gtts_0179.wav,fake,gtts,concatenative_tts,test_unseen
gtts_0180,vispoofdb_processed/fake/gtts/gtts_0180.wav,fake,gtts,concatenative_tts,test_unseen
gtts_0181,vispoofdb_processed/fake/gtts/gtts_0181.wav,fake,gtts,concatenative_tts,test_unseen
gtts_0182,vispoofdb_processed/fake/gtts/gtts_0182.wav,fake,gtts,concatenative_tts,test_unseen
gtts_0183,vispoofdb_processed/fake/gtts/gtts_0183.wav,fake,gtts,concatenative_tts,test_unseen
gtts_0184,vispoofdb_processed/fake/gtts/gtts_0184.wav,fake,gtts,concatenative_tts,test_unseen
gtts_0185,vispoofdb_processed/fake/gtts/gtts_0185.wav,fake,gtts,concatenative_tts,test_unseen
gtts_0186,vispoofdb_processed/fake/gtts/gtts_0186.wav,fake,gtts,concatenative_tts,test_unseen
gtts_0187,vispoofdb_processed/fake/gtts/gtts_0187.wav,fake,gtts,concatenative_tts,test_unseen
gtts_0188,vispoofdb_processed/fake/gtts/gtts_0188.wav,fake,gtts,concatenative_tts,test_unseen
gtts_0189,vispoofdb_processed/fake/gtts/gtts_0189.wav,fake,gtts,concatenative_tts,test_unseen
gtts_0190,vispoofdb_processed/fake/gtts/gtts_0190.wav,fake,gtts,concatenative_tts,test_unseen
gtts_0191,vispoofdb_processed/fake/gtts/gtts_0191.wav,fake,gtts,concatenative_tts,test_unseen
gtts_0192,vispoofdb_processed/fake/gtts/gtts_0192.wav,fake,gtts,concatenative_tts,test_unseen
gtts_0193,vispoofdb_processed/fake/gtts/gtts_0193.wav,fake,gtts,concatenative_tts,test_unseen
gtts_0194,vispoofdb_processed/fake/gtts/gtts_0194.wav,fake,gtts,concatenative_tts,test_unseen
gtts_0195,vispoofdb_processed/fake/gtts/gtts_0195.wav,fake,gtts,concatenative_tts,test_unseen
gtts_0196,vispoofdb_processed/fake/gtts/gtts_0196.wav,fake,gtts,concatenative_tts,test_unseen
gtts_0197,vispoofdb_processed/fake/gtts/gtts_0197.wav,fake,gtts,concatenative_tts,test_unseen
gtts_0198,vispoofdb_processed/fake/gtts/gtts_0198.wav,fake,gtts,concatenative_tts,test_unseen
gtts_0199,vispoofdb_processed/fake/gtts/gtts_0199.wav,fake,gtts,concatenative_tts,test_unseen
gtts_0200,vispoofdb_processed/fake/gtts/gtts_0200.wav,fake,gtts,concatenative_tts,test_unseen
gtts_0201,vispoofdb_processed/fake/gtts/gtts_0201.wav,fake,gtts,concatenative_tts,test_unseen
gtts_0202,vispoofdb_processed/fake/gtts/gtts_0202.wav,fake,gtts,concatenative_tts,test_unseen
gtts_0203,vispoofdb_processed/fake/gtts/gtts_0203.wav,fake,gtts,concatenative_tts,test_unseen
gtts_0204,vispoofdb_processed/fake/gtts/gtts_0204.wav,fake,gtts,concatenative_tts,test_unseen
gtts_0205,vispoofdb_processed/fake/gtts/gtts_0205.wav,fake,gtts,concatenative_tts,test_unseen
gtts_0206,vispoofdb_processed/fake/gtts/gtts_0206.wav,fake,gtts,concatenative_tts,test_unseen
gtts_0207,vispoofdb_processed/fake/gtts/gtts_0207.wav,fake,gtts,concatenative_tts,test_unseen
gtts_0208,vispoofdb_processed/fake/gtts/gtts_0208.wav,fake,gtts,concatenative_tts,test_unseen
gtts_0209,vispoofdb_processed/fake/gtts/gtts_0209.wav,fake,gtts,concatenative_tts,test_unseen
gtts_0210,vispoofdb_processed/fake/gtts/gtts_0210.wav,fake,gtts,concatenative_tts,test_unseen
gtts_0211,vispoofdb_processed/fake/gtts/gtts_0211.wav,fake,gtts,concatenative_tts,test_unseen
gtts_0212,vispoofdb_processed/fake/gtts/gtts_0212.wav,fake,gtts,concatenative_tts,test_unseen
gtts_0213,vispoofdb_processed/fake/gtts/gtts_0213.wav,fake,gtts,concatenative_tts,test_unseen
gtts_0214,vispoofdb_processed/fake/gtts/gtts_0214.wav,fake,gtts,concatenative_tts,test_unseen
gtts_0215,vispoofdb_processed/fake/gtts/gtts_0215.wav,fake,gtts,concatenative_tts,test_unseen
gtts_0216,vispoofdb_processed/fake/gtts/gtts_0216.wav,fake,gtts,concatenative_tts,test_unseen
gtts_0217,vispoofdb_processed/fake/gtts/gtts_0217.wav,fake,gtts,concatenative_tts,test_unseen
gtts_0218,vispoofdb_processed/fake/gtts/gtts_0218.wav,fake,gtts,concatenative_tts,test_unseen
gtts_0219,vispoofdb_processed/fake/gtts/gtts_0219.wav,fake,gtts,concatenative_tts,test_unseen
gtts_0220,vispoofdb_processed/fake/gtts/gtts_0220.wav,fake,gtts,concatenative_tts,test_unseen
gtts_0221,vispoofdb_processed/fake/gtts/gtts_0221.wav,fake,gtts,concatenative_tts,test_unseen
gtts_0222,vispoofdb_processed/fake/gtts/gtts_0222.wav,fake,gtts,concatenative_tts,test_unseen
gtts_0223,vispoofdb_processed/fake/gtts/gtts_0223.wav,fake,gtts,concatenative_tts,test_unseen
gtts_0224,vispoofdb_processed/fake/gtts/gtts_0224.wav,fake,gtts,concatenative_tts,test_unseen
gtts_0225,vispoofdb_processed/fake/gtts/gtts_0225.wav,fake,gtts,concatenative_tts,test_unseen
gtts_0226,vispoofdb_processed/fake/gtts/gtts_0226.wav,fake,gtts,concatenative_tts,test_unseen
gtts_0227,vispoofdb_processed/fake/gtts/gtts_0227.wav,fake,gtts,concatenative_tts,test_unseen
gtts_0228,vispoofdb_processed/fake/gtts/gtts_0228.wav,fake,gtts,concatenative_tts,test_unseen
gtts_0229,vispoofdb_processed/fake/gtts/gtts_0229.wav,fake,gtts,concatenative_tts,test_unseen
gtts_0230,vispoofdb_processed/fake/gtts/gtts_0230.wav,fake,gtts,concatenative_tts,test_unseen
gtts_0231,vispoofdb_processed/fake/gtts/gtts_0231.wav,fake,gtts,concatenative_tts,test_unseen
gtts_0232,vispoofdb_processed/fake/gtts/gtts_0232.wav,fake,gtts,concatenative_tts,test_unseen
gtts_0233,vispoofdb_processed/fake/gtts/gtts_0233.wav,fake,gtts,concatenative_tts,test_unseen
gtts_0234,vispoofdb_processed/fake/gtts/gtts_0234.wav,fake,gtts,concatenative_tts,test_unseen
gtts_0235,vispoofdb_processed/fake/gtts/gtts_0235.wav,fake,gtts,concatenative_tts,test_unseen
gtts_0236,vispoofdb_processed/fake/gtts/gtts_0236.wav,fake,gtts,concatenative_tts,test_unseen
gtts_0237,vispoofdb_processed/fake/gtts/gtts_0237.wav,fake,gtts,concatenative_tts,test_unseen
gtts_0238,vispoofdb_processed/fake/gtts/gtts_0238.wav,fake,gtts,concatenative_tts,test_unseen
gtts_0239,vispoofdb_processed/fake/gtts/gtts_0239.wav,fake,gtts,concatenative_tts,test_unseen
gtts_0240,vispoofdb_processed/fake/gtts/gtts_0240.wav,fake,gtts,concatenative_tts,test_unseen
gtts_0241,vispoofdb_processed/fake/gtts/gtts_0241.wav,fake,gtts,concatenative_tts,test_unseen
gtts_0242,vispoofdb_processed/fake/gtts/gtts_0242.wav,fake,gtts,concatenative_tts,test_unseen
gtts_0243,vispoofdb_processed/fake/gtts/gtts_0243.wav,fake,gtts,concatenative_tts,test_unseen
gtts_0244,vispoofdb_processed/fake/gtts/gtts_0244.wav,fake,gtts,concatenative_tts,test_unseen
gtts_0245,vispoofdb_processed/fake/gtts/gtts_0245.wav,fake,gtts,concatenative_tts,test_unseen
gtts_0246,vispoofdb_processed/fake/gtts/gtts_0246.wav,fake,gtts,concatenative_tts,test_unseen
gtts_0247,vispoofdb_processed/fake/gtts/gtts_0247.wav,fake,gtts,concatenative_tts,test_unseen
gtts_0248,vispoofdb_processed/fake/gtts/gtts_0248.wav,fake,gtts,concatenative_tts,test_unseen
gtts_0249,vispoofdb_processed/fake/gtts/gtts_0249.wav,fake,gtts,concatenative_tts,test_unseen
gtts_0250,vispoofdb_processed/fake/gtts/gtts_0250.wav,fake,gtts,concatenative_tts,test_unseen
gtts_0251,vispoofdb_processed/fake/gtts/gtts_0251.wav,fake,gtts,concatenative_tts,test_unseen
gtts_0252,vispoofdb_processed/fake/gtts/gtts_0252.wav,fake,gtts,concatenative_tts,test_unseen
gtts_0253,vispoofdb_processed/fake/gtts/gtts_0253.wav,fake,gtts,concatenative_tts,test_unseen
gtts_0254,vispoofdb_processed/fake/gtts/gtts_0254.wav,fake,gtts,concatenative_tts,test_unseen
gtts_0255,vispoofdb_processed/fake/gtts/gtts_0255.wav,fake,gtts,concatenative_tts,test_unseen
gtts_0256,vispoofdb_processed/fake/gtts/gtts_0256.wav,fake,gtts,concatenative_tts,test_unseen
gtts_0257,vispoofdb_processed/fake/gtts/gtts_0257.wav,fake,gtts,concatenative_tts,test_unseen
gtts_0258,vispoofdb_processed/fake/gtts/gtts_0258.wav,fake,gtts,concatenative_tts,test_unseen
gtts_0259,vispoofdb_processed/fake/gtts/gtts_0259.wav,fake,gtts,concatenative_tts,test_unseen
gtts_0260,vispoofdb_processed/fake/gtts/gtts_0260.wav,fake,gtts,concatenative_tts,test_unseen
gtts_0261,vispoofdb_processed/fake/gtts/gtts_0261.wav,fake,gtts,concatenative_tts,test_unseen
gtts_0262,vispoofdb_processed/fake/gtts/gtts_0262.wav,fake,gtts,concatenative_tts,test_unseen
gtts_0263,vispoofdb_processed/fake/gtts/gtts_0263.wav,fake,gtts,concatenative_tts,test_unseen
gtts_0264,vispoofdb_processed/fake/gtts/gtts_0264.wav,fake,gtts,concatenative_tts,test_unseen
gtts_0265,vispoofdb_processed/fake/gtts/gtts_0265.wav,fake,gtts,concatenative_tts,test_unseen
gtts_0266,vispoofdb_processed/fake/gtts/gtts_0266.wav,fake,gtts,concatenative_tts,test_unseen
gtts_0267,vispoofdb_processed/fake/gtts/gtts_0267.wav,fake,gtts,concatenative_tts,test_unseen
gtts_0268,vispoofdb_processed/fake/gtts/gtts_0268.wav,fake,gtts,concatenative_tts,test_unseen
gtts_0269,vispoofdb_processed/fake/gtts/gtts_0269.wav,fake,gtts,concatenative_tts,test_unseen
gtts_0270,vispoofdb_processed/fake/gtts/gtts_0270.wav,fake,gtts,concatenative_tts,test_unseen
gtts_0271,vispoofdb_processed/fake/gtts/gtts_0271.wav,fake,gtts,concatenative_tts,test_unseen
gtts_0272,vispoofdb_processed/fake/gtts/gtts_0272.wav,fake,gtts,concatenative_tts,test_unseen
gtts_0273,vispoofdb_processed/fake/gtts/gtts_0273.wav,fake,gtts,concatenative_tts,test_unseen
gtts_0274,vispoofdb_processed/fake/gtts/gtts_0274.wav,fake,gtts,concatenative_tts,test_unseen
gtts_0275,vispoofdb_processed/fake/gtts/gtts_0275.wav,fake,gtts,concatenative_tts,test_unseen
gtts_0276,vispoofdb_processed/fake/gtts/gtts_0276.wav,fake,gtts,concatenative_tts,test_unseen
gtts_0277,vispoofdb_processed/fake/gtts/gtts_0277.wav,fake,gtts,concatenative_tts,test_unseen
gtts_0278,vispoofdb_processed/fake/gtts/gtts_0278.wav,fake,gtts,concatenative_tts,test_unseen
gtts_0279,vispoofdb_processed/fake/gtts/gtts_0279.wav,fake,gtts,concatenative_tts,test_unseen
gtts_0280,vispoofdb_processed/fake/gtts/gtts_0280.wav,fake,gtts,concatenative_tts,test_unseen
gtts_0281,vispoofdb_processed/fake/gtts/gtts_0281.wav,fake,gtts,concatenative_tts,test_unseen
gtts_0282,vispoofdb_processed/fake/gtts/gtts_0282.wav,fake,gtts,concatenative_tts,test_unseen
gtts_0283,vispoofdb_processed/fake/gtts/gtts_0283.wav,fake,gtts,concatenative_tts,test_unseen
gtts_0284,vispoofdb_processed/fake/gtts/gtts_0284.wav,fake,gtts,concatenative_tts,test_unseen
gtts_0285,vispoofdb_processed/fake/gtts/gtts_0285.wav,fake,gtts,concatenative_tts,test_unseen
gtts_0286,vispoofdb_processed/fake/gtts/gtts_0286.wav,fake,gtts,concatenative_tts,test_unseen
gtts_0287,vispoofdb_processed/fake/gtts/gtts_0287.wav,fake,gtts,concatenative_tts,test_unseen
gtts_0288,vispoofdb_processed/fake/gtts/gtts_0288.wav,fake,gtts,concatenative_tts,test_unseen
gtts_0289,vispoofdb_processed/fake/gtts/gtts_0289.wav,fake,gtts,concatenative_tts,test_unseen
gtts_0290,vispoofdb_processed/fake/gtts/gtts_0290.wav,fake,gtts,concatenative_tts,test_unseen
gtts_0291,vispoofdb_processed/fake/gtts/gtts_0291.wav,fake,gtts,concatenative_tts,test_unseen
gtts_0292,vispoofdb_processed/fake/gtts/gtts_0292.wav,fake,gtts,concatenative_tts,test_unseen
gtts_0293,vispoofdb_processed/fake/gtts/gtts_0293.wav,fake,gtts,concatenative_tts,test_unseen
gtts_0294,vispoofdb_processed/fake/gtts/gtts_0294.wav,fake,gtts,concatenative_tts,test_unseen
gtts_0295,vispoofdb_processed/fake/gtts/gtts_0295.wav,fake,gtts,concatenative_tts,test_unseen
gtts_0296,vispoofdb_processed/fake/gtts/gtts_0296.wav,fake,gtts,concatenative_tts,test_unseen
gtts_0297,vispoofdb_processed/fake/gtts/gtts_0297.wav,fake,gtts,concatenative_tts,test_unseen
gtts_0298,vispoofdb_processed/fake/gtts/gtts_0298.wav,fake,gtts,concatenative_tts,test_unseen
gtts_0299,vispoofdb_processed/fake/gtts/gtts_0299.wav,fake,gtts,concatenative_tts,test_unseen
gtts_0300,vispoofdb_processed/fake/gtts/gtts_0300.wav,fake,gtts,concatenative_tts,test_unseen
gtts_0301,vispoofdb_processed/fake/gtts/gtts_0301.wav,fake,gtts,concatenative_tts,test_unseen
gtts_0302,vispoofdb_processed/fake/gtts/gtts_0302.wav,fake,gtts,concatenative_tts,test_unseen
gtts_0303,vispoofdb_processed/fake/gtts/gtts_0303.wav,fake,gtts,concatenative_tts,test_unseen
gtts_0304,vispoofdb_processed/fake/gtts/gtts_0304.wav,fake,gtts,concatenative_tts,test_unseen
gtts_0305,vispoofdb_processed/fake/gtts/gtts_0305.wav,fake,gtts,concatenative_tts,test_unseen
gtts_0306,vispoofdb_processed/fake/gtts/gtts_0306.wav,fake,gtts,concatenative_tts,test_unseen
gtts_0307,vispoofdb_processed/fake/gtts/gtts_0307.wav,fake,gtts,concatenative_tts,test_unseen
gtts_0308,vispoofdb_processed/fake/gtts/gtts_0308.wav,fake,gtts,concatenative_tts,test_unseen
gtts_0309,vispoofdb_processed/fake/gtts/gtts_0309.wav,fake,gtts,concatenative_tts,test_unseen
gtts_0310,vispoofdb_processed/fake/gtts/gtts_0310.wav,fake,gtts,concatenative_tts,test_unseen
gtts_0311,vispoofdb_processed/fake/gtts/gtts_0311.wav,fake,gtts,concatenative_tts,test_unseen
gtts_0312,vispoofdb_processed/fake/gtts/gtts_0312.wav,fake,gtts,concatenative_tts,test_unseen
gtts_0313,vispoofdb_processed/fake/gtts/gtts_0313.wav,fake,gtts,concatenative_tts,test_unseen
gtts_0314,vispoofdb_processed/fake/gtts/gtts_0314.wav,fake,gtts,concatenative_tts,test_unseen
gtts_0315,vispoofdb_processed/fake/gtts/gtts_0315.wav,fake,gtts,concatenative_tts,test_unseen
gtts_0316,vispoofdb_processed/fake/gtts/gtts_0316.wav,fake,gtts,concatenative_tts,test_unseen
gtts_0317,vispoofdb_processed/fake/gtts/gtts_0317.wav,fake,gtts,concatenative_tts,test_unseen
gtts_0318,vispoofdb_processed/fake/gtts/gtts_0318.wav,fake,gtts,concatenative_tts,test_unseen
gtts_0319,vispoofdb_processed/fake/gtts/gtts_0319.wav,fake,gtts,concatenative_tts,test_unseen
gtts_0320,vispoofdb_processed/fake/gtts/gtts_0320.wav,fake,gtts,concatenative_tts,test_unseen
gtts_0321,vispoofdb_processed/fake/gtts/gtts_0321.wav,fake,gtts,concatenative_tts,test_unseen
gtts_0322,vispoofdb_processed/fake/gtts/gtts_0322.wav,fake,gtts,concatenative_tts,test_unseen
gtts_0323,vispoofdb_processed/fake/gtts/gtts_0323.wav,fake,gtts,concatenative_tts,test_unseen
gtts_0324,vispoofdb_processed/fake/gtts/gtts_0324.wav,fake,gtts,concatenative_tts,test_unseen
gtts_0325,vispoofdb_processed/fake/gtts/gtts_0325.wav,fake,gtts,concatenative_tts,test_unseen
gtts_0326,vispoofdb_processed/fake/gtts/gtts_0326.wav,fake,gtts,concatenative_tts,test_unseen
gtts_0327,vispoofdb_processed/fake/gtts/gtts_0327.wav,fake,gtts,concatenative_tts,test_unseen
gtts_0328,vispoofdb_processed/fake/gtts/gtts_0328.wav,fake,gtts,concatenative_tts,test_unseen
gtts_0329,vispoofdb_processed/fake/gtts/gtts_0329.wav,fake,gtts,concatenative_tts,test_unseen
gtts_0330,vispoofdb_processed/fake/gtts/gtts_0330.wav,fake,gtts,concatenative_tts,test_unseen
gtts_0331,vispoofdb_processed/fake/gtts/gtts_0331.wav,fake,gtts,concatenative_tts,test_unseen
gtts_0332,vispoofdb_processed/fake/gtts/gtts_0332.wav,fake,gtts,concatenative_tts,test_unseen
gtts_0333,vispoofdb_processed/fake/gtts/gtts_0333.wav,fake,gtts,concatenative_tts,test_unseen
gtts_0334,vispoofdb_processed/fake/gtts/gtts_0334.wav,fake,gtts,concatenative_tts,test_unseen
gtts_0335,vispoofdb_processed/fake/gtts/gtts_0335.wav,fake,gtts,concatenative_tts,test_unseen
gtts_0336,vispoofdb_processed/fake/gtts/gtts_0336.wav,fake,gtts,concatenative_tts,test_unseen
gtts_0337,vispoofdb_processed/fake/gtts/gtts_0337.wav,fake,gtts,concatenative_tts,test_unseen
gtts_0338,vispoofdb_processed/fake/gtts/gtts_0338.wav,fake,gtts,concatenative_tts,test_unseen
gtts_0339,vispoofdb_processed/fake/gtts/gtts_0339.wav,fake,gtts,concatenative_tts,test_unseen
gtts_0340,vispoofdb_processed/fake/gtts/gtts_0340.wav,fake,gtts,concatenative_tts,test_unseen
gtts_0341,vispoofdb_processed/fake/gtts/gtts_0341.wav,fake,gtts,concatenative_tts,test_unseen
gtts_0342,vispoofdb_processed/fake/gtts/gtts_0342.wav,fake,gtts,concatenative_tts,test_unseen
gtts_0343,vispoofdb_processed/fake/gtts/gtts_0343.wav,fake,gtts,concatenative_tts,test_unseen
gtts_0344,vispoofdb_processed/fake/gtts/gtts_0344.wav,fake,gtts,concatenative_tts,test_unseen
gtts_0345,vispoofdb_processed/fake/gtts/gtts_0345.wav,fake,gtts,concatenative_tts,test_unseen
gtts_0346,vispoofdb_processed/fake/gtts/gtts_0346.wav,fake,gtts,concatenative_tts,test_unseen
gtts_0347,vispoofdb_processed/fake/gtts/gtts_0347.wav,fake,gtts,concatenative_tts,test_unseen
gtts_0348,vispoofdb_processed/fake/gtts/gtts_0348.wav,fake,gtts,concatenative_tts,test_unseen
gtts_0349,vispoofdb_processed/fake/gtts/gtts_0349.wav,fake,gtts,concatenative_tts,test_unseen
gtts_0350,vispoofdb_processed/fake/gtts/gtts_0350.wav,fake,gtts,concatenative_tts,test_unseen
gtts_0351,vispoofdb_processed/fake/gtts/gtts_0351.wav,fake,gtts,concatenative_tts,test_unseen
gtts_0352,vispoofdb_processed/fake/gtts/gtts_0352.wav,fake,gtts,concatenative_tts,test_unseen
gtts_0353,vispoofdb_processed/fake/gtts/gtts_0353.wav,fake,gtts,concatenative_tts,test_unseen
gtts_0354,vispoofdb_processed/fake/gtts/gtts_0354.wav,fake,gtts,concatenative_tts,test_unseen
gtts_0355,vispoofdb_processed/fake/gtts/gtts_0355.wav,fake,gtts,concatenative_tts,test_unseen
gtts_0356,vispoofdb_processed/fake/gtts/gtts_0356.wav,fake,gtts,concatenative_tts,test_unseen
gtts_0357,vispoofdb_processed/fake/gtts/gtts_0357.wav,fake,gtts,concatenative_tts,test_unseen
gtts_0358,vispoofdb_processed/fake/gtts/gtts_0358.wav,fake,gtts,concatenative_tts,test_unseen
gtts_0359,vispoofdb_processed/fake/gtts/gtts_0359.wav,fake,gtts,concatenative_tts,test_unseen
gtts_0360,vispoofdb_processed/fake/gtts/gtts_0360.wav,fake,gtts,concatenative_tts,test_unseen
gtts_0361,vispoofdb_processed/fake/gtts/gtts_0361.wav,fake,gtts,concatenative_tts,test_unseen
gtts_0362,vispoofdb_processed/fake/gtts/gtts_0362.wav,fake,gtts,concatenative_tts,test_unseen
gtts_0363,vispoofdb_processed/fake/gtts/gtts_0363.wav,fake,gtts,concatenative_tts,test_unseen
gtts_0364,vispoofdb_processed/fake/gtts/gtts_0364.wav,fake,gtts,concatenative_tts,test_unseen
gtts_0365,vispoofdb_processed/fake/gtts/gtts_0365.wav,fake,gtts,concatenative_tts,test_unseen
gtts_0366,vispoofdb_processed/fake/gtts/gtts_0366.wav,fake,gtts,concatenative_tts,test_unseen
gtts_0367,vispoofdb_processed/fake/gtts/gtts_0367.wav,fake,gtts,concatenative_tts,test_unseen
gtts_0368,vispoofdb_processed/fake/gtts/gtts_0368.wav,fake,gtts,concatenative_tts,test_unseen
gtts_0369,vispoofdb_processed/fake/gtts/gtts_0369.wav,fake,gtts,concatenative_tts,test_unseen
gtts_0370,vispoofdb_processed/fake/gtts/gtts_0370.wav,fake,gtts,concatenative_tts,test_unseen
gtts_0371,vispoofdb_processed/fake/gtts/gtts_0371.wav,fake,gtts,concatenative_tts,test_unseen
gtts_0372,vispoofdb_processed/fake/gtts/gtts_0372.wav,fake,gtts,concatenative_tts,test_unseen
gtts_0373,vispoofdb_processed/fake/gtts/gtts_0373.wav,fake,gtts,concatenative_tts,test_unseen
gtts_0374,vispoofdb_processed/fake/gtts/gtts_0374.wav,fake,gtts,concatenative_tts,test_unseen
gtts_0375,vispoofdb_processed/fake/gtts/gtts_0375.wav,fake,gtts,concatenative_tts,test_unseen
gtts_0376,vispoofdb_processed/fake/gtts/gtts_0376.wav,fake,gtts,concatenative_tts,test_unseen
gtts_0377,vispoofdb_processed/fake/gtts/gtts_0377.wav,fake,gtts,concatenative_tts,test_unseen
gtts_0378,vispoofdb_processed/fake/gtts/gtts_0378.wav,fake,gtts,concatenative_tts,test_unseen
gtts_0379,vispoofdb_processed/fake/gtts/gtts_0379.wav,fake,gtts,concatenative_tts,test_unseen
gtts_0380,vispoofdb_processed/fake/gtts/gtts_0380.wav,fake,gtts,concatenative_tts,test_unseen
gtts_0381,vispoofdb_processed/fake/gtts/gtts_0381.wav,fake,gtts,concatenative_tts,test_unseen
gtts_0382,vispoofdb_processed/fake/gtts/gtts_0382.wav,fake,gtts,concatenative_tts,test_unseen
gtts_0383,vispoofdb_processed/fake/gtts/gtts_0383.wav,fake,gtts,concatenative_tts,test_unseen
gtts_0384,vispoofdb_processed/fake/gtts/gtts_0384.wav,fake,gtts,concatenative_tts,test_unseen
gtts_0385,vispoofdb_processed/fake/gtts/gtts_0385.wav,fake,gtts,concatenative_tts,test_unseen
gtts_0386,vispoofdb_processed/fake/gtts/gtts_0386.wav,fake,gtts,concatenative_tts,test_unseen
gtts_0387,vispoofdb_processed/fake/gtts/gtts_0387.wav,fake,gtts,concatenative_tts,test_unseen
gtts_0388,vispoofdb_processed/fake/gtts/gtts_0388.wav,fake,gtts,concatenative_tts,test_unseen
gtts_0389,vispoofdb_processed/fake/gtts/gtts_0389.wav,fake,gtts,concatenative_tts,test_unseen
gtts_0390,vispoofdb_processed/fake/gtts/gtts_0390.wav,fake,gtts,concatenative_tts,test_unseen
gtts_0391,vispoofdb_processed/fake/gtts/gtts_0391.wav,fake,gtts,concatenative_tts,test_unseen
gtts_0392,vispoofdb_processed/fake/gtts/gtts_0392.wav,fake,gtts,concatenative_tts,test_unseen
gtts_0393,vispoofdb_processed/fake/gtts/gtts_0393.wav,fake,gtts,concatenative_tts,test_unseen
gtts_0394,vispoofdb_processed/fake/gtts/gtts_0394.wav,fake,gtts,concatenative_tts,test_unseen
gtts_0395,vispoofdb_processed/fake/gtts/gtts_0395.wav,fake,gtts,concatenative_tts,test_unseen
gtts_0396,vispoofdb_processed/fake/gtts/gtts_0396.wav,fake,gtts,concatenative_tts,test_unseen
gtts_0397,vispoofdb_processed/fake/gtts/gtts_0397.wav,fake,gtts,concatenative_tts,test_unseen
gtts_0398,vispoofdb_processed/fake/gtts/gtts_0398.wav,fake,gtts,concatenative_tts,test_unseen
gtts_0399,vispoofdb_processed/fake/gtts/gtts_0399.wav,fake,gtts,concatenative_tts,test_unseen
gtts_0400,vispoofdb_processed/fake/gtts/gtts_0400.wav,fake,gtts,concatenative_tts,test_unseen
gtts_0401,vispoofdb_processed/fake/gtts/gtts_0401.wav,fake,gtts,concatenative_tts,test_unseen
gtts_0402,vispoofdb_processed/fake/gtts/gtts_0402.wav,fake,gtts,concatenative_tts,test_unseen
gtts_0403,vispoofdb_processed/fake/gtts/gtts_0403.wav,fake,gtts,concatenative_tts,test_unseen
gtts_0404,vispoofdb_processed/fake/gtts/gtts_0404.wav,fake,gtts,concatenative_tts,test_unseen
gtts_0405,vispoofdb_processed/fake/gtts/gtts_0405.wav,fake,gtts,concatenative_tts,test_unseen
gtts_0406,vispoofdb_processed/fake/gtts/gtts_0406.wav,fake,gtts,concatenative_tts,test_unseen
gtts_0407,vispoofdb_processed/fake/gtts/gtts_0407.wav,fake,gtts,concatenative_tts,test_unseen
gtts_0408,vispoofdb_processed/fake/gtts/gtts_0408.wav,fake,gtts,concatenative_tts,test_unseen
gtts_0409,vispoofdb_processed/fake/gtts/gtts_0409.wav,fake,gtts,concatenative_tts,test_unseen
gtts_0410,vispoofdb_processed/fake/gtts/gtts_0410.wav,fake,gtts,concatenative_tts,test_unseen
gtts_0411,vispoofdb_processed/fake/gtts/gtts_0411.wav,fake,gtts,concatenative_tts,test_unseen
gtts_0412,vispoofdb_processed/fake/gtts/gtts_0412.wav,fake,gtts,concatenative_tts,test_unseen
gtts_0413,vispoofdb_processed/fake/gtts/gtts_0413.wav,fake,gtts,concatenative_tts,test_unseen
gtts_0414,vispoofdb_processed/fake/gtts/gtts_0414.wav,fake,gtts,concatenative_tts,test_unseen
gtts_0415,vispoofdb_processed/fake/gtts/gtts_0415.wav,fake,gtts,concatenative_tts,test_unseen
gtts_0416,vispoofdb_processed/fake/gtts/gtts_0416.wav,fake,gtts,concatenative_tts,test_unseen
gtts_0417,vispoofdb_processed/fake/gtts/gtts_0417.wav,fake,gtts,concatenative_tts,test_unseen
gtts_0418,vispoofdb_processed/fake/gtts/gtts_0418.wav,fake,gtts,concatenative_tts,test_unseen
gtts_0419,vispoofdb_processed/fake/gtts/gtts_0419.wav,fake,gtts,concatenative_tts,test_unseen
gtts_0420,vispoofdb_processed/fake/gtts/gtts_0420.wav,fake,gtts,concatenative_tts,test_unseen
gtts_0421,vispoofdb_processed/fake/gtts/gtts_0421.wav,fake,gtts,concatenative_tts,test_unseen
gtts_0422,vispoofdb_processed/fake/gtts/gtts_0422.wav,fake,gtts,concatenative_tts,test_unseen
gtts_0423,vispoofdb_processed/fake/gtts/gtts_0423.wav,fake,gtts,concatenative_tts,test_unseen
gtts_0424,vispoofdb_processed/fake/gtts/gtts_0424.wav,fake,gtts,concatenative_tts,test_unseen
gtts_0425,vispoofdb_processed/fake/gtts/gtts_0425.wav,fake,gtts,concatenative_tts,test_unseen
gtts_0426,vispoofdb_processed/fake/gtts/gtts_0426.wav,fake,gtts,concatenative_tts,test_unseen
gtts_0427,vispoofdb_processed/fake/gtts/gtts_0427.wav,fake,gtts,concatenative_tts,test_unseen
gtts_0428,vispoofdb_processed/fake/gtts/gtts_0428.wav,fake,gtts,concatenative_tts,test_unseen
gtts_0429,vispoofdb_processed/fake/gtts/gtts_0429.wav,fake,gtts,concatenative_tts,test_unseen
gtts_0430,vispoofdb_processed/fake/gtts/gtts_0430.wav,fake,gtts,concatenative_tts,test_unseen
gtts_0431,vispoofdb_processed/fake/gtts/gtts_0431.wav,fake,gtts,concatenative_tts,test_unseen
gtts_0432,vispoofdb_processed/fake/gtts/gtts_0432.wav,fake,gtts,concatenative_tts,test_unseen
gtts_0433,vispoofdb_processed/fake/gtts/gtts_0433.wav,fake,gtts,concatenative_tts,test_unseen
gtts_0434,vispoofdb_processed/fake/gtts/gtts_0434.wav,fake,gtts,concatenative_tts,test_unseen
gtts_0435,vispoofdb_processed/fake/gtts/gtts_0435.wav,fake,gtts,concatenative_tts,test_unseen
gtts_0436,vispoofdb_processed/fake/gtts/gtts_0436.wav,fake,gtts,concatenative_tts,test_unseen
gtts_0437,vispoofdb_processed/fake/gtts/gtts_0437.wav,fake,gtts,concatenative_tts,test_unseen
gtts_0438,vispoofdb_processed/fake/gtts/gtts_0438.wav,fake,gtts,concatenative_tts,test_unseen
gtts_0439,vispoofdb_processed/fake/gtts/gtts_0439.wav,fake,gtts,concatenative_tts,test_unseen
gtts_0440,vispoofdb_processed/fake/gtts/gtts_0440.wav,fake,gtts,concatenative_tts,test_unseen
gtts_0441,vispoofdb_processed/fake/gtts/gtts_0441.wav,fake,gtts,concatenative_tts,test_unseen
gtts_0442,vispoofdb_processed/fake/gtts/gtts_0442.wav,fake,gtts,concatenative_tts,test_unseen
gtts_0443,vispoofdb_processed/fake/gtts/gtts_0443.wav,fake,gtts,concatenative_tts,test_unseen
gtts_0444,vispoofdb_processed/fake/gtts/gtts_0444.wav,fake,gtts,concatenative_tts,test_unseen
gtts_0445,vispoofdb_processed/fake/gtts/gtts_0445.wav,fake,gtts,concatenative_tts,test_unseen
gtts_0446,vispoofdb_processed/fake/gtts/gtts_0446.wav,fake,gtts,concatenative_tts,test_unseen
gtts_0447,vispoofdb_processed/fake/gtts/gtts_0447.wav,fake,gtts,concatenative_tts,test_unseen
gtts_0448,vispoofdb_processed/fake/gtts/gtts_0448.wav,fake,gtts,concatenative_tts,test_unseen
gtts_0449,vispoofdb_processed/fake/gtts/gtts_0449.wav,fake,gtts,concatenative_tts,test_unseen
gtts_0450,vispoofdb_processed/fake/gtts/gtts_0450.wav,fake,gtts,concatenative_tts,test_unseen
gtts_0451,vispoofdb_processed/fake/gtts/gtts_0451.wav,fake,gtts,concatenative_tts,test_unseen
gtts_0452,vispoofdb_processed/fake/gtts/gtts_0452.wav,fake,gtts,concatenative_tts,test_unseen
gtts_0453,vispoofdb_processed/fake/gtts/gtts_0453.wav,fake,gtts,concatenative_tts,test_unseen
gtts_0454,vispoofdb_processed/fake/gtts/gtts_0454.wav,fake,gtts,concatenative_tts,test_unseen
gtts_0455,vispoofdb_processed/fake/gtts/gtts_0455.wav,fake,gtts,concatenative_tts,test_unseen
gtts_0456,vispoofdb_processed/fake/gtts/gtts_0456.wav,fake,gtts,concatenative_tts,test_unseen
gtts_0457,vispoofdb_processed/fake/gtts/gtts_0457.wav,fake,gtts,concatenative_tts,test_unseen
gtts_0458,vispoofdb_processed/fake/gtts/gtts_0458.wav,fake,gtts,concatenative_tts,test_unseen
gtts_0459,vispoofdb_processed/fake/gtts/gtts_0459.wav,fake,gtts,concatenative_tts,test_unseen
gtts_0460,vispoofdb_processed/fake/gtts/gtts_0460.wav,fake,gtts,concatenative_tts,test_unseen
gtts_0461,vispoofdb_processed/fake/gtts/gtts_0461.wav,fake,gtts,concatenative_tts,test_unseen
gtts_0462,vispoofdb_processed/fake/gtts/gtts_0462.wav,fake,gtts,concatenative_tts,test_unseen
gtts_0463,vispoofdb_processed/fake/gtts/gtts_0463.wav,fake,gtts,concatenative_tts,test_unseen
gtts_0464,vispoofdb_processed/fake/gtts/gtts_0464.wav,fake,gtts,concatenative_tts,test_unseen
gtts_0465,vispoofdb_processed/fake/gtts/gtts_0465.wav,fake,gtts,concatenative_tts,test_unseen
gtts_0466,vispoofdb_processed/fake/gtts/gtts_0466.wav,fake,gtts,concatenative_tts,test_unseen
gtts_0467,vispoofdb_processed/fake/gtts/gtts_0467.wav,fake,gtts,concatenative_tts,test_unseen
gtts_0468,vispoofdb_processed/fake/gtts/gtts_0468.wav,fake,gtts,concatenative_tts,test_unseen
gtts_0469,vispoofdb_processed/fake/gtts/gtts_0469.wav,fake,gtts,concatenative_tts,test_unseen
gtts_0470,vispoofdb_processed/fake/gtts/gtts_0470.wav,fake,gtts,concatenative_tts,test_unseen
gtts_0471,vispoofdb_processed/fake/gtts/gtts_0471.wav,fake,gtts,concatenative_tts,test_unseen
gtts_0472,vispoofdb_processed/fake/gtts/gtts_0472.wav,fake,gtts,concatenative_tts,test_unseen
gtts_0473,vispoofdb_processed/fake/gtts/gtts_0473.wav,fake,gtts,concatenative_tts,test_unseen
gtts_0474,vispoofdb_processed/fake/gtts/gtts_0474.wav,fake,gtts,concatenative_tts,test_unseen
gtts_0475,vispoofdb_processed/fake/gtts/gtts_0475.wav,fake,gtts,concatenative_tts,test_unseen
gtts_0476,vispoofdb_processed/fake/gtts/gtts_0476.wav,fake,gtts,concatenative_tts,test_unseen
gtts_0477,vispoofdb_processed/fake/gtts/gtts_0477.wav,fake,gtts,concatenative_tts,test_unseen
gtts_0478,vispoofdb_processed/fake/gtts/gtts_0478.wav,fake,gtts,concatenative_tts,test_unseen
gtts_0479,vispoofdb_processed/fake/gtts/gtts_0479.wav,fake,gtts,concatenative_tts,test_unseen
gtts_0480,vispoofdb_processed/fake/gtts/gtts_0480.wav,fake,gtts,concatenative_tts,test_unseen
gtts_0481,vispoofdb_processed/fake/gtts/gtts_0481.wav,fake,gtts,concatenative_tts,test_unseen
gtts_0482,vispoofdb_processed/fake/gtts/gtts_0482.wav,fake,gtts,concatenative_tts,test_unseen
gtts_0483,vispoofdb_processed/fake/gtts/gtts_0483.wav,fake,gtts,concatenative_tts,test_unseen
gtts_0484,vispoofdb_processed/fake/gtts/gtts_0484.wav,fake,gtts,concatenative_tts,test_unseen
gtts_0485,vispoofdb_processed/fake/gtts/gtts_0485.wav,fake,gtts,concatenative_tts,test_unseen
gtts_0486,vispoofdb_processed/fake/gtts/gtts_0486.wav,fake,gtts,concatenative_tts,test_unseen
gtts_0487,vispoofdb_processed/fake/gtts/gtts_0487.wav,fake,gtts,concatenative_tts,test_unseen
gtts_0488,vispoofdb_processed/fake/gtts/gtts_0488.wav,fake,gtts,concatenative_tts,test_unseen
gtts_0489,vispoofdb_processed/fake/gtts/gtts_0489.wav,fake,gtts,concatenative_tts,test_unseen
gtts_0490,vispoofdb_processed/fake/gtts/gtts_0490.wav,fake,gtts,concatenative_tts,test_unseen
gtts_0491,vispoofdb_processed/fake/gtts/gtts_0491.wav,fake,gtts,concatenative_tts,test_unseen
gtts_0492,vispoofdb_processed/fake/gtts/gtts_0492.wav,fake,gtts,concatenative_tts,test_unseen
gtts_0493,vispoofdb_processed/fake/gtts/gtts_0493.wav,fake,gtts,concatenative_tts,test_unseen
gtts_0494,vispoofdb_processed/fake/gtts/gtts_0494.wav,fake,gtts,concatenative_tts,test_unseen
gtts_0495,vispoofdb_processed/fake/gtts/gtts_0495.wav,fake,gtts,concatenative_tts,test_unseen
gtts_0496,vispoofdb_processed/fake/gtts/gtts_0496.wav,fake,gtts,concatenative_tts,test_unseen
gtts_0497,vispoofdb_processed/fake/gtts/gtts_0497.wav,fake,gtts,concatenative_tts,test_unseen
gtts_0498,vispoofdb_processed/fake/gtts/gtts_0498.wav,fake,gtts,concatenative_tts,test_unseen
gtts_0499,vispoofdb_processed/fake/gtts/gtts_0499.wav,fake,gtts,concatenative_tts,test_unseen
gtts_0500,vispoofdb_processed/fake/gtts/gtts_0500.wav,fake,gtts,concatenative_tts,test_unseen
gtts_0501,vispoofdb_processed/fake/gtts/gtts_0501.wav,fake,gtts,concatenative_tts,test_unseen
gtts_0502,vispoofdb_processed/fake/gtts/gtts_0502.wav,fake,gtts,concatenative_tts,test_unseen
gtts_0503,vispoofdb_processed/fake/gtts/gtts_0503.wav,fake,gtts,concatenative_tts,test_unseen
gtts_0504,vispoofdb_processed/fake/gtts/gtts_0504.wav,fake,gtts,concatenative_tts,test_unseen
gtts_0505,vispoofdb_processed/fake/gtts/gtts_0505.wav,fake,gtts,concatenative_tts,test_unseen
gtts_0506,vispoofdb_processed/fake/gtts/gtts_0506.wav,fake,gtts,concatenative_tts,test_unseen
gtts_0507,vispoofdb_processed/fake/gtts/gtts_0507.wav,fake,gtts,concatenative_tts,test_unseen
gtts_0508,vispoofdb_processed/fake/gtts/gtts_0508.wav,fake,gtts,concatenative_tts,test_unseen
gtts_0509,vispoofdb_processed/fake/gtts/gtts_0509.wav,fake,gtts,concatenative_tts,test_unseen
gtts_0510,vispoofdb_processed/fake/gtts/gtts_0510.wav,fake,gtts,concatenative_tts,test_unseen
gtts_0511,vispoofdb_processed/fake/gtts/gtts_0511.wav,fake,gtts,concatenative_tts,test_unseen
gtts_0512,vispoofdb_processed/fake/gtts/gtts_0512.wav,fake,gtts,concatenative_tts,test_unseen
gtts_0513,vispoofdb_processed/fake/gtts/gtts_0513.wav,fake,gtts,concatenative_tts,test_unseen
gtts_0514,vispoofdb_processed/fake/gtts/gtts_0514.wav,fake,gtts,concatenative_tts,test_unseen
gtts_0515,vispoofdb_processed/fake/gtts/gtts_0515.wav,fake,gtts,concatenative_tts,test_unseen
gtts_0516,vispoofdb_processed/fake/gtts/gtts_0516.wav,fake,gtts,concatenative_tts,test_unseen
gtts_0517,vispoofdb_processed/fake/gtts/gtts_0517.wav,fake,gtts,concatenative_tts,test_unseen
gtts_0518,vispoofdb_processed/fake/gtts/gtts_0518.wav,fake,gtts,concatenative_tts,test_unseen
gtts_0519,vispoofdb_processed/fake/gtts/gtts_0519.wav,fake,gtts,concatenative_tts,test_unseen
gtts_0520,vispoofdb_processed/fake/gtts/gtts_0520.wav,fake,gtts,concatenative_tts,test_unseen
gtts_0521,vispoofdb_processed/fake/gtts/gtts_0521.wav,fake,gtts,concatenative_tts,test_unseen
gtts_0522,vispoofdb_processed/fake/gtts/gtts_0522.wav,fake,gtts,concatenative_tts,test_unseen
gtts_0523,vispoofdb_processed/fake/gtts/gtts_0523.wav,fake,gtts,concatenative_tts,test_unseen
gtts_0524,vispoofdb_processed/fake/gtts/gtts_0524.wav,fake,gtts,concatenative_tts,test_unseen
gtts_0525,vispoofdb_processed/fake/gtts/gtts_0525.wav,fake,gtts,concatenative_tts,test_unseen
gtts_0526,vispoofdb_processed/fake/gtts/gtts_0526.wav,fake,gtts,concatenative_tts,test_unseen
gtts_0527,vispoofdb_processed/fake/gtts/gtts_0527.wav,fake,gtts,concatenative_tts,test_unseen
gtts_0528,vispoofdb_processed/fake/gtts/gtts_0528.wav,fake,gtts,concatenative_tts,test_unseen
gtts_0529,vispoofdb_processed/fake/gtts/gtts_0529.wav,fake,gtts,concatenative_tts,test_unseen
gtts_0530,vispoofdb_processed/fake/gtts/gtts_0530.wav,fake,gtts,concatenative_tts,test_unseen
gtts_0531,vispoofdb_processed/fake/gtts/gtts_0531.wav,fake,gtts,concatenative_tts,test_unseen
gtts_0532,vispoofdb_processed/fake/gtts/gtts_0532.wav,fake,gtts,concatenative_tts,test_unseen
gtts_0533,vispoofdb_processed/fake/gtts/gtts_0533.wav,fake,gtts,concatenative_tts,test_unseen
gtts_0534,vispoofdb_processed/fake/gtts/gtts_0534.wav,fake,gtts,concatenative_tts,test_unseen
gtts_0535,vispoofdb_processed/fake/gtts/gtts_0535.wav,fake,gtts,concatenative_tts,test_unseen
gtts_0536,vispoofdb_processed/fake/gtts/gtts_0536.wav,fake,gtts,concatenative_tts,test_unseen
gtts_0537,vispoofdb_processed/fake/gtts/gtts_0537.wav,fake,gtts,concatenative_tts,test_unseen
gtts_0538,vispoofdb_processed/fake/gtts/gtts_0538.wav,fake,gtts,concatenative_tts,test_unseen
gtts_0539,vispoofdb_processed/fake/gtts/gtts_0539.wav,fake,gtts,concatenative_tts,test_unseen
gtts_0540,vispoofdb_processed/fake/gtts/gtts_0540.wav,fake,gtts,concatenative_tts,test_unseen
gtts_0541,vispoofdb_processed/fake/gtts/gtts_0541.wav,fake,gtts,concatenative_tts,test_unseen
gtts_0542,vispoofdb_processed/fake/gtts/gtts_0542.wav,fake,gtts,concatenative_tts,test_unseen
gtts_0543,vispoofdb_processed/fake/gtts/gtts_0543.wav,fake,gtts,concatenative_tts,test_unseen
gtts_0544,vispoofdb_processed/fake/gtts/gtts_0544.wav,fake,gtts,concatenative_tts,test_unseen
gtts_0545,vispoofdb_processed/fake/gtts/gtts_0545.wav,fake,gtts,concatenative_tts,test_unseen
gtts_0546,vispoofdb_processed/fake/gtts/gtts_0546.wav,fake,gtts,concatenative_tts,test_unseen
gtts_0547,vispoofdb_processed/fake/gtts/gtts_0547.wav,fake,gtts,concatenative_tts,test_unseen
gtts_0548,vispoofdb_processed/fake/gtts/gtts_0548.wav,fake,gtts,concatenative_tts,test_unseen
gtts_0549,vispoofdb_processed/fake/gtts/gtts_0549.wav,fake,gtts,concatenative_tts,test_unseen
gtts_0550,vispoofdb_processed/fake/gtts/gtts_0550.wav,fake,gtts,concatenative_tts,test_unseen
gtts_0551,vispoofdb_processed/fake/gtts/gtts_0551.wav,fake,gtts,concatenative_tts,test_unseen
gtts_0552,vispoofdb_processed/fake/gtts/gtts_0552.wav,fake,gtts,concatenative_tts,test_unseen
gtts_0553,vispoofdb_processed/fake/gtts/gtts_0553.wav,fake,gtts,concatenative_tts,test_unseen
gtts_0554,vispoofdb_processed/fake/gtts/gtts_0554.wav,fake,gtts,concatenative_tts,test_unseen
gtts_0555,vispoofdb_processed/fake/gtts/gtts_0555.wav,fake,gtts,concatenative_tts,test_unseen
gtts_0556,vispoofdb_processed/fake/gtts/gtts_0556.wav,fake,gtts,concatenative_tts,test_unseen
gtts_0557,vispoofdb_processed/fake/gtts/gtts_0557.wav,fake,gtts,concatenative_tts,test_unseen
gtts_0558,vispoofdb_processed/fake/gtts/gtts_0558.wav,fake,gtts,concatenative_tts,test_unseen
gtts_0559,vispoofdb_processed/fake/gtts/gtts_0559.wav,fake,gtts,concatenative_tts,test_unseen
gtts_0560,vispoofdb_processed/fake/gtts/gtts_0560.wav,fake,gtts,concatenative_tts,test_unseen
gtts_0561,vispoofdb_processed/fake/gtts/gtts_0561.wav,fake,gtts,concatenative_tts,test_unseen
gtts_0562,vispoofdb_processed/fake/gtts/gtts_0562.wav,fake,gtts,concatenative_tts,test_unseen
gtts_0563,vispoofdb_processed/fake/gtts/gtts_0563.wav,fake,gtts,concatenative_tts,test_unseen
gtts_0564,vispoofdb_processed/fake/gtts/gtts_0564.wav,fake,gtts,concatenative_tts,test_unseen
gtts_0565,vispoofdb_processed/fake/gtts/gtts_0565.wav,fake,gtts,concatenative_tts,test_unseen
gtts_0566,vispoofdb_processed/fake/gtts/gtts_0566.wav,fake,gtts,concatenative_tts,test_unseen
gtts_0567,vispoofdb_processed/fake/gtts/gtts_0567.wav,fake,gtts,concatenative_tts,test_unseen
gtts_0568,vispoofdb_processed/fake/gtts/gtts_0568.wav,fake,gtts,concatenative_tts,test_unseen
gtts_0569,vispoofdb_processed/fake/gtts/gtts_0569.wav,fake,gtts,concatenative_tts,test_unseen
gtts_0570,vispoofdb_processed/fake/gtts/gtts_0570.wav,fake,gtts,concatenative_tts,test_unseen
gtts_0571,vispoofdb_processed/fake/gtts/gtts_0571.wav,fake,gtts,concatenative_tts,test_unseen
gtts_0572,vispoofdb_processed/fake/gtts/gtts_0572.wav,fake,gtts,concatenative_tts,test_unseen
gtts_0573,vispoofdb_processed/fake/gtts/gtts_0573.wav,fake,gtts,concatenative_tts,test_unseen
gtts_0574,vispoofdb_processed/fake/gtts/gtts_0574.wav,fake,gtts,concatenative_tts,test_unseen
gtts_0575,vispoofdb_processed/fake/gtts/gtts_0575.wav,fake,gtts,concatenative_tts,test_unseen
gtts_0576,vispoofdb_processed/fake/gtts/gtts_0576.wav,fake,gtts,concatenative_tts,test_unseen
gtts_0577,vispoofdb_processed/fake/gtts/gtts_0577.wav,fake,gtts,concatenative_tts,test_unseen
gtts_0578,vispoofdb_processed/fake/gtts/gtts_0578.wav,fake,gtts,concatenative_tts,test_unseen
gtts_0579,vispoofdb_processed/fake/gtts/gtts_0579.wav,fake,gtts,concatenative_tts,test_unseen
gtts_0580,vispoofdb_processed/fake/gtts/gtts_0580.wav,fake,gtts,concatenative_tts,test_unseen
gtts_0581,vispoofdb_processed/fake/gtts/gtts_0581.wav,fake,gtts,concatenative_tts,test_unseen
gtts_0582,vispoofdb_processed/fake/gtts/gtts_0582.wav,fake,gtts,concatenative_tts,test_unseen
gtts_0583,vispoofdb_processed/fake/gtts/gtts_0583.wav,fake,gtts,concatenative_tts,test_unseen
gtts_0584,vispoofdb_processed/fake/gtts/gtts_0584.wav,fake,gtts,concatenative_tts,test_unseen
gtts_0585,vispoofdb_processed/fake/gtts/gtts_0585.wav,fake,gtts,concatenative_tts,test_unseen
gtts_0586,vispoofdb_processed/fake/gtts/gtts_0586.wav,fake,gtts,concatenative_tts,test_unseen
gtts_0587,vispoofdb_processed/fake/gtts/gtts_0587.wav,fake,gtts,concatenative_tts,test_unseen
gtts_0588,vispoofdb_processed/fake/gtts/gtts_0588.wav,fake,gtts,concatenative_tts,test_unseen
gtts_0589,vispoofdb_processed/fake/gtts/gtts_0589.wav,fake,gtts,concatenative_tts,test_unseen
gtts_0590,vispoofdb_processed/fake/gtts/gtts_0590.wav,fake,gtts,concatenative_tts,test_unseen
gtts_0591,vispoofdb_processed/fake/gtts/gtts_0591.wav,fake,gtts,concatenative_tts,test_unseen
gtts_0592,vispoofdb_processed/fake/gtts/gtts_0592.wav,fake,gtts,concatenative_tts,test_unseen
gtts_0593,vispoofdb_processed/fake/gtts/gtts_0593.wav,fake,gtts,concatenative_tts,test_unseen
gtts_0594,vispoofdb_processed/fake/gtts/gtts_0594.wav,fake,gtts,concatenative_tts,test_unseen
gtts_0595,vispoofdb_processed/fake/gtts/gtts_0595.wav,fake,gtts,concatenative_tts,test_unseen
gtts_0596,vispoofdb_processed/fake/gtts/gtts_0596.wav,fake,gtts,concatenative_tts,test_unseen
gtts_0597,vispoofdb_processed/fake/gtts/gtts_0597.wav,fake,gtts,concatenative_tts,test_unseen
gtts_0598,vispoofdb_processed/fake/gtts/gtts_0598.wav,fake,gtts,concatenative_tts,test_unseen
gtts_0599,vispoofdb_processed/fake/gtts/gtts_0599.wav,fake,gtts,concatenative_tts,test_unseen
gtts_0600,vispoofdb_processed/fake/gtts/gtts_0600.wav,fake,gtts,concatenative_tts,test_unseen
gtts_0601,vispoofdb_processed/fake/gtts/gtts_0601.wav,fake,gtts,concatenative_tts,test_unseen
gtts_0602,vispoofdb_processed/fake/gtts/gtts_0602.wav,fake,gtts,concatenative_tts,test_unseen
gtts_0603,vispoofdb_processed/fake/gtts/gtts_0603.wav,fake,gtts,concatenative_tts,test_unseen
gtts_0604,vispoofdb_processed/fake/gtts/gtts_0604.wav,fake,gtts,concatenative_tts,test_unseen
gtts_0605,vispoofdb_processed/fake/gtts/gtts_0605.wav,fake,gtts,concatenative_tts,test_unseen
gtts_0606,vispoofdb_processed/fake/gtts/gtts_0606.wav,fake,gtts,concatenative_tts,test_unseen
gtts_0607,vispoofdb_processed/fake/gtts/gtts_0607.wav,fake,gtts,concatenative_tts,test_unseen
gtts_0608,vispoofdb_processed/fake/gtts/gtts_0608.wav,fake,gtts,concatenative_tts,test_unseen
gtts_0609,vispoofdb_processed/fake/gtts/gtts_0609.wav,fake,gtts,concatenative_tts,test_unseen
gtts_0610,vispoofdb_processed/fake/gtts/gtts_0610.wav,fake,gtts,concatenative_tts,test_unseen
gtts_0611,vispoofdb_processed/fake/gtts/gtts_0611.wav,fake,gtts,concatenative_tts,test_unseen
gtts_0612,vispoofdb_processed/fake/gtts/gtts_0612.wav,fake,gtts,concatenative_tts,test_unseen
gtts_0613,vispoofdb_processed/fake/gtts/gtts_0613.wav,fake,gtts,concatenative_tts,test_unseen
gtts_0614,vispoofdb_processed/fake/gtts/gtts_0614.wav,fake,gtts,concatenative_tts,test_unseen
gtts_0615,vispoofdb_processed/fake/gtts/gtts_0615.wav,fake,gtts,concatenative_tts,test_unseen
gtts_0616,vispoofdb_processed/fake/gtts/gtts_0616.wav,fake,gtts,concatenative_tts,test_unseen
gtts_0617,vispoofdb_processed/fake/gtts/gtts_0617.wav,fake,gtts,concatenative_tts,test_unseen
gtts_0618,vispoofdb_processed/fake/gtts/gtts_0618.wav,fake,gtts,concatenative_tts,test_unseen
gtts_0619,vispoofdb_processed/fake/gtts/gtts_0619.wav,fake,gtts,concatenative_tts,test_unseen
gtts_0620,vispoofdb_processed/fake/gtts/gtts_0620.wav,fake,gtts,concatenative_tts,test_unseen
gtts_0621,vispoofdb_processed/fake/gtts/gtts_0621.wav,fake,gtts,concatenative_tts,test_unseen
gtts_0622,vispoofdb_processed/fake/gtts/gtts_0622.wav,fake,gtts,concatenative_tts,test_unseen
gtts_0623,vispoofdb_processed/fake/gtts/gtts_0623.wav,fake,gtts,concatenative_tts,test_unseen
gtts_0624,vispoofdb_processed/fake/gtts/gtts_0624.wav,fake,gtts,concatenative_tts,test_unseen
gtts_0625,vispoofdb_processed/fake/gtts/gtts_0625.wav,fake,gtts,concatenative_tts,test_unseen
gtts_0626,vispoofdb_processed/fake/gtts/gtts_0626.wav,fake,gtts,concatenative_tts,test_unseen
gtts_0627,vispoofdb_processed/fake/gtts/gtts_0627.wav,fake,gtts,concatenative_tts,test_unseen
gtts_0628,vispoofdb_processed/fake/gtts/gtts_0628.wav,fake,gtts,concatenative_tts,test_unseen
gtts_0629,vispoofdb_processed/fake/gtts/gtts_0629.wav,fake,gtts,concatenative_tts,test_unseen
gtts_0630,vispoofdb_processed/fake/gtts/gtts_0630.wav,fake,gtts,concatenative_tts,test_unseen
gtts_0631,vispoofdb_processed/fake/gtts/gtts_0631.wav,fake,gtts,concatenative_tts,test_unseen
gtts_0632,vispoofdb_processed/fake/gtts/gtts_0632.wav,fake,gtts,concatenative_tts,test_unseen
gtts_0633,vispoofdb_processed/fake/gtts/gtts_0633.wav,fake,gtts,concatenative_tts,test_unseen
gtts_0634,vispoofdb_processed/fake/gtts/gtts_0634.wav,fake,gtts,concatenative_tts,test_unseen
gtts_0635,vispoofdb_processed/fake/gtts/gtts_0635.wav,fake,gtts,concatenative_tts,test_unseen
gtts_0636,vispoofdb_processed/fake/gtts/gtts_0636.wav,fake,gtts,concatenative_tts,test_unseen
gtts_0637,vispoofdb_processed/fake/gtts/gtts_0637.wav,fake,gtts,concatenative_tts,test_unseen
gtts_0638,vispoofdb_processed/fake/gtts/gtts_0638.wav,fake,gtts,concatenative_tts,test_unseen
gtts_0639,vispoofdb_processed/fake/gtts/gtts_0639.wav,fake,gtts,concatenative_tts,test_unseen
gtts_0640,vispoofdb_processed/fake/gtts/gtts_0640.wav,fake,gtts,concatenative_tts,test_unseen
gtts_0641,vispoofdb_processed/fake/gtts/gtts_0641.wav,fake,gtts,concatenative_tts,test_unseen
gtts_0642,vispoofdb_processed/fake/gtts/gtts_0642.wav,fake,gtts,concatenative_tts,test_unseen
gtts_0643,vispoofdb_processed/fake/gtts/gtts_0643.wav,fake,gtts,concatenative_tts,test_unseen
gtts_0644,vispoofdb_processed/fake/gtts/gtts_0644.wav,fake,gtts,concatenative_tts,test_unseen
gtts_0645,vispoofdb_processed/fake/gtts/gtts_0645.wav,fake,gtts,concatenative_tts,test_unseen
gtts_0646,vispoofdb_processed/fake/gtts/gtts_0646.wav,fake,gtts,concatenative_tts,test_unseen
gtts_0647,vispoofdb_processed/fake/gtts/gtts_0647.wav,fake,gtts,concatenative_tts,test_unseen
gtts_0648,vispoofdb_processed/fake/gtts/gtts_0648.wav,fake,gtts,concatenative_tts,test_unseen
gtts_0649,vispoofdb_processed/fake/gtts/gtts_0649.wav,fake,gtts,concatenative_tts,test_unseen
gtts_0650,vispoofdb_processed/fake/gtts/gtts_0650.wav,fake,gtts,concatenative_tts,test_unseen
gtts_0651,vispoofdb_processed/fake/gtts/gtts_0651.wav,fake,gtts,concatenative_tts,test_unseen
gtts_0652,vispoofdb_processed/fake/gtts/gtts_0652.wav,fake,gtts,concatenative_tts,test_unseen
gtts_0653,vispoofdb_processed/fake/gtts/gtts_0653.wav,fake,gtts,concatenative_tts,test_unseen
gtts_0654,vispoofdb_processed/fake/gtts/gtts_0654.wav,fake,gtts,concatenative_tts,test_unseen
gtts_0655,vispoofdb_processed/fake/gtts/gtts_0655.wav,fake,gtts,concatenative_tts,test_unseen
gtts_0656,vispoofdb_processed/fake/gtts/gtts_0656.wav,fake,gtts,concatenative_tts,test_unseen
gtts_0657,vispoofdb_processed/fake/gtts/gtts_0657.wav,fake,gtts,concatenative_tts,test_unseen
gtts_0658,vispoofdb_processed/fake/gtts/gtts_0658.wav,fake,gtts,concatenative_tts,test_unseen
gtts_0659,vispoofdb_processed/fake/gtts/gtts_0659.wav,fake,gtts,concatenative_tts,test_unseen
gtts_0660,vispoofdb_processed/fake/gtts/gtts_0660.wav,fake,gtts,concatenative_tts,test_unseen
gtts_0661,vispoofdb_processed/fake/gtts/gtts_0661.wav,fake,gtts,concatenative_tts,test_unseen
gtts_0662,vispoofdb_processed/fake/gtts/gtts_0662.wav,fake,gtts,concatenative_tts,test_unseen
gtts_0663,vispoofdb_processed/fake/gtts/gtts_0663.wav,fake,gtts,concatenative_tts,test_unseen
gtts_0664,vispoofdb_processed/fake/gtts/gtts_0664.wav,fake,gtts,concatenative_tts,test_unseen
gtts_0665,vispoofdb_processed/fake/gtts/gtts_0665.wav,fake,gtts,concatenative_tts,test_unseen
gtts_0666,vispoofdb_processed/fake/gtts/gtts_0666.wav,fake,gtts,concatenative_tts,test_unseen
gtts_0667,vispoofdb_processed/fake/gtts/gtts_0667.wav,fake,gtts,concatenative_tts,test_unseen
gtts_0668,vispoofdb_processed/fake/gtts/gtts_0668.wav,fake,gtts,concatenative_tts,test_unseen
gtts_0669,vispoofdb_processed/fake/gtts/gtts_0669.wav,fake,gtts,concatenative_tts,test_unseen
gtts_0670,vispoofdb_processed/fake/gtts/gtts_0670.wav,fake,gtts,concatenative_tts,test_unseen
gtts_0671,vispoofdb_processed/fake/gtts/gtts_0671.wav,fake,gtts,concatenative_tts,test_unseen
gtts_0672,vispoofdb_processed/fake/gtts/gtts_0672.wav,fake,gtts,concatenative_tts,test_unseen
gtts_0673,vispoofdb_processed/fake/gtts/gtts_0673.wav,fake,gtts,concatenative_tts,test_unseen
gtts_0674,vispoofdb_processed/fake/gtts/gtts_0674.wav,fake,gtts,concatenative_tts,test_unseen
gtts_0675,vispoofdb_processed/fake/gtts/gtts_0675.wav,fake,gtts,concatenative_tts,test_unseen
gtts_0676,vispoofdb_processed/fake/gtts/gtts_0676.wav,fake,gtts,concatenative_tts,test_unseen
gtts_0677,vispoofdb_processed/fake/gtts/gtts_0677.wav,fake,gtts,concatenative_tts,test_unseen
gtts_0678,vispoofdb_processed/fake/gtts/gtts_0678.wav,fake,gtts,concatenative_tts,test_unseen
gtts_0679,vispoofdb_processed/fake/gtts/gtts_0679.wav,fake,gtts,concatenative_tts,test_unseen
gtts_0680,vispoofdb_processed/fake/gtts/gtts_0680.wav,fake,gtts,concatenative_tts,test_unseen
gtts_0681,vispoofdb_processed/fake/gtts/gtts_0681.wav,fake,gtts,concatenative_tts,test_unseen
gtts_0682,vispoofdb_processed/fake/gtts/gtts_0682.wav,fake,gtts,concatenative_tts,test_unseen
gtts_0683,vispoofdb_processed/fake/gtts/gtts_0683.wav,fake,gtts,concatenative_tts,test_unseen
gtts_0684,vispoofdb_processed/fake/gtts/gtts_0684.wav,fake,gtts,concatenative_tts,test_unseen
gtts_0685,vispoofdb_processed/fake/gtts/gtts_0685.wav,fake,gtts,concatenative_tts,test_unseen
gtts_0686,vispoofdb_processed/fake/gtts/gtts_0686.wav,fake,gtts,concatenative_tts,test_unseen
gtts_0687,vispoofdb_processed/fake/gtts/gtts_0687.wav,fake,gtts,concatenative_tts,test_unseen
gtts_0688,vispoofdb_processed/fake/gtts/gtts_0688.wav,fake,gtts,concatenative_tts,test_unseen
gtts_0689,vispoofdb_processed/fake/gtts/gtts_0689.wav,fake,gtts,concatenative_tts,test_unseen
gtts_0690,vispoofdb_processed/fake/gtts/gtts_0690.wav,fake,gtts,concatenative_tts,test_unseen
gtts_0691,vispoofdb_processed/fake/gtts/gtts_0691.wav,fake,gtts,concatenative_tts,test_unseen
gtts_0692,vispoofdb_processed/fake/gtts/gtts_0692.wav,fake,gtts,concatenative_tts,test_unseen
gtts_0693,vispoofdb_processed/fake/gtts/gtts_0693.wav,fake,gtts,concatenative_tts,test_unseen
gtts_0694,vispoofdb_processed/fake/gtts/gtts_0694.wav,fake,gtts,concatenative_tts,test_unseen
gtts_0695,vispoofdb_processed/fake/gtts/gtts_0695.wav,fake,gtts,concatenative_tts,test_unseen
gtts_0696,vispoofdb_processed/fake/gtts/gtts_0696.wav,fake,gtts,concatenative_tts,test_unseen
gtts_0697,vispoofdb_processed/fake/gtts/gtts_0697.wav,fake,gtts,concatenative_tts,test_unseen
gtts_0698,vispoofdb_processed/fake/gtts/gtts_0698.wav,fake,gtts,concatenative_tts,test_unseen
gtts_0699,vispoofdb_processed/fake/gtts/gtts_0699.wav,fake,gtts,concatenative_tts,test_unseen
gtts_0700,vispoofdb_processed/fake/gtts/gtts_0700.wav,fake,gtts,concatenative_tts,test_unseen
gtts_0701,vispoofdb_processed/fake/gtts/gtts_0701.wav,fake,gtts,concatenative_tts,test_unseen
gtts_0702,vispoofdb_processed/fake/gtts/gtts_0702.wav,fake,gtts,concatenative_tts,test_unseen
gtts_0703,vispoofdb_processed/fake/gtts/gtts_0703.wav,fake,gtts,concatenative_tts,test_unseen
gtts_0704,vispoofdb_processed/fake/gtts/gtts_0704.wav,fake,gtts,concatenative_tts,test_unseen
gtts_0705,vispoofdb_processed/fake/gtts/gtts_0705.wav,fake,gtts,concatenative_tts,test_unseen
gtts_0706,vispoofdb_processed/fake/gtts/gtts_0706.wav,fake,gtts,concatenative_tts,test_unseen
gtts_0707,vispoofdb_processed/fake/gtts/gtts_0707.wav,fake,gtts,concatenative_tts,test_unseen
gtts_0708,vispoofdb_processed/fake/gtts/gtts_0708.wav,fake,gtts,concatenative_tts,test_unseen
gtts_0709,vispoofdb_processed/fake/gtts/gtts_0709.wav,fake,gtts,concatenative_tts,test_unseen
gtts_0710,vispoofdb_processed/fake/gtts/gtts_0710.wav,fake,gtts,concatenative_tts,test_unseen
gtts_0711,vispoofdb_processed/fake/gtts/gtts_0711.wav,fake,gtts,concatenative_tts,test_unseen
gtts_0712,vispoofdb_processed/fake/gtts/gtts_0712.wav,fake,gtts,concatenative_tts,test_unseen
gtts_0713,vispoofdb_processed/fake/gtts/gtts_0713.wav,fake,gtts,concatenative_tts,test_unseen
gtts_0714,vispoofdb_processed/fake/gtts/gtts_0714.wav,fake,gtts,concatenative_tts,test_unseen
gtts_0715,vispoofdb_processed/fake/gtts/gtts_0715.wav,fake,gtts,concatenative_tts,test_unseen
gtts_0716,vispoofdb_processed/fake/gtts/gtts_0716.wav,fake,gtts,concatenative_tts,test_unseen
gtts_0717,vispoofdb_processed/fake/gtts/gtts_0717.wav,fake,gtts,concatenative_tts,test_unseen
gtts_0718,vispoofdb_processed/fake/gtts/gtts_0718.wav,fake,gtts,concatenative_tts,test_unseen
gtts_0719,vispoofdb_processed/fake/gtts/gtts_0719.wav,fake,gtts,concatenative_tts,test_unseen
gtts_0720,vispoofdb_processed/fake/gtts/gtts_0720.wav,fake,gtts,concatenative_tts,test_unseen
gtts_0721,vispoofdb_processed/fake/gtts/gtts_0721.wav,fake,gtts,concatenative_tts,test_unseen
gtts_0722,vispoofdb_processed/fake/gtts/gtts_0722.wav,fake,gtts,concatenative_tts,test_unseen
gtts_0723,vispoofdb_processed/fake/gtts/gtts_0723.wav,fake,gtts,concatenative_tts,test_unseen
gtts_0724,vispoofdb_processed/fake/gtts/gtts_0724.wav,fake,gtts,concatenative_tts,test_unseen
gtts_0725,vispoofdb_processed/fake/gtts/gtts_0725.wav,fake,gtts,concatenative_tts,test_unseen
gtts_0726,vispoofdb_processed/fake/gtts/gtts_0726.wav,fake,gtts,concatenative_tts,test_unseen
gtts_0727,vispoofdb_processed/fake/gtts/gtts_0727.wav,fake,gtts,concatenative_tts,test_unseen
gtts_0728,vispoofdb_processed/fake/gtts/gtts_0728.wav,fake,gtts,concatenative_tts,test_unseen
gtts_0729,vispoofdb_processed/fake/gtts/gtts_0729.wav,fake,gtts,concatenative_tts,test_unseen
gtts_0730,vispoofdb_processed/fake/gtts/gtts_0730.wav,fake,gtts,concatenative_tts,test_unseen
gtts_0731,vispoofdb_processed/fake/gtts/gtts_0731.wav,fake,gtts,concatenative_tts,test_unseen
gtts_0732,vispoofdb_processed/fake/gtts/gtts_0732.wav,fake,gtts,concatenative_tts,test_unseen
gtts_0733,vispoofdb_processed/fake/gtts/gtts_0733.wav,fake,gtts,concatenative_tts,test_unseen
gtts_0734,vispoofdb_processed/fake/gtts/gtts_0734.wav,fake,gtts,concatenative_tts,test_unseen
gtts_0735,vispoofdb_processed/fake/gtts/gtts_0735.wav,fake,gtts,concatenative_tts,test_unseen
gtts_0736,vispoofdb_processed/fake/gtts/gtts_0736.wav,fake,gtts,concatenative_tts,test_unseen
gtts_0737,vispoofdb_processed/fake/gtts/gtts_0737.wav,fake,gtts,concatenative_tts,test_unseen
gtts_0738,vispoofdb_processed/fake/gtts/gtts_0738.wav,fake,gtts,concatenative_tts,test_unseen
gtts_0739,vispoofdb_processed/fake/gtts/gtts_0739.wav,fake,gtts,concatenative_tts,test_unseen
gtts_0740,vispoofdb_processed/fake/gtts/gtts_0740.wav,fake,gtts,concatenative_tts,test_unseen
gtts_0741,vispoofdb_processed/fake/gtts/gtts_0741.wav,fake,gtts,concatenative_tts,test_unseen
gtts_0742,vispoofdb_processed/fake/gtts/gtts_0742.wav,fake,gtts,concatenative_tts,test_unseen
gtts_0743,vispoofdb_processed/fake/gtts/gtts_0743.wav,fake,gtts,concatenative_tts,test_unseen
gtts_0744,vispoofdb_processed/fake/gtts/gtts_0744.wav,fake,gtts,concatenative_tts,test_unseen
gtts_0745,vispoofdb_processed/fake/gtts/gtts_0745.wav,fake,gtts,concatenative_tts,test_unseen
gtts_0746,vispoofdb_processed/fake/gtts/gtts_0746.wav,fake,gtts,concatenative_tts,test_unseen
gtts_0747,vispoofdb_processed/fake/gtts/gtts_0747.wav,fake,gtts,concatenative_tts,test_unseen
gtts_0748,vispoofdb_processed/fake/gtts/gtts_0748.wav,fake,gtts,concatenative_tts,test_unseen
gtts_0749,vispoofdb_processed/fake/gtts/gtts_0749.wav,fake,gtts,concatenative_tts,test_unseen
gtts_0750,vispoofdb_processed/fake/gtts/gtts_0750.wav,fake,gtts,concatenative_tts,test_unseen
gtts_0751,vispoofdb_processed/fake/gtts/gtts_0751.wav,fake,gtts,concatenative_tts,test_unseen
gtts_0752,vispoofdb_processed/fake/gtts/gtts_0752.wav,fake,gtts,concatenative_tts,test_unseen
gtts_0753,vispoofdb_processed/fake/gtts/gtts_0753.wav,fake,gtts,concatenative_tts,test_unseen
gtts_0754,vispoofdb_processed/fake/gtts/gtts_0754.wav,fake,gtts,concatenative_tts,test_unseen
gtts_0755,vispoofdb_processed/fake/gtts/gtts_0755.wav,fake,gtts,concatenative_tts,test_unseen
gtts_0756,vispoofdb_processed/fake/gtts/gtts_0756.wav,fake,gtts,concatenative_tts,test_unseen
gtts_0757,vispoofdb_processed/fake/gtts/gtts_0757.wav,fake,gtts,concatenative_tts,test_unseen
gtts_0758,vispoofdb_processed/fake/gtts/gtts_0758.wav,fake,gtts,concatenative_tts,test_unseen
gtts_0759,vispoofdb_processed/fake/gtts/gtts_0759.wav,fake,gtts,concatenative_tts,test_unseen
gtts_0760,vispoofdb_processed/fake/gtts/gtts_0760.wav,fake,gtts,concatenative_tts,test_unseen
gtts_0761,vispoofdb_processed/fake/gtts/gtts_0761.wav,fake,gtts,concatenative_tts,test_unseen
gtts_0762,vispoofdb_processed/fake/gtts/gtts_0762.wav,fake,gtts,concatenative_tts,test_unseen
gtts_0763,vispoofdb_processed/fake/gtts/gtts_0763.wav,fake,gtts,concatenative_tts,test_unseen
gtts_0764,vispoofdb_processed/fake/gtts/gtts_0764.wav,fake,gtts,concatenative_tts,test_unseen
gtts_0765,vispoofdb_processed/fake/gtts/gtts_0765.wav,fake,gtts,concatenative_tts,test_unseen
gtts_0766,vispoofdb_processed/fake/gtts/gtts_0766.wav,fake,gtts,concatenative_tts,test_unseen
gtts_0767,vispoofdb_processed/fake/gtts/gtts_0767.wav,fake,gtts,concatenative_tts,test_unseen
gtts_0768,vispoofdb_processed/fake/gtts/gtts_0768.wav,fake,gtts,concatenative_tts,test_unseen
gtts_0769,vispoofdb_processed/fake/gtts/gtts_0769.wav,fake,gtts,concatenative_tts,test_unseen
gtts_0770,vispoofdb_processed/fake/gtts/gtts_0770.wav,fake,gtts,concatenative_tts,test_unseen
gtts_0771,vispoofdb_processed/fake/gtts/gtts_0771.wav,fake,gtts,concatenative_tts,test_unseen
gtts_0772,vispoofdb_processed/fake/gtts/gtts_0772.wav,fake,gtts,concatenative_tts,test_unseen
gtts_0773,vispoofdb_processed/fake/gtts/gtts_0773.wav,fake,gtts,concatenative_tts,test_unseen
gtts_0774,vispoofdb_processed/fake/gtts/gtts_0774.wav,fake,gtts,concatenative_tts,test_unseen
gtts_0775,vispoofdb_processed/fake/gtts/gtts_0775.wav,fake,gtts,concatenative_tts,test_unseen
gtts_0776,vispoofdb_processed/fake/gtts/gtts_0776.wav,fake,gtts,concatenative_tts,test_unseen
gtts_0777,vispoofdb_processed/fake/gtts/gtts_0777.wav,fake,gtts,concatenative_tts,test_unseen
gtts_0778,vispoofdb_processed/fake/gtts/gtts_0778.wav,fake,gtts,concatenative_tts,test_unseen
gtts_0779,vispoofdb_processed/fake/gtts/gtts_0779.wav,fake,gtts,concatenative_tts,test_unseen
gtts_0780,vispoofdb_processed/fake/gtts/gtts_0780.wav,fake,gtts,concatenative_tts,test_unseen
gtts_0781,vispoofdb_processed/fake/gtts/gtts_0781.wav,fake,gtts,concatenative_tts,test_unseen
gtts_0782,vispoofdb_processed/fake/gtts/gtts_0782.wav,fake,gtts,concatenative_tts,test_unseen
gtts_0783,vispoofdb_processed/fake/gtts/gtts_0783.wav,fake,gtts,concatenative_tts,test_unseen
gtts_0784,vispoofdb_processed/fake/gtts/gtts_0784.wav,fake,gtts,concatenative_tts,test_unseen
gtts_0785,vispoofdb_processed/fake/gtts/gtts_0785.wav,fake,gtts,concatenative_tts,test_unseen
gtts_0786,vispoofdb_processed/fake/gtts/gtts_0786.wav,fake,gtts,concatenative_tts,test_unseen
gtts_0787,vispoofdb_processed/fake/gtts/gtts_0787.wav,fake,gtts,concatenative_tts,test_unseen
gtts_0788,vispoofdb_processed/fake/gtts/gtts_0788.wav,fake,gtts,concatenative_tts,test_unseen
gtts_0789,vispoofdb_processed/fake/gtts/gtts_0789.wav,fake,gtts,concatenative_tts,test_unseen
gtts_0790,vispoofdb_processed/fake/gtts/gtts_0790.wav,fake,gtts,concatenative_tts,test_unseen
gtts_0791,vispoofdb_processed/fake/gtts/gtts_0791.wav,fake,gtts,concatenative_tts,test_unseen
gtts_0792,vispoofdb_processed/fake/gtts/gtts_0792.wav,fake,gtts,concatenative_tts,test_unseen
gtts_0793,vispoofdb_processed/fake/gtts/gtts_0793.wav,fake,gtts,concatenative_tts,test_unseen
gtts_0794,vispoofdb_processed/fake/gtts/gtts_0794.wav,fake,gtts,concatenative_tts,test_unseen
gtts_0795,vispoofdb_processed/fake/gtts/gtts_0795.wav,fake,gtts,concatenative_tts,test_unseen
gtts_0796,vispoofdb_processed/fake/gtts/gtts_0796.wav,fake,gtts,concatenative_tts,test_unseen
gtts_0797,vispoofdb_processed/fake/gtts/gtts_0797.wav,fake,gtts,concatenative_tts,test_unseen
gtts_0798,vispoofdb_processed/fake/gtts/gtts_0798.wav,fake,gtts,concatenative_tts,test_unseen
gtts_0799,vispoofdb_processed/fake/gtts/gtts_0799.wav,fake,gtts,concatenative_tts,test_unseen
gtts_0800,vispoofdb_processed/fake/gtts/gtts_0800.wav,fake,gtts,concatenative_tts,test_unseen
gtts_0801,vispoofdb_processed/fake/gtts/gtts_0801.wav,fake,gtts,concatenative_tts,test_unseen
gtts_0802,vispoofdb_processed/fake/gtts/gtts_0802.wav,fake,gtts,concatenative_tts,test_unseen
gtts_0803,vispoofdb_processed/fake/gtts/gtts_0803.wav,fake,gtts,concatenative_tts,test_unseen
gtts_0804,vispoofdb_processed/fake/gtts/gtts_0804.wav,fake,gtts,concatenative_tts,test_unseen
gtts_0805,vispoofdb_processed/fake/gtts/gtts_0805.wav,fake,gtts,concatenative_tts,test_unseen
gtts_0806,vispoofdb_processed/fake/gtts/gtts_0806.wav,fake,gtts,concatenative_tts,test_unseen
gtts_0807,vispoofdb_processed/fake/gtts/gtts_0807.wav,fake,gtts,concatenative_tts,test_unseen
gtts_0808,vispoofdb_processed/fake/gtts/gtts_0808.wav,fake,gtts,concatenative_tts,test_unseen
gtts_0809,vispoofdb_processed/fake/gtts/gtts_0809.wav,fake,gtts,concatenative_tts,test_unseen
gtts_0810,vispoofdb_processed/fake/gtts/gtts_0810.wav,fake,gtts,concatenative_tts,test_unseen
gtts_0811,vispoofdb_processed/fake/gtts/gtts_0811.wav,fake,gtts,concatenative_tts,test_unseen
gtts_0812,vispoofdb_processed/fake/gtts/gtts_0812.wav,fake,gtts,concatenative_tts,test_unseen
gtts_0813,vispoofdb_processed/fake/gtts/gtts_0813.wav,fake,gtts,concatenative_tts,test_unseen
gtts_0814,vispoofdb_processed/fake/gtts/gtts_0814.wav,fake,gtts,concatenative_tts,test_unseen
gtts_0815,vispoofdb_processed/fake/gtts/gtts_0815.wav,fake,gtts,concatenative_tts,test_unseen
gtts_0816,vispoofdb_processed/fake/gtts/gtts_0816.wav,fake,gtts,concatenative_tts,test_unseen
gtts_0817,vispoofdb_processed/fake/gtts/gtts_0817.wav,fake,gtts,concatenative_tts,test_unseen
gtts_0818,vispoofdb_processed/fake/gtts/gtts_0818.wav,fake,gtts,concatenative_tts,test_unseen
gtts_0819,vispoofdb_processed/fake/gtts/gtts_0819.wav,fake,gtts,concatenative_tts,test_unseen
gtts_0820,vispoofdb_processed/fake/gtts/gtts_0820.wav,fake,gtts,concatenative_tts,test_unseen
gtts_0821,vispoofdb_processed/fake/gtts/gtts_0821.wav,fake,gtts,concatenative_tts,test_unseen
gtts_0822,vispoofdb_processed/fake/gtts/gtts_0822.wav,fake,gtts,concatenative_tts,test_unseen
gtts_0823,vispoofdb_processed/fake/gtts/gtts_0823.wav,fake,gtts,concatenative_tts,test_unseen
gtts_0824,vispoofdb_processed/fake/gtts/gtts_0824.wav,fake,gtts,concatenative_tts,test_unseen
gtts_0825,vispoofdb_processed/fake/gtts/gtts_0825.wav,fake,gtts,concatenative_tts,test_unseen
gtts_0826,vispoofdb_processed/fake/gtts/gtts_0826.wav,fake,gtts,concatenative_tts,test_unseen
gtts_0827,vispoofdb_processed/fake/gtts/gtts_0827.wav,fake,gtts,concatenative_tts,test_unseen
gtts_0828,vispoofdb_processed/fake/gtts/gtts_0828.wav,fake,gtts,concatenative_tts,test_unseen
gtts_0829,vispoofdb_processed/fake/gtts/gtts_0829.wav,fake,gtts,concatenative_tts,test_unseen
gtts_0830,vispoofdb_processed/fake/gtts/gtts_0830.wav,fake,gtts,concatenative_tts,test_unseen
gtts_0831,vispoofdb_processed/fake/gtts/gtts_0831.wav,fake,gtts,concatenative_tts,test_unseen
gtts_0832,vispoofdb_processed/fake/gtts/gtts_0832.wav,fake,gtts,concatenative_tts,test_unseen
gtts_0833,vispoofdb_processed/fake/gtts/gtts_0833.wav,fake,gtts,concatenative_tts,test_unseen
gtts_0834,vispoofdb_processed/fake/gtts/gtts_0834.wav,fake,gtts,concatenative_tts,test_unseen
gtts_0835,vispoofdb_processed/fake/gtts/gtts_0835.wav,fake,gtts,concatenative_tts,test_unseen
gtts_0836,vispoofdb_processed/fake/gtts/gtts_0836.wav,fake,gtts,concatenative_tts,test_unseen
gtts_0837,vispoofdb_processed/fake/gtts/gtts_0837.wav,fake,gtts,concatenative_tts,test_unseen
gtts_0838,vispoofdb_processed/fake/gtts/gtts_0838.wav,fake,gtts,concatenative_tts,test_unseen
gtts_0839,vispoofdb_processed/fake/gtts/gtts_0839.wav,fake,gtts,concatenative_tts,test_unseen
gtts_0840,vispoofdb_processed/fake/gtts/gtts_0840.wav,fake,gtts,concatenative_tts,test_unseen
gtts_0841,vispoofdb_processed/fake/gtts/gtts_0841.wav,fake,gtts,concatenative_tts,test_unseen
gtts_0842,vispoofdb_processed/fake/gtts/gtts_0842.wav,fake,gtts,concatenative_tts,test_unseen
gtts_0843,vispoofdb_processed/fake/gtts/gtts_0843.wav,fake,gtts,concatenative_tts,test_unseen
gtts_0844,vispoofdb_processed/fake/gtts/gtts_0844.wav,fake,gtts,concatenative_tts,test_unseen
gtts_0845,vispoofdb_processed/fake/gtts/gtts_0845.wav,fake,gtts,concatenative_tts,test_unseen
gtts_0846,vispoofdb_processed/fake/gtts/gtts_0846.wav,fake,gtts,concatenative_tts,test_unseen
gtts_0847,vispoofdb_processed/fake/gtts/gtts_0847.wav,fake,gtts,concatenative_tts,test_unseen
gtts_0848,vispoofdb_processed/fake/gtts/gtts_0848.wav,fake,gtts,concatenative_tts,test_unseen
gtts_0849,vispoofdb_processed/fake/gtts/gtts_0849.wav,fake,gtts,concatenative_tts,test_unseen
gtts_0850,vispoofdb_processed/fake/gtts/gtts_0850.wav,fake,gtts,concatenative_tts,test_unseen
gtts_0851,vispoofdb_processed/fake/gtts/gtts_0851.wav,fake,gtts,concatenative_tts,test_unseen
gtts_0852,vispoofdb_processed/fake/gtts/gtts_0852.wav,fake,gtts,concatenative_tts,test_unseen
gtts_0853,vispoofdb_processed/fake/gtts/gtts_0853.wav,fake,gtts,concatenative_tts,test_unseen
gtts_0854,vispoofdb_processed/fake/gtts/gtts_0854.wav,fake,gtts,concatenative_tts,test_unseen
gtts_0855,vispoofdb_processed/fake/gtts/gtts_0855.wav,fake,gtts,concatenative_tts,test_unseen
gtts_0856,vispoofdb_processed/fake/gtts/gtts_0856.wav,fake,gtts,concatenative_tts,test_unseen
gtts_0857,vispoofdb_processed/fake/gtts/gtts_0857.wav,fake,gtts,concatenative_tts,test_unseen
gtts_0858,vispoofdb_processed/fake/gtts/gtts_0858.wav,fake,gtts,concatenative_tts,test_unseen
gtts_0859,vispoofdb_processed/fake/gtts/gtts_0859.wav,fake,gtts,concatenative_tts,test_unseen
gtts_0860,vispoofdb_processed/fake/gtts/gtts_0860.wav,fake,gtts,concatenative_tts,test_unseen
gtts_0861,vispoofdb_processed/fake/gtts/gtts_0861.wav,fake,gtts,concatenative_tts,test_unseen
gtts_0862,vispoofdb_processed/fake/gtts/gtts_0862.wav,fake,gtts,concatenative_tts,test_unseen
gtts_0863,vispoofdb_processed/fake/gtts/gtts_0863.wav,fake,gtts,concatenative_tts,test_unseen
gtts_0864,vispoofdb_processed/fake/gtts/gtts_0864.wav,fake,gtts,concatenative_tts,test_unseen
gtts_0865,vispoofdb_processed/fake/gtts/gtts_0865.wav,fake,gtts,concatenative_tts,test_unseen
gtts_0866,vispoofdb_processed/fake/gtts/gtts_0866.wav,fake,gtts,concatenative_tts,test_unseen
gtts_0867,vispoofdb_processed/fake/gtts/gtts_0867.wav,fake,gtts,concatenative_tts,test_unseen
gtts_0868,vispoofdb_processed/fake/gtts/gtts_0868.wav,fake,gtts,concatenative_tts,test_unseen
gtts_0869,vispoofdb_processed/fake/gtts/gtts_0869.wav,fake,gtts,concatenative_tts,test_unseen
gtts_0870,vispoofdb_processed/fake/gtts/gtts_0870.wav,fake,gtts,concatenative_tts,test_unseen
gtts_0871,vispoofdb_processed/fake/gtts/gtts_0871.wav,fake,gtts,concatenative_tts,test_unseen
gtts_0872,vispoofdb_processed/fake/gtts/gtts_0872.wav,fake,gtts,concatenative_tts,test_unseen
gtts_0873,vispoofdb_processed/fake/gtts/gtts_0873.wav,fake,gtts,concatenative_tts,test_unseen
gtts_0874,vispoofdb_processed/fake/gtts/gtts_0874.wav,fake,gtts,concatenative_tts,test_unseen
gtts_0875,vispoofdb_processed/fake/gtts/gtts_0875.wav,fake,gtts,concatenative_tts,test_unseen
gtts_0876,vispoofdb_processed/fake/gtts/gtts_0876.wav,fake,gtts,concatenative_tts,test_unseen
gtts_0877,vispoofdb_processed/fake/gtts/gtts_0877.wav,fake,gtts,concatenative_tts,test_unseen
gtts_0878,vispoofdb_processed/fake/gtts/gtts_0878.wav,fake,gtts,concatenative_tts,test_unseen
gtts_0879,vispoofdb_processed/fake/gtts/gtts_0879.wav,fake,gtts,concatenative_tts,test_unseen
gtts_0880,vispoofdb_processed/fake/gtts/gtts_0880.wav,fake,gtts,concatenative_tts,test_unseen
gtts_0881,vispoofdb_processed/fake/gtts/gtts_0881.wav,fake,gtts,concatenative_tts,test_unseen
gtts_0882,vispoofdb_processed/fake/gtts/gtts_0882.wav,fake,gtts,concatenative_tts,test_unseen
gtts_0883,vispoofdb_processed/fake/gtts/gtts_0883.wav,fake,gtts,concatenative_tts,test_unseen
gtts_0884,vispoofdb_processed/fake/gtts/gtts_0884.wav,fake,gtts,concatenative_tts,test_unseen
gtts_0885,vispoofdb_processed/fake/gtts/gtts_0885.wav,fake,gtts,concatenative_tts,test_unseen
gtts_0886,vispoofdb_processed/fake/gtts/gtts_0886.wav,fake,gtts,concatenative_tts,test_unseen
gtts_0887,vispoofdb_processed/fake/gtts/gtts_0887.wav,fake,gtts,concatenative_tts,test_unseen
gtts_0888,vispoofdb_processed/fake/gtts/gtts_0888.wav,fake,gtts,concatenative_tts,test_unseen
gtts_0889,vispoofdb_processed/fake/gtts/gtts_0889.wav,fake,gtts,concatenative_tts,test_unseen
gtts_0890,vispoofdb_processed/fake/gtts/gtts_0890.wav,fake,gtts,concatenative_tts,test_unseen
gtts_0891,vispoofdb_processed/fake/gtts/gtts_0891.wav,fake,gtts,concatenative_tts,test_unseen
gtts_0892,vispoofdb_processed/fake/gtts/gtts_0892.wav,fake,gtts,concatenative_tts,test_unseen
gtts_0893,vispoofdb_processed/fake/gtts/gtts_0893.wav,fake,gtts,concatenative_tts,test_unseen
gtts_0894,vispoofdb_processed/fake/gtts/gtts_0894.wav,fake,gtts,concatenative_tts,test_unseen
gtts_0895,vispoofdb_processed/fake/gtts/gtts_0895.wav,fake,gtts,concatenative_tts,test_unseen
gtts_0896,vispoofdb_processed/fake/gtts/gtts_0896.wav,fake,gtts,concatenative_tts,test_unseen
gtts_0897,vispoofdb_processed/fake/gtts/gtts_0897.wav,fake,gtts,concatenative_tts,test_unseen
gtts_0898,vispoofdb_processed/fake/gtts/gtts_0898.wav,fake,gtts,concatenative_tts,test_unseen
gtts_0899,vispoofdb_processed/fake/gtts/gtts_0899.wav,fake,gtts,concatenative_tts,test_unseen
gtts_0900,vispoofdb_processed/fake/gtts/gtts_0900.wav,fake,gtts,concatenative_tts,test_unseen
gtts_0901,vispoofdb_processed/fake/gtts/gtts_0901.wav,fake,gtts,concatenative_tts,test_unseen
gtts_0902,vispoofdb_processed/fake/gtts/gtts_0902.wav,fake,gtts,concatenative_tts,test_unseen
gtts_0903,vispoofdb_processed/fake/gtts/gtts_0903.wav,fake,gtts,concatenative_tts,test_unseen
gtts_0904,vispoofdb_processed/fake/gtts/gtts_0904.wav,fake,gtts,concatenative_tts,test_unseen
gtts_0905,vispoofdb_processed/fake/gtts/gtts_0905.wav,fake,gtts,concatenative_tts,test_unseen
gtts_0906,vispoofdb_processed/fake/gtts/gtts_0906.wav,fake,gtts,concatenative_tts,test_unseen
gtts_0907,vispoofdb_processed/fake/gtts/gtts_0907.wav,fake,gtts,concatenative_tts,test_unseen
gtts_0908,vispoofdb_processed/fake/gtts/gtts_0908.wav,fake,gtts,concatenative_tts,test_unseen
gtts_0909,vispoofdb_processed/fake/gtts/gtts_0909.wav,fake,gtts,concatenative_tts,test_unseen
gtts_0910,vispoofdb_processed/fake/gtts/gtts_0910.wav,fake,gtts,concatenative_tts,test_unseen
gtts_0911,vispoofdb_processed/fake/gtts/gtts_0911.wav,fake,gtts,concatenative_tts,test_unseen
gtts_0912,vispoofdb_processed/fake/gtts/gtts_0912.wav,fake,gtts,concatenative_tts,test_unseen
gtts_0913,vispoofdb_processed/fake/gtts/gtts_0913.wav,fake,gtts,concatenative_tts,test_unseen
gtts_0914,vispoofdb_processed/fake/gtts/gtts_0914.wav,fake,gtts,concatenative_tts,test_unseen
gtts_0915,vispoofdb_processed/fake/gtts/gtts_0915.wav,fake,gtts,concatenative_tts,test_unseen
gtts_0916,vispoofdb_processed/fake/gtts/gtts_0916.wav,fake,gtts,concatenative_tts,test_unseen
gtts_0917,vispoofdb_processed/fake/gtts/gtts_0917.wav,fake,gtts,concatenative_tts,test_unseen
gtts_0918,vispoofdb_processed/fake/gtts/gtts_0918.wav,fake,gtts,concatenative_tts,test_unseen
gtts_0919,vispoofdb_processed/fake/gtts/gtts_0919.wav,fake,gtts,concatenative_tts,test_unseen
gtts_0920,vispoofdb_processed/fake/gtts/gtts_0920.wav,fake,gtts,concatenative_tts,test_unseen
gtts_0921,vispoofdb_processed/fake/gtts/gtts_0921.wav,fake,gtts,concatenative_tts,test_unseen
gtts_0922,vispoofdb_processed/fake/gtts/gtts_0922.wav,fake,gtts,concatenative_tts,test_unseen
gtts_0923,vispoofdb_processed/fake/gtts/gtts_0923.wav,fake,gtts,concatenative_tts,test_unseen
gtts_0924,vispoofdb_processed/fake/gtts/gtts_0924.wav,fake,gtts,concatenative_tts,test_unseen
gtts_0925,vispoofdb_processed/fake/gtts/gtts_0925.wav,fake,gtts,concatenative_tts,test_unseen
gtts_0926,vispoofdb_processed/fake/gtts/gtts_0926.wav,fake,gtts,concatenative_tts,test_unseen
gtts_0927,vispoofdb_processed/fake/gtts/gtts_0927.wav,fake,gtts,concatenative_tts,test_unseen
gtts_0928,vispoofdb_processed/fake/gtts/gtts_0928.wav,fake,gtts,concatenative_tts,test_unseen
gtts_0929,vispoofdb_processed/fake/gtts/gtts_0929.wav,fake,gtts,concatenative_tts,test_unseen
gtts_0930,vispoofdb_processed/fake/gtts/gtts_0930.wav,fake,gtts,concatenative_tts,test_unseen
gtts_0931,vispoofdb_processed/fake/gtts/gtts_0931.wav,fake,gtts,concatenative_tts,test_unseen
gtts_0932,vispoofdb_processed/fake/gtts/gtts_0932.wav,fake,gtts,concatenative_tts,test_unseen
gtts_0933,vispoofdb_processed/fake/gtts/gtts_0933.wav,fake,gtts,concatenative_tts,test_unseen
gtts_0934,vispoofdb_processed/fake/gtts/gtts_0934.wav,fake,gtts,concatenative_tts,test_unseen
gtts_0935,vispoofdb_processed/fake/gtts/gtts_0935.wav,fake,gtts,concatenative_tts,test_unseen
gtts_0936,vispoofdb_processed/fake/gtts/gtts_0936.wav,fake,gtts,concatenative_tts,test_unseen
gtts_0937,vispoofdb_processed/fake/gtts/gtts_0937.wav,fake,gtts,concatenative_tts,test_unseen
gtts_0938,vispoofdb_processed/fake/gtts/gtts_0938.wav,fake,gtts,concatenative_tts,test_unseen
gtts_0939,vispoofdb_processed/fake/gtts/gtts_0939.wav,fake,gtts,concatenative_tts,test_unseen
gtts_0940,vispoofdb_processed/fake/gtts/gtts_0940.wav,fake,gtts,concatenative_tts,test_unseen
gtts_0941,vispoofdb_processed/fake/gtts/gtts_0941.wav,fake,gtts,concatenative_tts,test_unseen
gtts_0942,vispoofdb_processed/fake/gtts/gtts_0942.wav,fake,gtts,concatenative_tts,test_unseen
gtts_0943,vispoofdb_processed/fake/gtts/gtts_0943.wav,fake,gtts,concatenative_tts,test_unseen
gtts_0944,vispoofdb_processed/fake/gtts/gtts_0944.wav,fake,gtts,concatenative_tts,test_unseen
gtts_0945,vispoofdb_processed/fake/gtts/gtts_0945.wav,fake,gtts,concatenative_tts,test_unseen
gtts_0946,vispoofdb_processed/fake/gtts/gtts_0946.wav,fake,gtts,concatenative_tts,test_unseen
gtts_0947,vispoofdb_processed/fake/gtts/gtts_0947.wav,fake,gtts,concatenative_tts,test_unseen
gtts_0948,vispoofdb_processed/fake/gtts/gtts_0948.wav,fake,gtts,concatenative_tts,test_unseen
gtts_0949,vispoofdb_processed/fake/gtts/gtts_0949.wav,fake,gtts,concatenative_tts,test_unseen
gtts_0950,vispoofdb_processed/fake/gtts/gtts_0950.wav,fake,gtts,concatenative_tts,test_unseen
gtts_0951,vispoofdb_processed/fake/gtts/gtts_0951.wav,fake,gtts,concatenative_tts,test_unseen
gtts_0952,vispoofdb_processed/fake/gtts/gtts_0952.wav,fake,gtts,concatenative_tts,test_unseen
gtts_0953,vispoofdb_processed/fake/gtts/gtts_0953.wav,fake,gtts,concatenative_tts,test_unseen
gtts_0954,vispoofdb_processed/fake/gtts/gtts_0954.wav,fake,gtts,concatenative_tts,test_unseen
gtts_0955,vispoofdb_processed/fake/gtts/gtts_0955.wav,fake,gtts,concatenative_tts,test_unseen
gtts_0956,vispoofdb_processed/fake/gtts/gtts_0956.wav,fake,gtts,concatenative_tts,test_unseen
gtts_0957,vispoofdb_processed/fake/gtts/gtts_0957.wav,fake,gtts,concatenative_tts,test_unseen
gtts_0958,vispoofdb_processed/fake/gtts/gtts_0958.wav,fake,gtts,concatenative_tts,test_unseen
gtts_0959,vispoofdb_processed/fake/gtts/gtts_0959.wav,fake,gtts,concatenative_tts,test_unseen
gtts_0960,vispoofdb_processed/fake/gtts/gtts_0960.wav,fake,gtts,concatenative_tts,test_unseen
gtts_0961,vispoofdb_processed/fake/gtts/gtts_0961.wav,fake,gtts,concatenative_tts,test_unseen
gtts_0962,vispoofdb_processed/fake/gtts/gtts_0962.wav,fake,gtts,concatenative_tts,test_unseen
gtts_0963,vispoofdb_processed/fake/gtts/gtts_0963.wav,fake,gtts,concatenative_tts,test_unseen
gtts_0964,vispoofdb_processed/fake/gtts/gtts_0964.wav,fake,gtts,concatenative_tts,test_unseen
gtts_0965,vispoofdb_processed/fake/gtts/gtts_0965.wav,fake,gtts,concatenative_tts,test_unseen
gtts_0966,vispoofdb_processed/fake/gtts/gtts_0966.wav,fake,gtts,concatenative_tts,test_unseen
gtts_0967,vispoofdb_processed/fake/gtts/gtts_0967.wav,fake,gtts,concatenative_tts,test_unseen
gtts_0968,vispoofdb_processed/fake/gtts/gtts_0968.wav,fake,gtts,concatenative_tts,test_unseen
gtts_0969,vispoofdb_processed/fake/gtts/gtts_0969.wav,fake,gtts,concatenative_tts,test_unseen
gtts_0970,vispoofdb_processed/fake/gtts/gtts_0970.wav,fake,gtts,concatenative_tts,test_unseen
gtts_0971,vispoofdb_processed/fake/gtts/gtts_0971.wav,fake,gtts,concatenative_tts,test_unseen
gtts_0972,vispoofdb_processed/fake/gtts/gtts_0972.wav,fake,gtts,concatenative_tts,test_unseen
gtts_0973,vispoofdb_processed/fake/gtts/gtts_0973.wav,fake,gtts,concatenative_tts,test_unseen
gtts_0974,vispoofdb_processed/fake/gtts/gtts_0974.wav,fake,gtts,concatenative_tts,test_unseen
gtts_0975,vispoofdb_processed/fake/gtts/gtts_0975.wav,fake,gtts,concatenative_tts,test_unseen
gtts_0976,vispoofdb_processed/fake/gtts/gtts_0976.wav,fake,gtts,concatenative_tts,test_unseen
gtts_0977,vispoofdb_processed/fake/gtts/gtts_0977.wav,fake,gtts,concatenative_tts,test_unseen
gtts_0978,vispoofdb_processed/fake/gtts/gtts_0978.wav,fake,gtts,concatenative_tts,test_unseen
gtts_0979,vispoofdb_processed/fake/gtts/gtts_0979.wav,fake,gtts,concatenative_tts,test_unseen
gtts_0980,vispoofdb_processed/fake/gtts/gtts_0980.wav,fake,gtts,concatenative_tts,test_unseen
gtts_0981,vispoofdb_processed/fake/gtts/gtts_0981.wav,fake,gtts,concatenative_tts,test_unseen
gtts_0982,vispoofdb_processed/fake/gtts/gtts_0982.wav,fake,gtts,concatenative_tts,test_unseen
gtts_0983,vispoofdb_processed/fake/gtts/gtts_0983.wav,fake,gtts,concatenative_tts,test_unseen
gtts_0984,vispoofdb_processed/fake/gtts/gtts_0984.wav,fake,gtts,concatenative_tts,test_unseen
gtts_0985,vispoofdb_processed/fake/gtts/gtts_0985.wav,fake,gtts,concatenative_tts,test_unseen
gtts_0986,vispoofdb_processed/fake/gtts/gtts_0986.wav,fake,gtts,concatenative_tts,test_unseen
gtts_0987,vispoofdb_processed/fake/gtts/gtts_0987.wav,fake,gtts,concatenative_tts,test_unseen
gtts_0988,vispoofdb_processed/fake/gtts/gtts_0988.wav,fake,gtts,concatenative_tts,test_unseen
gtts_0989,vispoofdb_processed/fake/gtts/gtts_0989.wav,fake,gtts,concatenative_tts,test_unseen
gtts_0990,vispoofdb_processed/fake/gtts/gtts_0990.wav,fake,gtts,concatenative_tts,test_unseen
gtts_0991,vispoofdb_processed/fake/gtts/gtts_0991.wav,fake,gtts,concatenative_tts,test_unseen
gtts_0992,vispoofdb_processed/fake/gtts/gtts_0992.wav,fake,gtts,concatenative_tts,test_unseen
gtts_0993,vispoofdb_processed/fake/gtts/gtts_0993.wav,fake,gtts,concatenative_tts,test_unseen
gtts_0994,vispoofdb_processed/fake/gtts/gtts_0994.wav,fake,gtts,concatenative_tts,test_unseen
gtts_0995,vispoofdb_processed/fake/gtts/gtts_0995.wav,fake,gtts,concatenative_tts,test_unseen
gtts_0996,vispoofdb_processed/fake/gtts/gtts_0996.wav,fake,gtts,concatenative_tts,test_unseen
gtts_0997,vispoofdb_processed/fake/gtts/gtts_0997.wav,fake,gtts,concatenative_tts,test_unseen
gtts_0998,vispoofdb_processed/fake/gtts/gtts_0998.wav,fake,gtts,concatenative_tts,test_unseen
gtts_0999,vispoofdb_processed/fake/gtts/gtts_0999.wav,fake,gtts,concatenative_tts,test_unseen
gtts_1000,vispoofdb_processed/fake/gtts/gtts_1000.wav,fake,gtts,concatenative_tts,test_unseen
gtts_1001,vispoofdb_processed/fake/gtts/gtts_1001.wav,fake,gtts,concatenative_tts,test_unseen
gtts_1002,vispoofdb_processed/fake/gtts/gtts_1002.wav,fake,gtts,concatenative_tts,test_unseen
gtts_1003,vispoofdb_processed/fake/gtts/gtts_1003.wav,fake,gtts,concatenative_tts,test_unseen
gtts_1004,vispoofdb_processed/fake/gtts/gtts_1004.wav,fake,gtts,concatenative_tts,test_unseen
gtts_1005,vispoofdb_processed/fake/gtts/gtts_1005.wav,fake,gtts,concatenative_tts,test_unseen
gtts_1006,vispoofdb_processed/fake/gtts/gtts_1006.wav,fake,gtts,concatenative_tts,test_unseen
gtts_1007,vispoofdb_processed/fake/gtts/gtts_1007.wav,fake,gtts,concatenative_tts,test_unseen
gtts_1008,vispoofdb_processed/fake/gtts/gtts_1008.wav,fake,gtts,concatenative_tts,test_unseen
gtts_1009,vispoofdb_processed/fake/gtts/gtts_1009.wav,fake,gtts,concatenative_tts,test_unseen
gtts_1010,vispoofdb_processed/fake/gtts/gtts_1010.wav,fake,gtts,concatenative_tts,test_unseen
gtts_1011,vispoofdb_processed/fake/gtts/gtts_1011.wav,fake,gtts,concatenative_tts,test_unseen
gtts_1012,vispoofdb_processed/fake/gtts/gtts_1012.wav,fake,gtts,concatenative_tts,test_unseen
gtts_1013,vispoofdb_processed/fake/gtts/gtts_1013.wav,fake,gtts,concatenative_tts,test_unseen
gtts_1014,vispoofdb_processed/fake/gtts/gtts_1014.wav,fake,gtts,concatenative_tts,test_unseen
gtts_1015,vispoofdb_processed/fake/gtts/gtts_1015.wav,fake,gtts,concatenative_tts,test_unseen
gtts_1016,vispoofdb_processed/fake/gtts/gtts_1016.wav,fake,gtts,concatenative_tts,test_unseen
gtts_1017,vispoofdb_processed/fake/gtts/gtts_1017.wav,fake,gtts,concatenative_tts,test_unseen
gtts_1018,vispoofdb_processed/fake/gtts/gtts_1018.wav,fake,gtts,concatenative_tts,test_unseen
gtts_1019,vispoofdb_processed/fake/gtts/gtts_1019.wav,fake,gtts,concatenative_tts,test_unseen
gtts_1020,vispoofdb_processed/fake/gtts/gtts_1020.wav,fake,gtts,concatenative_tts,test_unseen
gtts_1021,vispoofdb_processed/fake/gtts/gtts_1021.wav,fake,gtts,concatenative_tts,test_unseen
gtts_1022,vispoofdb_processed/fake/gtts/gtts_1022.wav,fake,gtts,concatenative_tts,test_unseen
gtts_1023,vispoofdb_processed/fake/gtts/gtts_1023.wav,fake,gtts,concatenative_tts,test_unseen
gtts_1024,vispoofdb_processed/fake/gtts/gtts_1024.wav,fake,gtts,concatenative_tts,test_unseen
gtts_1025,vispoofdb_processed/fake/gtts/gtts_1025.wav,fake,gtts,concatenative_tts,test_unseen
gtts_1026,vispoofdb_processed/fake/gtts/gtts_1026.wav,fake,gtts,concatenative_tts,test_unseen
gtts_1027,vispoofdb_processed/fake/gtts/gtts_1027.wav,fake,gtts,concatenative_tts,test_unseen
gtts_1028,vispoofdb_processed/fake/gtts/gtts_1028.wav,fake,gtts,concatenative_tts,test_unseen
gtts_1029,vispoofdb_processed/fake/gtts/gtts_1029.wav,fake,gtts,concatenative_tts,test_unseen
gtts_1030,vispoofdb_processed/fake/gtts/gtts_1030.wav,fake,gtts,concatenative_tts,test_unseen
gtts_1031,vispoofdb_processed/fake/gtts/gtts_1031.wav,fake,gtts,concatenative_tts,test_unseen
gtts_1032,vispoofdb_processed/fake/gtts/gtts_1032.wav,fake,gtts,concatenative_tts,test_unseen
gtts_1033,vispoofdb_processed/fake/gtts/gtts_1033.wav,fake,gtts,concatenative_tts,test_unseen
gtts_1034,vispoofdb_processed/fake/gtts/gtts_1034.wav,fake,gtts,concatenative_tts,test_unseen
gtts_1035,vispoofdb_processed/fake/gtts/gtts_1035.wav,fake,gtts,concatenative_tts,test_unseen
gtts_1036,vispoofdb_processed/fake/gtts/gtts_1036.wav,fake,gtts,concatenative_tts,test_unseen
gtts_1037,vispoofdb_processed/fake/gtts/gtts_1037.wav,fake,gtts,concatenative_tts,test_unseen
gtts_1038,vispoofdb_processed/fake/gtts/gtts_1038.wav,fake,gtts,concatenative_tts,test_unseen
gtts_1039,vispoofdb_processed/fake/gtts/gtts_1039.wav,fake,gtts,concatenative_tts,test_unseen
gtts_1040,vispoofdb_processed/fake/gtts/gtts_1040.wav,fake,gtts,concatenative_tts,test_unseen
gtts_1041,vispoofdb_processed/fake/gtts/gtts_1041.wav,fake,gtts,concatenative_tts,test_unseen
gtts_1042,vispoofdb_processed/fake/gtts/gtts_1042.wav,fake,gtts,concatenative_tts,test_unseen
gtts_1043,vispoofdb_processed/fake/gtts/gtts_1043.wav,fake,gtts,concatenative_tts,test_unseen
gtts_1044,vispoofdb_processed/fake/gtts/gtts_1044.wav,fake,gtts,concatenative_tts,test_unseen
gtts_1045,vispoofdb_processed/fake/gtts/gtts_1045.wav,fake,gtts,concatenative_tts,test_unseen
gtts_1046,vispoofdb_processed/fake/gtts/gtts_1046.wav,fake,gtts,concatenative_tts,test_unseen
gtts_1047,vispoofdb_processed/fake/gtts/gtts_1047.wav,fake,gtts,concatenative_tts,test_unseen
gtts_1048,vispoofdb_processed/fake/gtts/gtts_1048.wav,fake,gtts,concatenative_tts,test_unseen
gtts_1049,vispoofdb_processed/fake/gtts/gtts_1049.wav,fake,gtts,concatenative_tts,test_unseen
gtts_1050,vispoofdb_processed/fake/gtts/gtts_1050.wav,fake,gtts,concatenative_tts,test_unseen
gtts_1051,vispoofdb_processed/fake/gtts/gtts_1051.wav,fake,gtts,concatenative_tts,test_unseen
gtts_1052,vispoofdb_processed/fake/gtts/gtts_1052.wav,fake,gtts,concatenative_tts,test_unseen
gtts_1053,vispoofdb_processed/fake/gtts/gtts_1053.wav,fake,gtts,concatenative_tts,test_unseen
gtts_1054,vispoofdb_processed/fake/gtts/gtts_1054.wav,fake,gtts,concatenative_tts,test_unseen
gtts_1055,vispoofdb_processed/fake/gtts/gtts_1055.wav,fake,gtts,concatenative_tts,test_unseen
gtts_1056,vispoofdb_processed/fake/gtts/gtts_1056.wav,fake,gtts,concatenative_tts,test_unseen
gtts_1057,vispoofdb_processed/fake/gtts/gtts_1057.wav,fake,gtts,concatenative_tts,test_unseen
gtts_1058,vispoofdb_processed/fake/gtts/gtts_1058.wav,fake,gtts,concatenative_tts,test_unseen
gtts_1059,vispoofdb_processed/fake/gtts/gtts_1059.wav,fake,gtts,concatenative_tts,test_unseen
gtts_1060,vispoofdb_processed/fake/gtts/gtts_1060.wav,fake,gtts,concatenative_tts,test_unseen
gtts_1061,vispoofdb_processed/fake/gtts/gtts_1061.wav,fake,gtts,concatenative_tts,test_unseen
gtts_1062,vispoofdb_processed/fake/gtts/gtts_1062.wav,fake,gtts,concatenative_tts,test_unseen
gtts_1063,vispoofdb_processed/fake/gtts/gtts_1063.wav,fake,gtts,concatenative_tts,test_unseen
gtts_1064,vispoofdb_processed/fake/gtts/gtts_1064.wav,fake,gtts,concatenative_tts,test_unseen
gtts_1065,vispoofdb_processed/fake/gtts/gtts_1065.wav,fake,gtts,concatenative_tts,test_unseen
gtts_1066,vispoofdb_processed/fake/gtts/gtts_1066.wav,fake,gtts,concatenative_tts,test_unseen
gtts_1067,vispoofdb_processed/fake/gtts/gtts_1067.wav,fake,gtts,concatenative_tts,test_unseen
gtts_1068,vispoofdb_processed/fake/gtts/gtts_1068.wav,fake,gtts,concatenative_tts,test_unseen
gtts_1069,vispoofdb_processed/fake/gtts/gtts_1069.wav,fake,gtts,concatenative_tts,test_unseen
gtts_1070,vispoofdb_processed/fake/gtts/gtts_1070.wav,fake,gtts,concatenative_tts,test_unseen
gtts_1071,vispoofdb_processed/fake/gtts/gtts_1071.wav,fake,gtts,concatenative_tts,test_unseen
gtts_1072,vispoofdb_processed/fake/gtts/gtts_1072.wav,fake,gtts,concatenative_tts,test_unseen
gtts_1073,vispoofdb_processed/fake/gtts/gtts_1073.wav,fake,gtts,concatenative_tts,test_unseen
gtts_1074,vispoofdb_processed/fake/gtts/gtts_1074.wav,fake,gtts,concatenative_tts,test_unseen
gtts_1075,vispoofdb_processed/fake/gtts/gtts_1075.wav,fake,gtts,concatenative_tts,test_unseen
gtts_1076,vispoofdb_processed/fake/gtts/gtts_1076.wav,fake,gtts,concatenative_tts,test_unseen
gtts_1077,vispoofdb_processed/fake/gtts/gtts_1077.wav,fake,gtts,concatenative_tts,test_unseen
gtts_1078,vispoofdb_processed/fake/gtts/gtts_1078.wav,fake,gtts,concatenative_tts,test_unseen
gtts_1079,vispoofdb_processed/fake/gtts/gtts_1079.wav,fake,gtts,concatenative_tts,test_unseen
gtts_1080,vispoofdb_processed/fake/gtts/gtts_1080.wav,fake,gtts,concatenative_tts,test_unseen
gtts_1081,vispoofdb_processed/fake/gtts/gtts_1081.wav,fake,gtts,concatenative_tts,test_unseen
gtts_1082,vispoofdb_processed/fake/gtts/gtts_1082.wav,fake,gtts,concatenative_tts,test_unseen
gtts_1083,vispoofdb_processed/fake/gtts/gtts_1083.wav,fake,gtts,concatenative_tts,test_unseen
gtts_1084,vispoofdb_processed/fake/gtts/gtts_1084.wav,fake,gtts,concatenative_tts,test_unseen
gtts_1085,vispoofdb_processed/fake/gtts/gtts_1085.wav,fake,gtts,concatenative_tts,test_unseen
gtts_1086,vispoofdb_processed/fake/gtts/gtts_1086.wav,fake,gtts,concatenative_tts,test_unseen
gtts_1087,vispoofdb_processed/fake/gtts/gtts_1087.wav,fake,gtts,concatenative_tts,test_unseen
gtts_1088,vispoofdb_processed/fake/gtts/gtts_1088.wav,fake,gtts,concatenative_tts,test_unseen
gtts_1089,vispoofdb_processed/fake/gtts/gtts_1089.wav,fake,gtts,concatenative_tts,test_unseen
gtts_1090,vispoofdb_processed/fake/gtts/gtts_1090.wav,fake,gtts,concatenative_tts,test_unseen
gtts_1091,vispoofdb_processed/fake/gtts/gtts_1091.wav,fake,gtts,concatenative_tts,test_unseen
gtts_1092,vispoofdb_processed/fake/gtts/gtts_1092.wav,fake,gtts,concatenative_tts,test_unseen
gtts_1093,vispoofdb_processed/fake/gtts/gtts_1093.wav,fake,gtts,concatenative_tts,test_unseen
gtts_1094,vispoofdb_processed/fake/gtts/gtts_1094.wav,fake,gtts,concatenative_tts,test_unseen
gtts_1095,vispoofdb_processed/fake/gtts/gtts_1095.wav,fake,gtts,concatenative_tts,test_unseen
gtts_1096,vispoofdb_processed/fake/gtts/gtts_1096.wav,fake,gtts,concatenative_tts,test_unseen
gtts_1097,vispoofdb_processed/fake/gtts/gtts_1097.wav,fake,gtts,concatenative_tts,test_unseen
gtts_1098,vispoofdb_processed/fake/gtts/gtts_1098.wav,fake,gtts,concatenative_tts,test_unseen
gtts_1099,vispoofdb_processed/fake/gtts/gtts_1099.wav,fake,gtts,concatenative_tts,test_unseen
gtts_1100,vispoofdb_processed/fake/gtts/gtts_1100.wav,fake,gtts,concatenative_tts,test_unseen
gtts_1101,vispoofdb_processed/fake/gtts/gtts_1101.wav,fake,gtts,concatenative_tts,test_unseen
gtts_1102,vispoofdb_processed/fake/gtts/gtts_1102.wav,fake,gtts,concatenative_tts,test_unseen
gtts_1103,vispoofdb_processed/fake/gtts/gtts_1103.wav,fake,gtts,concatenative_tts,test_unseen
gtts_1104,vispoofdb_processed/fake/gtts/gtts_1104.wav,fake,gtts,concatenative_tts,test_unseen
gtts_1105,vispoofdb_processed/fake/gtts/gtts_1105.wav,fake,gtts,concatenative_tts,test_unseen
gtts_1106,vispoofdb_processed/fake/gtts/gtts_1106.wav,fake,gtts,concatenative_tts,test_unseen
gtts_1107,vispoofdb_processed/fake/gtts/gtts_1107.wav,fake,gtts,concatenative_tts,test_unseen
gtts_1108,vispoofdb_processed/fake/gtts/gtts_1108.wav,fake,gtts,concatenative_tts,test_unseen
gtts_1109,vispoofdb_processed/fake/gtts/gtts_1109.wav,fake,gtts,concatenative_tts,test_unseen
gtts_1110,vispoofdb_processed/fake/gtts/gtts_1110.wav,fake,gtts,concatenative_tts,test_unseen
gtts_1111,vispoofdb_processed/fake/gtts/gtts_1111.wav,fake,gtts,concatenative_tts,test_unseen
gtts_1112,vispoofdb_processed/fake/gtts/gtts_1112.wav,fake,gtts,concatenative_tts,test_unseen
gtts_1113,vispoofdb_processed/fake/gtts/gtts_1113.wav,fake,gtts,concatenative_tts,test_unseen
gtts_1114,vispoofdb_processed/fake/gtts/gtts_1114.wav,fake,gtts,concatenative_tts,test_unseen
gtts_1115,vispoofdb_processed/fake/gtts/gtts_1115.wav,fake,gtts,concatenative_tts,test_unseen
gtts_1116,vispoofdb_processed/fake/gtts/gtts_1116.wav,fake,gtts,concatenative_tts,test_unseen
gtts_1117,vispoofdb_processed/fake/gtts/gtts_1117.wav,fake,gtts,concatenative_tts,test_unseen
gtts_1118,vispoofdb_processed/fake/gtts/gtts_1118.wav,fake,gtts,concatenative_tts,test_unseen
gtts_1119,vispoofdb_processed/fake/gtts/gtts_1119.wav,fake,gtts,concatenative_tts,test_unseen
gtts_1120,vispoofdb_processed/fake/gtts/gtts_1120.wav,fake,gtts,concatenative_tts,test_unseen
gtts_1121,vispoofdb_processed/fake/gtts/gtts_1121.wav,fake,gtts,concatenative_tts,test_unseen
gtts_1122,vispoofdb_processed/fake/gtts/gtts_1122.wav,fake,gtts,concatenative_tts,test_unseen
gtts_1123,vispoofdb_processed/fake/gtts/gtts_1123.wav,fake,gtts,concatenative_tts,test_unseen
gtts_1124,vispoofdb_processed/fake/gtts/gtts_1124.wav,fake,gtts,concatenative_tts,test_unseen
gtts_1125,vispoofdb_processed/fake/gtts/gtts_1125.wav,fake,gtts,concatenative_tts,test_unseen
gtts_1126,vispoofdb_processed/fake/gtts/gtts_1126.wav,fake,gtts,concatenative_tts,test_unseen
gtts_1127,vispoofdb_processed/fake/gtts/gtts_1127.wav,fake,gtts,concatenative_tts,test_unseen
gtts_1128,vispoofdb_processed/fake/gtts/gtts_1128.wav,fake,gtts,concatenative_tts,test_unseen
gtts_1129,vispoofdb_processed/fake/gtts/gtts_1129.wav,fake,gtts,concatenative_tts,test_unseen
gtts_1130,vispoofdb_processed/fake/gtts/gtts_1130.wav,fake,gtts,concatenative_tts,test_unseen
gtts_1131,vispoofdb_processed/fake/gtts/gtts_1131.wav,fake,gtts,concatenative_tts,test_unseen
gtts_1132,vispoofdb_processed/fake/gtts/gtts_1132.wav,fake,gtts,concatenative_tts,test_unseen
gtts_1133,vispoofdb_processed/fake/gtts/gtts_1133.wav,fake,gtts,concatenative_tts,test_unseen
gtts_1134,vispoofdb_processed/fake/gtts/gtts_1134.wav,fake,gtts,concatenative_tts,test_unseen
gtts_1135,vispoofdb_processed/fake/gtts/gtts_1135.wav,fake,gtts,concatenative_tts,test_unseen
gtts_1136,vispoofdb_processed/fake/gtts/gtts_1136.wav,fake,gtts,concatenative_tts,test_unseen
gtts_1137,vispoofdb_processed/fake/gtts/gtts_1137.wav,fake,gtts,concatenative_tts,test_unseen
gtts_1138,vispoofdb_processed/fake/gtts/gtts_1138.wav,fake,gtts,concatenative_tts,test_unseen
gtts_1139,vispoofdb_processed/fake/gtts/gtts_1139.wav,fake,gtts,concatenative_tts,test_unseen
gtts_1140,vispoofdb_processed/fake/gtts/gtts_1140.wav,fake,gtts,concatenative_tts,test_unseen
gtts_1141,vispoofdb_processed/fake/gtts/gtts_1141.wav,fake,gtts,concatenative_tts,test_unseen
gtts_1142,vispoofdb_processed/fake/gtts/gtts_1142.wav,fake,gtts,concatenative_tts,test_unseen
gtts_1143,vispoofdb_processed/fake/gtts/gtts_1143.wav,fake,gtts,concatenative_tts,test_unseen
gtts_1144,vispoofdb_processed/fake/gtts/gtts_1144.wav,fake,gtts,concatenative_tts,test_unseen
gtts_1145,vispoofdb_processed/fake/gtts/gtts_1145.wav,fake,gtts,concatenative_tts,test_unseen
gtts_1146,vispoofdb_processed/fake/gtts/gtts_1146.wav,fake,gtts,concatenative_tts,test_unseen
gtts_1147,vispoofdb_processed/fake/gtts/gtts_1147.wav,fake,gtts,concatenative_tts,test_unseen
gtts_1148,vispoofdb_processed/fake/gtts/gtts_1148.wav,fake,gtts,concatenative_tts,test_unseen
gtts_1149,vispoofdb_processed/fake/gtts/gtts_1149.wav,fake,gtts,concatenative_tts,test_unseen
gtts_1150,vispoofdb_processed/fake/gtts/gtts_1150.wav,fake,gtts,concatenative_tts,test_unseen
gtts_1151,vispoofdb_processed/fake/gtts/gtts_1151.wav,fake,gtts,concatenative_tts,test_unseen
gtts_1152,vispoofdb_processed/fake/gtts/gtts_1152.wav,fake,gtts,concatenative_tts,test_unseen
gtts_1153,vispoofdb_processed/fake/gtts/gtts_1153.wav,fake,gtts,concatenative_tts,test_unseen
gtts_1154,vispoofdb_processed/fake/gtts/gtts_1154.wav,fake,gtts,concatenative_tts,test_unseen
gtts_1155,vispoofdb_processed/fake/gtts/gtts_1155.wav,fake,gtts,concatenative_tts,test_unseen
gtts_1156,vispoofdb_processed/fake/gtts/gtts_1156.wav,fake,gtts,concatenative_tts,test_unseen
gtts_1157,vispoofdb_processed/fake/gtts/gtts_1157.wav,fake,gtts,concatenative_tts,test_unseen
gtts_1158,vispoofdb_processed/fake/gtts/gtts_1158.wav,fake,gtts,concatenative_tts,test_unseen
gtts_1159,vispoofdb_processed/fake/gtts/gtts_1159.wav,fake,gtts,concatenative_tts,test_unseen
gtts_1160,vispoofdb_processed/fake/gtts/gtts_1160.wav,fake,gtts,concatenative_tts,test_unseen
gtts_1161,vispoofdb_processed/fake/gtts/gtts_1161.wav,fake,gtts,concatenative_tts,test_unseen
gtts_1162,vispoofdb_processed/fake/gtts/gtts_1162.wav,fake,gtts,concatenative_tts,test_unseen
gtts_1163,vispoofdb_processed/fake/gtts/gtts_1163.wav,fake,gtts,concatenative_tts,test_unseen
gtts_1164,vispoofdb_processed/fake/gtts/gtts_1164.wav,fake,gtts,concatenative_tts,test_unseen
gtts_1165,vispoofdb_processed/fake/gtts/gtts_1165.wav,fake,gtts,concatenative_tts,test_unseen
gtts_1166,vispoofdb_processed/fake/gtts/gtts_1166.wav,fake,gtts,concatenative_tts,test_unseen
gtts_1167,vispoofdb_processed/fake/gtts/gtts_1167.wav,fake,gtts,concatenative_tts,test_unseen
gtts_1168,vispoofdb_processed/fake/gtts/gtts_1168.wav,fake,gtts,concatenative_tts,test_unseen
gtts_1169,vispoofdb_processed/fake/gtts/gtts_1169.wav,fake,gtts,concatenative_tts,test_unseen
gtts_1170,vispoofdb_processed/fake/gtts/gtts_1170.wav,fake,gtts,concatenative_tts,test_unseen
gtts_1171,vispoofdb_processed/fake/gtts/gtts_1171.wav,fake,gtts,concatenative_tts,test_unseen
gtts_1172,vispoofdb_processed/fake/gtts/gtts_1172.wav,fake,gtts,concatenative_tts,test_unseen
gtts_1173,vispoofdb_processed/fake/gtts/gtts_1173.wav,fake,gtts,concatenative_tts,test_unseen
gtts_1174,vispoofdb_processed/fake/gtts/gtts_1174.wav,fake,gtts,concatenative_tts,test_unseen
gtts_1175,vispoofdb_processed/fake/gtts/gtts_1175.wav,fake,gtts,concatenative_tts,test_unseen
gtts_1176,vispoofdb_processed/fake/gtts/gtts_1176.wav,fake,gtts,concatenative_tts,test_unseen
gtts_1177,vispoofdb_processed/fake/gtts/gtts_1177.wav,fake,gtts,concatenative_tts,test_unseen
gtts_1178,vispoofdb_processed/fake/gtts/gtts_1178.wav,fake,gtts,concatenative_tts,test_unseen
gtts_1179,vispoofdb_processed/fake/gtts/gtts_1179.wav,fake,gtts,concatenative_tts,test_unseen
gtts_1180,vispoofdb_processed/fake/gtts/gtts_1180.wav,fake,gtts,concatenative_tts,test_unseen
gtts_1181,vispoofdb_processed/fake/gtts/gtts_1181.wav,fake,gtts,concatenative_tts,test_unseen
gtts_1182,vispoofdb_processed/fake/gtts/gtts_1182.wav,fake,gtts,concatenative_tts,test_unseen
gtts_1183,vispoofdb_processed/fake/gtts/gtts_1183.wav,fake,gtts,concatenative_tts,test_unseen
gtts_1184,vispoofdb_processed/fake/gtts/gtts_1184.wav,fake,gtts,concatenative_tts,test_unseen
gtts_1185,vispoofdb_processed/fake/gtts/gtts_1185.wav,fake,gtts,concatenative_tts,test_unseen
gtts_1186,vispoofdb_processed/fake/gtts/gtts_1186.wav,fake,gtts,concatenative_tts,test_unseen
gtts_1187,vispoofdb_processed/fake/gtts/gtts_1187.wav,fake,gtts,concatenative_tts,test_unseen
gtts_1188,vispoofdb_processed/fake/gtts/gtts_1188.wav,fake,gtts,concatenative_tts,test_unseen
gtts_1189,vispoofdb_processed/fake/gtts/gtts_1189.wav,fake,gtts,concatenative_tts,test_unseen
gtts_1190,vispoofdb_processed/fake/gtts/gtts_1190.wav,fake,gtts,concatenative_tts,test_unseen
gtts_1191,vispoofdb_processed/fake/gtts/gtts_1191.wav,fake,gtts,concatenative_tts,test_unseen
gtts_1192,vispoofdb_processed/fake/gtts/gtts_1192.wav,fake,gtts,concatenative_tts,test_unseen
gtts_1193,vispoofdb_processed/fake/gtts/gtts_1193.wav,fake,gtts,concatenative_tts,test_unseen
gtts_1194,vispoofdb_processed/fake/gtts/gtts_1194.wav,fake,gtts,concatenative_tts,test_unseen
gtts_1195,vispoofdb_processed/fake/gtts/gtts_1195.wav,fake,gtts,concatenative_tts,test_unseen
gtts_1196,vispoofdb_processed/fake/gtts/gtts_1196.wav,fake,gtts,concatenative_tts,test_unseen
gtts_1197,vispoofdb_processed/fake/gtts/gtts_1197.wav,fake,gtts,concatenative_tts,test_unseen
gtts_1198,vispoofdb_processed/fake/gtts/gtts_1198.wav,fake,gtts,concatenative_tts,test_unseen
gtts_1199,vispoofdb_processed/fake/gtts/gtts_1199.wav,fake,gtts,concatenative_tts,test_unseen
mmstts_0000,vispoofdb_processed/fake/mmstts/mmstts_0000.wav,fake,mmstts,neural_tts,test_seen
mmstts_0001,vispoofdb_processed/fake/mmstts/mmstts_0001.wav,fake,mmstts,neural_tts,test_seen
mmstts_0002,vispoofdb_processed/fake/mmstts/mmstts_0002.wav,fake,mmstts,neural_tts,train
mmstts_0003,vispoofdb_processed/fake/mmstts/mmstts_0003.wav,fake,mmstts,neural_tts,train
mmstts_0004,vispoofdb_processed/fake/mmstts/mmstts_0004.wav,fake,mmstts,neural_tts,test_seen
mmstts_0005,vispoofdb_processed/fake/mmstts/mmstts_0005.wav,fake,mmstts,neural_tts,train
mmstts_0006,vispoofdb_processed/fake/mmstts/mmstts_0006.wav,fake,mmstts,neural_tts,test_seen
mmstts_0007,vispoofdb_processed/fake/mmstts/mmstts_0007.wav,fake,mmstts,neural_tts,train
mmstts_0008,vispoofdb_processed/fake/mmstts/mmstts_0008.wav,fake,mmstts,neural_tts,train
mmstts_0009,vispoofdb_processed/fake/mmstts/mmstts_0009.wav,fake,mmstts,neural_tts,train
mmstts_0010,vispoofdb_processed/fake/mmstts/mmstts_0010.wav,fake,mmstts,neural_tts,train
mmstts_0011,vispoofdb_processed/fake/mmstts/mmstts_0011.wav,fake,mmstts,neural_tts,train
mmstts_0012,vispoofdb_processed/fake/mmstts/mmstts_0012.wav,fake,mmstts,neural_tts,train
mmstts_0013,vispoofdb_processed/fake/mmstts/mmstts_0013.wav,fake,mmstts,neural_tts,train
mmstts_0014,vispoofdb_processed/fake/mmstts/mmstts_0014.wav,fake,mmstts,neural_tts,train
mmstts_0015,vispoofdb_processed/fake/mmstts/mmstts_0015.wav,fake,mmstts,neural_tts,train
mmstts_0016,vispoofdb_processed/fake/mmstts/mmstts_0016.wav,fake,mmstts,neural_tts,train
mmstts_0017,vispoofdb_processed/fake/mmstts/mmstts_0017.wav,fake,mmstts,neural_tts,train
mmstts_0018,vispoofdb_processed/fake/mmstts/mmstts_0018.wav,fake,mmstts,neural_tts,train
mmstts_0019,vispoofdb_processed/fake/mmstts/mmstts_0019.wav,fake,mmstts,neural_tts,train
mmstts_0020,vispoofdb_processed/fake/mmstts/mmstts_0020.wav,fake,mmstts,neural_tts,train
mmstts_0021,vispoofdb_processed/fake/mmstts/mmstts_0021.wav,fake,mmstts,neural_tts,train
mmstts_0022,vispoofdb_processed/fake/mmstts/mmstts_0022.wav,fake,mmstts,neural_tts,train
mmstts_0023,vispoofdb_processed/fake/mmstts/mmstts_0023.wav,fake,mmstts,neural_tts,train
mmstts_0024,vispoofdb_processed/fake/mmstts/mmstts_0024.wav,fake,mmstts,neural_tts,train
mmstts_0025,vispoofdb_processed/fake/mmstts/mmstts_0025.wav,fake,mmstts,neural_tts,train
mmstts_0026,vispoofdb_processed/fake/mmstts/mmstts_0026.wav,fake,mmstts,neural_tts,train
mmstts_0027,vispoofdb_processed/fake/mmstts/mmstts_0027.wav,fake,mmstts,neural_tts,train
mmstts_0028,vispoofdb_processed/fake/mmstts/mmstts_0028.wav,fake,mmstts,neural_tts,train
mmstts_0029,vispoofdb_processed/fake/mmstts/mmstts_0029.wav,fake,mmstts,neural_tts,train
mmstts_0030,vispoofdb_processed/fake/mmstts/mmstts_0030.wav,fake,mmstts,neural_tts,train
mmstts_0031,vispoofdb_processed/fake/mmstts/mmstts_0031.wav,fake,mmstts,neural_tts,test_seen
mmstts_0032,vispoofdb_processed/fake/mmstts/mmstts_0032.wav,fake,mmstts,neural_tts,train
mmstts_0033,vispoofdb_processed/fake/mmstts/mmstts_0033.wav,fake,mmstts,neural_tts,train
mmstts_0034,vispoofdb_processed/fake/mmstts/mmstts_0034.wav,fake,mmstts,neural_tts,train
mmstts_0035,vispoofdb_processed/fake/mmstts/mmstts_0035.wav,fake,mmstts,neural_tts,train
mmstts_0036,vispoofdb_processed/fake/mmstts/mmstts_0036.wav,fake,mmstts,neural_tts,train
mmstts_0037,vispoofdb_processed/fake/mmstts/mmstts_0037.wav,fake,mmstts,neural_tts,train
mmstts_0038,vispoofdb_processed/fake/mmstts/mmstts_0038.wav,fake,mmstts,neural_tts,train
mmstts_0039,vispoofdb_processed/fake/mmstts/mmstts_0039.wav,fake,mmstts,neural_tts,train
mmstts_0040,vispoofdb_processed/fake/mmstts/mmstts_0040.wav,fake,mmstts,neural_tts,test_seen
mmstts_0041,vispoofdb_processed/fake/mmstts/mmstts_0041.wav,fake,mmstts,neural_tts,test_seen
mmstts_0042,vispoofdb_processed/fake/mmstts/mmstts_0042.wav,fake,mmstts,neural_tts,train
mmstts_0043,vispoofdb_processed/fake/mmstts/mmstts_0043.wav,fake,mmstts,neural_tts,train
mmstts_0044,vispoofdb_processed/fake/mmstts/mmstts_0044.wav,fake,mmstts,neural_tts,train
mmstts_0045,vispoofdb_processed/fake/mmstts/mmstts_0045.wav,fake,mmstts,neural_tts,train
mmstts_0046,vispoofdb_processed/fake/mmstts/mmstts_0046.wav,fake,mmstts,neural_tts,train
mmstts_0047,vispoofdb_processed/fake/mmstts/mmstts_0047.wav,fake,mmstts,neural_tts,test_seen
mmstts_0048,vispoofdb_processed/fake/mmstts/mmstts_0048.wav,fake,mmstts,neural_tts,test_seen
mmstts_0049,vispoofdb_processed/fake/mmstts/mmstts_0049.wav,fake,mmstts,neural_tts,test_seen
mmstts_0050,vispoofdb_processed/fake/mmstts/mmstts_0050.wav,fake,mmstts,neural_tts,train
mmstts_0051,vispoofdb_processed/fake/mmstts/mmstts_0051.wav,fake,mmstts,neural_tts,train
mmstts_0052,vispoofdb_processed/fake/mmstts/mmstts_0052.wav,fake,mmstts,neural_tts,train
mmstts_0053,vispoofdb_processed/fake/mmstts/mmstts_0053.wav,fake,mmstts,neural_tts,train
mmstts_0054,vispoofdb_processed/fake/mmstts/mmstts_0054.wav,fake,mmstts,neural_tts,train
mmstts_0055,vispoofdb_processed/fake/mmstts/mmstts_0055.wav,fake,mmstts,neural_tts,train
mmstts_0056,vispoofdb_processed/fake/mmstts/mmstts_0056.wav,fake,mmstts,neural_tts,train
mmstts_0057,vispoofdb_processed/fake/mmstts/mmstts_0057.wav,fake,mmstts,neural_tts,train
mmstts_0058,vispoofdb_processed/fake/mmstts/mmstts_0058.wav,fake,mmstts,neural_tts,train
mmstts_0059,vispoofdb_processed/fake/mmstts/mmstts_0059.wav,fake,mmstts,neural_tts,train
mmstts_0060,vispoofdb_processed/fake/mmstts/mmstts_0060.wav,fake,mmstts,neural_tts,train
mmstts_0061,vispoofdb_processed/fake/mmstts/mmstts_0061.wav,fake,mmstts,neural_tts,train
mmstts_0062,vispoofdb_processed/fake/mmstts/mmstts_0062.wav,fake,mmstts,neural_tts,train
mmstts_0063,vispoofdb_processed/fake/mmstts/mmstts_0063.wav,fake,mmstts,neural_tts,train
mmstts_0064,vispoofdb_processed/fake/mmstts/mmstts_0064.wav,fake,mmstts,neural_tts,train
mmstts_0065,vispoofdb_processed/fake/mmstts/mmstts_0065.wav,fake,mmstts,neural_tts,train
mmstts_0066,vispoofdb_processed/fake/mmstts/mmstts_0066.wav,fake,mmstts,neural_tts,train
mmstts_0067,vispoofdb_processed/fake/mmstts/mmstts_0067.wav,fake,mmstts,neural_tts,train
mmstts_0068,vispoofdb_processed/fake/mmstts/mmstts_0068.wav,fake,mmstts,neural_tts,train
mmstts_0069,vispoofdb_processed/fake/mmstts/mmstts_0069.wav,fake,mmstts,neural_tts,train
mmstts_0070,vispoofdb_processed/fake/mmstts/mmstts_0070.wav,fake,mmstts,neural_tts,train
mmstts_0071,vispoofdb_processed/fake/mmstts/mmstts_0071.wav,fake,mmstts,neural_tts,train
mmstts_0072,vispoofdb_processed/fake/mmstts/mmstts_0072.wav,fake,mmstts,neural_tts,train
mmstts_0073,vispoofdb_processed/fake/mmstts/mmstts_0073.wav,fake,mmstts,neural_tts,train
mmstts_0074,vispoofdb_processed/fake/mmstts/mmstts_0074.wav,fake,mmstts,neural_tts,train
mmstts_0075,vispoofdb_processed/fake/mmstts/mmstts_0075.wav,fake,mmstts,neural_tts,train
mmstts_0076,vispoofdb_processed/fake/mmstts/mmstts_0076.wav,fake,mmstts,neural_tts,test_seen
mmstts_0077,vispoofdb_processed/fake/mmstts/mmstts_0077.wav,fake,mmstts,neural_tts,train
mmstts_0078,vispoofdb_processed/fake/mmstts/mmstts_0078.wav,fake,mmstts,neural_tts,train
mmstts_0079,vispoofdb_processed/fake/mmstts/mmstts_0079.wav,fake,mmstts,neural_tts,test_seen
mmstts_0080,vispoofdb_processed/fake/mmstts/mmstts_0080.wav,fake,mmstts,neural_tts,train
mmstts_0081,vispoofdb_processed/fake/mmstts/mmstts_0081.wav,fake,mmstts,neural_tts,test_seen
mmstts_0082,vispoofdb_processed/fake/mmstts/mmstts_0082.wav,fake,mmstts,neural_tts,train
mmstts_0083,vispoofdb_processed/fake/mmstts/mmstts_0083.wav,fake,mmstts,neural_tts,train
mmstts_0084,vispoofdb_processed/fake/mmstts/mmstts_0084.wav,fake,mmstts,neural_tts,train
mmstts_0085,vispoofdb_processed/fake/mmstts/mmstts_0085.wav,fake,mmstts,neural_tts,train
mmstts_0086,vispoofdb_processed/fake/mmstts/mmstts_0086.wav,fake,mmstts,neural_tts,train
mmstts_0087,vispoofdb_processed/fake/mmstts/mmstts_0087.wav,fake,mmstts,neural_tts,train
mmstts_0088,vispoofdb_processed/fake/mmstts/mmstts_0088.wav,fake,mmstts,neural_tts,train
mmstts_0089,vispoofdb_processed/fake/mmstts/mmstts_0089.wav,fake,mmstts,neural_tts,train
mmstts_0090,vispoofdb_processed/fake/mmstts/mmstts_0090.wav,fake,mmstts,neural_tts,train
mmstts_0091,vispoofdb_processed/fake/mmstts/mmstts_0091.wav,fake,mmstts,neural_tts,test_seen
mmstts_0092,vispoofdb_processed/fake/mmstts/mmstts_0092.wav,fake,mmstts,neural_tts,train
mmstts_0093,vispoofdb_processed/fake/mmstts/mmstts_0093.wav,fake,mmstts,neural_tts,train
mmstts_0094,vispoofdb_processed/fake/mmstts/mmstts_0094.wav,fake,mmstts,neural_tts,train
mmstts_0095,vispoofdb_processed/fake/mmstts/mmstts_0095.wav,fake,mmstts,neural_tts,train
mmstts_0096,vispoofdb_processed/fake/mmstts/mmstts_0096.wav,fake,mmstts,neural_tts,train
mmstts_0097,vispoofdb_processed/fake/mmstts/mmstts_0097.wav,fake,mmstts,neural_tts,train
mmstts_0098,vispoofdb_processed/fake/mmstts/mmstts_0098.wav,fake,mmstts,neural_tts,train
mmstts_0099,vispoofdb_processed/fake/mmstts/mmstts_0099.wav,fake,mmstts,neural_tts,test_seen
mmstts_0100,vispoofdb_processed/fake/mmstts/mmstts_0100.wav,fake,mmstts,neural_tts,test_seen
mmstts_0101,vispoofdb_processed/fake/mmstts/mmstts_0101.wav,fake,mmstts,neural_tts,train
mmstts_0102,vispoofdb_processed/fake/mmstts/mmstts_0102.wav,fake,mmstts,neural_tts,train
mmstts_0103,vispoofdb_processed/fake/mmstts/mmstts_0103.wav,fake,mmstts,neural_tts,train
mmstts_0104,vispoofdb_processed/fake/mmstts/mmstts_0104.wav,fake,mmstts,neural_tts,train
mmstts_0105,vispoofdb_processed/fake/mmstts/mmstts_0105.wav,fake,mmstts,neural_tts,test_seen
mmstts_0106,vispoofdb_processed/fake/mmstts/mmstts_0106.wav,fake,mmstts,neural_tts,train
mmstts_0107,vispoofdb_processed/fake/mmstts/mmstts_0107.wav,fake,mmstts,neural_tts,train
mmstts_0108,vispoofdb_processed/fake/mmstts/mmstts_0108.wav,fake,mmstts,neural_tts,train
mmstts_0109,vispoofdb_processed/fake/mmstts/mmstts_0109.wav,fake,mmstts,neural_tts,train
mmstts_0110,vispoofdb_processed/fake/mmstts/mmstts_0110.wav,fake,mmstts,neural_tts,train
mmstts_0111,vispoofdb_processed/fake/mmstts/mmstts_0111.wav,fake,mmstts,neural_tts,train
mmstts_0112,vispoofdb_processed/fake/mmstts/mmstts_0112.wav,fake,mmstts,neural_tts,train
mmstts_0113,vispoofdb_processed/fake/mmstts/mmstts_0113.wav,fake,mmstts,neural_tts,test_seen
mmstts_0114,vispoofdb_processed/fake/mmstts/mmstts_0114.wav,fake,mmstts,neural_tts,train
mmstts_0115,vispoofdb_processed/fake/mmstts/mmstts_0115.wav,fake,mmstts,neural_tts,train
mmstts_0116,vispoofdb_processed/fake/mmstts/mmstts_0116.wav,fake,mmstts,neural_tts,train
mmstts_0117,vispoofdb_processed/fake/mmstts/mmstts_0117.wav,fake,mmstts,neural_tts,test_seen
mmstts_0118,vispoofdb_processed/fake/mmstts/mmstts_0118.wav,fake,mmstts,neural_tts,train
mmstts_0119,vispoofdb_processed/fake/mmstts/mmstts_0119.wav,fake,mmstts,neural_tts,train
mmstts_0120,vispoofdb_processed/fake/mmstts/mmstts_0120.wav,fake,mmstts,neural_tts,train
mmstts_0121,vispoofdb_processed/fake/mmstts/mmstts_0121.wav,fake,mmstts,neural_tts,train
mmstts_0122,vispoofdb_processed/fake/mmstts/mmstts_0122.wav,fake,mmstts,neural_tts,train
mmstts_0123,vispoofdb_processed/fake/mmstts/mmstts_0123.wav,fake,mmstts,neural_tts,test_seen
mmstts_0124,vispoofdb_processed/fake/mmstts/mmstts_0124.wav,fake,mmstts,neural_tts,train
mmstts_0125,vispoofdb_processed/fake/mmstts/mmstts_0125.wav,fake,mmstts,neural_tts,train
mmstts_0126,vispoofdb_processed/fake/mmstts/mmstts_0126.wav,fake,mmstts,neural_tts,train
mmstts_0127,vispoofdb_processed/fake/mmstts/mmstts_0127.wav,fake,mmstts,neural_tts,test_seen
mmstts_0128,vispoofdb_processed/fake/mmstts/mmstts_0128.wav,fake,mmstts,neural_tts,train
mmstts_0129,vispoofdb_processed/fake/mmstts/mmstts_0129.wav,fake,mmstts,neural_tts,train
mmstts_0130,vispoofdb_processed/fake/mmstts/mmstts_0130.wav,fake,mmstts,neural_tts,train
mmstts_0131,vispoofdb_processed/fake/mmstts/mmstts_0131.wav,fake,mmstts,neural_tts,train
mmstts_0132,vispoofdb_processed/fake/mmstts/mmstts_0132.wav,fake,mmstts,neural_tts,train
mmstts_0133,vispoofdb_processed/fake/mmstts/mmstts_0133.wav,fake,mmstts,neural_tts,train
mmstts_0134,vispoofdb_processed/fake/mmstts/mmstts_0134.wav,fake,mmstts,neural_tts,test_seen
mmstts_0135,vispoofdb_processed/fake/mmstts/mmstts_0135.wav,fake,mmstts,neural_tts,train
mmstts_0136,vispoofdb_processed/fake/mmstts/mmstts_0136.wav,fake,mmstts,neural_tts,train
mmstts_0137,vispoofdb_processed/fake/mmstts/mmstts_0137.wav,fake,mmstts,neural_tts,train
mmstts_0138,vispoofdb_processed/fake/mmstts/mmstts_0138.wav,fake,mmstts,neural_tts,train
mmstts_0139,vispoofdb_processed/fake/mmstts/mmstts_0139.wav,fake,mmstts,neural_tts,test_seen
mmstts_0140,vispoofdb_processed/fake/mmstts/mmstts_0140.wav,fake,mmstts,neural_tts,test_seen
mmstts_0141,vispoofdb_processed/fake/mmstts/mmstts_0141.wav,fake,mmstts,neural_tts,train
mmstts_0142,vispoofdb_processed/fake/mmstts/mmstts_0142.wav,fake,mmstts,neural_tts,train
mmstts_0143,vispoofdb_processed/fake/mmstts/mmstts_0143.wav,fake,mmstts,neural_tts,train
mmstts_0144,vispoofdb_processed/fake/mmstts/mmstts_0144.wav,fake,mmstts,neural_tts,train
mmstts_0145,vispoofdb_processed/fake/mmstts/mmstts_0145.wav,fake,mmstts,neural_tts,train
mmstts_0146,vispoofdb_processed/fake/mmstts/mmstts_0146.wav,fake,mmstts,neural_tts,train
mmstts_0147,vispoofdb_processed/fake/mmstts/mmstts_0147.wav,fake,mmstts,neural_tts,test_seen
mmstts_0148,vispoofdb_processed/fake/mmstts/mmstts_0148.wav,fake,mmstts,neural_tts,test_seen
mmstts_0149,vispoofdb_processed/fake/mmstts/mmstts_0149.wav,fake,mmstts,neural_tts,train
mmstts_0150,vispoofdb_processed/fake/mmstts/mmstts_0150.wav,fake,mmstts,neural_tts,test_seen
mmstts_0151,vispoofdb_processed/fake/mmstts/mmstts_0151.wav,fake,mmstts,neural_tts,train
mmstts_0152,vispoofdb_processed/fake/mmstts/mmstts_0152.wav,fake,mmstts,neural_tts,test_seen
mmstts_0153,vispoofdb_processed/fake/mmstts/mmstts_0153.wav,fake,mmstts,neural_tts,train
mmstts_0154,vispoofdb_processed/fake/mmstts/mmstts_0154.wav,fake,mmstts,neural_tts,train
mmstts_0155,vispoofdb_processed/fake/mmstts/mmstts_0155.wav,fake,mmstts,neural_tts,train
mmstts_0156,vispoofdb_processed/fake/mmstts/mmstts_0156.wav,fake,mmstts,neural_tts,train
mmstts_0157,vispoofdb_processed/fake/mmstts/mmstts_0157.wav,fake,mmstts,neural_tts,train
mmstts_0158,vispoofdb_processed/fake/mmstts/mmstts_0158.wav,fake,mmstts,neural_tts,train
mmstts_0159,vispoofdb_processed/fake/mmstts/mmstts_0159.wav,fake,mmstts,neural_tts,train
mmstts_0160,vispoofdb_processed/fake/mmstts/mmstts_0160.wav,fake,mmstts,neural_tts,test_seen
mmstts_0161,vispoofdb_processed/fake/mmstts/mmstts_0161.wav,fake,mmstts,neural_tts,train
mmstts_0162,vispoofdb_processed/fake/mmstts/mmstts_0162.wav,fake,mmstts,neural_tts,train
mmstts_0163,vispoofdb_processed/fake/mmstts/mmstts_0163.wav,fake,mmstts,neural_tts,train
mmstts_0164,vispoofdb_processed/fake/mmstts/mmstts_0164.wav,fake,mmstts,neural_tts,train
mmstts_0165,vispoofdb_processed/fake/mmstts/mmstts_0165.wav,fake,mmstts,neural_tts,train
mmstts_0166,vispoofdb_processed/fake/mmstts/mmstts_0166.wav,fake,mmstts,neural_tts,test_seen
mmstts_0167,vispoofdb_processed/fake/mmstts/mmstts_0167.wav,fake,mmstts,neural_tts,test_seen
mmstts_0168,vispoofdb_processed/fake/mmstts/mmstts_0168.wav,fake,mmstts,neural_tts,train
mmstts_0169,vispoofdb_processed/fake/mmstts/mmstts_0169.wav,fake,mmstts,neural_tts,train
mmstts_0170,vispoofdb_processed/fake/mmstts/mmstts_0170.wav,fake,mmstts,neural_tts,test_seen
mmstts_0171,vispoofdb_processed/fake/mmstts/mmstts_0171.wav,fake,mmstts,neural_tts,train
mmstts_0172,vispoofdb_processed/fake/mmstts/mmstts_0172.wav,fake,mmstts,neural_tts,train
mmstts_0173,vispoofdb_processed/fake/mmstts/mmstts_0173.wav,fake,mmstts,neural_tts,test_seen
mmstts_0174,vispoofdb_processed/fake/mmstts/mmstts_0174.wav,fake,mmstts,neural_tts,train
mmstts_0175,vispoofdb_processed/fake/mmstts/mmstts_0175.wav,fake,mmstts,neural_tts,train
mmstts_0176,vispoofdb_processed/fake/mmstts/mmstts_0176.wav,fake,mmstts,neural_tts,test_seen
mmstts_0177,vispoofdb_processed/fake/mmstts/mmstts_0177.wav,fake,mmstts,neural_tts,train
mmstts_0178,vispoofdb_processed/fake/mmstts/mmstts_0178.wav,fake,mmstts,neural_tts,train
mmstts_0179,vispoofdb_processed/fake/mmstts/mmstts_0179.wav,fake,mmstts,neural_tts,test_seen
mmstts_0180,vispoofdb_processed/fake/mmstts/mmstts_0180.wav,fake,mmstts,neural_tts,train
mmstts_0181,vispoofdb_processed/fake/mmstts/mmstts_0181.wav,fake,mmstts,neural_tts,test_seen
mmstts_0182,vispoofdb_processed/fake/mmstts/mmstts_0182.wav,fake,mmstts,neural_tts,train
mmstts_0183,vispoofdb_processed/fake/mmstts/mmstts_0183.wav,fake,mmstts,neural_tts,train
mmstts_0184,vispoofdb_processed/fake/mmstts/mmstts_0184.wav,fake,mmstts,neural_tts,train
mmstts_0185,vispoofdb_processed/fake/mmstts/mmstts_0185.wav,fake,mmstts,neural_tts,train
mmstts_0186,vispoofdb_processed/fake/mmstts/mmstts_0186.wav,fake,mmstts,neural_tts,train
mmstts_0187,vispoofdb_processed/fake/mmstts/mmstts_0187.wav,fake,mmstts,neural_tts,train
mmstts_0188,vispoofdb_processed/fake/mmstts/mmstts_0188.wav,fake,mmstts,neural_tts,train
mmstts_0189,vispoofdb_processed/fake/mmstts/mmstts_0189.wav,fake,mmstts,neural_tts,train
mmstts_0190,vispoofdb_processed/fake/mmstts/mmstts_0190.wav,fake,mmstts,neural_tts,train
mmstts_0191,vispoofdb_processed/fake/mmstts/mmstts_0191.wav,fake,mmstts,neural_tts,train
mmstts_0192,vispoofdb_processed/fake/mmstts/mmstts_0192.wav,fake,mmstts,neural_tts,train
mmstts_0193,vispoofdb_processed/fake/mmstts/mmstts_0193.wav,fake,mmstts,neural_tts,train
mmstts_0194,vispoofdb_processed/fake/mmstts/mmstts_0194.wav,fake,mmstts,neural_tts,train
mmstts_0195,vispoofdb_processed/fake/mmstts/mmstts_0195.wav,fake,mmstts,neural_tts,test_seen
mmstts_0196,vispoofdb_processed/fake/mmstts/mmstts_0196.wav,fake,mmstts,neural_tts,train
mmstts_0197,vispoofdb_processed/fake/mmstts/mmstts_0197.wav,fake,mmstts,neural_tts,train
mmstts_0198,vispoofdb_processed/fake/mmstts/mmstts_0198.wav,fake,mmstts,neural_tts,train
mmstts_0199,vispoofdb_processed/fake/mmstts/mmstts_0199.wav,fake,mmstts,neural_tts,train
mmstts_0200,vispoofdb_processed/fake/mmstts/mmstts_0200.wav,fake,mmstts,neural_tts,train
mmstts_0201,vispoofdb_processed/fake/mmstts/mmstts_0201.wav,fake,mmstts,neural_tts,test_seen
mmstts_0202,vispoofdb_processed/fake/mmstts/mmstts_0202.wav,fake,mmstts,neural_tts,test_seen
mmstts_0203,vispoofdb_processed/fake/mmstts/mmstts_0203.wav,fake,mmstts,neural_tts,train
mmstts_0204,vispoofdb_processed/fake/mmstts/mmstts_0204.wav,fake,mmstts,neural_tts,train
mmstts_0205,vispoofdb_processed/fake/mmstts/mmstts_0205.wav,fake,mmstts,neural_tts,train
mmstts_0206,vispoofdb_processed/fake/mmstts/mmstts_0206.wav,fake,mmstts,neural_tts,train
mmstts_0207,vispoofdb_processed/fake/mmstts/mmstts_0207.wav,fake,mmstts,neural_tts,train
mmstts_0208,vispoofdb_processed/fake/mmstts/mmstts_0208.wav,fake,mmstts,neural_tts,train
mmstts_0209,vispoofdb_processed/fake/mmstts/mmstts_0209.wav,fake,mmstts,neural_tts,train
mmstts_0210,vispoofdb_processed/fake/mmstts/mmstts_0210.wav,fake,mmstts,neural_tts,train
mmstts_0211,vispoofdb_processed/fake/mmstts/mmstts_0211.wav,fake,mmstts,neural_tts,train
mmstts_0212,vispoofdb_processed/fake/mmstts/mmstts_0212.wav,fake,mmstts,neural_tts,train
mmstts_0213,vispoofdb_processed/fake/mmstts/mmstts_0213.wav,fake,mmstts,neural_tts,train
mmstts_0214,vispoofdb_processed/fake/mmstts/mmstts_0214.wav,fake,mmstts,neural_tts,train
mmstts_0215,vispoofdb_processed/fake/mmstts/mmstts_0215.wav,fake,mmstts,neural_tts,train
mmstts_0216,vispoofdb_processed/fake/mmstts/mmstts_0216.wav,fake,mmstts,neural_tts,test_seen
mmstts_0217,vispoofdb_processed/fake/mmstts/mmstts_0217.wav,fake,mmstts,neural_tts,train
mmstts_0218,vispoofdb_processed/fake/mmstts/mmstts_0218.wav,fake,mmstts,neural_tts,train
mmstts_0219,vispoofdb_processed/fake/mmstts/mmstts_0219.wav,fake,mmstts,neural_tts,train
mmstts_0220,vispoofdb_processed/fake/mmstts/mmstts_0220.wav,fake,mmstts,neural_tts,train
mmstts_0221,vispoofdb_processed/fake/mmstts/mmstts_0221.wav,fake,mmstts,neural_tts,train
mmstts_0222,vispoofdb_processed/fake/mmstts/mmstts_0222.wav,fake,mmstts,neural_tts,test_seen
mmstts_0223,vispoofdb_processed/fake/mmstts/mmstts_0223.wav,fake,mmstts,neural_tts,train
mmstts_0224,vispoofdb_processed/fake/mmstts/mmstts_0224.wav,fake,mmstts,neural_tts,train
mmstts_0225,vispoofdb_processed/fake/mmstts/mmstts_0225.wav,fake,mmstts,neural_tts,train
mmstts_0226,vispoofdb_processed/fake/mmstts/mmstts_0226.wav,fake,mmstts,neural_tts,train
mmstts_0227,vispoofdb_processed/fake/mmstts/mmstts_0227.wav,fake,mmstts,neural_tts,test_seen
mmstts_0228,vispoofdb_processed/fake/mmstts/mmstts_0228.wav,fake,mmstts,neural_tts,train
mmstts_0229,vispoofdb_processed/fake/mmstts/mmstts_0229.wav,fake,mmstts,neural_tts,train
mmstts_0230,vispoofdb_processed/fake/mmstts/mmstts_0230.wav,fake,mmstts,neural_tts,train
mmstts_0231,vispoofdb_processed/fake/mmstts/mmstts_0231.wav,fake,mmstts,neural_tts,train
mmstts_0232,vispoofdb_processed/fake/mmstts/mmstts_0232.wav,fake,mmstts,neural_tts,train
mmstts_0233,vispoofdb_processed/fake/mmstts/mmstts_0233.wav,fake,mmstts,neural_tts,train
mmstts_0234,vispoofdb_processed/fake/mmstts/mmstts_0234.wav,fake,mmstts,neural_tts,train
mmstts_0235,vispoofdb_processed/fake/mmstts/mmstts_0235.wav,fake,mmstts,neural_tts,train
mmstts_0236,vispoofdb_processed/fake/mmstts/mmstts_0236.wav,fake,mmstts,neural_tts,train
mmstts_0237,vispoofdb_processed/fake/mmstts/mmstts_0237.wav,fake,mmstts,neural_tts,train
mmstts_0238,vispoofdb_processed/fake/mmstts/mmstts_0238.wav,fake,mmstts,neural_tts,train
mmstts_0239,vispoofdb_processed/fake/mmstts/mmstts_0239.wav,fake,mmstts,neural_tts,train
mmstts_0240,vispoofdb_processed/fake/mmstts/mmstts_0240.wav,fake,mmstts,neural_tts,train
mmstts_0241,vispoofdb_processed/fake/mmstts/mmstts_0241.wav,fake,mmstts,neural_tts,train
mmstts_0242,vispoofdb_processed/fake/mmstts/mmstts_0242.wav,fake,mmstts,neural_tts,train
mmstts_0243,vispoofdb_processed/fake/mmstts/mmstts_0243.wav,fake,mmstts,neural_tts,train
mmstts_0244,vispoofdb_processed/fake/mmstts/mmstts_0244.wav,fake,mmstts,neural_tts,test_seen
mmstts_0245,vispoofdb_processed/fake/mmstts/mmstts_0245.wav,fake,mmstts,neural_tts,train
mmstts_0246,vispoofdb_processed/fake/mmstts/mmstts_0246.wav,fake,mmstts,neural_tts,train
mmstts_0247,vispoofdb_processed/fake/mmstts/mmstts_0247.wav,fake,mmstts,neural_tts,test_seen
mmstts_0248,vispoofdb_processed/fake/mmstts/mmstts_0248.wav,fake,mmstts,neural_tts,train
mmstts_0249,vispoofdb_processed/fake/mmstts/mmstts_0249.wav,fake,mmstts,neural_tts,train
mmstts_0250,vispoofdb_processed/fake/mmstts/mmstts_0250.wav,fake,mmstts,neural_tts,train
mmstts_0251,vispoofdb_processed/fake/mmstts/mmstts_0251.wav,fake,mmstts,neural_tts,test_seen
mmstts_0252,vispoofdb_processed/fake/mmstts/mmstts_0252.wav,fake,mmstts,neural_tts,train
mmstts_0253,vispoofdb_processed/fake/mmstts/mmstts_0253.wav,fake,mmstts,neural_tts,train
mmstts_0254,vispoofdb_processed/fake/mmstts/mmstts_0254.wav,fake,mmstts,neural_tts,test_seen
mmstts_0255,vispoofdb_processed/fake/mmstts/mmstts_0255.wav,fake,mmstts,neural_tts,test_seen
mmstts_0256,vispoofdb_processed/fake/mmstts/mmstts_0256.wav,fake,mmstts,neural_tts,train
mmstts_0257,vispoofdb_processed/fake/mmstts/mmstts_0257.wav,fake,mmstts,neural_tts,train
mmstts_0258,vispoofdb_processed/fake/mmstts/mmstts_0258.wav,fake,mmstts,neural_tts,test_seen
mmstts_0259,vispoofdb_processed/fake/mmstts/mmstts_0259.wav,fake,mmstts,neural_tts,train
mmstts_0260,vispoofdb_processed/fake/mmstts/mmstts_0260.wav,fake,mmstts,neural_tts,train
mmstts_0261,vispoofdb_processed/fake/mmstts/mmstts_0261.wav,fake,mmstts,neural_tts,train
mmstts_0262,vispoofdb_processed/fake/mmstts/mmstts_0262.wav,fake,mmstts,neural_tts,train
mmstts_0263,vispoofdb_processed/fake/mmstts/mmstts_0263.wav,fake,mmstts,neural_tts,train
mmstts_0264,vispoofdb_processed/fake/mmstts/mmstts_0264.wav,fake,mmstts,neural_tts,train
mmstts_0265,vispoofdb_processed/fake/mmstts/mmstts_0265.wav,fake,mmstts,neural_tts,train
mmstts_0266,vispoofdb_processed/fake/mmstts/mmstts_0266.wav,fake,mmstts,neural_tts,train
mmstts_0267,vispoofdb_processed/fake/mmstts/mmstts_0267.wav,fake,mmstts,neural_tts,test_seen
mmstts_0268,vispoofdb_processed/fake/mmstts/mmstts_0268.wav,fake,mmstts,neural_tts,train
mmstts_0269,vispoofdb_processed/fake/mmstts/mmstts_0269.wav,fake,mmstts,neural_tts,train
mmstts_0270,vispoofdb_processed/fake/mmstts/mmstts_0270.wav,fake,mmstts,neural_tts,train
mmstts_0271,vispoofdb_processed/fake/mmstts/mmstts_0271.wav,fake,mmstts,neural_tts,train
mmstts_0272,vispoofdb_processed/fake/mmstts/mmstts_0272.wav,fake,mmstts,neural_tts,train
mmstts_0273,vispoofdb_processed/fake/mmstts/mmstts_0273.wav,fake,mmstts,neural_tts,train
mmstts_0274,vispoofdb_processed/fake/mmstts/mmstts_0274.wav,fake,mmstts,neural_tts,train
mmstts_0275,vispoofdb_processed/fake/mmstts/mmstts_0275.wav,fake,mmstts,neural_tts,train
mmstts_0276,vispoofdb_processed/fake/mmstts/mmstts_0276.wav,fake,mmstts,neural_tts,train
mmstts_0277,vispoofdb_processed/fake/mmstts/mmstts_0277.wav,fake,mmstts,neural_tts,train
mmstts_0278,vispoofdb_processed/fake/mmstts/mmstts_0278.wav,fake,mmstts,neural_tts,train
mmstts_0279,vispoofdb_processed/fake/mmstts/mmstts_0279.wav,fake,mmstts,neural_tts,train
mmstts_0280,vispoofdb_processed/fake/mmstts/mmstts_0280.wav,fake,mmstts,neural_tts,test_seen
mmstts_0281,vispoofdb_processed/fake/mmstts/mmstts_0281.wav,fake,mmstts,neural_tts,train
mmstts_0282,vispoofdb_processed/fake/mmstts/mmstts_0282.wav,fake,mmstts,neural_tts,train
mmstts_0283,vispoofdb_processed/fake/mmstts/mmstts_0283.wav,fake,mmstts,neural_tts,train
mmstts_0284,vispoofdb_processed/fake/mmstts/mmstts_0284.wav,fake,mmstts,neural_tts,train
mmstts_0285,vispoofdb_processed/fake/mmstts/mmstts_0285.wav,fake,mmstts,neural_tts,train
mmstts_0286,vispoofdb_processed/fake/mmstts/mmstts_0286.wav,fake,mmstts,neural_tts,train
mmstts_0287,vispoofdb_processed/fake/mmstts/mmstts_0287.wav,fake,mmstts,neural_tts,train
mmstts_0288,vispoofdb_processed/fake/mmstts/mmstts_0288.wav,fake,mmstts,neural_tts,test_seen
mmstts_0289,vispoofdb_processed/fake/mmstts/mmstts_0289.wav,fake,mmstts,neural_tts,train
mmstts_0290,vispoofdb_processed/fake/mmstts/mmstts_0290.wav,fake,mmstts,neural_tts,train
mmstts_0291,vispoofdb_processed/fake/mmstts/mmstts_0291.wav,fake,mmstts,neural_tts,train
mmstts_0292,vispoofdb_processed/fake/mmstts/mmstts_0292.wav,fake,mmstts,neural_tts,train
mmstts_0293,vispoofdb_processed/fake/mmstts/mmstts_0293.wav,fake,mmstts,neural_tts,train
mmstts_0294,vispoofdb_processed/fake/mmstts/mmstts_0294.wav,fake,mmstts,neural_tts,test_seen
mmstts_0295,vispoofdb_processed/fake/mmstts/mmstts_0295.wav,fake,mmstts,neural_tts,train
mmstts_0296,vispoofdb_processed/fake/mmstts/mmstts_0296.wav,fake,mmstts,neural_tts,train
mmstts_0297,vispoofdb_processed/fake/mmstts/mmstts_0297.wav,fake,mmstts,neural_tts,train
mmstts_0298,vispoofdb_processed/fake/mmstts/mmstts_0298.wav,fake,mmstts,neural_tts,train
mmstts_0299,vispoofdb_processed/fake/mmstts/mmstts_0299.wav,fake,mmstts,neural_tts,train
mmstts_0300,vispoofdb_processed/fake/mmstts/mmstts_0300.wav,fake,mmstts,neural_tts,train
mmstts_0301,vispoofdb_processed/fake/mmstts/mmstts_0301.wav,fake,mmstts,neural_tts,train
mmstts_0302,vispoofdb_processed/fake/mmstts/mmstts_0302.wav,fake,mmstts,neural_tts,train
mmstts_0303,vispoofdb_processed/fake/mmstts/mmstts_0303.wav,fake,mmstts,neural_tts,train
mmstts_0304,vispoofdb_processed/fake/mmstts/mmstts_0304.wav,fake,mmstts,neural_tts,test_seen
mmstts_0305,vispoofdb_processed/fake/mmstts/mmstts_0305.wav,fake,mmstts,neural_tts,train
mmstts_0306,vispoofdb_processed/fake/mmstts/mmstts_0306.wav,fake,mmstts,neural_tts,train
mmstts_0307,vispoofdb_processed/fake/mmstts/mmstts_0307.wav,fake,mmstts,neural_tts,train
mmstts_0308,vispoofdb_processed/fake/mmstts/mmstts_0308.wav,fake,mmstts,neural_tts,train
mmstts_0309,vispoofdb_processed/fake/mmstts/mmstts_0309.wav,fake,mmstts,neural_tts,train
mmstts_0310,vispoofdb_processed/fake/mmstts/mmstts_0310.wav,fake,mmstts,neural_tts,train
mmstts_0311,vispoofdb_processed/fake/mmstts/mmstts_0311.wav,fake,mmstts,neural_tts,train
mmstts_0312,vispoofdb_processed/fake/mmstts/mmstts_0312.wav,fake,mmstts,neural_tts,train
mmstts_0313,vispoofdb_processed/fake/mmstts/mmstts_0313.wav,fake,mmstts,neural_tts,train
mmstts_0314,vispoofdb_processed/fake/mmstts/mmstts_0314.wav,fake,mmstts,neural_tts,train
mmstts_0315,vispoofdb_processed/fake/mmstts/mmstts_0315.wav,fake,mmstts,neural_tts,train
mmstts_0316,vispoofdb_processed/fake/mmstts/mmstts_0316.wav,fake,mmstts,neural_tts,train
mmstts_0317,vispoofdb_processed/fake/mmstts/mmstts_0317.wav,fake,mmstts,neural_tts,test_seen
mmstts_0318,vispoofdb_processed/fake/mmstts/mmstts_0318.wav,fake,mmstts,neural_tts,train
mmstts_0319,vispoofdb_processed/fake/mmstts/mmstts_0319.wav,fake,mmstts,neural_tts,train
mmstts_0320,vispoofdb_processed/fake/mmstts/mmstts_0320.wav,fake,mmstts,neural_tts,train
mmstts_0321,vispoofdb_processed/fake/mmstts/mmstts_0321.wav,fake,mmstts,neural_tts,train
mmstts_0322,vispoofdb_processed/fake/mmstts/mmstts_0322.wav,fake,mmstts,neural_tts,train
mmstts_0323,vispoofdb_processed/fake/mmstts/mmstts_0323.wav,fake,mmstts,neural_tts,train
mmstts_0324,vispoofdb_processed/fake/mmstts/mmstts_0324.wav,fake,mmstts,neural_tts,train
mmstts_0325,vispoofdb_processed/fake/mmstts/mmstts_0325.wav,fake,mmstts,neural_tts,train
mmstts_0326,vispoofdb_processed/fake/mmstts/mmstts_0326.wav,fake,mmstts,neural_tts,train
mmstts_0327,vispoofdb_processed/fake/mmstts/mmstts_0327.wav,fake,mmstts,neural_tts,test_seen
mmstts_0328,vispoofdb_processed/fake/mmstts/mmstts_0328.wav,fake,mmstts,neural_tts,train
mmstts_0329,vispoofdb_processed/fake/mmstts/mmstts_0329.wav,fake,mmstts,neural_tts,test_seen
mmstts_0330,vispoofdb_processed/fake/mmstts/mmstts_0330.wav,fake,mmstts,neural_tts,train
mmstts_0331,vispoofdb_processed/fake/mmstts/mmstts_0331.wav,fake,mmstts,neural_tts,train
mmstts_0332,vispoofdb_processed/fake/mmstts/mmstts_0332.wav,fake,mmstts,neural_tts,train
mmstts_0333,vispoofdb_processed/fake/mmstts/mmstts_0333.wav,fake,mmstts,neural_tts,train
mmstts_0334,vispoofdb_processed/fake/mmstts/mmstts_0334.wav,fake,mmstts,neural_tts,train
mmstts_0335,vispoofdb_processed/fake/mmstts/mmstts_0335.wav,fake,mmstts,neural_tts,train
mmstts_0336,vispoofdb_processed/fake/mmstts/mmstts_0336.wav,fake,mmstts,neural_tts,train
mmstts_0337,vispoofdb_processed/fake/mmstts/mmstts_0337.wav,fake,mmstts,neural_tts,train
mmstts_0338,vispoofdb_processed/fake/mmstts/mmstts_0338.wav,fake,mmstts,neural_tts,train
mmstts_0339,vispoofdb_processed/fake/mmstts/mmstts_0339.wav,fake,mmstts,neural_tts,train
mmstts_0340,vispoofdb_processed/fake/mmstts/mmstts_0340.wav,fake,mmstts,neural_tts,train
mmstts_0341,vispoofdb_processed/fake/mmstts/mmstts_0341.wav,fake,mmstts,neural_tts,train
mmstts_0342,vispoofdb_processed/fake/mmstts/mmstts_0342.wav,fake,mmstts,neural_tts,train
mmstts_0343,vispoofdb_processed/fake/mmstts/mmstts_0343.wav,fake,mmstts,neural_tts,train
mmstts_0344,vispoofdb_processed/fake/mmstts/mmstts_0344.wav,fake,mmstts,neural_tts,train
mmstts_0345,vispoofdb_processed/fake/mmstts/mmstts_0345.wav,fake,mmstts,neural_tts,train
mmstts_0346,vispoofdb_processed/fake/mmstts/mmstts_0346.wav,fake,mmstts,neural_tts,train
mmstts_0347,vispoofdb_processed/fake/mmstts/mmstts_0347.wav,fake,mmstts,neural_tts,test_seen
mmstts_0348,vispoofdb_processed/fake/mmstts/mmstts_0348.wav,fake,mmstts,neural_tts,train
mmstts_0349,vispoofdb_processed/fake/mmstts/mmstts_0349.wav,fake,mmstts,neural_tts,train
mmstts_0350,vispoofdb_processed/fake/mmstts/mmstts_0350.wav,fake,mmstts,neural_tts,train
mmstts_0351,vispoofdb_processed/fake/mmstts/mmstts_0351.wav,fake,mmstts,neural_tts,train
mmstts_0352,vispoofdb_processed/fake/mmstts/mmstts_0352.wav,fake,mmstts,neural_tts,train
mmstts_0353,vispoofdb_processed/fake/mmstts/mmstts_0353.wav,fake,mmstts,neural_tts,train
mmstts_0354,vispoofdb_processed/fake/mmstts/mmstts_0354.wav,fake,mmstts,neural_tts,train
mmstts_0355,vispoofdb_processed/fake/mmstts/mmstts_0355.wav,fake,mmstts,neural_tts,train
mmstts_0356,vispoofdb_processed/fake/mmstts/mmstts_0356.wav,fake,mmstts,neural_tts,test_seen
mmstts_0357,vispoofdb_processed/fake/mmstts/mmstts_0357.wav,fake,mmstts,neural_tts,train
mmstts_0358,vispoofdb_processed/fake/mmstts/mmstts_0358.wav,fake,mmstts,neural_tts,train
mmstts_0359,vispoofdb_processed/fake/mmstts/mmstts_0359.wav,fake,mmstts,neural_tts,train
mmstts_0360,vispoofdb_processed/fake/mmstts/mmstts_0360.wav,fake,mmstts,neural_tts,train
mmstts_0361,vispoofdb_processed/fake/mmstts/mmstts_0361.wav,fake,mmstts,neural_tts,train
mmstts_0362,vispoofdb_processed/fake/mmstts/mmstts_0362.wav,fake,mmstts,neural_tts,train
mmstts_0363,vispoofdb_processed/fake/mmstts/mmstts_0363.wav,fake,mmstts,neural_tts,train
mmstts_0364,vispoofdb_processed/fake/mmstts/mmstts_0364.wav,fake,mmstts,neural_tts,train
mmstts_0365,vispoofdb_processed/fake/mmstts/mmstts_0365.wav,fake,mmstts,neural_tts,train
mmstts_0366,vispoofdb_processed/fake/mmstts/mmstts_0366.wav,fake,mmstts,neural_tts,test_seen
mmstts_0367,vispoofdb_processed/fake/mmstts/mmstts_0367.wav,fake,mmstts,neural_tts,train
mmstts_0368,vispoofdb_processed/fake/mmstts/mmstts_0368.wav,fake,mmstts,neural_tts,train
mmstts_0369,vispoofdb_processed/fake/mmstts/mmstts_0369.wav,fake,mmstts,neural_tts,train
mmstts_0370,vispoofdb_processed/fake/mmstts/mmstts_0370.wav,fake,mmstts,neural_tts,train
mmstts_0371,vispoofdb_processed/fake/mmstts/mmstts_0371.wav,fake,mmstts,neural_tts,train
mmstts_0372,vispoofdb_processed/fake/mmstts/mmstts_0372.wav,fake,mmstts,neural_tts,train
mmstts_0373,vispoofdb_processed/fake/mmstts/mmstts_0373.wav,fake,mmstts,neural_tts,test_seen
mmstts_0374,vispoofdb_processed/fake/mmstts/mmstts_0374.wav,fake,mmstts,neural_tts,train
mmstts_0375,vispoofdb_processed/fake/mmstts/mmstts_0375.wav,fake,mmstts,neural_tts,train
mmstts_0376,vispoofdb_processed/fake/mmstts/mmstts_0376.wav,fake,mmstts,neural_tts,train
mmstts_0377,vispoofdb_processed/fake/mmstts/mmstts_0377.wav,fake,mmstts,neural_tts,train
mmstts_0378,vispoofdb_processed/fake/mmstts/mmstts_0378.wav,fake,mmstts,neural_tts,test_seen
mmstts_0379,vispoofdb_processed/fake/mmstts/mmstts_0379.wav,fake,mmstts,neural_tts,train
mmstts_0380,vispoofdb_processed/fake/mmstts/mmstts_0380.wav,fake,mmstts,neural_tts,train
mmstts_0381,vispoofdb_processed/fake/mmstts/mmstts_0381.wav,fake,mmstts,neural_tts,train
mmstts_0382,vispoofdb_processed/fake/mmstts/mmstts_0382.wav,fake,mmstts,neural_tts,train
mmstts_0383,vispoofdb_processed/fake/mmstts/mmstts_0383.wav,fake,mmstts,neural_tts,train
mmstts_0384,vispoofdb_processed/fake/mmstts/mmstts_0384.wav,fake,mmstts,neural_tts,train
mmstts_0385,vispoofdb_processed/fake/mmstts/mmstts_0385.wav,fake,mmstts,neural_tts,test_seen
mmstts_0386,vispoofdb_processed/fake/mmstts/mmstts_0386.wav,fake,mmstts,neural_tts,train
mmstts_0387,vispoofdb_processed/fake/mmstts/mmstts_0387.wav,fake,mmstts,neural_tts,test_seen
mmstts_0388,vispoofdb_processed/fake/mmstts/mmstts_0388.wav,fake,mmstts,neural_tts,train
mmstts_0389,vispoofdb_processed/fake/mmstts/mmstts_0389.wav,fake,mmstts,neural_tts,train
mmstts_0390,vispoofdb_processed/fake/mmstts/mmstts_0390.wav,fake,mmstts,neural_tts,train
mmstts_0391,vispoofdb_processed/fake/mmstts/mmstts_0391.wav,fake,mmstts,neural_tts,test_seen
mmstts_0392,vispoofdb_processed/fake/mmstts/mmstts_0392.wav,fake,mmstts,neural_tts,train
mmstts_0393,vispoofdb_processed/fake/mmstts/mmstts_0393.wav,fake,mmstts,neural_tts,train
mmstts_0394,vispoofdb_processed/fake/mmstts/mmstts_0394.wav,fake,mmstts,neural_tts,train
mmstts_0395,vispoofdb_processed/fake/mmstts/mmstts_0395.wav,fake,mmstts,neural_tts,test_seen
mmstts_0396,vispoofdb_processed/fake/mmstts/mmstts_0396.wav,fake,mmstts,neural_tts,train
mmstts_0397,vispoofdb_processed/fake/mmstts/mmstts_0397.wav,fake,mmstts,neural_tts,test_seen
mmstts_0398,vispoofdb_processed/fake/mmstts/mmstts_0398.wav,fake,mmstts,neural_tts,train
mmstts_0399,vispoofdb_processed/fake/mmstts/mmstts_0399.wav,fake,mmstts,neural_tts,train
mmstts_0400,vispoofdb_processed/fake/mmstts/mmstts_0400.wav,fake,mmstts,neural_tts,train
mmstts_0401,vispoofdb_processed/fake/mmstts/mmstts_0401.wav,fake,mmstts,neural_tts,train
mmstts_0402,vispoofdb_processed/fake/mmstts/mmstts_0402.wav,fake,mmstts,neural_tts,train
mmstts_0403,vispoofdb_processed/fake/mmstts/mmstts_0403.wav,fake,mmstts,neural_tts,train
mmstts_0404,vispoofdb_processed/fake/mmstts/mmstts_0404.wav,fake,mmstts,neural_tts,test_seen
mmstts_0405,vispoofdb_processed/fake/mmstts/mmstts_0405.wav,fake,mmstts,neural_tts,train
mmstts_0406,vispoofdb_processed/fake/mmstts/mmstts_0406.wav,fake,mmstts,neural_tts,train
mmstts_0407,vispoofdb_processed/fake/mmstts/mmstts_0407.wav,fake,mmstts,neural_tts,train
mmstts_0408,vispoofdb_processed/fake/mmstts/mmstts_0408.wav,fake,mmstts,neural_tts,train
mmstts_0409,vispoofdb_processed/fake/mmstts/mmstts_0409.wav,fake,mmstts,neural_tts,train
mmstts_0410,vispoofdb_processed/fake/mmstts/mmstts_0410.wav,fake,mmstts,neural_tts,train
mmstts_0411,vispoofdb_processed/fake/mmstts/mmstts_0411.wav,fake,mmstts,neural_tts,test_seen
mmstts_0412,vispoofdb_processed/fake/mmstts/mmstts_0412.wav,fake,mmstts,neural_tts,train
mmstts_0413,vispoofdb_processed/fake/mmstts/mmstts_0413.wav,fake,mmstts,neural_tts,train
mmstts_0414,vispoofdb_processed/fake/mmstts/mmstts_0414.wav,fake,mmstts,neural_tts,train
mmstts_0415,vispoofdb_processed/fake/mmstts/mmstts_0415.wav,fake,mmstts,neural_tts,train
mmstts_0416,vispoofdb_processed/fake/mmstts/mmstts_0416.wav,fake,mmstts,neural_tts,train
mmstts_0417,vispoofdb_processed/fake/mmstts/mmstts_0417.wav,fake,mmstts,neural_tts,train
mmstts_0418,vispoofdb_processed/fake/mmstts/mmstts_0418.wav,fake,mmstts,neural_tts,test_seen
mmstts_0419,vispoofdb_processed/fake/mmstts/mmstts_0419.wav,fake,mmstts,neural_tts,train
mmstts_0420,vispoofdb_processed/fake/mmstts/mmstts_0420.wav,fake,mmstts,neural_tts,train
mmstts_0421,vispoofdb_processed/fake/mmstts/mmstts_0421.wav,fake,mmstts,neural_tts,train
mmstts_0422,vispoofdb_processed/fake/mmstts/mmstts_0422.wav,fake,mmstts,neural_tts,test_seen
mmstts_0423,vispoofdb_processed/fake/mmstts/mmstts_0423.wav,fake,mmstts,neural_tts,train
mmstts_0424,vispoofdb_processed/fake/mmstts/mmstts_0424.wav,fake,mmstts,neural_tts,train
mmstts_0425,vispoofdb_processed/fake/mmstts/mmstts_0425.wav,fake,mmstts,neural_tts,test_seen
mmstts_0426,vispoofdb_processed/fake/mmstts/mmstts_0426.wav,fake,mmstts,neural_tts,train
mmstts_0427,vispoofdb_processed/fake/mmstts/mmstts_0427.wav,fake,mmstts,neural_tts,train
mmstts_0428,vispoofdb_processed/fake/mmstts/mmstts_0428.wav,fake,mmstts,neural_tts,train
mmstts_0429,vispoofdb_processed/fake/mmstts/mmstts_0429.wav,fake,mmstts,neural_tts,train
mmstts_0430,vispoofdb_processed/fake/mmstts/mmstts_0430.wav,fake,mmstts,neural_tts,train
mmstts_0431,vispoofdb_processed/fake/mmstts/mmstts_0431.wav,fake,mmstts,neural_tts,test_seen
mmstts_0432,vispoofdb_processed/fake/mmstts/mmstts_0432.wav,fake,mmstts,neural_tts,train
mmstts_0433,vispoofdb_processed/fake/mmstts/mmstts_0433.wav,fake,mmstts,neural_tts,test_seen
mmstts_0434,vispoofdb_processed/fake/mmstts/mmstts_0434.wav,fake,mmstts,neural_tts,train
mmstts_0435,vispoofdb_processed/fake/mmstts/mmstts_0435.wav,fake,mmstts,neural_tts,train
mmstts_0436,vispoofdb_processed/fake/mmstts/mmstts_0436.wav,fake,mmstts,neural_tts,train
mmstts_0437,vispoofdb_processed/fake/mmstts/mmstts_0437.wav,fake,mmstts,neural_tts,test_seen
mmstts_0438,vispoofdb_processed/fake/mmstts/mmstts_0438.wav,fake,mmstts,neural_tts,train
mmstts_0439,vispoofdb_processed/fake/mmstts/mmstts_0439.wav,fake,mmstts,neural_tts,train
mmstts_0440,vispoofdb_processed/fake/mmstts/mmstts_0440.wav,fake,mmstts,neural_tts,train
mmstts_0441,vispoofdb_processed/fake/mmstts/mmstts_0441.wav,fake,mmstts,neural_tts,train
mmstts_0442,vispoofdb_processed/fake/mmstts/mmstts_0442.wav,fake,mmstts,neural_tts,train
mmstts_0443,vispoofdb_processed/fake/mmstts/mmstts_0443.wav,fake,mmstts,neural_tts,train
mmstts_0444,vispoofdb_processed/fake/mmstts/mmstts_0444.wav,fake,mmstts,neural_tts,train
mmstts_0445,vispoofdb_processed/fake/mmstts/mmstts_0445.wav,fake,mmstts,neural_tts,train
mmstts_0446,vispoofdb_processed/fake/mmstts/mmstts_0446.wav,fake,mmstts,neural_tts,test_seen
mmstts_0447,vispoofdb_processed/fake/mmstts/mmstts_0447.wav,fake,mmstts,neural_tts,train
mmstts_0448,vispoofdb_processed/fake/mmstts/mmstts_0448.wav,fake,mmstts,neural_tts,train
mmstts_0449,vispoofdb_processed/fake/mmstts/mmstts_0449.wav,fake,mmstts,neural_tts,test_seen
mmstts_0450,vispoofdb_processed/fake/mmstts/mmstts_0450.wav,fake,mmstts,neural_tts,train
mmstts_0451,vispoofdb_processed/fake/mmstts/mmstts_0451.wav,fake,mmstts,neural_tts,train
mmstts_0452,vispoofdb_processed/fake/mmstts/mmstts_0452.wav,fake,mmstts,neural_tts,train
mmstts_0453,vispoofdb_processed/fake/mmstts/mmstts_0453.wav,fake,mmstts,neural_tts,train
mmstts_0454,vispoofdb_processed/fake/mmstts/mmstts_0454.wav,fake,mmstts,neural_tts,train
mmstts_0455,vispoofdb_processed/fake/mmstts/mmstts_0455.wav,fake,mmstts,neural_tts,train
mmstts_0456,vispoofdb_processed/fake/mmstts/mmstts_0456.wav,fake,mmstts,neural_tts,train
mmstts_0457,vispoofdb_processed/fake/mmstts/mmstts_0457.wav,fake,mmstts,neural_tts,train
mmstts_0458,vispoofdb_processed/fake/mmstts/mmstts_0458.wav,fake,mmstts,neural_tts,train
mmstts_0459,vispoofdb_processed/fake/mmstts/mmstts_0459.wav,fake,mmstts,neural_tts,train
mmstts_0460,vispoofdb_processed/fake/mmstts/mmstts_0460.wav,fake,mmstts,neural_tts,train
mmstts_0461,vispoofdb_processed/fake/mmstts/mmstts_0461.wav,fake,mmstts,neural_tts,test_seen
mmstts_0462,vispoofdb_processed/fake/mmstts/mmstts_0462.wav,fake,mmstts,neural_tts,train
mmstts_0463,vispoofdb_processed/fake/mmstts/mmstts_0463.wav,fake,mmstts,neural_tts,train
mmstts_0464,vispoofdb_processed/fake/mmstts/mmstts_0464.wav,fake,mmstts,neural_tts,train
mmstts_0465,vispoofdb_processed/fake/mmstts/mmstts_0465.wav,fake,mmstts,neural_tts,test_seen
mmstts_0466,vispoofdb_processed/fake/mmstts/mmstts_0466.wav,fake,mmstts,neural_tts,train
mmstts_0467,vispoofdb_processed/fake/mmstts/mmstts_0467.wav,fake,mmstts,neural_tts,train
mmstts_0468,vispoofdb_processed/fake/mmstts/mmstts_0468.wav,fake,mmstts,neural_tts,test_seen
mmstts_0469,vispoofdb_processed/fake/mmstts/mmstts_0469.wav,fake,mmstts,neural_tts,train
mmstts_0470,vispoofdb_processed/fake/mmstts/mmstts_0470.wav,fake,mmstts,neural_tts,train
mmstts_0471,vispoofdb_processed/fake/mmstts/mmstts_0471.wav,fake,mmstts,neural_tts,test_seen
mmstts_0472,vispoofdb_processed/fake/mmstts/mmstts_0472.wav,fake,mmstts,neural_tts,train
mmstts_0473,vispoofdb_processed/fake/mmstts/mmstts_0473.wav,fake,mmstts,neural_tts,train
mmstts_0474,vispoofdb_processed/fake/mmstts/mmstts_0474.wav,fake,mmstts,neural_tts,test_seen
mmstts_0475,vispoofdb_processed/fake/mmstts/mmstts_0475.wav,fake,mmstts,neural_tts,train
mmstts_0476,vispoofdb_processed/fake/mmstts/mmstts_0476.wav,fake,mmstts,neural_tts,train
mmstts_0477,vispoofdb_processed/fake/mmstts/mmstts_0477.wav,fake,mmstts,neural_tts,train
mmstts_0478,vispoofdb_processed/fake/mmstts/mmstts_0478.wav,fake,mmstts,neural_tts,train
mmstts_0479,vispoofdb_processed/fake/mmstts/mmstts_0479.wav,fake,mmstts,neural_tts,train
mmstts_0480,vispoofdb_processed/fake/mmstts/mmstts_0480.wav,fake,mmstts,neural_tts,train
mmstts_0481,vispoofdb_processed/fake/mmstts/mmstts_0481.wav,fake,mmstts,neural_tts,train
mmstts_0482,vispoofdb_processed/fake/mmstts/mmstts_0482.wav,fake,mmstts,neural_tts,train
mmstts_0483,vispoofdb_processed/fake/mmstts/mmstts_0483.wav,fake,mmstts,neural_tts,test_seen
mmstts_0484,vispoofdb_processed/fake/mmstts/mmstts_0484.wav,fake,mmstts,neural_tts,train
mmstts_0485,vispoofdb_processed/fake/mmstts/mmstts_0485.wav,fake,mmstts,neural_tts,train
mmstts_0486,vispoofdb_processed/fake/mmstts/mmstts_0486.wav,fake,mmstts,neural_tts,train
mmstts_0487,vispoofdb_processed/fake/mmstts/mmstts_0487.wav,fake,mmstts,neural_tts,train
mmstts_0488,vispoofdb_processed/fake/mmstts/mmstts_0488.wav,fake,mmstts,neural_tts,train
mmstts_0489,vispoofdb_processed/fake/mmstts/mmstts_0489.wav,fake,mmstts,neural_tts,train
mmstts_0490,vispoofdb_processed/fake/mmstts/mmstts_0490.wav,fake,mmstts,neural_tts,train
mmstts_0491,vispoofdb_processed/fake/mmstts/mmstts_0491.wav,fake,mmstts,neural_tts,train
mmstts_0492,vispoofdb_processed/fake/mmstts/mmstts_0492.wav,fake,mmstts,neural_tts,train
mmstts_0493,vispoofdb_processed/fake/mmstts/mmstts_0493.wav,fake,mmstts,neural_tts,train
mmstts_0494,vispoofdb_processed/fake/mmstts/mmstts_0494.wav,fake,mmstts,neural_tts,test_seen
mmstts_0495,vispoofdb_processed/fake/mmstts/mmstts_0495.wav,fake,mmstts,neural_tts,train
mmstts_0496,vispoofdb_processed/fake/mmstts/mmstts_0496.wav,fake,mmstts,neural_tts,train
mmstts_0497,vispoofdb_processed/fake/mmstts/mmstts_0497.wav,fake,mmstts,neural_tts,train
mmstts_0498,vispoofdb_processed/fake/mmstts/mmstts_0498.wav,fake,mmstts,neural_tts,train
mmstts_0499,vispoofdb_processed/fake/mmstts/mmstts_0499.wav,fake,mmstts,neural_tts,train
mmstts_0500,vispoofdb_processed/fake/mmstts/mmstts_0500.wav,fake,mmstts,neural_tts,train
mmstts_0501,vispoofdb_processed/fake/mmstts/mmstts_0501.wav,fake,mmstts,neural_tts,test_seen
mmstts_0502,vispoofdb_processed/fake/mmstts/mmstts_0502.wav,fake,mmstts,neural_tts,train
mmstts_0503,vispoofdb_processed/fake/mmstts/mmstts_0503.wav,fake,mmstts,neural_tts,train
mmstts_0504,vispoofdb_processed/fake/mmstts/mmstts_0504.wav,fake,mmstts,neural_tts,train
mmstts_0505,vispoofdb_processed/fake/mmstts/mmstts_0505.wav,fake,mmstts,neural_tts,train
mmstts_0506,vispoofdb_processed/fake/mmstts/mmstts_0506.wav,fake,mmstts,neural_tts,train
mmstts_0507,vispoofdb_processed/fake/mmstts/mmstts_0507.wav,fake,mmstts,neural_tts,train
mmstts_0508,vispoofdb_processed/fake/mmstts/mmstts_0508.wav,fake,mmstts,neural_tts,train
mmstts_0509,vispoofdb_processed/fake/mmstts/mmstts_0509.wav,fake,mmstts,neural_tts,train
mmstts_0510,vispoofdb_processed/fake/mmstts/mmstts_0510.wav,fake,mmstts,neural_tts,test_seen
mmstts_0511,vispoofdb_processed/fake/mmstts/mmstts_0511.wav,fake,mmstts,neural_tts,test_seen
mmstts_0512,vispoofdb_processed/fake/mmstts/mmstts_0512.wav,fake,mmstts,neural_tts,train
mmstts_0513,vispoofdb_processed/fake/mmstts/mmstts_0513.wav,fake,mmstts,neural_tts,train
mmstts_0514,vispoofdb_processed/fake/mmstts/mmstts_0514.wav,fake,mmstts,neural_tts,train
mmstts_0515,vispoofdb_processed/fake/mmstts/mmstts_0515.wav,fake,mmstts,neural_tts,train
mmstts_0516,vispoofdb_processed/fake/mmstts/mmstts_0516.wav,fake,mmstts,neural_tts,train
mmstts_0517,vispoofdb_processed/fake/mmstts/mmstts_0517.wav,fake,mmstts,neural_tts,train
mmstts_0518,vispoofdb_processed/fake/mmstts/mmstts_0518.wav,fake,mmstts,neural_tts,train
mmstts_0519,vispoofdb_processed/fake/mmstts/mmstts_0519.wav,fake,mmstts,neural_tts,test_seen
mmstts_0520,vispoofdb_processed/fake/mmstts/mmstts_0520.wav,fake,mmstts,neural_tts,train
mmstts_0521,vispoofdb_processed/fake/mmstts/mmstts_0521.wav,fake,mmstts,neural_tts,test_seen
mmstts_0522,vispoofdb_processed/fake/mmstts/mmstts_0522.wav,fake,mmstts,neural_tts,train
mmstts_0523,vispoofdb_processed/fake/mmstts/mmstts_0523.wav,fake,mmstts,neural_tts,train
mmstts_0524,vispoofdb_processed/fake/mmstts/mmstts_0524.wav,fake,mmstts,neural_tts,test_seen
mmstts_0525,vispoofdb_processed/fake/mmstts/mmstts_0525.wav,fake,mmstts,neural_tts,train
mmstts_0526,vispoofdb_processed/fake/mmstts/mmstts_0526.wav,fake,mmstts,neural_tts,train
mmstts_0527,vispoofdb_processed/fake/mmstts/mmstts_0527.wav,fake,mmstts,neural_tts,test_seen
mmstts_0528,vispoofdb_processed/fake/mmstts/mmstts_0528.wav,fake,mmstts,neural_tts,train
mmstts_0529,vispoofdb_processed/fake/mmstts/mmstts_0529.wav,fake,mmstts,neural_tts,train
mmstts_0530,vispoofdb_processed/fake/mmstts/mmstts_0530.wav,fake,mmstts,neural_tts,train
mmstts_0531,vispoofdb_processed/fake/mmstts/mmstts_0531.wav,fake,mmstts,neural_tts,train
mmstts_0532,vispoofdb_processed/fake/mmstts/mmstts_0532.wav,fake,mmstts,neural_tts,train
mmstts_0533,vispoofdb_processed/fake/mmstts/mmstts_0533.wav,fake,mmstts,neural_tts,train
mmstts_0534,vispoofdb_processed/fake/mmstts/mmstts_0534.wav,fake,mmstts,neural_tts,train
mmstts_0535,vispoofdb_processed/fake/mmstts/mmstts_0535.wav,fake,mmstts,neural_tts,test_seen
mmstts_0536,vispoofdb_processed/fake/mmstts/mmstts_0536.wav,fake,mmstts,neural_tts,test_seen
mmstts_0537,vispoofdb_processed/fake/mmstts/mmstts_0537.wav,fake,mmstts,neural_tts,train
mmstts_0538,vispoofdb_processed/fake/mmstts/mmstts_0538.wav,fake,mmstts,neural_tts,test_seen
mmstts_0539,vispoofdb_processed/fake/mmstts/mmstts_0539.wav,fake,mmstts,neural_tts,train
mmstts_0540,vispoofdb_processed/fake/mmstts/mmstts_0540.wav,fake,mmstts,neural_tts,test_seen
mmstts_0541,vispoofdb_processed/fake/mmstts/mmstts_0541.wav,fake,mmstts,neural_tts,train
mmstts_0542,vispoofdb_processed/fake/mmstts/mmstts_0542.wav,fake,mmstts,neural_tts,test_seen
mmstts_0543,vispoofdb_processed/fake/mmstts/mmstts_0543.wav,fake,mmstts,neural_tts,train
mmstts_0544,vispoofdb_processed/fake/mmstts/mmstts_0544.wav,fake,mmstts,neural_tts,train
mmstts_0545,vispoofdb_processed/fake/mmstts/mmstts_0545.wav,fake,mmstts,neural_tts,train
mmstts_0546,vispoofdb_processed/fake/mmstts/mmstts_0546.wav,fake,mmstts,neural_tts,test_seen
mmstts_0547,vispoofdb_processed/fake/mmstts/mmstts_0547.wav,fake,mmstts,neural_tts,test_seen
mmstts_0548,vispoofdb_processed/fake/mmstts/mmstts_0548.wav,fake,mmstts,neural_tts,train
mmstts_0549,vispoofdb_processed/fake/mmstts/mmstts_0549.wav,fake,mmstts,neural_tts,train
mmstts_0550,vispoofdb_processed/fake/mmstts/mmstts_0550.wav,fake,mmstts,neural_tts,test_seen
mmstts_0551,vispoofdb_processed/fake/mmstts/mmstts_0551.wav,fake,mmstts,neural_tts,train
mmstts_0552,vispoofdb_processed/fake/mmstts/mmstts_0552.wav,fake,mmstts,neural_tts,train
mmstts_0553,vispoofdb_processed/fake/mmstts/mmstts_0553.wav,fake,mmstts,neural_tts,train
mmstts_0554,vispoofdb_processed/fake/mmstts/mmstts_0554.wav,fake,mmstts,neural_tts,test_seen
mmstts_0555,vispoofdb_processed/fake/mmstts/mmstts_0555.wav,fake,mmstts,neural_tts,train
mmstts_0556,vispoofdb_processed/fake/mmstts/mmstts_0556.wav,fake,mmstts,neural_tts,train
mmstts_0557,vispoofdb_processed/fake/mmstts/mmstts_0557.wav,fake,mmstts,neural_tts,train
mmstts_0558,vispoofdb_processed/fake/mmstts/mmstts_0558.wav,fake,mmstts,neural_tts,train
mmstts_0559,vispoofdb_processed/fake/mmstts/mmstts_0559.wav,fake,mmstts,neural_tts,train
mmstts_0560,vispoofdb_processed/fake/mmstts/mmstts_0560.wav,fake,mmstts,neural_tts,test_seen
mmstts_0561,vispoofdb_processed/fake/mmstts/mmstts_0561.wav,fake,mmstts,neural_tts,train
mmstts_0562,vispoofdb_processed/fake/mmstts/mmstts_0562.wav,fake,mmstts,neural_tts,test_seen
mmstts_0563,vispoofdb_processed/fake/mmstts/mmstts_0563.wav,fake,mmstts,neural_tts,train
mmstts_0564,vispoofdb_processed/fake/mmstts/mmstts_0564.wav,fake,mmstts,neural_tts,train
mmstts_0565,vispoofdb_processed/fake/mmstts/mmstts_0565.wav,fake,mmstts,neural_tts,train
mmstts_0566,vispoofdb_processed/fake/mmstts/mmstts_0566.wav,fake,mmstts,neural_tts,train
mmstts_0567,vispoofdb_processed/fake/mmstts/mmstts_0567.wav,fake,mmstts,neural_tts,train
mmstts_0568,vispoofdb_processed/fake/mmstts/mmstts_0568.wav,fake,mmstts,neural_tts,test_seen
mmstts_0569,vispoofdb_processed/fake/mmstts/mmstts_0569.wav,fake,mmstts,neural_tts,train
mmstts_0570,vispoofdb_processed/fake/mmstts/mmstts_0570.wav,fake,mmstts,neural_tts,train
mmstts_0571,vispoofdb_processed/fake/mmstts/mmstts_0571.wav,fake,mmstts,neural_tts,train
mmstts_0572,vispoofdb_processed/fake/mmstts/mmstts_0572.wav,fake,mmstts,neural_tts,train
mmstts_0573,vispoofdb_processed/fake/mmstts/mmstts_0573.wav,fake,mmstts,neural_tts,train
mmstts_0574,vispoofdb_processed/fake/mmstts/mmstts_0574.wav,fake,mmstts,neural_tts,test_seen
mmstts_0575,vispoofdb_processed/fake/mmstts/mmstts_0575.wav,fake,mmstts,neural_tts,test_seen
mmstts_0576,vispoofdb_processed/fake/mmstts/mmstts_0576.wav,fake,mmstts,neural_tts,train
mmstts_0577,vispoofdb_processed/fake/mmstts/mmstts_0577.wav,fake,mmstts,neural_tts,train
mmstts_0578,vispoofdb_processed/fake/mmstts/mmstts_0578.wav,fake,mmstts,neural_tts,train
mmstts_0579,vispoofdb_processed/fake/mmstts/mmstts_0579.wav,fake,mmstts,neural_tts,test_seen
mmstts_0580,vispoofdb_processed/fake/mmstts/mmstts_0580.wav,fake,mmstts,neural_tts,train
mmstts_0581,vispoofdb_processed/fake/mmstts/mmstts_0581.wav,fake,mmstts,neural_tts,test_seen
mmstts_0582,vispoofdb_processed/fake/mmstts/mmstts_0582.wav,fake,mmstts,neural_tts,test_seen
mmstts_0583,vispoofdb_processed/fake/mmstts/mmstts_0583.wav,fake,mmstts,neural_tts,train
mmstts_0584,vispoofdb_processed/fake/mmstts/mmstts_0584.wav,fake,mmstts,neural_tts,train
mmstts_0585,vispoofdb_processed/fake/mmstts/mmstts_0585.wav,fake,mmstts,neural_tts,train
mmstts_0586,vispoofdb_processed/fake/mmstts/mmstts_0586.wav,fake,mmstts,neural_tts,train
mmstts_0587,vispoofdb_processed/fake/mmstts/mmstts_0587.wav,fake,mmstts,neural_tts,train
mmstts_0588,vispoofdb_processed/fake/mmstts/mmstts_0588.wav,fake,mmstts,neural_tts,train
mmstts_0589,vispoofdb_processed/fake/mmstts/mmstts_0589.wav,fake,mmstts,neural_tts,test_seen
mmstts_0590,vispoofdb_processed/fake/mmstts/mmstts_0590.wav,fake,mmstts,neural_tts,test_seen
mmstts_0591,vispoofdb_processed/fake/mmstts/mmstts_0591.wav,fake,mmstts,neural_tts,train
mmstts_0592,vispoofdb_processed/fake/mmstts/mmstts_0592.wav,fake,mmstts,neural_tts,test_seen
mmstts_0593,vispoofdb_processed/fake/mmstts/mmstts_0593.wav,fake,mmstts,neural_tts,train
mmstts_0594,vispoofdb_processed/fake/mmstts/mmstts_0594.wav,fake,mmstts,neural_tts,train
mmstts_0595,vispoofdb_processed/fake/mmstts/mmstts_0595.wav,fake,mmstts,neural_tts,test_seen
mmstts_0596,vispoofdb_processed/fake/mmstts/mmstts_0596.wav,fake,mmstts,neural_tts,train
mmstts_0597,vispoofdb_processed/fake/mmstts/mmstts_0597.wav,fake,mmstts,neural_tts,train
mmstts_0598,vispoofdb_processed/fake/mmstts/mmstts_0598.wav,fake,mmstts,neural_tts,train
mmstts_0599,vispoofdb_processed/fake/mmstts/mmstts_0599.wav,fake,mmstts,neural_tts,train
mmstts_0600,vispoofdb_processed/fake/mmstts/mmstts_0600.wav,fake,mmstts,neural_tts,train
mmstts_0601,vispoofdb_processed/fake/mmstts/mmstts_0601.wav,fake,mmstts,neural_tts,train
mmstts_0602,vispoofdb_processed/fake/mmstts/mmstts_0602.wav,fake,mmstts,neural_tts,train
mmstts_0603,vispoofdb_processed/fake/mmstts/mmstts_0603.wav,fake,mmstts,neural_tts,test_seen
mmstts_0604,vispoofdb_processed/fake/mmstts/mmstts_0604.wav,fake,mmstts,neural_tts,train
mmstts_0605,vispoofdb_processed/fake/mmstts/mmstts_0605.wav,fake,mmstts,neural_tts,train
mmstts_0606,vispoofdb_processed/fake/mmstts/mmstts_0606.wav,fake,mmstts,neural_tts,test_seen
mmstts_0607,vispoofdb_processed/fake/mmstts/mmstts_0607.wav,fake,mmstts,neural_tts,train
mmstts_0608,vispoofdb_processed/fake/mmstts/mmstts_0608.wav,fake,mmstts,neural_tts,train
mmstts_0609,vispoofdb_processed/fake/mmstts/mmstts_0609.wav,fake,mmstts,neural_tts,train
mmstts_0610,vispoofdb_processed/fake/mmstts/mmstts_0610.wav,fake,mmstts,neural_tts,test_seen
mmstts_0611,vispoofdb_processed/fake/mmstts/mmstts_0611.wav,fake,mmstts,neural_tts,train
mmstts_0612,vispoofdb_processed/fake/mmstts/mmstts_0612.wav,fake,mmstts,neural_tts,test_seen
mmstts_0613,vispoofdb_processed/fake/mmstts/mmstts_0613.wav,fake,mmstts,neural_tts,train
mmstts_0614,vispoofdb_processed/fake/mmstts/mmstts_0614.wav,fake,mmstts,neural_tts,train
mmstts_0615,vispoofdb_processed/fake/mmstts/mmstts_0615.wav,fake,mmstts,neural_tts,train
mmstts_0616,vispoofdb_processed/fake/mmstts/mmstts_0616.wav,fake,mmstts,neural_tts,test_seen
mmstts_0617,vispoofdb_processed/fake/mmstts/mmstts_0617.wav,fake,mmstts,neural_tts,train
mmstts_0618,vispoofdb_processed/fake/mmstts/mmstts_0618.wav,fake,mmstts,neural_tts,train
mmstts_0619,vispoofdb_processed/fake/mmstts/mmstts_0619.wav,fake,mmstts,neural_tts,train
mmstts_0620,vispoofdb_processed/fake/mmstts/mmstts_0620.wav,fake,mmstts,neural_tts,train
mmstts_0621,vispoofdb_processed/fake/mmstts/mmstts_0621.wav,fake,mmstts,neural_tts,train
mmstts_0622,vispoofdb_processed/fake/mmstts/mmstts_0622.wav,fake,mmstts,neural_tts,test_seen
mmstts_0623,vispoofdb_processed/fake/mmstts/mmstts_0623.wav,fake,mmstts,neural_tts,train
mmstts_0624,vispoofdb_processed/fake/mmstts/mmstts_0624.wav,fake,mmstts,neural_tts,train
mmstts_0625,vispoofdb_processed/fake/mmstts/mmstts_0625.wav,fake,mmstts,neural_tts,train
mmstts_0626,vispoofdb_processed/fake/mmstts/mmstts_0626.wav,fake,mmstts,neural_tts,train
mmstts_0627,vispoofdb_processed/fake/mmstts/mmstts_0627.wav,fake,mmstts,neural_tts,train
mmstts_0628,vispoofdb_processed/fake/mmstts/mmstts_0628.wav,fake,mmstts,neural_tts,train
mmstts_0629,vispoofdb_processed/fake/mmstts/mmstts_0629.wav,fake,mmstts,neural_tts,test_seen
mmstts_0630,vispoofdb_processed/fake/mmstts/mmstts_0630.wav,fake,mmstts,neural_tts,train
mmstts_0631,vispoofdb_processed/fake/mmstts/mmstts_0631.wav,fake,mmstts,neural_tts,test_seen
mmstts_0632,vispoofdb_processed/fake/mmstts/mmstts_0632.wav,fake,mmstts,neural_tts,train
mmstts_0633,vispoofdb_processed/fake/mmstts/mmstts_0633.wav,fake,mmstts,neural_tts,train
mmstts_0634,vispoofdb_processed/fake/mmstts/mmstts_0634.wav,fake,mmstts,neural_tts,train
mmstts_0635,vispoofdb_processed/fake/mmstts/mmstts_0635.wav,fake,mmstts,neural_tts,train
mmstts_0636,vispoofdb_processed/fake/mmstts/mmstts_0636.wav,fake,mmstts,neural_tts,train
mmstts_0637,vispoofdb_processed/fake/mmstts/mmstts_0637.wav,fake,mmstts,neural_tts,train
mmstts_0638,vispoofdb_processed/fake/mmstts/mmstts_0638.wav,fake,mmstts,neural_tts,test_seen
mmstts_0639,vispoofdb_processed/fake/mmstts/mmstts_0639.wav,fake,mmstts,neural_tts,train
mmstts_0640,vispoofdb_processed/fake/mmstts/mmstts_0640.wav,fake,mmstts,neural_tts,train
mmstts_0641,vispoofdb_processed/fake/mmstts/mmstts_0641.wav,fake,mmstts,neural_tts,train
mmstts_0642,vispoofdb_processed/fake/mmstts/mmstts_0642.wav,fake,mmstts,neural_tts,train
mmstts_0643,vispoofdb_processed/fake/mmstts/mmstts_0643.wav,fake,mmstts,neural_tts,train
mmstts_0644,vispoofdb_processed/fake/mmstts/mmstts_0644.wav,fake,mmstts,neural_tts,train
mmstts_0645,vispoofdb_processed/fake/mmstts/mmstts_0645.wav,fake,mmstts,neural_tts,train
mmstts_0646,vispoofdb_processed/fake/mmstts/mmstts_0646.wav,fake,mmstts,neural_tts,test_seen
mmstts_0647,vispoofdb_processed/fake/mmstts/mmstts_0647.wav,fake,mmstts,neural_tts,test_seen
mmstts_0648,vispoofdb_processed/fake/mmstts/mmstts_0648.wav,fake,mmstts,neural_tts,train
mmstts_0649,vispoofdb_processed/fake/mmstts/mmstts_0649.wav,fake,mmstts,neural_tts,train
mmstts_0650,vispoofdb_processed/fake/mmstts/mmstts_0650.wav,fake,mmstts,neural_tts,train
mmstts_0651,vispoofdb_processed/fake/mmstts/mmstts_0651.wav,fake,mmstts,neural_tts,train
mmstts_0652,vispoofdb_processed/fake/mmstts/mmstts_0652.wav,fake,mmstts,neural_tts,train
mmstts_0653,vispoofdb_processed/fake/mmstts/mmstts_0653.wav,fake,mmstts,neural_tts,test_seen
mmstts_0654,vispoofdb_processed/fake/mmstts/mmstts_0654.wav,fake,mmstts,neural_tts,train
mmstts_0655,vispoofdb_processed/fake/mmstts/mmstts_0655.wav,fake,mmstts,neural_tts,train
mmstts_0656,vispoofdb_processed/fake/mmstts/mmstts_0656.wav,fake,mmstts,neural_tts,train
mmstts_0657,vispoofdb_processed/fake/mmstts/mmstts_0657.wav,fake,mmstts,neural_tts,train
mmstts_0658,vispoofdb_processed/fake/mmstts/mmstts_0658.wav,fake,mmstts,neural_tts,train
mmstts_0659,vispoofdb_processed/fake/mmstts/mmstts_0659.wav,fake,mmstts,neural_tts,train
mmstts_0660,vispoofdb_processed/fake/mmstts/mmstts_0660.wav,fake,mmstts,neural_tts,train
mmstts_0661,vispoofdb_processed/fake/mmstts/mmstts_0661.wav,fake,mmstts,neural_tts,train
mmstts_0662,vispoofdb_processed/fake/mmstts/mmstts_0662.wav,fake,mmstts,neural_tts,train
mmstts_0663,vispoofdb_processed/fake/mmstts/mmstts_0663.wav,fake,mmstts,neural_tts,train
mmstts_0664,vispoofdb_processed/fake/mmstts/mmstts_0664.wav,fake,mmstts,neural_tts,train
mmstts_0665,vispoofdb_processed/fake/mmstts/mmstts_0665.wav,fake,mmstts,neural_tts,test_seen
mmstts_0666,vispoofdb_processed/fake/mmstts/mmstts_0666.wav,fake,mmstts,neural_tts,train
mmstts_0667,vispoofdb_processed/fake/mmstts/mmstts_0667.wav,fake,mmstts,neural_tts,train
mmstts_0668,vispoofdb_processed/fake/mmstts/mmstts_0668.wav,fake,mmstts,neural_tts,train
mmstts_0669,vispoofdb_processed/fake/mmstts/mmstts_0669.wav,fake,mmstts,neural_tts,train
mmstts_0670,vispoofdb_processed/fake/mmstts/mmstts_0670.wav,fake,mmstts,neural_tts,train
mmstts_0671,vispoofdb_processed/fake/mmstts/mmstts_0671.wav,fake,mmstts,neural_tts,train
mmstts_0672,vispoofdb_processed/fake/mmstts/mmstts_0672.wav,fake,mmstts,neural_tts,test_seen
mmstts_0673,vispoofdb_processed/fake/mmstts/mmstts_0673.wav,fake,mmstts,neural_tts,train
mmstts_0674,vispoofdb_processed/fake/mmstts/mmstts_0674.wav,fake,mmstts,neural_tts,train
mmstts_0675,vispoofdb_processed/fake/mmstts/mmstts_0675.wav,fake,mmstts,neural_tts,train
mmstts_0676,vispoofdb_processed/fake/mmstts/mmstts_0676.wav,fake,mmstts,neural_tts,train
mmstts_0677,vispoofdb_processed/fake/mmstts/mmstts_0677.wav,fake,mmstts,neural_tts,train
mmstts_0678,vispoofdb_processed/fake/mmstts/mmstts_0678.wav,fake,mmstts,neural_tts,train
mmstts_0679,vispoofdb_processed/fake/mmstts/mmstts_0679.wav,fake,mmstts,neural_tts,train
mmstts_0680,vispoofdb_processed/fake/mmstts/mmstts_0680.wav,fake,mmstts,neural_tts,test_seen
mmstts_0681,vispoofdb_processed/fake/mmstts/mmstts_0681.wav,fake,mmstts,neural_tts,test_seen
mmstts_0682,vispoofdb_processed/fake/mmstts/mmstts_0682.wav,fake,mmstts,neural_tts,train
mmstts_0683,vispoofdb_processed/fake/mmstts/mmstts_0683.wav,fake,mmstts,neural_tts,train
mmstts_0684,vispoofdb_processed/fake/mmstts/mmstts_0684.wav,fake,mmstts,neural_tts,train
mmstts_0685,vispoofdb_processed/fake/mmstts/mmstts_0685.wav,fake,mmstts,neural_tts,train
mmstts_0686,vispoofdb_processed/fake/mmstts/mmstts_0686.wav,fake,mmstts,neural_tts,test_seen
mmstts_0687,vispoofdb_processed/fake/mmstts/mmstts_0687.wav,fake,mmstts,neural_tts,train
mmstts_0688,vispoofdb_processed/fake/mmstts/mmstts_0688.wav,fake,mmstts,neural_tts,train
mmstts_0689,vispoofdb_processed/fake/mmstts/mmstts_0689.wav,fake,mmstts,neural_tts,test_seen
mmstts_0690,vispoofdb_processed/fake/mmstts/mmstts_0690.wav,fake,mmstts,neural_tts,train
mmstts_0691,vispoofdb_processed/fake/mmstts/mmstts_0691.wav,fake,mmstts,neural_tts,train
mmstts_0692,vispoofdb_processed/fake/mmstts/mmstts_0692.wav,fake,mmstts,neural_tts,train
mmstts_0693,vispoofdb_processed/fake/mmstts/mmstts_0693.wav,fake,mmstts,neural_tts,test_seen
mmstts_0694,vispoofdb_processed/fake/mmstts/mmstts_0694.wav,fake,mmstts,neural_tts,train
mmstts_0695,vispoofdb_processed/fake/mmstts/mmstts_0695.wav,fake,mmstts,neural_tts,train
mmstts_0696,vispoofdb_processed/fake/mmstts/mmstts_0696.wav,fake,mmstts,neural_tts,train
mmstts_0697,vispoofdb_processed/fake/mmstts/mmstts_0697.wav,fake,mmstts,neural_tts,train
mmstts_0698,vispoofdb_processed/fake/mmstts/mmstts_0698.wav,fake,mmstts,neural_tts,train
mmstts_0699,vispoofdb_processed/fake/mmstts/mmstts_0699.wav,fake,mmstts,neural_tts,train
mmstts_0700,vispoofdb_processed/fake/mmstts/mmstts_0700.wav,fake,mmstts,neural_tts,train
mmstts_0701,vispoofdb_processed/fake/mmstts/mmstts_0701.wav,fake,mmstts,neural_tts,test_seen
mmstts_0702,vispoofdb_processed/fake/mmstts/mmstts_0702.wav,fake,mmstts,neural_tts,test_seen
mmstts_0703,vispoofdb_processed/fake/mmstts/mmstts_0703.wav,fake,mmstts,neural_tts,train
mmstts_0704,vispoofdb_processed/fake/mmstts/mmstts_0704.wav,fake,mmstts,neural_tts,test_seen
mmstts_0705,vispoofdb_processed/fake/mmstts/mmstts_0705.wav,fake,mmstts,neural_tts,train
mmstts_0706,vispoofdb_processed/fake/mmstts/mmstts_0706.wav,fake,mmstts,neural_tts,train
mmstts_0707,vispoofdb_processed/fake/mmstts/mmstts_0707.wav,fake,mmstts,neural_tts,train
mmstts_0708,vispoofdb_processed/fake/mmstts/mmstts_0708.wav,fake,mmstts,neural_tts,train
mmstts_0709,vispoofdb_processed/fake/mmstts/mmstts_0709.wav,fake,mmstts,neural_tts,train
mmstts_0710,vispoofdb_processed/fake/mmstts/mmstts_0710.wav,fake,mmstts,neural_tts,train
mmstts_0711,vispoofdb_processed/fake/mmstts/mmstts_0711.wav,fake,mmstts,neural_tts,train
mmstts_0712,vispoofdb_processed/fake/mmstts/mmstts_0712.wav,fake,mmstts,neural_tts,train
mmstts_0713,vispoofdb_processed/fake/mmstts/mmstts_0713.wav,fake,mmstts,neural_tts,train
mmstts_0714,vispoofdb_processed/fake/mmstts/mmstts_0714.wav,fake,mmstts,neural_tts,train
mmstts_0715,vispoofdb_processed/fake/mmstts/mmstts_0715.wav,fake,mmstts,neural_tts,train
mmstts_0716,vispoofdb_processed/fake/mmstts/mmstts_0716.wav,fake,mmstts,neural_tts,test_seen
mmstts_0717,vispoofdb_processed/fake/mmstts/mmstts_0717.wav,fake,mmstts,neural_tts,train
mmstts_0718,vispoofdb_processed/fake/mmstts/mmstts_0718.wav,fake,mmstts,neural_tts,train
mmstts_0719,vispoofdb_processed/fake/mmstts/mmstts_0719.wav,fake,mmstts,neural_tts,train
mmstts_0720,vispoofdb_processed/fake/mmstts/mmstts_0720.wav,fake,mmstts,neural_tts,train
mmstts_0721,vispoofdb_processed/fake/mmstts/mmstts_0721.wav,fake,mmstts,neural_tts,train
mmstts_0722,vispoofdb_processed/fake/mmstts/mmstts_0722.wav,fake,mmstts,neural_tts,train
mmstts_0723,vispoofdb_processed/fake/mmstts/mmstts_0723.wav,fake,mmstts,neural_tts,train
mmstts_0724,vispoofdb_processed/fake/mmstts/mmstts_0724.wav,fake,mmstts,neural_tts,train
mmstts_0725,vispoofdb_processed/fake/mmstts/mmstts_0725.wav,fake,mmstts,neural_tts,train
mmstts_0726,vispoofdb_processed/fake/mmstts/mmstts_0726.wav,fake,mmstts,neural_tts,train
mmstts_0727,vispoofdb_processed/fake/mmstts/mmstts_0727.wav,fake,mmstts,neural_tts,train
mmstts_0728,vispoofdb_processed/fake/mmstts/mmstts_0728.wav,fake,mmstts,neural_tts,test_seen
mmstts_0729,vispoofdb_processed/fake/mmstts/mmstts_0729.wav,fake,mmstts,neural_tts,train
mmstts_0730,vispoofdb_processed/fake/mmstts/mmstts_0730.wav,fake,mmstts,neural_tts,train
mmstts_0731,vispoofdb_processed/fake/mmstts/mmstts_0731.wav,fake,mmstts,neural_tts,train
mmstts_0732,vispoofdb_processed/fake/mmstts/mmstts_0732.wav,fake,mmstts,neural_tts,train
mmstts_0733,vispoofdb_processed/fake/mmstts/mmstts_0733.wav,fake,mmstts,neural_tts,train
mmstts_0734,vispoofdb_processed/fake/mmstts/mmstts_0734.wav,fake,mmstts,neural_tts,test_seen
mmstts_0735,vispoofdb_processed/fake/mmstts/mmstts_0735.wav,fake,mmstts,neural_tts,train
mmstts_0736,vispoofdb_processed/fake/mmstts/mmstts_0736.wav,fake,mmstts,neural_tts,train
mmstts_0737,vispoofdb_processed/fake/mmstts/mmstts_0737.wav,fake,mmstts,neural_tts,train
mmstts_0738,vispoofdb_processed/fake/mmstts/mmstts_0738.wav,fake,mmstts,neural_tts,train
mmstts_0739,vispoofdb_processed/fake/mmstts/mmstts_0739.wav,fake,mmstts,neural_tts,train
mmstts_0740,vispoofdb_processed/fake/mmstts/mmstts_0740.wav,fake,mmstts,neural_tts,train
mmstts_0741,vispoofdb_processed/fake/mmstts/mmstts_0741.wav,fake,mmstts,neural_tts,train
mmstts_0742,vispoofdb_processed/fake/mmstts/mmstts_0742.wav,fake,mmstts,neural_tts,train
mmstts_0743,vispoofdb_processed/fake/mmstts/mmstts_0743.wav,fake,mmstts,neural_tts,train
mmstts_0744,vispoofdb_processed/fake/mmstts/mmstts_0744.wav,fake,mmstts,neural_tts,train
mmstts_0745,vispoofdb_processed/fake/mmstts/mmstts_0745.wav,fake,mmstts,neural_tts,test_seen
mmstts_0746,vispoofdb_processed/fake/mmstts/mmstts_0746.wav,fake,mmstts,neural_tts,train
mmstts_0747,vispoofdb_processed/fake/mmstts/mmstts_0747.wav,fake,mmstts,neural_tts,train
mmstts_0748,vispoofdb_processed/fake/mmstts/mmstts_0748.wav,fake,mmstts,neural_tts,test_seen
mmstts_0749,vispoofdb_processed/fake/mmstts/mmstts_0749.wav,fake,mmstts,neural_tts,train
mmstts_0750,vispoofdb_processed/fake/mmstts/mmstts_0750.wav,fake,mmstts,neural_tts,train
mmstts_0751,vispoofdb_processed/fake/mmstts/mmstts_0751.wav,fake,mmstts,neural_tts,train
mmstts_0752,vispoofdb_processed/fake/mmstts/mmstts_0752.wav,fake,mmstts,neural_tts,train
mmstts_0753,vispoofdb_processed/fake/mmstts/mmstts_0753.wav,fake,mmstts,neural_tts,train
mmstts_0754,vispoofdb_processed/fake/mmstts/mmstts_0754.wav,fake,mmstts,neural_tts,train
mmstts_0755,vispoofdb_processed/fake/mmstts/mmstts_0755.wav,fake,mmstts,neural_tts,train
mmstts_0756,vispoofdb_processed/fake/mmstts/mmstts_0756.wav,fake,mmstts,neural_tts,train
mmstts_0757,vispoofdb_processed/fake/mmstts/mmstts_0757.wav,fake,mmstts,neural_tts,train
mmstts_0758,vispoofdb_processed/fake/mmstts/mmstts_0758.wav,fake,mmstts,neural_tts,train
mmstts_0759,vispoofdb_processed/fake/mmstts/mmstts_0759.wav,fake,mmstts,neural_tts,train
mmstts_0760,vispoofdb_processed/fake/mmstts/mmstts_0760.wav,fake,mmstts,neural_tts,train
mmstts_0761,vispoofdb_processed/fake/mmstts/mmstts_0761.wav,fake,mmstts,neural_tts,train
mmstts_0762,vispoofdb_processed/fake/mmstts/mmstts_0762.wav,fake,mmstts,neural_tts,train
mmstts_0763,vispoofdb_processed/fake/mmstts/mmstts_0763.wav,fake,mmstts,neural_tts,train
mmstts_0764,vispoofdb_processed/fake/mmstts/mmstts_0764.wav,fake,mmstts,neural_tts,test_seen
mmstts_0765,vispoofdb_processed/fake/mmstts/mmstts_0765.wav,fake,mmstts,neural_tts,train
mmstts_0766,vispoofdb_processed/fake/mmstts/mmstts_0766.wav,fake,mmstts,neural_tts,train
mmstts_0767,vispoofdb_processed/fake/mmstts/mmstts_0767.wav,fake,mmstts,neural_tts,test_seen
mmstts_0768,vispoofdb_processed/fake/mmstts/mmstts_0768.wav,fake,mmstts,neural_tts,test_seen
mmstts_0769,vispoofdb_processed/fake/mmstts/mmstts_0769.wav,fake,mmstts,neural_tts,train
mmstts_0770,vispoofdb_processed/fake/mmstts/mmstts_0770.wav,fake,mmstts,neural_tts,train
mmstts_0771,vispoofdb_processed/fake/mmstts/mmstts_0771.wav,fake,mmstts,neural_tts,train
mmstts_0772,vispoofdb_processed/fake/mmstts/mmstts_0772.wav,fake,mmstts,neural_tts,train
mmstts_0773,vispoofdb_processed/fake/mmstts/mmstts_0773.wav,fake,mmstts,neural_tts,train
mmstts_0774,vispoofdb_processed/fake/mmstts/mmstts_0774.wav,fake,mmstts,neural_tts,train
mmstts_0775,vispoofdb_processed/fake/mmstts/mmstts_0775.wav,fake,mmstts,neural_tts,train
mmstts_0776,vispoofdb_processed/fake/mmstts/mmstts_0776.wav,fake,mmstts,neural_tts,train
mmstts_0777,vispoofdb_processed/fake/mmstts/mmstts_0777.wav,fake,mmstts,neural_tts,train
mmstts_0778,vispoofdb_processed/fake/mmstts/mmstts_0778.wav,fake,mmstts,neural_tts,train
mmstts_0779,vispoofdb_processed/fake/mmstts/mmstts_0779.wav,fake,mmstts,neural_tts,train
mmstts_0780,vispoofdb_processed/fake/mmstts/mmstts_0780.wav,fake,mmstts,neural_tts,train
mmstts_0781,vispoofdb_processed/fake/mmstts/mmstts_0781.wav,fake,mmstts,neural_tts,train
mmstts_0782,vispoofdb_processed/fake/mmstts/mmstts_0782.wav,fake,mmstts,neural_tts,train
mmstts_0783,vispoofdb_processed/fake/mmstts/mmstts_0783.wav,fake,mmstts,neural_tts,train
mmstts_0784,vispoofdb_processed/fake/mmstts/mmstts_0784.wav,fake,mmstts,neural_tts,test_seen
mmstts_0785,vispoofdb_processed/fake/mmstts/mmstts_0785.wav,fake,mmstts,neural_tts,train
mmstts_0786,vispoofdb_processed/fake/mmstts/mmstts_0786.wav,fake,mmstts,neural_tts,train
mmstts_0787,vispoofdb_processed/fake/mmstts/mmstts_0787.wav,fake,mmstts,neural_tts,train
mmstts_0788,vispoofdb_processed/fake/mmstts/mmstts_0788.wav,fake,mmstts,neural_tts,train
mmstts_0789,vispoofdb_processed/fake/mmstts/mmstts_0789.wav,fake,mmstts,neural_tts,train
mmstts_0790,vispoofdb_processed/fake/mmstts/mmstts_0790.wav,fake,mmstts,neural_tts,train
mmstts_0791,vispoofdb_processed/fake/mmstts/mmstts_0791.wav,fake,mmstts,neural_tts,train
mmstts_0792,vispoofdb_processed/fake/mmstts/mmstts_0792.wav,fake,mmstts,neural_tts,train
mmstts_0793,vispoofdb_processed/fake/mmstts/mmstts_0793.wav,fake,mmstts,neural_tts,test_seen
mmstts_0794,vispoofdb_processed/fake/mmstts/mmstts_0794.wav,fake,mmstts,neural_tts,train
mmstts_0795,vispoofdb_processed/fake/mmstts/mmstts_0795.wav,fake,mmstts,neural_tts,train
mmstts_0796,vispoofdb_processed/fake/mmstts/mmstts_0796.wav,fake,mmstts,neural_tts,train
mmstts_0797,vispoofdb_processed/fake/mmstts/mmstts_0797.wav,fake,mmstts,neural_tts,train
mmstts_0798,vispoofdb_processed/fake/mmstts/mmstts_0798.wav,fake,mmstts,neural_tts,train
mmstts_0799,vispoofdb_processed/fake/mmstts/mmstts_0799.wav,fake,mmstts,neural_tts,train
mmstts_0800,vispoofdb_processed/fake/mmstts/mmstts_0800.wav,fake,mmstts,neural_tts,train
mmstts_0801,vispoofdb_processed/fake/mmstts/mmstts_0801.wav,fake,mmstts,neural_tts,train
mmstts_0802,vispoofdb_processed/fake/mmstts/mmstts_0802.wav,fake,mmstts,neural_tts,train
mmstts_0803,vispoofdb_processed/fake/mmstts/mmstts_0803.wav,fake,mmstts,neural_tts,train
mmstts_0804,vispoofdb_processed/fake/mmstts/mmstts_0804.wav,fake,mmstts,neural_tts,train
mmstts_0805,vispoofdb_processed/fake/mmstts/mmstts_0805.wav,fake,mmstts,neural_tts,train
mmstts_0806,vispoofdb_processed/fake/mmstts/mmstts_0806.wav,fake,mmstts,neural_tts,train
mmstts_0807,vispoofdb_processed/fake/mmstts/mmstts_0807.wav,fake,mmstts,neural_tts,train
mmstts_0808,vispoofdb_processed/fake/mmstts/mmstts_0808.wav,fake,mmstts,neural_tts,train
mmstts_0809,vispoofdb_processed/fake/mmstts/mmstts_0809.wav,fake,mmstts,neural_tts,train
mmstts_0810,vispoofdb_processed/fake/mmstts/mmstts_0810.wav,fake,mmstts,neural_tts,train
mmstts_0811,vispoofdb_processed/fake/mmstts/mmstts_0811.wav,fake,mmstts,neural_tts,train
mmstts_0812,vispoofdb_processed/fake/mmstts/mmstts_0812.wav,fake,mmstts,neural_tts,test_seen
mmstts_0813,vispoofdb_processed/fake/mmstts/mmstts_0813.wav,fake,mmstts,neural_tts,train
mmstts_0814,vispoofdb_processed/fake/mmstts/mmstts_0814.wav,fake,mmstts,neural_tts,train
mmstts_0815,vispoofdb_processed/fake/mmstts/mmstts_0815.wav,fake,mmstts,neural_tts,train
mmstts_0816,vispoofdb_processed/fake/mmstts/mmstts_0816.wav,fake,mmstts,neural_tts,train
mmstts_0817,vispoofdb_processed/fake/mmstts/mmstts_0817.wav,fake,mmstts,neural_tts,test_seen
mmstts_0818,vispoofdb_processed/fake/mmstts/mmstts_0818.wav,fake,mmstts,neural_tts,train
mmstts_0819,vispoofdb_processed/fake/mmstts/mmstts_0819.wav,fake,mmstts,neural_tts,test_seen
mmstts_0820,vispoofdb_processed/fake/mmstts/mmstts_0820.wav,fake,mmstts,neural_tts,train
mmstts_0821,vispoofdb_processed/fake/mmstts/mmstts_0821.wav,fake,mmstts,neural_tts,train
mmstts_0822,vispoofdb_processed/fake/mmstts/mmstts_0822.wav,fake,mmstts,neural_tts,train
mmstts_0823,vispoofdb_processed/fake/mmstts/mmstts_0823.wav,fake,mmstts,neural_tts,train
mmstts_0824,vispoofdb_processed/fake/mmstts/mmstts_0824.wav,fake,mmstts,neural_tts,train
mmstts_0825,vispoofdb_processed/fake/mmstts/mmstts_0825.wav,fake,mmstts,neural_tts,train
mmstts_0826,vispoofdb_processed/fake/mmstts/mmstts_0826.wav,fake,mmstts,neural_tts,test_seen
mmstts_0827,vispoofdb_processed/fake/mmstts/mmstts_0827.wav,fake,mmstts,neural_tts,train
mmstts_0828,vispoofdb_processed/fake/mmstts/mmstts_0828.wav,fake,mmstts,neural_tts,train
mmstts_0829,vispoofdb_processed/fake/mmstts/mmstts_0829.wav,fake,mmstts,neural_tts,test_seen
mmstts_0830,vispoofdb_processed/fake/mmstts/mmstts_0830.wav,fake,mmstts,neural_tts,test_seen
mmstts_0831,vispoofdb_processed/fake/mmstts/mmstts_0831.wav,fake,mmstts,neural_tts,train
mmstts_0832,vispoofdb_processed/fake/mmstts/mmstts_0832.wav,fake,mmstts,neural_tts,train
mmstts_0833,vispoofdb_processed/fake/mmstts/mmstts_0833.wav,fake,mmstts,neural_tts,test_seen
mmstts_0834,vispoofdb_processed/fake/mmstts/mmstts_0834.wav,fake,mmstts,neural_tts,train
mmstts_0835,vispoofdb_processed/fake/mmstts/mmstts_0835.wav,fake,mmstts,neural_tts,train
mmstts_0836,vispoofdb_processed/fake/mmstts/mmstts_0836.wav,fake,mmstts,neural_tts,test_seen
mmstts_0837,vispoofdb_processed/fake/mmstts/mmstts_0837.wav,fake,mmstts,neural_tts,test_seen
mmstts_0838,vispoofdb_processed/fake/mmstts/mmstts_0838.wav,fake,mmstts,neural_tts,train
mmstts_0839,vispoofdb_processed/fake/mmstts/mmstts_0839.wav,fake,mmstts,neural_tts,train
mmstts_0840,vispoofdb_processed/fake/mmstts/mmstts_0840.wav,fake,mmstts,neural_tts,train
mmstts_0841,vispoofdb_processed/fake/mmstts/mmstts_0841.wav,fake,mmstts,neural_tts,train
mmstts_0842,vispoofdb_processed/fake/mmstts/mmstts_0842.wav,fake,mmstts,neural_tts,train
mmstts_0843,vispoofdb_processed/fake/mmstts/mmstts_0843.wav,fake,mmstts,neural_tts,train
mmstts_0844,vispoofdb_processed/fake/mmstts/mmstts_0844.wav,fake,mmstts,neural_tts,train
mmstts_0845,vispoofdb_processed/fake/mmstts/mmstts_0845.wav,fake,mmstts,neural_tts,train
mmstts_0846,vispoofdb_processed/fake/mmstts/mmstts_0846.wav,fake,mmstts,neural_tts,train
mmstts_0847,vispoofdb_processed/fake/mmstts/mmstts_0847.wav,fake,mmstts,neural_tts,train
mmstts_0848,vispoofdb_processed/fake/mmstts/mmstts_0848.wav,fake,mmstts,neural_tts,train
mmstts_0849,vispoofdb_processed/fake/mmstts/mmstts_0849.wav,fake,mmstts,neural_tts,train
mmstts_0850,vispoofdb_processed/fake/mmstts/mmstts_0850.wav,fake,mmstts,neural_tts,train
mmstts_0851,vispoofdb_processed/fake/mmstts/mmstts_0851.wav,fake,mmstts,neural_tts,train
mmstts_0852,vispoofdb_processed/fake/mmstts/mmstts_0852.wav,fake,mmstts,neural_tts,train
mmstts_0853,vispoofdb_processed/fake/mmstts/mmstts_0853.wav,fake,mmstts,neural_tts,train
mmstts_0854,vispoofdb_processed/fake/mmstts/mmstts_0854.wav,fake,mmstts,neural_tts,train
mmstts_0855,vispoofdb_processed/fake/mmstts/mmstts_0855.wav,fake,mmstts,neural_tts,test_seen
mmstts_0856,vispoofdb_processed/fake/mmstts/mmstts_0856.wav,fake,mmstts,neural_tts,test_seen
mmstts_0857,vispoofdb_processed/fake/mmstts/mmstts_0857.wav,fake,mmstts,neural_tts,train
mmstts_0858,vispoofdb_processed/fake/mmstts/mmstts_0858.wav,fake,mmstts,neural_tts,train
mmstts_0859,vispoofdb_processed/fake/mmstts/mmstts_0859.wav,fake,mmstts,neural_tts,test_seen
mmstts_0860,vispoofdb_processed/fake/mmstts/mmstts_0860.wav,fake,mmstts,neural_tts,train
mmstts_0861,vispoofdb_processed/fake/mmstts/mmstts_0861.wav,fake,mmstts,neural_tts,train
mmstts_0862,vispoofdb_processed/fake/mmstts/mmstts_0862.wav,fake,mmstts,neural_tts,train
mmstts_0863,vispoofdb_processed/fake/mmstts/mmstts_0863.wav,fake,mmstts,neural_tts,train
mmstts_0864,vispoofdb_processed/fake/mmstts/mmstts_0864.wav,fake,mmstts,neural_tts,train
mmstts_0865,vispoofdb_processed/fake/mmstts/mmstts_0865.wav,fake,mmstts,neural_tts,train
mmstts_0866,vispoofdb_processed/fake/mmstts/mmstts_0866.wav,fake,mmstts,neural_tts,train
mmstts_0867,vispoofdb_processed/fake/mmstts/mmstts_0867.wav,fake,mmstts,neural_tts,train
mmstts_0868,vispoofdb_processed/fake/mmstts/mmstts_0868.wav,fake,mmstts,neural_tts,train
mmstts_0869,vispoofdb_processed/fake/mmstts/mmstts_0869.wav,fake,mmstts,neural_tts,test_seen
mmstts_0870,vispoofdb_processed/fake/mmstts/mmstts_0870.wav,fake,mmstts,neural_tts,train
mmstts_0871,vispoofdb_processed/fake/mmstts/mmstts_0871.wav,fake,mmstts,neural_tts,train
mmstts_0872,vispoofdb_processed/fake/mmstts/mmstts_0872.wav,fake,mmstts,neural_tts,test_seen
mmstts_0873,vispoofdb_processed/fake/mmstts/mmstts_0873.wav,fake,mmstts,neural_tts,test_seen
mmstts_0874,vispoofdb_processed/fake/mmstts/mmstts_0874.wav,fake,mmstts,neural_tts,train
mmstts_0875,vispoofdb_processed/fake/mmstts/mmstts_0875.wav,fake,mmstts,neural_tts,train
mmstts_0876,vispoofdb_processed/fake/mmstts/mmstts_0876.wav,fake,mmstts,neural_tts,train
mmstts_0877,vispoofdb_processed/fake/mmstts/mmstts_0877.wav,fake,mmstts,neural_tts,train
mmstts_0878,vispoofdb_processed/fake/mmstts/mmstts_0878.wav,fake,mmstts,neural_tts,test_seen
mmstts_0879,vispoofdb_processed/fake/mmstts/mmstts_0879.wav,fake,mmstts,neural_tts,train
mmstts_0880,vispoofdb_processed/fake/mmstts/mmstts_0880.wav,fake,mmstts,neural_tts,train
mmstts_0881,vispoofdb_processed/fake/mmstts/mmstts_0881.wav,fake,mmstts,neural_tts,train
mmstts_0882,vispoofdb_processed/fake/mmstts/mmstts_0882.wav,fake,mmstts,neural_tts,train
mmstts_0883,vispoofdb_processed/fake/mmstts/mmstts_0883.wav,fake,mmstts,neural_tts,train
mmstts_0884,vispoofdb_processed/fake/mmstts/mmstts_0884.wav,fake,mmstts,neural_tts,train
mmstts_0885,vispoofdb_processed/fake/mmstts/mmstts_0885.wav,fake,mmstts,neural_tts,train
mmstts_0886,vispoofdb_processed/fake/mmstts/mmstts_0886.wav,fake,mmstts,neural_tts,train
mmstts_0887,vispoofdb_processed/fake/mmstts/mmstts_0887.wav,fake,mmstts,neural_tts,train
mmstts_0888,vispoofdb_processed/fake/mmstts/mmstts_0888.wav,fake,mmstts,neural_tts,train
mmstts_0889,vispoofdb_processed/fake/mmstts/mmstts_0889.wav,fake,mmstts,neural_tts,test_seen
mmstts_0890,vispoofdb_processed/fake/mmstts/mmstts_0890.wav,fake,mmstts,neural_tts,train
mmstts_0891,vispoofdb_processed/fake/mmstts/mmstts_0891.wav,fake,mmstts,neural_tts,train
mmstts_0892,vispoofdb_processed/fake/mmstts/mmstts_0892.wav,fake,mmstts,neural_tts,test_seen
mmstts_0893,vispoofdb_processed/fake/mmstts/mmstts_0893.wav,fake,mmstts,neural_tts,train
mmstts_0894,vispoofdb_processed/fake/mmstts/mmstts_0894.wav,fake,mmstts,neural_tts,train
mmstts_0895,vispoofdb_processed/fake/mmstts/mmstts_0895.wav,fake,mmstts,neural_tts,test_seen
mmstts_0896,vispoofdb_processed/fake/mmstts/mmstts_0896.wav,fake,mmstts,neural_tts,test_seen
mmstts_0897,vispoofdb_processed/fake/mmstts/mmstts_0897.wav,fake,mmstts,neural_tts,test_seen
mmstts_0898,vispoofdb_processed/fake/mmstts/mmstts_0898.wav,fake,mmstts,neural_tts,train
mmstts_0899,vispoofdb_processed/fake/mmstts/mmstts_0899.wav,fake,mmstts,neural_tts,test_seen
mmstts_0900,vispoofdb_processed/fake/mmstts/mmstts_0900.wav,fake,mmstts,neural_tts,test_seen
mmstts_0901,vispoofdb_processed/fake/mmstts/mmstts_0901.wav,fake,mmstts,neural_tts,train
mmstts_0902,vispoofdb_processed/fake/mmstts/mmstts_0902.wav,fake,mmstts,neural_tts,train
mmstts_0903,vispoofdb_processed/fake/mmstts/mmstts_0903.wav,fake,mmstts,neural_tts,test_seen
mmstts_0904,vispoofdb_processed/fake/mmstts/mmstts_0904.wav,fake,mmstts,neural_tts,train
mmstts_0905,vispoofdb_processed/fake/mmstts/mmstts_0905.wav,fake,mmstts,neural_tts,train
mmstts_0906,vispoofdb_processed/fake/mmstts/mmstts_0906.wav,fake,mmstts,neural_tts,train
mmstts_0907,vispoofdb_processed/fake/mmstts/mmstts_0907.wav,fake,mmstts,neural_tts,train
mmstts_0908,vispoofdb_processed/fake/mmstts/mmstts_0908.wav,fake,mmstts,neural_tts,train
mmstts_0909,vispoofdb_processed/fake/mmstts/mmstts_0909.wav,fake,mmstts,neural_tts,train
mmstts_0910,vispoofdb_processed/fake/mmstts/mmstts_0910.wav,fake,mmstts,neural_tts,train
mmstts_0911,vispoofdb_processed/fake/mmstts/mmstts_0911.wav,fake,mmstts,neural_tts,train
mmstts_0912,vispoofdb_processed/fake/mmstts/mmstts_0912.wav,fake,mmstts,neural_tts,train
mmstts_0913,vispoofdb_processed/fake/mmstts/mmstts_0913.wav,fake,mmstts,neural_tts,train
mmstts_0914,vispoofdb_processed/fake/mmstts/mmstts_0914.wav,fake,mmstts,neural_tts,train
mmstts_0915,vispoofdb_processed/fake/mmstts/mmstts_0915.wav,fake,mmstts,neural_tts,train
mmstts_0916,vispoofdb_processed/fake/mmstts/mmstts_0916.wav,fake,mmstts,neural_tts,train
mmstts_0917,vispoofdb_processed/fake/mmstts/mmstts_0917.wav,fake,mmstts,neural_tts,train
mmstts_0918,vispoofdb_processed/fake/mmstts/mmstts_0918.wav,fake,mmstts,neural_tts,test_seen
mmstts_0919,vispoofdb_processed/fake/mmstts/mmstts_0919.wav,fake,mmstts,neural_tts,train
mmstts_0920,vispoofdb_processed/fake/mmstts/mmstts_0920.wav,fake,mmstts,neural_tts,train
mmstts_0921,vispoofdb_processed/fake/mmstts/mmstts_0921.wav,fake,mmstts,neural_tts,train
mmstts_0922,vispoofdb_processed/fake/mmstts/mmstts_0922.wav,fake,mmstts,neural_tts,train
mmstts_0923,vispoofdb_processed/fake/mmstts/mmstts_0923.wav,fake,mmstts,neural_tts,train
mmstts_0924,vispoofdb_processed/fake/mmstts/mmstts_0924.wav,fake,mmstts,neural_tts,train
mmstts_0925,vispoofdb_processed/fake/mmstts/mmstts_0925.wav,fake,mmstts,neural_tts,train
mmstts_0926,vispoofdb_processed/fake/mmstts/mmstts_0926.wav,fake,mmstts,neural_tts,train
mmstts_0927,vispoofdb_processed/fake/mmstts/mmstts_0927.wav,fake,mmstts,neural_tts,train
mmstts_0928,vispoofdb_processed/fake/mmstts/mmstts_0928.wav,fake,mmstts,neural_tts,test_seen
mmstts_0929,vispoofdb_processed/fake/mmstts/mmstts_0929.wav,fake,mmstts,neural_tts,train
mmstts_0930,vispoofdb_processed/fake/mmstts/mmstts_0930.wav,fake,mmstts,neural_tts,train
mmstts_0931,vispoofdb_processed/fake/mmstts/mmstts_0931.wav,fake,mmstts,neural_tts,train
mmstts_0932,vispoofdb_processed/fake/mmstts/mmstts_0932.wav,fake,mmstts,neural_tts,train
mmstts_0933,vispoofdb_processed/fake/mmstts/mmstts_0933.wav,fake,mmstts,neural_tts,train
mmstts_0934,vispoofdb_processed/fake/mmstts/mmstts_0934.wav,fake,mmstts,neural_tts,test_seen
mmstts_0935,vispoofdb_processed/fake/mmstts/mmstts_0935.wav,fake,mmstts,neural_tts,train
mmstts_0936,vispoofdb_processed/fake/mmstts/mmstts_0936.wav,fake,mmstts,neural_tts,train
mmstts_0937,vispoofdb_processed/fake/mmstts/mmstts_0937.wav,fake,mmstts,neural_tts,test_seen
mmstts_0938,vispoofdb_processed/fake/mmstts/mmstts_0938.wav,fake,mmstts,neural_tts,train
mmstts_0939,vispoofdb_processed/fake/mmstts/mmstts_0939.wav,fake,mmstts,neural_tts,train
mmstts_0940,vispoofdb_processed/fake/mmstts/mmstts_0940.wav,fake,mmstts,neural_tts,train
mmstts_0941,vispoofdb_processed/fake/mmstts/mmstts_0941.wav,fake,mmstts,neural_tts,train
mmstts_0942,vispoofdb_processed/fake/mmstts/mmstts_0942.wav,fake,mmstts,neural_tts,train
mmstts_0943,vispoofdb_processed/fake/mmstts/mmstts_0943.wav,fake,mmstts,neural_tts,train
mmstts_0944,vispoofdb_processed/fake/mmstts/mmstts_0944.wav,fake,mmstts,neural_tts,train
mmstts_0945,vispoofdb_processed/fake/mmstts/mmstts_0945.wav,fake,mmstts,neural_tts,train
mmstts_0946,vispoofdb_processed/fake/mmstts/mmstts_0946.wav,fake,mmstts,neural_tts,test_seen
mmstts_0947,vispoofdb_processed/fake/mmstts/mmstts_0947.wav,fake,mmstts,neural_tts,train
mmstts_0948,vispoofdb_processed/fake/mmstts/mmstts_0948.wav,fake,mmstts,neural_tts,test_seen
mmstts_0949,vispoofdb_processed/fake/mmstts/mmstts_0949.wav,fake,mmstts,neural_tts,train
mmstts_0950,vispoofdb_processed/fake/mmstts/mmstts_0950.wav,fake,mmstts,neural_tts,train
mmstts_0951,vispoofdb_processed/fake/mmstts/mmstts_0951.wav,fake,mmstts,neural_tts,test_seen
mmstts_0952,vispoofdb_processed/fake/mmstts/mmstts_0952.wav,fake,mmstts,neural_tts,test_seen
mmstts_0953,vispoofdb_processed/fake/mmstts/mmstts_0953.wav,fake,mmstts,neural_tts,train
mmstts_0954,vispoofdb_processed/fake/mmstts/mmstts_0954.wav,fake,mmstts,neural_tts,train
mmstts_0955,vispoofdb_processed/fake/mmstts/mmstts_0955.wav,fake,mmstts,neural_tts,test_seen
mmstts_0956,vispoofdb_processed/fake/mmstts/mmstts_0956.wav,fake,mmstts,neural_tts,train
mmstts_0957,vispoofdb_processed/fake/mmstts/mmstts_0957.wav,fake,mmstts,neural_tts,train
mmstts_0958,vispoofdb_processed/fake/mmstts/mmstts_0958.wav,fake,mmstts,neural_tts,train
mmstts_0959,vispoofdb_processed/fake/mmstts/mmstts_0959.wav,fake,mmstts,neural_tts,test_seen
mmstts_0960,vispoofdb_processed/fake/mmstts/mmstts_0960.wav,fake,mmstts,neural_tts,train
mmstts_0961,vispoofdb_processed/fake/mmstts/mmstts_0961.wav,fake,mmstts,neural_tts,train
mmstts_0962,vispoofdb_processed/fake/mmstts/mmstts_0962.wav,fake,mmstts,neural_tts,train
mmstts_0963,vispoofdb_processed/fake/mmstts/mmstts_0963.wav,fake,mmstts,neural_tts,train
mmstts_0964,vispoofdb_processed/fake/mmstts/mmstts_0964.wav,fake,mmstts,neural_tts,train
mmstts_0965,vispoofdb_processed/fake/mmstts/mmstts_0965.wav,fake,mmstts,neural_tts,train
mmstts_0966,vispoofdb_processed/fake/mmstts/mmstts_0966.wav,fake,mmstts,neural_tts,train
mmstts_0967,vispoofdb_processed/fake/mmstts/mmstts_0967.wav,fake,mmstts,neural_tts,train
mmstts_0968,vispoofdb_processed/fake/mmstts/mmstts_0968.wav,fake,mmstts,neural_tts,train
mmstts_0969,vispoofdb_processed/fake/mmstts/mmstts_0969.wav,fake,mmstts,neural_tts,test_seen
mmstts_0970,vispoofdb_processed/fake/mmstts/mmstts_0970.wav,fake,mmstts,neural_tts,test_seen
mmstts_0971,vispoofdb_processed/fake/mmstts/mmstts_0971.wav,fake,mmstts,neural_tts,train
mmstts_0972,vispoofdb_processed/fake/mmstts/mmstts_0972.wav,fake,mmstts,neural_tts,train
mmstts_0973,vispoofdb_processed/fake/mmstts/mmstts_0973.wav,fake,mmstts,neural_tts,test_seen
mmstts_0974,vispoofdb_processed/fake/mmstts/mmstts_0974.wav,fake,mmstts,neural_tts,train
mmstts_0975,vispoofdb_processed/fake/mmstts/mmstts_0975.wav,fake,mmstts,neural_tts,test_seen
mmstts_0976,vispoofdb_processed/fake/mmstts/mmstts_0976.wav,fake,mmstts,neural_tts,train
mmstts_0977,vispoofdb_processed/fake/mmstts/mmstts_0977.wav,fake,mmstts,neural_tts,train
mmstts_0978,vispoofdb_processed/fake/mmstts/mmstts_0978.wav,fake,mmstts,neural_tts,train
mmstts_0979,vispoofdb_processed/fake/mmstts/mmstts_0979.wav,fake,mmstts,neural_tts,train
mmstts_0980,vispoofdb_processed/fake/mmstts/mmstts_0980.wav,fake,mmstts,neural_tts,train
mmstts_0981,vispoofdb_processed/fake/mmstts/mmstts_0981.wav,fake,mmstts,neural_tts,train
mmstts_0982,vispoofdb_processed/fake/mmstts/mmstts_0982.wav,fake,mmstts,neural_tts,train
mmstts_0983,vispoofdb_processed/fake/mmstts/mmstts_0983.wav,fake,mmstts,neural_tts,train
mmstts_0984,vispoofdb_processed/fake/mmstts/mmstts_0984.wav,fake,mmstts,neural_tts,test_seen
mmstts_0985,vispoofdb_processed/fake/mmstts/mmstts_0985.wav,fake,mmstts,neural_tts,train
mmstts_0986,vispoofdb_processed/fake/mmstts/mmstts_0986.wav,fake,mmstts,neural_tts,train
mmstts_0987,vispoofdb_processed/fake/mmstts/mmstts_0987.wav,fake,mmstts,neural_tts,test_seen
mmstts_0988,vispoofdb_processed/fake/mmstts/mmstts_0988.wav,fake,mmstts,neural_tts,train
mmstts_0989,vispoofdb_processed/fake/mmstts/mmstts_0989.wav,fake,mmstts,neural_tts,train
mmstts_0990,vispoofdb_processed/fake/mmstts/mmstts_0990.wav,fake,mmstts,neural_tts,train
mmstts_0991,vispoofdb_processed/fake/mmstts/mmstts_0991.wav,fake,mmstts,neural_tts,train
mmstts_0992,vispoofdb_processed/fake/mmstts/mmstts_0992.wav,fake,mmstts,neural_tts,train
mmstts_0993,vispoofdb_processed/fake/mmstts/mmstts_0993.wav,fake,mmstts,neural_tts,train
mmstts_0994,vispoofdb_processed/fake/mmstts/mmstts_0994.wav,fake,mmstts,neural_tts,train
mmstts_0995,vispoofdb_processed/fake/mmstts/mmstts_0995.wav,fake,mmstts,neural_tts,train
mmstts_0996,vispoofdb_processed/fake/mmstts/mmstts_0996.wav,fake,mmstts,neural_tts,test_seen
mmstts_0997,vispoofdb_processed/fake/mmstts/mmstts_0997.wav,fake,mmstts,neural_tts,train
mmstts_0998,vispoofdb_processed/fake/mmstts/mmstts_0998.wav,fake,mmstts,neural_tts,train
mmstts_0999,vispoofdb_processed/fake/mmstts/mmstts_0999.wav,fake,mmstts,neural_tts,train
mmstts_1000,vispoofdb_processed/fake/mmstts/mmstts_1000.wav,fake,mmstts,neural_tts,train
mmstts_1001,vispoofdb_processed/fake/mmstts/mmstts_1001.wav,fake,mmstts,neural_tts,train
mmstts_1002,vispoofdb_processed/fake/mmstts/mmstts_1002.wav,fake,mmstts,neural_tts,test_seen
mmstts_1003,vispoofdb_processed/fake/mmstts/mmstts_1003.wav,fake,mmstts,neural_tts,train
mmstts_1004,vispoofdb_processed/fake/mmstts/mmstts_1004.wav,fake,mmstts,neural_tts,train
mmstts_1005,vispoofdb_processed/fake/mmstts/mmstts_1005.wav,fake,mmstts,neural_tts,train
mmstts_1006,vispoofdb_processed/fake/mmstts/mmstts_1006.wav,fake,mmstts,neural_tts,train
mmstts_1007,vispoofdb_processed/fake/mmstts/mmstts_1007.wav,fake,mmstts,neural_tts,train
mmstts_1008,vispoofdb_processed/fake/mmstts/mmstts_1008.wav,fake,mmstts,neural_tts,train
mmstts_1009,vispoofdb_processed/fake/mmstts/mmstts_1009.wav,fake,mmstts,neural_tts,train
mmstts_1010,vispoofdb_processed/fake/mmstts/mmstts_1010.wav,fake,mmstts,neural_tts,train
mmstts_1011,vispoofdb_processed/fake/mmstts/mmstts_1011.wav,fake,mmstts,neural_tts,train
mmstts_1012,vispoofdb_processed/fake/mmstts/mmstts_1012.wav,fake,mmstts,neural_tts,train
mmstts_1013,vispoofdb_processed/fake/mmstts/mmstts_1013.wav,fake,mmstts,neural_tts,train
mmstts_1014,vispoofdb_processed/fake/mmstts/mmstts_1014.wav,fake,mmstts,neural_tts,train
mmstts_1015,vispoofdb_processed/fake/mmstts/mmstts_1015.wav,fake,mmstts,neural_tts,test_seen
mmstts_1016,vispoofdb_processed/fake/mmstts/mmstts_1016.wav,fake,mmstts,neural_tts,test_seen
mmstts_1017,vispoofdb_processed/fake/mmstts/mmstts_1017.wav,fake,mmstts,neural_tts,test_seen
mmstts_1018,vispoofdb_processed/fake/mmstts/mmstts_1018.wav,fake,mmstts,neural_tts,train
mmstts_1019,vispoofdb_processed/fake/mmstts/mmstts_1019.wav,fake,mmstts,neural_tts,train
mmstts_1020,vispoofdb_processed/fake/mmstts/mmstts_1020.wav,fake,mmstts,neural_tts,train
mmstts_1021,vispoofdb_processed/fake/mmstts/mmstts_1021.wav,fake,mmstts,neural_tts,train
mmstts_1022,vispoofdb_processed/fake/mmstts/mmstts_1022.wav,fake,mmstts,neural_tts,train
mmstts_1023,vispoofdb_processed/fake/mmstts/mmstts_1023.wav,fake,mmstts,neural_tts,train
mmstts_1024,vispoofdb_processed/fake/mmstts/mmstts_1024.wav,fake,mmstts,neural_tts,train
mmstts_1025,vispoofdb_processed/fake/mmstts/mmstts_1025.wav,fake,mmstts,neural_tts,test_seen
mmstts_1026,vispoofdb_processed/fake/mmstts/mmstts_1026.wav,fake,mmstts,neural_tts,train
mmstts_1027,vispoofdb_processed/fake/mmstts/mmstts_1027.wav,fake,mmstts,neural_tts,train
mmstts_1028,vispoofdb_processed/fake/mmstts/mmstts_1028.wav,fake,mmstts,neural_tts,train
mmstts_1029,vispoofdb_processed/fake/mmstts/mmstts_1029.wav,fake,mmstts,neural_tts,train
mmstts_1030,vispoofdb_processed/fake/mmstts/mmstts_1030.wav,fake,mmstts,neural_tts,train
mmstts_1031,vispoofdb_processed/fake/mmstts/mmstts_1031.wav,fake,mmstts,neural_tts,test_seen
mmstts_1032,vispoofdb_processed/fake/mmstts/mmstts_1032.wav,fake,mmstts,neural_tts,train
mmstts_1033,vispoofdb_processed/fake/mmstts/mmstts_1033.wav,fake,mmstts,neural_tts,train
mmstts_1034,vispoofdb_processed/fake/mmstts/mmstts_1034.wav,fake,mmstts,neural_tts,train
mmstts_1035,vispoofdb_processed/fake/mmstts/mmstts_1035.wav,fake,mmstts,neural_tts,train
mmstts_1036,vispoofdb_processed/fake/mmstts/mmstts_1036.wav,fake,mmstts,neural_tts,test_seen
mmstts_1037,vispoofdb_processed/fake/mmstts/mmstts_1037.wav,fake,mmstts,neural_tts,train
mmstts_1038,vispoofdb_processed/fake/mmstts/mmstts_1038.wav,fake,mmstts,neural_tts,train
mmstts_1039,vispoofdb_processed/fake/mmstts/mmstts_1039.wav,fake,mmstts,neural_tts,train
mmstts_1040,vispoofdb_processed/fake/mmstts/mmstts_1040.wav,fake,mmstts,neural_tts,test_seen
mmstts_1041,vispoofdb_processed/fake/mmstts/mmstts_1041.wav,fake,mmstts,neural_tts,test_seen
mmstts_1042,vispoofdb_processed/fake/mmstts/mmstts_1042.wav,fake,mmstts,neural_tts,train
mmstts_1043,vispoofdb_processed/fake/mmstts/mmstts_1043.wav,fake,mmstts,neural_tts,train
mmstts_1044,vispoofdb_processed/fake/mmstts/mmstts_1044.wav,fake,mmstts,neural_tts,train
mmstts_1045,vispoofdb_processed/fake/mmstts/mmstts_1045.wav,fake,mmstts,neural_tts,train
mmstts_1046,vispoofdb_processed/fake/mmstts/mmstts_1046.wav,fake,mmstts,neural_tts,test_seen
mmstts_1047,vispoofdb_processed/fake/mmstts/mmstts_1047.wav,fake,mmstts,neural_tts,train
mmstts_1048,vispoofdb_processed/fake/mmstts/mmstts_1048.wav,fake,mmstts,neural_tts,train
mmstts_1049,vispoofdb_processed/fake/mmstts/mmstts_1049.wav,fake,mmstts,neural_tts,train
mmstts_1050,vispoofdb_processed/fake/mmstts/mmstts_1050.wav,fake,mmstts,neural_tts,test_seen
mmstts_1051,vispoofdb_processed/fake/mmstts/mmstts_1051.wav,fake,mmstts,neural_tts,train
mmstts_1052,vispoofdb_processed/fake/mmstts/mmstts_1052.wav,fake,mmstts,neural_tts,train
mmstts_1053,vispoofdb_processed/fake/mmstts/mmstts_1053.wav,fake,mmstts,neural_tts,train
mmstts_1054,vispoofdb_processed/fake/mmstts/mmstts_1054.wav,fake,mmstts,neural_tts,train
mmstts_1055,vispoofdb_processed/fake/mmstts/mmstts_1055.wav,fake,mmstts,neural_tts,train
mmstts_1056,vispoofdb_processed/fake/mmstts/mmstts_1056.wav,fake,mmstts,neural_tts,train
mmstts_1057,vispoofdb_processed/fake/mmstts/mmstts_1057.wav,fake,mmstts,neural_tts,train
mmstts_1058,vispoofdb_processed/fake/mmstts/mmstts_1058.wav,fake,mmstts,neural_tts,test_seen
mmstts_1059,vispoofdb_processed/fake/mmstts/mmstts_1059.wav,fake,mmstts,neural_tts,train
mmstts_1060,vispoofdb_processed/fake/mmstts/mmstts_1060.wav,fake,mmstts,neural_tts,train
mmstts_1061,vispoofdb_processed/fake/mmstts/mmstts_1061.wav,fake,mmstts,neural_tts,train
mmstts_1062,vispoofdb_processed/fake/mmstts/mmstts_1062.wav,fake,mmstts,neural_tts,test_seen
mmstts_1063,vispoofdb_processed/fake/mmstts/mmstts_1063.wav,fake,mmstts,neural_tts,test_seen
mmstts_1064,vispoofdb_processed/fake/mmstts/mmstts_1064.wav,fake,mmstts,neural_tts,train
mmstts_1065,vispoofdb_processed/fake/mmstts/mmstts_1065.wav,fake,mmstts,neural_tts,train
mmstts_1066,vispoofdb_processed/fake/mmstts/mmstts_1066.wav,fake,mmstts,neural_tts,test_seen
mmstts_1067,vispoofdb_processed/fake/mmstts/mmstts_1067.wav,fake,mmstts,neural_tts,train
mmstts_1068,vispoofdb_processed/fake/mmstts/mmstts_1068.wav,fake,mmstts,neural_tts,train
mmstts_1069,vispoofdb_processed/fake/mmstts/mmstts_1069.wav,fake,mmstts,neural_tts,train
mmstts_1070,vispoofdb_processed/fake/mmstts/mmstts_1070.wav,fake,mmstts,neural_tts,train
mmstts_1071,vispoofdb_processed/fake/mmstts/mmstts_1071.wav,fake,mmstts,neural_tts,train
mmstts_1072,vispoofdb_processed/fake/mmstts/mmstts_1072.wav,fake,mmstts,neural_tts,train
mmstts_1073,vispoofdb_processed/fake/mmstts/mmstts_1073.wav,fake,mmstts,neural_tts,train
mmstts_1074,vispoofdb_processed/fake/mmstts/mmstts_1074.wav,fake,mmstts,neural_tts,test_seen
mmstts_1075,vispoofdb_processed/fake/mmstts/mmstts_1075.wav,fake,mmstts,neural_tts,train
mmstts_1076,vispoofdb_processed/fake/mmstts/mmstts_1076.wav,fake,mmstts,neural_tts,train
mmstts_1077,vispoofdb_processed/fake/mmstts/mmstts_1077.wav,fake,mmstts,neural_tts,test_seen
mmstts_1078,vispoofdb_processed/fake/mmstts/mmstts_1078.wav,fake,mmstts,neural_tts,train
mmstts_1079,vispoofdb_processed/fake/mmstts/mmstts_1079.wav,fake,mmstts,neural_tts,train
mmstts_1080,vispoofdb_processed/fake/mmstts/mmstts_1080.wav,fake,mmstts,neural_tts,train
mmstts_1081,vispoofdb_processed/fake/mmstts/mmstts_1081.wav,fake,mmstts,neural_tts,train
mmstts_1082,vispoofdb_processed/fake/mmstts/mmstts_1082.wav,fake,mmstts,neural_tts,train
mmstts_1083,vispoofdb_processed/fake/mmstts/mmstts_1083.wav,fake,mmstts,neural_tts,train
mmstts_1084,vispoofdb_processed/fake/mmstts/mmstts_1084.wav,fake,mmstts,neural_tts,train
mmstts_1085,vispoofdb_processed/fake/mmstts/mmstts_1085.wav,fake,mmstts,neural_tts,train
mmstts_1086,vispoofdb_processed/fake/mmstts/mmstts_1086.wav,fake,mmstts,neural_tts,test_seen
mmstts_1087,vispoofdb_processed/fake/mmstts/mmstts_1087.wav,fake,mmstts,neural_tts,train
mmstts_1088,vispoofdb_processed/fake/mmstts/mmstts_1088.wav,fake,mmstts,neural_tts,train
mmstts_1089,vispoofdb_processed/fake/mmstts/mmstts_1089.wav,fake,mmstts,neural_tts,train
mmstts_1090,vispoofdb_processed/fake/mmstts/mmstts_1090.wav,fake,mmstts,neural_tts,train
mmstts_1091,vispoofdb_processed/fake/mmstts/mmstts_1091.wav,fake,mmstts,neural_tts,train
mmstts_1092,vispoofdb_processed/fake/mmstts/mmstts_1092.wav,fake,mmstts,neural_tts,train
mmstts_1093,vispoofdb_processed/fake/mmstts/mmstts_1093.wav,fake,mmstts,neural_tts,train
mmstts_1094,vispoofdb_processed/fake/mmstts/mmstts_1094.wav,fake,mmstts,neural_tts,train
mmstts_1095,vispoofdb_processed/fake/mmstts/mmstts_1095.wav,fake,mmstts,neural_tts,train
mmstts_1096,vispoofdb_processed/fake/mmstts/mmstts_1096.wav,fake,mmstts,neural_tts,train
mmstts_1097,vispoofdb_processed/fake/mmstts/mmstts_1097.wav,fake,mmstts,neural_tts,train
mmstts_1098,vispoofdb_processed/fake/mmstts/mmstts_1098.wav,fake,mmstts,neural_tts,train
mmstts_1099,vispoofdb_processed/fake/mmstts/mmstts_1099.wav,fake,mmstts,neural_tts,train
mmstts_1100,vispoofdb_processed/fake/mmstts/mmstts_1100.wav,fake,mmstts,neural_tts,train
mmstts_1101,vispoofdb_processed/fake/mmstts/mmstts_1101.wav,fake,mmstts,neural_tts,train
mmstts_1102,vispoofdb_processed/fake/mmstts/mmstts_1102.wav,fake,mmstts,neural_tts,train
mmstts_1103,vispoofdb_processed/fake/mmstts/mmstts_1103.wav,fake,mmstts,neural_tts,test_seen
mmstts_1104,vispoofdb_processed/fake/mmstts/mmstts_1104.wav,fake,mmstts,neural_tts,train
mmstts_1105,vispoofdb_processed/fake/mmstts/mmstts_1105.wav,fake,mmstts,neural_tts,train
mmstts_1106,vispoofdb_processed/fake/mmstts/mmstts_1106.wav,fake,mmstts,neural_tts,train
mmstts_1107,vispoofdb_processed/fake/mmstts/mmstts_1107.wav,fake,mmstts,neural_tts,train
mmstts_1108,vispoofdb_processed/fake/mmstts/mmstts_1108.wav,fake,mmstts,neural_tts,train
mmstts_1109,vispoofdb_processed/fake/mmstts/mmstts_1109.wav,fake,mmstts,neural_tts,train
mmstts_1110,vispoofdb_processed/fake/mmstts/mmstts_1110.wav,fake,mmstts,neural_tts,train
mmstts_1111,vispoofdb_processed/fake/mmstts/mmstts_1111.wav,fake,mmstts,neural_tts,train
mmstts_1112,vispoofdb_processed/fake/mmstts/mmstts_1112.wav,fake,mmstts,neural_tts,train
mmstts_1113,vispoofdb_processed/fake/mmstts/mmstts_1113.wav,fake,mmstts,neural_tts,train
mmstts_1114,vispoofdb_processed/fake/mmstts/mmstts_1114.wav,fake,mmstts,neural_tts,train
mmstts_1115,vispoofdb_processed/fake/mmstts/mmstts_1115.wav,fake,mmstts,neural_tts,test_seen
mmstts_1116,vispoofdb_processed/fake/mmstts/mmstts_1116.wav,fake,mmstts,neural_tts,train
mmstts_1117,vispoofdb_processed/fake/mmstts/mmstts_1117.wav,fake,mmstts,neural_tts,train
mmstts_1118,vispoofdb_processed/fake/mmstts/mmstts_1118.wav,fake,mmstts,neural_tts,train
mmstts_1119,vispoofdb_processed/fake/mmstts/mmstts_1119.wav,fake,mmstts,neural_tts,train
mmstts_1120,vispoofdb_processed/fake/mmstts/mmstts_1120.wav,fake,mmstts,neural_tts,train
mmstts_1121,vispoofdb_processed/fake/mmstts/mmstts_1121.wav,fake,mmstts,neural_tts,train
mmstts_1122,vispoofdb_processed/fake/mmstts/mmstts_1122.wav,fake,mmstts,neural_tts,test_seen
mmstts_1123,vispoofdb_processed/fake/mmstts/mmstts_1123.wav,fake,mmstts,neural_tts,test_seen
mmstts_1124,vispoofdb_processed/fake/mmstts/mmstts_1124.wav,fake,mmstts,neural_tts,test_seen
mmstts_1125,vispoofdb_processed/fake/mmstts/mmstts_1125.wav,fake,mmstts,neural_tts,test_seen
mmstts_1126,vispoofdb_processed/fake/mmstts/mmstts_1126.wav,fake,mmstts,neural_tts,train
mmstts_1127,vispoofdb_processed/fake/mmstts/mmstts_1127.wav,fake,mmstts,neural_tts,test_seen
mmstts_1128,vispoofdb_processed/fake/mmstts/mmstts_1128.wav,fake,mmstts,neural_tts,train
mmstts_1129,vispoofdb_processed/fake/mmstts/mmstts_1129.wav,fake,mmstts,neural_tts,train
mmstts_1130,vispoofdb_processed/fake/mmstts/mmstts_1130.wav,fake,mmstts,neural_tts,train
mmstts_1131,vispoofdb_processed/fake/mmstts/mmstts_1131.wav,fake,mmstts,neural_tts,train
mmstts_1132,vispoofdb_processed/fake/mmstts/mmstts_1132.wav,fake,mmstts,neural_tts,train
mmstts_1133,vispoofdb_processed/fake/mmstts/mmstts_1133.wav,fake,mmstts,neural_tts,test_seen
mmstts_1134,vispoofdb_processed/fake/mmstts/mmstts_1134.wav,fake,mmstts,neural_tts,train
mmstts_1135,vispoofdb_processed/fake/mmstts/mmstts_1135.wav,fake,mmstts,neural_tts,train
mmstts_1136,vispoofdb_processed/fake/mmstts/mmstts_1136.wav,fake,mmstts,neural_tts,train
mmstts_1137,vispoofdb_processed/fake/mmstts/mmstts_1137.wav,fake,mmstts,neural_tts,train
mmstts_1138,vispoofdb_processed/fake/mmstts/mmstts_1138.wav,fake,mmstts,neural_tts,train
mmstts_1139,vispoofdb_processed/fake/mmstts/mmstts_1139.wav,fake,mmstts,neural_tts,test_seen
mmstts_1140,vispoofdb_processed/fake/mmstts/mmstts_1140.wav,fake,mmstts,neural_tts,test_seen
mmstts_1141,vispoofdb_processed/fake/mmstts/mmstts_1141.wav,fake,mmstts,neural_tts,test_seen
mmstts_1142,vispoofdb_processed/fake/mmstts/mmstts_1142.wav,fake,mmstts,neural_tts,train
mmstts_1143,vispoofdb_processed/fake/mmstts/mmstts_1143.wav,fake,mmstts,neural_tts,train
mmstts_1144,vispoofdb_processed/fake/mmstts/mmstts_1144.wav,fake,mmstts,neural_tts,train
mmstts_1145,vispoofdb_processed/fake/mmstts/mmstts_1145.wav,fake,mmstts,neural_tts,train
mmstts_1146,vispoofdb_processed/fake/mmstts/mmstts_1146.wav,fake,mmstts,neural_tts,train
mmstts_1147,vispoofdb_processed/fake/mmstts/mmstts_1147.wav,fake,mmstts,neural_tts,train
mmstts_1148,vispoofdb_processed/fake/mmstts/mmstts_1148.wav,fake,mmstts,neural_tts,test_seen
mmstts_1149,vispoofdb_processed/fake/mmstts/mmstts_1149.wav,fake,mmstts,neural_tts,train
mmstts_1150,vispoofdb_processed/fake/mmstts/mmstts_1150.wav,fake,mmstts,neural_tts,train
mmstts_1151,vispoofdb_processed/fake/mmstts/mmstts_1151.wav,fake,mmstts,neural_tts,train
mmstts_1152,vispoofdb_processed/fake/mmstts/mmstts_1152.wav,fake,mmstts,neural_tts,test_seen
mmstts_1153,vispoofdb_processed/fake/mmstts/mmstts_1153.wav,fake,mmstts,neural_tts,test_seen
mmstts_1154,vispoofdb_processed/fake/mmstts/mmstts_1154.wav,fake,mmstts,neural_tts,train
mmstts_1155,vispoofdb_processed/fake/mmstts/mmstts_1155.wav,fake,mmstts,neural_tts,train
mmstts_1156,vispoofdb_processed/fake/mmstts/mmstts_1156.wav,fake,mmstts,neural_tts,test_seen
mmstts_1157,vispoofdb_processed/fake/mmstts/mmstts_1157.wav,fake,mmstts,neural_tts,train
mmstts_1158,vispoofdb_processed/fake/mmstts/mmstts_1158.wav,fake,mmstts,neural_tts,test_seen
mmstts_1159,vispoofdb_processed/fake/mmstts/mmstts_1159.wav,fake,mmstts,neural_tts,train
mmstts_1160,vispoofdb_processed/fake/mmstts/mmstts_1160.wav,fake,mmstts,neural_tts,train
mmstts_1161,vispoofdb_processed/fake/mmstts/mmstts_1161.wav,fake,mmstts,neural_tts,test_seen
mmstts_1162,vispoofdb_processed/fake/mmstts/mmstts_1162.wav,fake,mmstts,neural_tts,train
mmstts_1163,vispoofdb_processed/fake/mmstts/mmstts_1163.wav,fake,mmstts,neural_tts,test_seen
mmstts_1164,vispoofdb_processed/fake/mmstts/mmstts_1164.wav,fake,mmstts,neural_tts,train
mmstts_1165,vispoofdb_processed/fake/mmstts/mmstts_1165.wav,fake,mmstts,neural_tts,train
mmstts_1166,vispoofdb_processed/fake/mmstts/mmstts_1166.wav,fake,mmstts,neural_tts,train
mmstts_1167,vispoofdb_processed/fake/mmstts/mmstts_1167.wav,fake,mmstts,neural_tts,train
mmstts_1168,vispoofdb_processed/fake/mmstts/mmstts_1168.wav,fake,mmstts,neural_tts,train
mmstts_1169,vispoofdb_processed/fake/mmstts/mmstts_1169.wav,fake,mmstts,neural_tts,train
mmstts_1170,vispoofdb_processed/fake/mmstts/mmstts_1170.wav,fake,mmstts,neural_tts,train
mmstts_1171,vispoofdb_processed/fake/mmstts/mmstts_1171.wav,fake,mmstts,neural_tts,train
mmstts_1172,vispoofdb_processed/fake/mmstts/mmstts_1172.wav,fake,mmstts,neural_tts,train
mmstts_1173,vispoofdb_processed/fake/mmstts/mmstts_1173.wav,fake,mmstts,neural_tts,train
mmstts_1174,vispoofdb_processed/fake/mmstts/mmstts_1174.wav,fake,mmstts,neural_tts,train
mmstts_1175,vispoofdb_processed/fake/mmstts/mmstts_1175.wav,fake,mmstts,neural_tts,train
mmstts_1176,vispoofdb_processed/fake/mmstts/mmstts_1176.wav,fake,mmstts,neural_tts,train
mmstts_1177,vispoofdb_processed/fake/mmstts/mmstts_1177.wav,fake,mmstts,neural_tts,train
mmstts_1178,vispoofdb_processed/fake/mmstts/mmstts_1178.wav,fake,mmstts,neural_tts,train
mmstts_1179,vispoofdb_processed/fake/mmstts/mmstts_1179.wav,fake,mmstts,neural_tts,train
mmstts_1180,vispoofdb_processed/fake/mmstts/mmstts_1180.wav,fake,mmstts,neural_tts,train
mmstts_1181,vispoofdb_processed/fake/mmstts/mmstts_1181.wav,fake,mmstts,neural_tts,test_seen
mmstts_1182,vispoofdb_processed/fake/mmstts/mmstts_1182.wav,fake,mmstts,neural_tts,train
mmstts_1183,vispoofdb_processed/fake/mmstts/mmstts_1183.wav,fake,mmstts,neural_tts,test_seen
mmstts_1184,vispoofdb_processed/fake/mmstts/mmstts_1184.wav,fake,mmstts,neural_tts,test_seen
mmstts_1185,vispoofdb_processed/fake/mmstts/mmstts_1185.wav,fake,mmstts,neural_tts,train
mmstts_1186,vispoofdb_processed/fake/mmstts/mmstts_1186.wav,fake,mmstts,neural_tts,train
mmstts_1187,vispoofdb_processed/fake/mmstts/mmstts_1187.wav,fake,mmstts,neural_tts,train
mmstts_1188,vispoofdb_processed/fake/mmstts/mmstts_1188.wav,fake,mmstts,neural_tts,test_seen
mmstts_1189,vispoofdb_processed/fake/mmstts/mmstts_1189.wav,fake,mmstts,neural_tts,test_seen
mmstts_1190,vispoofdb_processed/fake/mmstts/mmstts_1190.wav,fake,mmstts,neural_tts,train
mmstts_1191,vispoofdb_processed/fake/mmstts/mmstts_1191.wav,fake,mmstts,neural_tts,train
mmstts_1192,vispoofdb_processed/fake/mmstts/mmstts_1192.wav,fake,mmstts,neural_tts,train
mmstts_1193,vispoofdb_processed/fake/mmstts/mmstts_1193.wav,fake,mmstts,neural_tts,train
mmstts_1194,vispoofdb_processed/fake/mmstts/mmstts_1194.wav,fake,mmstts,neural_tts,train
mmstts_1195,vispoofdb_processed/fake/mmstts/mmstts_1195.wav,fake,mmstts,neural_tts,train
mmstts_1196,vispoofdb_processed/fake/mmstts/mmstts_1196.wav,fake,mmstts,neural_tts,train
mmstts_1197,vispoofdb_processed/fake/mmstts/mmstts_1197.wav,fake,mmstts,neural_tts,train
mmstts_1198,vispoofdb_processed/fake/mmstts/mmstts_1198.wav,fake,mmstts,neural_tts,train
mmstts_1199,vispoofdb_processed/fake/mmstts/mmstts_1199.wav,fake,mmstts,neural_tts,train
zaloai_0000,vispoofdb_processed/fake/zaloai/zaloai_0000.wav,fake,zaloai,neural_tts_commercial,train
zaloai_0001,vispoofdb_processed/fake/zaloai/zaloai_0001.wav,fake,zaloai,neural_tts_commercial,train
zaloai_0002,vispoofdb_processed/fake/zaloai/zaloai_0002.wav,fake,zaloai,neural_tts_commercial,test_seen
zaloai_0003,vispoofdb_processed/fake/zaloai/zaloai_0003.wav,fake,zaloai,neural_tts_commercial,test_seen
zaloai_0004,vispoofdb_processed/fake/zaloai/zaloai_0004.wav,fake,zaloai,neural_tts_commercial,train
zaloai_0005,vispoofdb_processed/fake/zaloai/zaloai_0005.wav,fake,zaloai,neural_tts_commercial,train
zaloai_0006,vispoofdb_processed/fake/zaloai/zaloai_0006.wav,fake,zaloai,neural_tts_commercial,train
zaloai_0007,vispoofdb_processed/fake/zaloai/zaloai_0007.wav,fake,zaloai,neural_tts_commercial,train
zaloai_0008,vispoofdb_processed/fake/zaloai/zaloai_0008.wav,fake,zaloai,neural_tts_commercial,test_seen
zaloai_0009,vispoofdb_processed/fake/zaloai/zaloai_0009.wav,fake,zaloai,neural_tts_commercial,test_seen
zaloai_0010,vispoofdb_processed/fake/zaloai/zaloai_0010.wav,fake,zaloai,neural_tts_commercial,train
zaloai_0011,vispoofdb_processed/fake/zaloai/zaloai_0011.wav,fake,zaloai,neural_tts_commercial,test_seen
zaloai_0012,vispoofdb_processed/fake/zaloai/zaloai_0012.wav,fake,zaloai,neural_tts_commercial,train
zaloai_0013,vispoofdb_processed/fake/zaloai/zaloai_0013.wav,fake,zaloai,neural_tts_commercial,test_seen
zaloai_0014,vispoofdb_processed/fake/zaloai/zaloai_0014.wav,fake,zaloai,neural_tts_commercial,train
zaloai_0015,vispoofdb_processed/fake/zaloai/zaloai_0015.wav,fake,zaloai,neural_tts_commercial,train
zaloai_0016,vispoofdb_processed/fake/zaloai/zaloai_0016.wav,fake,zaloai,neural_tts_commercial,train
zaloai_0017,vispoofdb_processed/fake/zaloai/zaloai_0017.wav,fake,zaloai,neural_tts_commercial,train
zaloai_0018,vispoofdb_processed/fake/zaloai/zaloai_0018.wav,fake,zaloai,neural_tts_commercial,train
zaloai_0019,vispoofdb_processed/fake/zaloai/zaloai_0019.wav,fake,zaloai,neural_tts_commercial,train
zaloai_0020,vispoofdb_processed/fake/zaloai/zaloai_0020.wav,fake,zaloai,neural_tts_commercial,train
zaloai_0021,vispoofdb_processed/fake/zaloai/zaloai_0021.wav,fake,zaloai,neural_tts_commercial,train
zaloai_0022,vispoofdb_processed/fake/zaloai/zaloai_0022.wav,fake,zaloai,neural_tts_commercial,train
zaloai_0023,vispoofdb_processed/fake/zaloai/zaloai_0023.wav,fake,zaloai,neural_tts_commercial,train
zaloai_0024,vispoofdb_processed/fake/zaloai/zaloai_0024.wav,fake,zaloai,neural_tts_commercial,test_seen
zaloai_0025,vispoofdb_processed/fake/zaloai/zaloai_0025.wav,fake,zaloai,neural_tts_commercial,test_seen
zaloai_0026,vispoofdb_processed/fake/zaloai/zaloai_0026.wav,fake,zaloai,neural_tts_commercial,train
zaloai_0027,vispoofdb_processed/fake/zaloai/zaloai_0027.wav,fake,zaloai,neural_tts_commercial,train
zaloai_0028,vispoofdb_processed/fake/zaloai/zaloai_0028.wav,fake,zaloai,neural_tts_commercial,train
zaloai_0029,vispoofdb_processed/fake/zaloai/zaloai_0029.wav,fake,zaloai,neural_tts_commercial,train
zaloai_0030,vispoofdb_processed/fake/zaloai/zaloai_0030.wav,fake,zaloai,neural_tts_commercial,train
zaloai_0031,vispoofdb_processed/fake/zaloai/zaloai_0031.wav,fake,zaloai,neural_tts_commercial,train
zaloai_0032,vispoofdb_processed/fake/zaloai/zaloai_0032.wav,fake,zaloai,neural_tts_commercial,train
zaloai_0033,vispoofdb_processed/fake/zaloai/zaloai_0033.wav,fake,zaloai,neural_tts_commercial,train
zaloai_0034,vispoofdb_processed/fake/zaloai/zaloai_0034.wav,fake,zaloai,neural_tts_commercial,train
zaloai_0035,vispoofdb_processed/fake/zaloai/zaloai_0035.wav,fake,zaloai,neural_tts_commercial,train
zaloai_0036,vispoofdb_processed/fake/zaloai/zaloai_0036.wav,fake,zaloai,neural_tts_commercial,train
zaloai_0037,vispoofdb_processed/fake/zaloai/zaloai_0037.wav,fake,zaloai,neural_tts_commercial,train
zaloai_0038,vispoofdb_processed/fake/zaloai/zaloai_0038.wav,fake,zaloai,neural_tts_commercial,train
zaloai_0039,vispoofdb_processed/fake/zaloai/zaloai_0039.wav,fake,zaloai,neural_tts_commercial,test_seen
zaloai_0040,vispoofdb_processed/fake/zaloai/zaloai_0040.wav,fake,zaloai,neural_tts_commercial,train
zaloai_0041,vispoofdb_processed/fake/zaloai/zaloai_0041.wav,fake,zaloai,neural_tts_commercial,train
zaloai_0042,vispoofdb_processed/fake/zaloai/zaloai_0042.wav,fake,zaloai,neural_tts_commercial,train
zaloai_0043,vispoofdb_processed/fake/zaloai/zaloai_0043.wav,fake,zaloai,neural_tts_commercial,train
zaloai_0044,vispoofdb_processed/fake/zaloai/zaloai_0044.wav,fake,zaloai,neural_tts_commercial,train
zaloai_0045,vispoofdb_processed/fake/zaloai/zaloai_0045.wav,fake,zaloai,neural_tts_commercial,train
zaloai_0046,vispoofdb_processed/fake/zaloai/zaloai_0046.wav,fake,zaloai,neural_tts_commercial,train
zaloai_0047,vispoofdb_processed/fake/zaloai/zaloai_0047.wav,fake,zaloai,neural_tts_commercial,test_seen
zaloai_0048,vispoofdb_processed/fake/zaloai/zaloai_0048.wav,fake,zaloai,neural_tts_commercial,train
zaloai_0049,vispoofdb_processed/fake/zaloai/zaloai_0049.wav,fake,zaloai,neural_tts_commercial,train
zaloai_0050,vispoofdb_processed/fake/zaloai/zaloai_0050.wav,fake,zaloai,neural_tts_commercial,test_seen
zaloai_0051,vispoofdb_processed/fake/zaloai/zaloai_0051.wav,fake,zaloai,neural_tts_commercial,train
zaloai_0052,vispoofdb_processed/fake/zaloai/zaloai_0052.wav,fake,zaloai,neural_tts_commercial,train
zaloai_0053,vispoofdb_processed/fake/zaloai/zaloai_0053.wav,fake,zaloai,neural_tts_commercial,test_seen
zaloai_0054,vispoofdb_processed/fake/zaloai/zaloai_0054.wav,fake,zaloai,neural_tts_commercial,train
zaloai_0055,vispoofdb_processed/fake/zaloai/zaloai_0055.wav,fake,zaloai,neural_tts_commercial,train
zaloai_0056,vispoofdb_processed/fake/zaloai/zaloai_0056.wav,fake,zaloai,neural_tts_commercial,train
zaloai_0057,vispoofdb_processed/fake/zaloai/zaloai_0057.wav,fake,zaloai,neural_tts_commercial,train
zaloai_0058,vispoofdb_processed/fake/zaloai/zaloai_0058.wav,fake,zaloai,neural_tts_commercial,test_seen
zaloai_0059,vispoofdb_processed/fake/zaloai/zaloai_0059.wav,fake,zaloai,neural_tts_commercial,train
zaloai_0060,vispoofdb_processed/fake/zaloai/zaloai_0060.wav,fake,zaloai,neural_tts_commercial,train
zaloai_0061,vispoofdb_processed/fake/zaloai/zaloai_0061.wav,fake,zaloai,neural_tts_commercial,train
zaloai_0062,vispoofdb_processed/fake/zaloai/zaloai_0062.wav,fake,zaloai,neural_tts_commercial,test_seen
zaloai_0063,vispoofdb_processed/fake/zaloai/zaloai_0063.wav,fake,zaloai,neural_tts_commercial,test_seen
zaloai_0064,vispoofdb_processed/fake/zaloai/zaloai_0064.wav,fake,zaloai,neural_tts_commercial,train
zaloai_0065,vispoofdb_processed/fake/zaloai/zaloai_0065.wav,fake,zaloai,neural_tts_commercial,train
zaloai_0066,vispoofdb_processed/fake/zaloai/zaloai_0066.wav,fake,zaloai,neural_tts_commercial,train
zaloai_0067,vispoofdb_processed/fake/zaloai/zaloai_0067.wav,fake,zaloai,neural_tts_commercial,train
zaloai_0068,vispoofdb_processed/fake/zaloai/zaloai_0068.wav,fake,zaloai,neural_tts_commercial,train
zaloai_0069,vispoofdb_processed/fake/zaloai/zaloai_0069.wav,fake,zaloai,neural_tts_commercial,train
zaloai_0070,vispoofdb_processed/fake/zaloai/zaloai_0070.wav,fake,zaloai,neural_tts_commercial,train
zaloai_0071,vispoofdb_processed/fake/zaloai/zaloai_0071.wav,fake,zaloai,neural_tts_commercial,train
zaloai_0072,vispoofdb_processed/fake/zaloai/zaloai_0072.wav,fake,zaloai,neural_tts_commercial,train
zaloai_0073,vispoofdb_processed/fake/zaloai/zaloai_0073.wav,fake,zaloai,neural_tts_commercial,test_seen
zaloai_0074,vispoofdb_processed/fake/zaloai/zaloai_0074.wav,fake,zaloai,neural_tts_commercial,train
zaloai_0075,vispoofdb_processed/fake/zaloai/zaloai_0075.wav,fake,zaloai,neural_tts_commercial,train
zaloai_0076,vispoofdb_processed/fake/zaloai/zaloai_0076.wav,fake,zaloai,neural_tts_commercial,train
zaloai_0077,vispoofdb_processed/fake/zaloai/zaloai_0077.wav,fake,zaloai,neural_tts_commercial,train
zaloai_0078,vispoofdb_processed/fake/zaloai/zaloai_0078.wav,fake,zaloai,neural_tts_commercial,train
zaloai_0079,vispoofdb_processed/fake/zaloai/zaloai_0079.wav,fake,zaloai,neural_tts_commercial,test_seen
zaloai_0080,vispoofdb_processed/fake/zaloai/zaloai_0080.wav,fake,zaloai,neural_tts_commercial,train
zaloai_0081,vispoofdb_processed/fake/zaloai/zaloai_0081.wav,fake,zaloai,neural_tts_commercial,train
zaloai_0082,vispoofdb_processed/fake/zaloai/zaloai_0082.wav,fake,zaloai,neural_tts_commercial,train
zaloai_0083,vispoofdb_processed/fake/zaloai/zaloai_0083.wav,fake,zaloai,neural_tts_commercial,train
zaloai_0084,vispoofdb_processed/fake/zaloai/zaloai_0084.wav,fake,zaloai,neural_tts_commercial,train
zaloai_0085,vispoofdb_processed/fake/zaloai/zaloai_0085.wav,fake,zaloai,neural_tts_commercial,train
zaloai_0086,vispoofdb_processed/fake/zaloai/zaloai_0086.wav,fake,zaloai,neural_tts_commercial,train
zaloai_0087,vispoofdb_processed/fake/zaloai/zaloai_0087.wav,fake,zaloai,neural_tts_commercial,train
zaloai_0088,vispoofdb_processed/fake/zaloai/zaloai_0088.wav,fake,zaloai,neural_tts_commercial,train
zaloai_0089,vispoofdb_processed/fake/zaloai/zaloai_0089.wav,fake,zaloai,neural_tts_commercial,train
zaloai_0090,vispoofdb_processed/fake/zaloai/zaloai_0090.wav,fake,zaloai,neural_tts_commercial,train
zaloai_0091,vispoofdb_processed/fake/zaloai/zaloai_0091.wav,fake,zaloai,neural_tts_commercial,test_seen
zaloai_0092,vispoofdb_processed/fake/zaloai/zaloai_0092.wav,fake,zaloai,neural_tts_commercial,train
zaloai_0093,vispoofdb_processed/fake/zaloai/zaloai_0093.wav,fake,zaloai,neural_tts_commercial,train
zaloai_0094,vispoofdb_processed/fake/zaloai/zaloai_0094.wav,fake,zaloai,neural_tts_commercial,train
zaloai_0095,vispoofdb_processed/fake/zaloai/zaloai_0095.wav,fake,zaloai,neural_tts_commercial,test_seen
zaloai_0096,vispoofdb_processed/fake/zaloai/zaloai_0096.wav,fake,zaloai,neural_tts_commercial,test_seen
zaloai_0097,vispoofdb_processed/fake/zaloai/zaloai_0097.wav,fake,zaloai,neural_tts_commercial,test_seen
zaloai_0098,vispoofdb_processed/fake/zaloai/zaloai_0098.wav,fake,zaloai,neural_tts_commercial,train
zaloai_0099,vispoofdb_processed/fake/zaloai/zaloai_0099.wav,fake,zaloai,neural_tts_commercial,train
zaloai_0100,vispoofdb_processed/fake/zaloai/zaloai_0100.wav,fake,zaloai,neural_tts_commercial,train
zaloai_0101,vispoofdb_processed/fake/zaloai/zaloai_0101.wav,fake,zaloai,neural_tts_commercial,train
zaloai_0102,vispoofdb_processed/fake/zaloai/zaloai_0102.wav,fake,zaloai,neural_tts_commercial,train
zaloai_0103,vispoofdb_processed/fake/zaloai/zaloai_0103.wav,fake,zaloai,neural_tts_commercial,train
zaloai_0104,vispoofdb_processed/fake/zaloai/zaloai_0104.wav,fake,zaloai,neural_tts_commercial,train
zaloai_0105,vispoofdb_processed/fake/zaloai/zaloai_0105.wav,fake,zaloai,neural_tts_commercial,train
zaloai_0106,vispoofdb_processed/fake/zaloai/zaloai_0106.wav,fake,zaloai,neural_tts_commercial,train
zaloai_0107,vispoofdb_processed/fake/zaloai/zaloai_0107.wav,fake,zaloai,neural_tts_commercial,train
zaloai_0108,vispoofdb_processed/fake/zaloai/zaloai_0108.wav,fake,zaloai,neural_tts_commercial,train
zaloai_0109,vispoofdb_processed/fake/zaloai/zaloai_0109.wav,fake,zaloai,neural_tts_commercial,train
zaloai_0110,vispoofdb_processed/fake/zaloai/zaloai_0110.wav,fake,zaloai,neural_tts_commercial,train
zaloai_0111,vispoofdb_processed/fake/zaloai/zaloai_0111.wav,fake,zaloai,neural_tts_commercial,train
zaloai_0112,vispoofdb_processed/fake/zaloai/zaloai_0112.wav,fake,zaloai,neural_tts_commercial,train
zaloai_0113,vispoofdb_processed/fake/zaloai/zaloai_0113.wav,fake,zaloai,neural_tts_commercial,test_seen
zaloai_0114,vispoofdb_processed/fake/zaloai/zaloai_0114.wav,fake,zaloai,neural_tts_commercial,test_seen
zaloai_0115,vispoofdb_processed/fake/zaloai/zaloai_0115.wav,fake,zaloai,neural_tts_commercial,test_seen
zaloai_0116,vispoofdb_processed/fake/zaloai/zaloai_0116.wav,fake,zaloai,neural_tts_commercial,train
zaloai_0117,vispoofdb_processed/fake/zaloai/zaloai_0117.wav,fake,zaloai,neural_tts_commercial,train
zaloai_0118,vispoofdb_processed/fake/zaloai/zaloai_0118.wav,fake,zaloai,neural_tts_commercial,test_seen
zaloai_0119,vispoofdb_processed/fake/zaloai/zaloai_0119.wav,fake,zaloai,neural_tts_commercial,train
zaloai_0120,vispoofdb_processed/fake/zaloai/zaloai_0120.wav,fake,zaloai,neural_tts_commercial,test_seen
zaloai_0121,vispoofdb_processed/fake/zaloai/zaloai_0121.wav,fake,zaloai,neural_tts_commercial,train
zaloai_0122,vispoofdb_processed/fake/zaloai/zaloai_0122.wav,fake,zaloai,neural_tts_commercial,train
zaloai_0123,vispoofdb_processed/fake/zaloai/zaloai_0123.wav,fake,zaloai,neural_tts_commercial,train
zaloai_0124,vispoofdb_processed/fake/zaloai/zaloai_0124.wav,fake,zaloai,neural_tts_commercial,train
zaloai_0125,vispoofdb_processed/fake/zaloai/zaloai_0125.wav,fake,zaloai,neural_tts_commercial,train
zaloai_0126,vispoofdb_processed/fake/zaloai/zaloai_0126.wav,fake,zaloai,neural_tts_commercial,train
zaloai_0127,vispoofdb_processed/fake/zaloai/zaloai_0127.wav,fake,zaloai,neural_tts_commercial,train
zaloai_0128,vispoofdb_processed/fake/zaloai/zaloai_0128.wav,fake,zaloai,neural_tts_commercial,test_seen
zaloai_0129,vispoofdb_processed/fake/zaloai/zaloai_0129.wav,fake,zaloai,neural_tts_commercial,train
zaloai_0130,vispoofdb_processed/fake/zaloai/zaloai_0130.wav,fake,zaloai,neural_tts_commercial,train
zaloai_0131,vispoofdb_processed/fake/zaloai/zaloai_0131.wav,fake,zaloai,neural_tts_commercial,train
zaloai_0132,vispoofdb_processed/fake/zaloai/zaloai_0132.wav,fake,zaloai,neural_tts_commercial,train
zaloai_0133,vispoofdb_processed/fake/zaloai/zaloai_0133.wav,fake,zaloai,neural_tts_commercial,test_seen
zaloai_0134,vispoofdb_processed/fake/zaloai/zaloai_0134.wav,fake,zaloai,neural_tts_commercial,train
zaloai_0135,vispoofdb_processed/fake/zaloai/zaloai_0135.wav,fake,zaloai,neural_tts_commercial,test_seen
zaloai_0136,vispoofdb_processed/fake/zaloai/zaloai_0136.wav,fake,zaloai,neural_tts_commercial,train
zaloai_0137,vispoofdb_processed/fake/zaloai/zaloai_0137.wav,fake,zaloai,neural_tts_commercial,test_seen
zaloai_0138,vispoofdb_processed/fake/zaloai/zaloai_0138.wav,fake,zaloai,neural_tts_commercial,train
zaloai_0139,vispoofdb_processed/fake/zaloai/zaloai_0139.wav,fake,zaloai,neural_tts_commercial,train
zaloai_0140,vispoofdb_processed/fake/zaloai/zaloai_0140.wav,fake,zaloai,neural_tts_commercial,train
zaloai_0141,vispoofdb_processed/fake/zaloai/zaloai_0141.wav,fake,zaloai,neural_tts_commercial,train
zaloai_0142,vispoofdb_processed/fake/zaloai/zaloai_0142.wav,fake,zaloai,neural_tts_commercial,train
zaloai_0143,vispoofdb_processed/fake/zaloai/zaloai_0143.wav,fake,zaloai,neural_tts_commercial,train
zaloai_0144,vispoofdb_processed/fake/zaloai/zaloai_0144.wav,fake,zaloai,neural_tts_commercial,train
zaloai_0145,vispoofdb_processed/fake/zaloai/zaloai_0145.wav,fake,zaloai,neural_tts_commercial,train
zaloai_0146,vispoofdb_processed/fake/zaloai/zaloai_0146.wav,fake,zaloai,neural_tts_commercial,train
zaloai_0147,vispoofdb_processed/fake/zaloai/zaloai_0147.wav,fake,zaloai,neural_tts_commercial,train
zaloai_0148,vispoofdb_processed/fake/zaloai/zaloai_0148.wav,fake,zaloai,neural_tts_commercial,train
zaloai_0149,vispoofdb_processed/fake/zaloai/zaloai_0149.wav,fake,zaloai,neural_tts_commercial,train
zaloai_0150,vispoofdb_processed/fake/zaloai/zaloai_0150.wav,fake,zaloai,neural_tts_commercial,test_seen
zaloai_0151,vispoofdb_processed/fake/zaloai/zaloai_0151.wav,fake,zaloai,neural_tts_commercial,train
zaloai_0152,vispoofdb_processed/fake/zaloai/zaloai_0152.wav,fake,zaloai,neural_tts_commercial,test_seen
zaloai_0153,vispoofdb_processed/fake/zaloai/zaloai_0153.wav,fake,zaloai,neural_tts_commercial,train
zaloai_0154,vispoofdb_processed/fake/zaloai/zaloai_0154.wav,fake,zaloai,neural_tts_commercial,train
zaloai_0155,vispoofdb_processed/fake/zaloai/zaloai_0155.wav,fake,zaloai,neural_tts_commercial,train
zaloai_0156,vispoofdb_processed/fake/zaloai/zaloai_0156.wav,fake,zaloai,neural_tts_commercial,train
zaloai_0157,vispoofdb_processed/fake/zaloai/zaloai_0157.wav,fake,zaloai,neural_tts_commercial,train
zaloai_0158,vispoofdb_processed/fake/zaloai/zaloai_0158.wav,fake,zaloai,neural_tts_commercial,train
zaloai_0159,vispoofdb_processed/fake/zaloai/zaloai_0159.wav,fake,zaloai,neural_tts_commercial,train
zaloai_0160,vispoofdb_processed/fake/zaloai/zaloai_0160.wav,fake,zaloai,neural_tts_commercial,train
zaloai_0161,vispoofdb_processed/fake/zaloai/zaloai_0161.wav,fake,zaloai,neural_tts_commercial,train
zaloai_0162,vispoofdb_processed/fake/zaloai/zaloai_0162.wav,fake,zaloai,neural_tts_commercial,train
zaloai_0163,vispoofdb_processed/fake/zaloai/zaloai_0163.wav,fake,zaloai,neural_tts_commercial,train
zaloai_0164,vispoofdb_processed/fake/zaloai/zaloai_0164.wav,fake,zaloai,neural_tts_commercial,test_seen
zaloai_0165,vispoofdb_processed/fake/zaloai/zaloai_0165.wav,fake,zaloai,neural_tts_commercial,train
zaloai_0166,vispoofdb_processed/fake/zaloai/zaloai_0166.wav,fake,zaloai,neural_tts_commercial,train
zaloai_0167,vispoofdb_processed/fake/zaloai/zaloai_0167.wav,fake,zaloai,neural_tts_commercial,train
zaloai_0168,vispoofdb_processed/fake/zaloai/zaloai_0168.wav,fake,zaloai,neural_tts_commercial,test_seen
zaloai_0169,vispoofdb_processed/fake/zaloai/zaloai_0169.wav,fake,zaloai,neural_tts_commercial,train
zaloai_0170,vispoofdb_processed/fake/zaloai/zaloai_0170.wav,fake,zaloai,neural_tts_commercial,train
zaloai_0171,vispoofdb_processed/fake/zaloai/zaloai_0171.wav,fake,zaloai,neural_tts_commercial,train
zaloai_0172,vispoofdb_processed/fake/zaloai/zaloai_0172.wav,fake,zaloai,neural_tts_commercial,test_seen
zaloai_0173,vispoofdb_processed/fake/zaloai/zaloai_0173.wav,fake,zaloai,neural_tts_commercial,train
zaloai_0174,vispoofdb_processed/fake/zaloai/zaloai_0174.wav,fake,zaloai,neural_tts_commercial,train
zaloai_0175,vispoofdb_processed/fake/zaloai/zaloai_0175.wav,fake,zaloai,neural_tts_commercial,train
zaloai_0176,vispoofdb_processed/fake/zaloai/zaloai_0176.wav,fake,zaloai,neural_tts_commercial,test_seen
zaloai_0177,vispoofdb_processed/fake/zaloai/zaloai_0177.wav,fake,zaloai,neural_tts_commercial,test_seen
zaloai_0178,vispoofdb_processed/fake/zaloai/zaloai_0178.wav,fake,zaloai,neural_tts_commercial,train
zaloai_0179,vispoofdb_processed/fake/zaloai/zaloai_0179.wav,fake,zaloai,neural_tts_commercial,train
zaloai_0180,vispoofdb_processed/fake/zaloai/zaloai_0180.wav,fake,zaloai,neural_tts_commercial,test_seen
zaloai_0181,vispoofdb_processed/fake/zaloai/zaloai_0181.wav,fake,zaloai,neural_tts_commercial,train
zaloai_0182,vispoofdb_processed/fake/zaloai/zaloai_0182.wav,fake,zaloai,neural_tts_commercial,test_seen
zaloai_0183,vispoofdb_processed/fake/zaloai/zaloai_0183.wav,fake,zaloai,neural_tts_commercial,train
zaloai_0184,vispoofdb_processed/fake/zaloai/zaloai_0184.wav,fake,zaloai,neural_tts_commercial,test_seen
zaloai_0185,vispoofdb_processed/fake/zaloai/zaloai_0185.wav,fake,zaloai,neural_tts_commercial,train
zaloai_0186,vispoofdb_processed/fake/zaloai/zaloai_0186.wav,fake,zaloai,neural_tts_commercial,train
zaloai_0187,vispoofdb_processed/fake/zaloai/zaloai_0187.wav,fake,zaloai,neural_tts_commercial,train
zaloai_0188,vispoofdb_processed/fake/zaloai/zaloai_0188.wav,fake,zaloai,neural_tts_commercial,train
zaloai_0189,vispoofdb_processed/fake/zaloai/zaloai_0189.wav,fake,zaloai,neural_tts_commercial,train
zaloai_0190,vispoofdb_processed/fake/zaloai/zaloai_0190.wav,fake,zaloai,neural_tts_commercial,train
zaloai_0191,vispoofdb_processed/fake/zaloai/zaloai_0191.wav,fake,zaloai,neural_tts_commercial,train
zaloai_0192,vispoofdb_processed/fake/zaloai/zaloai_0192.wav,fake,zaloai,neural_tts_commercial,train
zaloai_0193,vispoofdb_processed/fake/zaloai/zaloai_0193.wav,fake,zaloai,neural_tts_commercial,train
zaloai_0194,vispoofdb_processed/fake/zaloai/zaloai_0194.wav,fake,zaloai,neural_tts_commercial,train
zaloai_0195,vispoofdb_processed/fake/zaloai/zaloai_0195.wav,fake,zaloai,neural_tts_commercial,train
zaloai_0196,vispoofdb_processed/fake/zaloai/zaloai_0196.wav,fake,zaloai,neural_tts_commercial,test_seen
zaloai_0197,vispoofdb_processed/fake/zaloai/zaloai_0197.wav,fake,zaloai,neural_tts_commercial,train
zaloai_0198,vispoofdb_processed/fake/zaloai/zaloai_0198.wav,fake,zaloai,neural_tts_commercial,train
zaloai_0199,vispoofdb_processed/fake/zaloai/zaloai_0199.wav,fake,zaloai,neural_tts_commercial,train
zaloai_0200,vispoofdb_processed/fake/zaloai/zaloai_0200.wav,fake,zaloai,neural_tts_commercial,train
zaloai_0201,vispoofdb_processed/fake/zaloai/zaloai_0201.wav,fake,zaloai,neural_tts_commercial,train
zaloai_0202,vispoofdb_processed/fake/zaloai/zaloai_0202.wav,fake,zaloai,neural_tts_commercial,train
zaloai_0203,vispoofdb_processed/fake/zaloai/zaloai_0203.wav,fake,zaloai,neural_tts_commercial,train
zaloai_0204,vispoofdb_processed/fake/zaloai/zaloai_0204.wav,fake,zaloai,neural_tts_commercial,train
zaloai_0205,vispoofdb_processed/fake/zaloai/zaloai_0205.wav,fake,zaloai,neural_tts_commercial,train
zaloai_0206,vispoofdb_processed/fake/zaloai/zaloai_0206.wav,fake,zaloai,neural_tts_commercial,train
zaloai_0207,vispoofdb_processed/fake/zaloai/zaloai_0207.wav,fake,zaloai,neural_tts_commercial,train
zaloai_0208,vispoofdb_processed/fake/zaloai/zaloai_0208.wav,fake,zaloai,neural_tts_commercial,train
zaloai_0209,vispoofdb_processed/fake/zaloai/zaloai_0209.wav,fake,zaloai,neural_tts_commercial,train
zaloai_0210,vispoofdb_processed/fake/zaloai/zaloai_0210.wav,fake,zaloai,neural_tts_commercial,train
zaloai_0211,vispoofdb_processed/fake/zaloai/zaloai_0211.wav,fake,zaloai,neural_tts_commercial,train
zaloai_0212,vispoofdb_processed/fake/zaloai/zaloai_0212.wav,fake,zaloai,neural_tts_commercial,train
zaloai_0213,vispoofdb_processed/fake/zaloai/zaloai_0213.wav,fake,zaloai,neural_tts_commercial,train
zaloai_0214,vispoofdb_processed/fake/zaloai/zaloai_0214.wav,fake,zaloai,neural_tts_commercial,train
zaloai_0215,vispoofdb_processed/fake/zaloai/zaloai_0215.wav,fake,zaloai,neural_tts_commercial,train
zaloai_0216,vispoofdb_processed/fake/zaloai/zaloai_0216.wav,fake,zaloai,neural_tts_commercial,train
zaloai_0217,vispoofdb_processed/fake/zaloai/zaloai_0217.wav,fake,zaloai,neural_tts_commercial,train
zaloai_0218,vispoofdb_processed/fake/zaloai/zaloai_0218.wav,fake,zaloai,neural_tts_commercial,train
zaloai_0219,vispoofdb_processed/fake/zaloai/zaloai_0219.wav,fake,zaloai,neural_tts_commercial,train
zaloai_0220,vispoofdb_processed/fake/zaloai/zaloai_0220.wav,fake,zaloai,neural_tts_commercial,test_seen
zaloai_0221,vispoofdb_processed/fake/zaloai/zaloai_0221.wav,fake,zaloai,neural_tts_commercial,train
zaloai_0222,vispoofdb_processed/fake/zaloai/zaloai_0222.wav,fake,zaloai,neural_tts_commercial,train
zaloai_0223,vispoofdb_processed/fake/zaloai/zaloai_0223.wav,fake,zaloai,neural_tts_commercial,train
zaloai_0224,vispoofdb_processed/fake/zaloai/zaloai_0224.wav,fake,zaloai,neural_tts_commercial,train
zaloai_0225,vispoofdb_processed/fake/zaloai/zaloai_0225.wav,fake,zaloai,neural_tts_commercial,train
zaloai_0226,vispoofdb_processed/fake/zaloai/zaloai_0226.wav,fake,zaloai,neural_tts_commercial,train
zaloai_0227,vispoofdb_processed/fake/zaloai/zaloai_0227.wav,fake,zaloai,neural_tts_commercial,train
zaloai_0228,vispoofdb_processed/fake/zaloai/zaloai_0228.wav,fake,zaloai,neural_tts_commercial,test_seen
zaloai_0229,vispoofdb_processed/fake/zaloai/zaloai_0229.wav,fake,zaloai,neural_tts_commercial,train
zaloai_0230,vispoofdb_processed/fake/zaloai/zaloai_0230.wav,fake,zaloai,neural_tts_commercial,train
zaloai_0231,vispoofdb_processed/fake/zaloai/zaloai_0231.wav,fake,zaloai,neural_tts_commercial,train
zaloai_0232,vispoofdb_processed/fake/zaloai/zaloai_0232.wav,fake,zaloai,neural_tts_commercial,train
zaloai_0233,vispoofdb_processed/fake/zaloai/zaloai_0233.wav,fake,zaloai,neural_tts_commercial,test_seen
zaloai_0234,vispoofdb_processed/fake/zaloai/zaloai_0234.wav,fake,zaloai,neural_tts_commercial,train
zaloai_0235,vispoofdb_processed/fake/zaloai/zaloai_0235.wav,fake,zaloai,neural_tts_commercial,train
zaloai_0236,vispoofdb_processed/fake/zaloai/zaloai_0236.wav,fake,zaloai,neural_tts_commercial,train
zaloai_0237,vispoofdb_processed/fake/zaloai/zaloai_0237.wav,fake,zaloai,neural_tts_commercial,train
zaloai_0238,vispoofdb_processed/fake/zaloai/zaloai_0238.wav,fake,zaloai,neural_tts_commercial,train
zaloai_0239,vispoofdb_processed/fake/zaloai/zaloai_0239.wav,fake,zaloai,neural_tts_commercial,train
zaloai_0240,vispoofdb_processed/fake/zaloai/zaloai_0240.wav,fake,zaloai,neural_tts_commercial,train
zaloai_0241,vispoofdb_processed/fake/zaloai/zaloai_0241.wav,fake,zaloai,neural_tts_commercial,train
zaloai_0242,vispoofdb_processed/fake/zaloai/zaloai_0242.wav,fake,zaloai,neural_tts_commercial,train
zaloai_0243,vispoofdb_processed/fake/zaloai/zaloai_0243.wav,fake,zaloai,neural_tts_commercial,train
zaloai_0244,vispoofdb_processed/fake/zaloai/zaloai_0244.wav,fake,zaloai,neural_tts_commercial,train
zaloai_0245,vispoofdb_processed/fake/zaloai/zaloai_0245.wav,fake,zaloai,neural_tts_commercial,train
zaloai_0246,vispoofdb_processed/fake/zaloai/zaloai_0246.wav,fake,zaloai,neural_tts_commercial,test_seen
zaloai_0247,vispoofdb_processed/fake/zaloai/zaloai_0247.wav,fake,zaloai,neural_tts_commercial,train
zaloai_0248,vispoofdb_processed/fake/zaloai/zaloai_0248.wav,fake,zaloai,neural_tts_commercial,train
zaloai_0249,vispoofdb_processed/fake/zaloai/zaloai_0249.wav,fake,zaloai,neural_tts_commercial,train
zaloai_0250,vispoofdb_processed/fake/zaloai/zaloai_0250.wav,fake,zaloai,neural_tts_commercial,train
zaloai_0251,vispoofdb_processed/fake/zaloai/zaloai_0251.wav,fake,zaloai,neural_tts_commercial,train
zaloai_0252,vispoofdb_processed/fake/zaloai/zaloai_0252.wav,fake,zaloai,neural_tts_commercial,train
zaloai_0253,vispoofdb_processed/fake/zaloai/zaloai_0253.wav,fake,zaloai,neural_tts_commercial,train
zaloai_0254,vispoofdb_processed/fake/zaloai/zaloai_0254.wav,fake,zaloai,neural_tts_commercial,train
zaloai_0255,vispoofdb_processed/fake/zaloai/zaloai_0255.wav,fake,zaloai,neural_tts_commercial,test_seen
zaloai_0256,vispoofdb_processed/fake/zaloai/zaloai_0256.wav,fake,zaloai,neural_tts_commercial,test_seen
zaloai_0257,vispoofdb_processed/fake/zaloai/zaloai_0257.wav,fake,zaloai,neural_tts_commercial,test_seen
zaloai_0258,vispoofdb_processed/fake/zaloai/zaloai_0258.wav,fake,zaloai,neural_tts_commercial,train
zaloai_0259,vispoofdb_processed/fake/zaloai/zaloai_0259.wav,fake,zaloai,neural_tts_commercial,train
zaloai_0260,vispoofdb_processed/fake/zaloai/zaloai_0260.wav,fake,zaloai,neural_tts_commercial,test_seen
zaloai_0261,vispoofdb_processed/fake/zaloai/zaloai_0261.wav,fake,zaloai,neural_tts_commercial,train
zaloai_0262,vispoofdb_processed/fake/zaloai/zaloai_0262.wav,fake,zaloai,neural_tts_commercial,train
zaloai_0263,vispoofdb_processed/fake/zaloai/zaloai_0263.wav,fake,zaloai,neural_tts_commercial,train
zaloai_0264,vispoofdb_processed/fake/zaloai/zaloai_0264.wav,fake,zaloai,neural_tts_commercial,train
zaloai_0265,vispoofdb_processed/fake/zaloai/zaloai_0265.wav,fake,zaloai,neural_tts_commercial,train
zaloai_0266,vispoofdb_processed/fake/zaloai/zaloai_0266.wav,fake,zaloai,neural_tts_commercial,train
zaloai_0267,vispoofdb_processed/fake/zaloai/zaloai_0267.wav,fake,zaloai,neural_tts_commercial,test_seen
zaloai_0268,vispoofdb_processed/fake/zaloai/zaloai_0268.wav,fake,zaloai,neural_tts_commercial,train
zaloai_0269,vispoofdb_processed/fake/zaloai/zaloai_0269.wav,fake,zaloai,neural_tts_commercial,train
zaloai_0270,vispoofdb_processed/fake/zaloai/zaloai_0270.wav,fake,zaloai,neural_tts_commercial,train
zaloai_0271,vispoofdb_processed/fake/zaloai/zaloai_0271.wav,fake,zaloai,neural_tts_commercial,train
zaloai_0272,vispoofdb_processed/fake/zaloai/zaloai_0272.wav,fake,zaloai,neural_tts_commercial,test_seen
zaloai_0273,vispoofdb_processed/fake/zaloai/zaloai_0273.wav,fake,zaloai,neural_tts_commercial,train
zaloai_0274,vispoofdb_processed/fake/zaloai/zaloai_0274.wav,fake,zaloai,neural_tts_commercial,train
zaloai_0275,vispoofdb_processed/fake/zaloai/zaloai_0275.wav,fake,zaloai,neural_tts_commercial,test_seen
zaloai_0276,vispoofdb_processed/fake/zaloai/zaloai_0276.wav,fake,zaloai,neural_tts_commercial,train
zaloai_0277,vispoofdb_processed/fake/zaloai/zaloai_0277.wav,fake,zaloai,neural_tts_commercial,test_seen
zaloai_0278,vispoofdb_processed/fake/zaloai/zaloai_0278.wav,fake,zaloai,neural_tts_commercial,train
zaloai_0279,vispoofdb_processed/fake/zaloai/zaloai_0279.wav,fake,zaloai,neural_tts_commercial,train
zaloai_0280,vispoofdb_processed/fake/zaloai/zaloai_0280.wav,fake,zaloai,neural_tts_commercial,train
zaloai_0281,vispoofdb_processed/fake/zaloai/zaloai_0281.wav,fake,zaloai,neural_tts_commercial,train
zaloai_0282,vispoofdb_processed/fake/zaloai/zaloai_0282.wav,fake,zaloai,neural_tts_commercial,train
zaloai_0283,vispoofdb_processed/fake/zaloai/zaloai_0283.wav,fake,zaloai,neural_tts_commercial,train
zaloai_0284,vispoofdb_processed/fake/zaloai/zaloai_0284.wav,fake,zaloai,neural_tts_commercial,train
zaloai_0285,vispoofdb_processed/fake/zaloai/zaloai_0285.wav,fake,zaloai,neural_tts_commercial,train
zaloai_0286,vispoofdb_processed/fake/zaloai/zaloai_0286.wav,fake,zaloai,neural_tts_commercial,train
zaloai_0287,vispoofdb_processed/fake/zaloai/zaloai_0287.wav,fake,zaloai,neural_tts_commercial,train
zaloai_0288,vispoofdb_processed/fake/zaloai/zaloai_0288.wav,fake,zaloai,neural_tts_commercial,train
zaloai_0289,vispoofdb_processed/fake/zaloai/zaloai_0289.wav,fake,zaloai,neural_tts_commercial,train
zaloai_0290,vispoofdb_processed/fake/zaloai/zaloai_0290.wav,fake,zaloai,neural_tts_commercial,train
zaloai_0291,vispoofdb_processed/fake/zaloai/zaloai_0291.wav,fake,zaloai,neural_tts_commercial,train
zaloai_0292,vispoofdb_processed/fake/zaloai/zaloai_0292.wav,fake,zaloai,neural_tts_commercial,test_seen
zaloai_0293,vispoofdb_processed/fake/zaloai/zaloai_0293.wav,fake,zaloai,neural_tts_commercial,train
zaloai_0294,vispoofdb_processed/fake/zaloai/zaloai_0294.wav,fake,zaloai,neural_tts_commercial,train
zaloai_0295,vispoofdb_processed/fake/zaloai/zaloai_0295.wav,fake,zaloai,neural_tts_commercial,train
zaloai_0296,vispoofdb_processed/fake/zaloai/zaloai_0296.wav,fake,zaloai,neural_tts_commercial,test_seen
zaloai_0297,vispoofdb_processed/fake/zaloai/zaloai_0297.wav,fake,zaloai,neural_tts_commercial,train
zaloai_0298,vispoofdb_processed/fake/zaloai/zaloai_0298.wav,fake,zaloai,neural_tts_commercial,train
zaloai_0299,vispoofdb_processed/fake/zaloai/zaloai_0299.wav,fake,zaloai,neural_tts_commercial,train
zaloai_0300,vispoofdb_processed/fake/zaloai/zaloai_0300.wav,fake,zaloai,neural_tts_commercial,train
zaloai_0301,vispoofdb_processed/fake/zaloai/zaloai_0301.wav,fake,zaloai,neural_tts_commercial,train
zaloai_0302,vispoofdb_processed/fake/zaloai/zaloai_0302.wav,fake,zaloai,neural_tts_commercial,train
zaloai_0303,vispoofdb_processed/fake/zaloai/zaloai_0303.wav,fake,zaloai,neural_tts_commercial,train
zaloai_0304,vispoofdb_processed/fake/zaloai/zaloai_0304.wav,fake,zaloai,neural_tts_commercial,train
zaloai_0305,vispoofdb_processed/fake/zaloai/zaloai_0305.wav,fake,zaloai,neural_tts_commercial,train
zaloai_0306,vispoofdb_processed/fake/zaloai/zaloai_0306.wav,fake,zaloai,neural_tts_commercial,train
zaloai_0307,vispoofdb_processed/fake/zaloai/zaloai_0307.wav,fake,zaloai,neural_tts_commercial,train
zaloai_0308,vispoofdb_processed/fake/zaloai/zaloai_0308.wav,fake,zaloai,neural_tts_commercial,test_seen
zaloai_0309,vispoofdb_processed/fake/zaloai/zaloai_0309.wav,fake,zaloai,neural_tts_commercial,train
zaloai_0310,vispoofdb_processed/fake/zaloai/zaloai_0310.wav,fake,zaloai,neural_tts_commercial,train
zaloai_0311,vispoofdb_processed/fake/zaloai/zaloai_0311.wav,fake,zaloai,neural_tts_commercial,train
zaloai_0312,vispoofdb_processed/fake/zaloai/zaloai_0312.wav,fake,zaloai,neural_tts_commercial,train
zaloai_0313,vispoofdb_processed/fake/zaloai/zaloai_0313.wav,fake,zaloai,neural_tts_commercial,train
zaloai_0314,vispoofdb_processed/fake/zaloai/zaloai_0314.wav,fake,zaloai,neural_tts_commercial,train
zaloai_0315,vispoofdb_processed/fake/zaloai/zaloai_0315.wav,fake,zaloai,neural_tts_commercial,train
zaloai_0316,vispoofdb_processed/fake/zaloai/zaloai_0316.wav,fake,zaloai,neural_tts_commercial,train
zaloai_0317,vispoofdb_processed/fake/zaloai/zaloai_0317.wav,fake,zaloai,neural_tts_commercial,train
zaloai_0318,vispoofdb_processed/fake/zaloai/zaloai_0318.wav,fake,zaloai,neural_tts_commercial,train
zaloai_0319,vispoofdb_processed/fake/zaloai/zaloai_0319.wav,fake,zaloai,neural_tts_commercial,test_seen
zaloai_0320,vispoofdb_processed/fake/zaloai/zaloai_0320.wav,fake,zaloai,neural_tts_commercial,test_seen
zaloai_0321,vispoofdb_processed/fake/zaloai/zaloai_0321.wav,fake,zaloai,neural_tts_commercial,train
zaloai_0322,vispoofdb_processed/fake/zaloai/zaloai_0322.wav,fake,zaloai,neural_tts_commercial,train
zaloai_0323,vispoofdb_processed/fake/zaloai/zaloai_0323.wav,fake,zaloai,neural_tts_commercial,train
zaloai_0324,vispoofdb_processed/fake/zaloai/zaloai_0324.wav,fake,zaloai,neural_tts_commercial,train
zaloai_0325,vispoofdb_processed/fake/zaloai/zaloai_0325.wav,fake,zaloai,neural_tts_commercial,train
zaloai_0326,vispoofdb_processed/fake/zaloai/zaloai_0326.wav,fake,zaloai,neural_tts_commercial,test_seen
zaloai_0327,vispoofdb_processed/fake/zaloai/zaloai_0327.wav,fake,zaloai,neural_tts_commercial,train
zaloai_0328,vispoofdb_processed/fake/zaloai/zaloai_0328.wav,fake,zaloai,neural_tts_commercial,test_seen
zaloai_0329,vispoofdb_processed/fake/zaloai/zaloai_0329.wav,fake,zaloai,neural_tts_commercial,train
zaloai_0330,vispoofdb_processed/fake/zaloai/zaloai_0330.wav,fake,zaloai,neural_tts_commercial,test_seen
zaloai_0331,vispoofdb_processed/fake/zaloai/zaloai_0331.wav,fake,zaloai,neural_tts_commercial,test_seen
zaloai_0332,vispoofdb_processed/fake/zaloai/zaloai_0332.wav,fake,zaloai,neural_tts_commercial,train
zaloai_0333,vispoofdb_processed/fake/zaloai/zaloai_0333.wav,fake,zaloai,neural_tts_commercial,train
zaloai_0334,vispoofdb_processed/fake/zaloai/zaloai_0334.wav,fake,zaloai,neural_tts_commercial,train
zaloai_0335,vispoofdb_processed/fake/zaloai/zaloai_0335.wav,fake,zaloai,neural_tts_commercial,test_seen
zaloai_0336,vispoofdb_processed/fake/zaloai/zaloai_0336.wav,fake,zaloai,neural_tts_commercial,train
zaloai_0337,vispoofdb_processed/fake/zaloai/zaloai_0337.wav,fake,zaloai,neural_tts_commercial,train
zaloai_0338,vispoofdb_processed/fake/zaloai/zaloai_0338.wav,fake,zaloai,neural_tts_commercial,test_seen
zaloai_0339,vispoofdb_processed/fake/zaloai/zaloai_0339.wav,fake,zaloai,neural_tts_commercial,train
zaloai_0340,vispoofdb_processed/fake/zaloai/zaloai_0340.wav,fake,zaloai,neural_tts_commercial,train
zaloai_0341,vispoofdb_processed/fake/zaloai/zaloai_0341.wav,fake,zaloai,neural_tts_commercial,train
zaloai_0342,vispoofdb_processed/fake/zaloai/zaloai_0342.wav,fake,zaloai,neural_tts_commercial,train
zaloai_0343,vispoofdb_processed/fake/zaloai/zaloai_0343.wav,fake,zaloai,neural_tts_commercial,train
zaloai_0344,vispoofdb_processed/fake/zaloai/zaloai_0344.wav,fake,zaloai,neural_tts_commercial,train
zaloai_0345,vispoofdb_processed/fake/zaloai/zaloai_0345.wav,fake,zaloai,neural_tts_commercial,train
zaloai_0346,vispoofdb_processed/fake/zaloai/zaloai_0346.wav,fake,zaloai,neural_tts_commercial,train
zaloai_0347,vispoofdb_processed/fake/zaloai/zaloai_0347.wav,fake,zaloai,neural_tts_commercial,train
zaloai_0348,vispoofdb_processed/fake/zaloai/zaloai_0348.wav,fake,zaloai,neural_tts_commercial,train
zaloai_0349,vispoofdb_processed/fake/zaloai/zaloai_0349.wav,fake,zaloai,neural_tts_commercial,test_seen
zaloai_0350,vispoofdb_processed/fake/zaloai/zaloai_0350.wav,fake,zaloai,neural_tts_commercial,train
zaloai_0351,vispoofdb_processed/fake/zaloai/zaloai_0351.wav,fake,zaloai,neural_tts_commercial,test_seen
zaloai_0352,vispoofdb_processed/fake/zaloai/zaloai_0352.wav,fake,zaloai,neural_tts_commercial,train
zaloai_0353,vispoofdb_processed/fake/zaloai/zaloai_0353.wav,fake,zaloai,neural_tts_commercial,train
zaloai_0354,vispoofdb_processed/fake/zaloai/zaloai_0354.wav,fake,zaloai,neural_tts_commercial,train
zaloai_0355,vispoofdb_processed/fake/zaloai/zaloai_0355.wav,fake,zaloai,neural_tts_commercial,train
zaloai_0356,vispoofdb_processed/fake/zaloai/zaloai_0356.wav,fake,zaloai,neural_tts_commercial,train
zaloai_0357,vispoofdb_processed/fake/zaloai/zaloai_0357.wav,fake,zaloai,neural_tts_commercial,train
zaloai_0358,vispoofdb_processed/fake/zaloai/zaloai_0358.wav,fake,zaloai,neural_tts_commercial,train
zaloai_0359,vispoofdb_processed/fake/zaloai/zaloai_0359.wav,fake,zaloai,neural_tts_commercial,train
zaloai_0360,vispoofdb_processed/fake/zaloai/zaloai_0360.wav,fake,zaloai,neural_tts_commercial,train
zaloai_0361,vispoofdb_processed/fake/zaloai/zaloai_0361.wav,fake,zaloai,neural_tts_commercial,train
zaloai_0362,vispoofdb_processed/fake/zaloai/zaloai_0362.wav,fake,zaloai,neural_tts_commercial,train
zaloai_0363,vispoofdb_processed/fake/zaloai/zaloai_0363.wav,fake,zaloai,neural_tts_commercial,train
zaloai_0364,vispoofdb_processed/fake/zaloai/zaloai_0364.wav,fake,zaloai,neural_tts_commercial,train
zaloai_0365,vispoofdb_processed/fake/zaloai/zaloai_0365.wav,fake,zaloai,neural_tts_commercial,test_seen
zaloai_0366,vispoofdb_processed/fake/zaloai/zaloai_0366.wav,fake,zaloai,neural_tts_commercial,train
zaloai_0367,vispoofdb_processed/fake/zaloai/zaloai_0367.wav,fake,zaloai,neural_tts_commercial,train
zaloai_0368,vispoofdb_processed/fake/zaloai/zaloai_0368.wav,fake,zaloai,neural_tts_commercial,train
zaloai_0369,vispoofdb_processed/fake/zaloai/zaloai_0369.wav,fake,zaloai,neural_tts_commercial,train
zaloai_0370,vispoofdb_processed/fake/zaloai/zaloai_0370.wav,fake,zaloai,neural_tts_commercial,train
zaloai_0371,vispoofdb_processed/fake/zaloai/zaloai_0371.wav,fake,zaloai,neural_tts_commercial,train
zaloai_0372,vispoofdb_processed/fake/zaloai/zaloai_0372.wav,fake,zaloai,neural_tts_commercial,train
zaloai_0373,vispoofdb_processed/fake/zaloai/zaloai_0373.wav,fake,zaloai,neural_tts_commercial,train
zaloai_0374,vispoofdb_processed/fake/zaloai/zaloai_0374.wav,fake,zaloai,neural_tts_commercial,train
zaloai_0375,vispoofdb_processed/fake/zaloai/zaloai_0375.wav,fake,zaloai,neural_tts_commercial,train
zaloai_0376,vispoofdb_processed/fake/zaloai/zaloai_0376.wav,fake,zaloai,neural_tts_commercial,test_seen
zaloai_0377,vispoofdb_processed/fake/zaloai/zaloai_0377.wav,fake,zaloai,neural_tts_commercial,test_seen
zaloai_0378,vispoofdb_processed/fake/zaloai/zaloai_0378.wav,fake,zaloai,neural_tts_commercial,train
zaloai_0379,vispoofdb_processed/fake/zaloai/zaloai_0379.wav,fake,zaloai,neural_tts_commercial,train
zaloai_0380,vispoofdb_processed/fake/zaloai/zaloai_0380.wav,fake,zaloai,neural_tts_commercial,train
zaloai_0381,vispoofdb_processed/fake/zaloai/zaloai_0381.wav,fake,zaloai,neural_tts_commercial,test_seen
zaloai_0382,vispoofdb_processed/fake/zaloai/zaloai_0382.wav,fake,zaloai,neural_tts_commercial,train
zaloai_0383,vispoofdb_processed/fake/zaloai/zaloai_0383.wav,fake,zaloai,neural_tts_commercial,train
zaloai_0384,vispoofdb_processed/fake/zaloai/zaloai_0384.wav,fake,zaloai,neural_tts_commercial,train
zaloai_0385,vispoofdb_processed/fake/zaloai/zaloai_0385.wav,fake,zaloai,neural_tts_commercial,train
zaloai_0386,vispoofdb_processed/fake/zaloai/zaloai_0386.wav,fake,zaloai,neural_tts_commercial,train
zaloai_0387,vispoofdb_processed/fake/zaloai/zaloai_0387.wav,fake,zaloai,neural_tts_commercial,test_seen
zaloai_0388,vispoofdb_processed/fake/zaloai/zaloai_0388.wav,fake,zaloai,neural_tts_commercial,train
zaloai_0389,vispoofdb_processed/fake/zaloai/zaloai_0389.wav,fake,zaloai,neural_tts_commercial,train
zaloai_0390,vispoofdb_processed/fake/zaloai/zaloai_0390.wav,fake,zaloai,neural_tts_commercial,train
zaloai_0391,vispoofdb_processed/fake/zaloai/zaloai_0391.wav,fake,zaloai,neural_tts_commercial,train
zaloai_0392,vispoofdb_processed/fake/zaloai/zaloai_0392.wav,fake,zaloai,neural_tts_commercial,test_seen
zaloai_0393,vispoofdb_processed/fake/zaloai/zaloai_0393.wav,fake,zaloai,neural_tts_commercial,train
zaloai_0394,vispoofdb_processed/fake/zaloai/zaloai_0394.wav,fake,zaloai,neural_tts_commercial,train
zaloai_0395,vispoofdb_processed/fake/zaloai/zaloai_0395.wav,fake,zaloai,neural_tts_commercial,test_seen
zaloai_0396,vispoofdb_processed/fake/zaloai/zaloai_0396.wav,fake,zaloai,neural_tts_commercial,train
zaloai_0397,vispoofdb_processed/fake/zaloai/zaloai_0397.wav,fake,zaloai,neural_tts_commercial,train
zaloai_0398,vispoofdb_processed/fake/zaloai/zaloai_0398.wav,fake,zaloai,neural_tts_commercial,train
zaloai_0399,vispoofdb_processed/fake/zaloai/zaloai_0399.wav,fake,zaloai,neural_tts_commercial,train
zaloai_0400,vispoofdb_processed/fake/zaloai/zaloai_0400.wav,fake,zaloai,neural_tts_commercial,train
zaloai_0401,vispoofdb_processed/fake/zaloai/zaloai_0401.wav,fake,zaloai,neural_tts_commercial,test_seen
zaloai_0402,vispoofdb_processed/fake/zaloai/zaloai_0402.wav,fake,zaloai,neural_tts_commercial,train
zaloai_0403,vispoofdb_processed/fake/zaloai/zaloai_0403.wav,fake,zaloai,neural_tts_commercial,train
zaloai_0404,vispoofdb_processed/fake/zaloai/zaloai_0404.wav,fake,zaloai,neural_tts_commercial,train
zaloai_0405,vispoofdb_processed/fake/zaloai/zaloai_0405.wav,fake,zaloai,neural_tts_commercial,test_seen
zaloai_0406,vispoofdb_processed/fake/zaloai/zaloai_0406.wav,fake,zaloai,neural_tts_commercial,train
zaloai_0407,vispoofdb_processed/fake/zaloai/zaloai_0407.wav,fake,zaloai,neural_tts_commercial,train
zaloai_0408,vispoofdb_processed/fake/zaloai/zaloai_0408.wav,fake,zaloai,neural_tts_commercial,train
zaloai_0409,vispoofdb_processed/fake/zaloai/zaloai_0409.wav,fake,zaloai,neural_tts_commercial,train
zaloai_0410,vispoofdb_processed/fake/zaloai/zaloai_0410.wav,fake,zaloai,neural_tts_commercial,train
zaloai_0411,vispoofdb_processed/fake/zaloai/zaloai_0411.wav,fake,zaloai,neural_tts_commercial,test_seen
zaloai_0412,vispoofdb_processed/fake/zaloai/zaloai_0412.wav,fake,zaloai,neural_tts_commercial,test_seen
zaloai_0413,vispoofdb_processed/fake/zaloai/zaloai_0413.wav,fake,zaloai,neural_tts_commercial,train
zaloai_0414,vispoofdb_processed/fake/zaloai/zaloai_0414.wav,fake,zaloai,neural_tts_commercial,train
zaloai_0415,vispoofdb_processed/fake/zaloai/zaloai_0415.wav,fake,zaloai,neural_tts_commercial,test_seen
zaloai_0416,vispoofdb_processed/fake/zaloai/zaloai_0416.wav,fake,zaloai,neural_tts_commercial,train
zaloai_0417,vispoofdb_processed/fake/zaloai/zaloai_0417.wav,fake,zaloai,neural_tts_commercial,train
zaloai_0418,vispoofdb_processed/fake/zaloai/zaloai_0418.wav,fake,zaloai,neural_tts_commercial,train
zaloai_0419,vispoofdb_processed/fake/zaloai/zaloai_0419.wav,fake,zaloai,neural_tts_commercial,test_seen
zaloai_0420,vispoofdb_processed/fake/zaloai/zaloai_0420.wav,fake,zaloai,neural_tts_commercial,train
zaloai_0421,vispoofdb_processed/fake/zaloai/zaloai_0421.wav,fake,zaloai,neural_tts_commercial,test_seen
zaloai_0422,vispoofdb_processed/fake/zaloai/zaloai_0422.wav,fake,zaloai,neural_tts_commercial,test_seen
zaloai_0423,vispoofdb_processed/fake/zaloai/zaloai_0423.wav,fake,zaloai,neural_tts_commercial,train
zaloai_0424,vispoofdb_processed/fake/zaloai/zaloai_0424.wav,fake,zaloai,neural_tts_commercial,train
zaloai_0425,vispoofdb_processed/fake/zaloai/zaloai_0425.wav,fake,zaloai,neural_tts_commercial,train
zaloai_0426,vispoofdb_processed/fake/zaloai/zaloai_0426.wav,fake,zaloai,neural_tts_commercial,test_seen
zaloai_0427,vispoofdb_processed/fake/zaloai/zaloai_0427.wav,fake,zaloai,neural_tts_commercial,test_seen
zaloai_0428,vispoofdb_processed/fake/zaloai/zaloai_0428.wav,fake,zaloai,neural_tts_commercial,train
zaloai_0429,vispoofdb_processed/fake/zaloai/zaloai_0429.wav,fake,zaloai,neural_tts_commercial,test_seen
zaloai_0430,vispoofdb_processed/fake/zaloai/zaloai_0430.wav,fake,zaloai,neural_tts_commercial,test_seen
zaloai_0431,vispoofdb_processed/fake/zaloai/zaloai_0431.wav,fake,zaloai,neural_tts_commercial,train
zaloai_0432,vispoofdb_processed/fake/zaloai/zaloai_0432.wav,fake,zaloai,neural_tts_commercial,train
zaloai_0433,vispoofdb_processed/fake/zaloai/zaloai_0433.wav,fake,zaloai,neural_tts_commercial,train
zaloai_0434,vispoofdb_processed/fake/zaloai/zaloai_0434.wav,fake,zaloai,neural_tts_commercial,train
zaloai_0435,vispoofdb_processed/fake/zaloai/zaloai_0435.wav,fake,zaloai,neural_tts_commercial,train
zaloai_0436,vispoofdb_processed/fake/zaloai/zaloai_0436.wav,fake,zaloai,neural_tts_commercial,test_seen
zaloai_0437,vispoofdb_processed/fake/zaloai/zaloai_0437.wav,fake,zaloai,neural_tts_commercial,train
zaloai_0438,vispoofdb_processed/fake/zaloai/zaloai_0438.wav,fake,zaloai,neural_tts_commercial,train
zaloai_0439,vispoofdb_processed/fake/zaloai/zaloai_0439.wav,fake,zaloai,neural_tts_commercial,test_seen
zaloai_0440,vispoofdb_processed/fake/zaloai/zaloai_0440.wav,fake,zaloai,neural_tts_commercial,test_seen
zaloai_0441,vispoofdb_processed/fake/zaloai/zaloai_0441.wav,fake,zaloai,neural_tts_commercial,test_seen
zaloai_0442,vispoofdb_processed/fake/zaloai/zaloai_0442.wav,fake,zaloai,neural_tts_commercial,train
zaloai_0443,vispoofdb_processed/fake/zaloai/zaloai_0443.wav,fake,zaloai,neural_tts_commercial,train
zaloai_0444,vispoofdb_processed/fake/zaloai/zaloai_0444.wav,fake,zaloai,neural_tts_commercial,train
zaloai_0445,vispoofdb_processed/fake/zaloai/zaloai_0445.wav,fake,zaloai,neural_tts_commercial,train
zaloai_0446,vispoofdb_processed/fake/zaloai/zaloai_0446.wav,fake,zaloai,neural_tts_commercial,train
zaloai_0447,vispoofdb_processed/fake/zaloai/zaloai_0447.wav,fake,zaloai,neural_tts_commercial,train
zaloai_0448,vispoofdb_processed/fake/zaloai/zaloai_0448.wav,fake,zaloai,neural_tts_commercial,train
zaloai_0449,vispoofdb_processed/fake/zaloai/zaloai_0449.wav,fake,zaloai,neural_tts_commercial,train
zaloai_0450,vispoofdb_processed/fake/zaloai/zaloai_0450.wav,fake,zaloai,neural_tts_commercial,train
zaloai_0451,vispoofdb_processed/fake/zaloai/zaloai_0451.wav,fake,zaloai,neural_tts_commercial,train
zaloai_0452,vispoofdb_processed/fake/zaloai/zaloai_0452.wav,fake,zaloai,neural_tts_commercial,test_seen
zaloai_0453,vispoofdb_processed/fake/zaloai/zaloai_0453.wav,fake,zaloai,neural_tts_commercial,test_seen
zaloai_0454,vispoofdb_processed/fake/zaloai/zaloai_0454.wav,fake,zaloai,neural_tts_commercial,train
zaloai_0455,vispoofdb_processed/fake/zaloai/zaloai_0455.wav,fake,zaloai,neural_tts_commercial,train
zaloai_0456,vispoofdb_processed/fake/zaloai/zaloai_0456.wav,fake,zaloai,neural_tts_commercial,train
zaloai_0457,vispoofdb_processed/fake/zaloai/zaloai_0457.wav,fake,zaloai,neural_tts_commercial,train
zaloai_0458,vispoofdb_processed/fake/zaloai/zaloai_0458.wav,fake,zaloai,neural_tts_commercial,test_seen
zaloai_0459,vispoofdb_processed/fake/zaloai/zaloai_0459.wav,fake,zaloai,neural_tts_commercial,test_seen
zaloai_0460,vispoofdb_processed/fake/zaloai/zaloai_0460.wav,fake,zaloai,neural_tts_commercial,train
zaloai_0461,vispoofdb_processed/fake/zaloai/zaloai_0461.wav,fake,zaloai,neural_tts_commercial,train
zaloai_0462,vispoofdb_processed/fake/zaloai/zaloai_0462.wav,fake,zaloai,neural_tts_commercial,test_seen
zaloai_0463,vispoofdb_processed/fake/zaloai/zaloai_0463.wav,fake,zaloai,neural_tts_commercial,train
zaloai_0464,vispoofdb_processed/fake/zaloai/zaloai_0464.wav,fake,zaloai,neural_tts_commercial,test_seen
zaloai_0465,vispoofdb_processed/fake/zaloai/zaloai_0465.wav,fake,zaloai,neural_tts_commercial,train
zaloai_0466,vispoofdb_processed/fake/zaloai/zaloai_0466.wav,fake,zaloai,neural_tts_commercial,test_seen
zaloai_0467,vispoofdb_processed/fake/zaloai/zaloai_0467.wav,fake,zaloai,neural_tts_commercial,train
zaloai_0468,vispoofdb_processed/fake/zaloai/zaloai_0468.wav,fake,zaloai,neural_tts_commercial,train
zaloai_0469,vispoofdb_processed/fake/zaloai/zaloai_0469.wav,fake,zaloai,neural_tts_commercial,train
zaloai_0470,vispoofdb_processed/fake/zaloai/zaloai_0470.wav,fake,zaloai,neural_tts_commercial,train
zaloai_0471,vispoofdb_processed/fake/zaloai/zaloai_0471.wav,fake,zaloai,neural_tts_commercial,train
zaloai_0472,vispoofdb_processed/fake/zaloai/zaloai_0472.wav,fake,zaloai,neural_tts_commercial,test_seen
zaloai_0473,vispoofdb_processed/fake/zaloai/zaloai_0473.wav,fake,zaloai,neural_tts_commercial,train
zaloai_0474,vispoofdb_processed/fake/zaloai/zaloai_0474.wav,fake,zaloai,neural_tts_commercial,train
zaloai_0475,vispoofdb_processed/fake/zaloai/zaloai_0475.wav,fake,zaloai,neural_tts_commercial,train
zaloai_0476,vispoofdb_processed/fake/zaloai/zaloai_0476.wav,fake,zaloai,neural_tts_commercial,train
zaloai_0477,vispoofdb_processed/fake/zaloai/zaloai_0477.wav,fake,zaloai,neural_tts_commercial,train
zaloai_0478,vispoofdb_processed/fake/zaloai/zaloai_0478.wav,fake,zaloai,neural_tts_commercial,test_seen
zaloai_0479,vispoofdb_processed/fake/zaloai/zaloai_0479.wav,fake,zaloai,neural_tts_commercial,train
zaloai_0480,vispoofdb_processed/fake/zaloai/zaloai_0480.wav,fake,zaloai,neural_tts_commercial,test_seen
zaloai_0481,vispoofdb_processed/fake/zaloai/zaloai_0481.wav,fake,zaloai,neural_tts_commercial,train
zaloai_0482,vispoofdb_processed/fake/zaloai/zaloai_0482.wav,fake,zaloai,neural_tts_commercial,train
zaloai_0483,vispoofdb_processed/fake/zaloai/zaloai_0483.wav,fake,zaloai,neural_tts_commercial,test_seen
zaloai_0484,vispoofdb_processed/fake/zaloai/zaloai_0484.wav,fake,zaloai,neural_tts_commercial,train
zaloai_0485,vispoofdb_processed/fake/zaloai/zaloai_0485.wav,fake,zaloai,neural_tts_commercial,train
zaloai_0486,vispoofdb_processed/fake/zaloai/zaloai_0486.wav,fake,zaloai,neural_tts_commercial,test_seen
zaloai_0487,vispoofdb_processed/fake/zaloai/zaloai_0487.wav,fake,zaloai,neural_tts_commercial,train
zaloai_0488,vispoofdb_processed/fake/zaloai/zaloai_0488.wav,fake,zaloai,neural_tts_commercial,train
zaloai_0489,vispoofdb_processed/fake/zaloai/zaloai_0489.wav,fake,zaloai,neural_tts_commercial,train
zaloai_0490,vispoofdb_processed/fake/zaloai/zaloai_0490.wav,fake,zaloai,neural_tts_commercial,test_seen
zaloai_0491,vispoofdb_processed/fake/zaloai/zaloai_0491.wav,fake,zaloai,neural_tts_commercial,test_seen
zaloai_0492,vispoofdb_processed/fake/zaloai/zaloai_0492.wav,fake,zaloai,neural_tts_commercial,train
zaloai_0493,vispoofdb_processed/fake/zaloai/zaloai_0493.wav,fake,zaloai,neural_tts_commercial,train
zaloai_0494,vispoofdb_processed/fake/zaloai/zaloai_0494.wav,fake,zaloai,neural_tts_commercial,train
zaloai_0495,vispoofdb_processed/fake/zaloai/zaloai_0495.wav,fake,zaloai,neural_tts_commercial,train
zaloai_0496,vispoofdb_processed/fake/zaloai/zaloai_0496.wav,fake,zaloai,neural_tts_commercial,train
zaloai_0497,vispoofdb_processed/fake/zaloai/zaloai_0497.wav,fake,zaloai,neural_tts_commercial,test_seen
zaloai_0498,vispoofdb_processed/fake/zaloai/zaloai_0498.wav,fake,zaloai,neural_tts_commercial,train
zaloai_0499,vispoofdb_processed/fake/zaloai/zaloai_0499.wav,fake,zaloai,neural_tts_commercial,train
zaloai_0500,vispoofdb_processed/fake/zaloai/zaloai_0500.wav,fake,zaloai,neural_tts_commercial,train
zaloai_0501,vispoofdb_processed/fake/zaloai/zaloai_0501.wav,fake,zaloai,neural_tts_commercial,train
zaloai_0502,vispoofdb_processed/fake/zaloai/zaloai_0502.wav,fake,zaloai,neural_tts_commercial,train
zaloai_0503,vispoofdb_processed/fake/zaloai/zaloai_0503.wav,fake,zaloai,neural_tts_commercial,train
zaloai_0504,vispoofdb_processed/fake/zaloai/zaloai_0504.wav,fake,zaloai,neural_tts_commercial,train
zaloai_0505,vispoofdb_processed/fake/zaloai/zaloai_0505.wav,fake,zaloai,neural_tts_commercial,test_seen
zaloai_0506,vispoofdb_processed/fake/zaloai/zaloai_0506.wav,fake,zaloai,neural_tts_commercial,train
zaloai_0507,vispoofdb_processed/fake/zaloai/zaloai_0507.wav,fake,zaloai,neural_tts_commercial,test_seen
zaloai_0508,vispoofdb_processed/fake/zaloai/zaloai_0508.wav,fake,zaloai,neural_tts_commercial,train
zaloai_0509,vispoofdb_processed/fake/zaloai/zaloai_0509.wav,fake,zaloai,neural_tts_commercial,test_seen
zaloai_0510,vispoofdb_processed/fake/zaloai/zaloai_0510.wav,fake,zaloai,neural_tts_commercial,test_seen
zaloai_0511,vispoofdb_processed/fake/zaloai/zaloai_0511.wav,fake,zaloai,neural_tts_commercial,train
zaloai_0512,vispoofdb_processed/fake/zaloai/zaloai_0512.wav,fake,zaloai,neural_tts_commercial,test_seen
zaloai_0513,vispoofdb_processed/fake/zaloai/zaloai_0513.wav,fake,zaloai,neural_tts_commercial,train
zaloai_0514,vispoofdb_processed/fake/zaloai/zaloai_0514.wav,fake,zaloai,neural_tts_commercial,train
zaloai_0515,vispoofdb_processed/fake/zaloai/zaloai_0515.wav,fake,zaloai,neural_tts_commercial,test_seen
zaloai_0516,vispoofdb_processed/fake/zaloai/zaloai_0516.wav,fake,zaloai,neural_tts_commercial,train
zaloai_0517,vispoofdb_processed/fake/zaloai/zaloai_0517.wav,fake,zaloai,neural_tts_commercial,train
zaloai_0518,vispoofdb_processed/fake/zaloai/zaloai_0518.wav,fake,zaloai,neural_tts_commercial,train
zaloai_0519,vispoofdb_processed/fake/zaloai/zaloai_0519.wav,fake,zaloai,neural_tts_commercial,test_seen
zaloai_0520,vispoofdb_processed/fake/zaloai/zaloai_0520.wav,fake,zaloai,neural_tts_commercial,train
zaloai_0521,vispoofdb_processed/fake/zaloai/zaloai_0521.wav,fake,zaloai,neural_tts_commercial,train
zaloai_0522,vispoofdb_processed/fake/zaloai/zaloai_0522.wav,fake,zaloai,neural_tts_commercial,train
zaloai_0523,vispoofdb_processed/fake/zaloai/zaloai_0523.wav,fake,zaloai,neural_tts_commercial,train
zaloai_0524,vispoofdb_processed/fake/zaloai/zaloai_0524.wav,fake,zaloai,neural_tts_commercial,train
zaloai_0525,vispoofdb_processed/fake/zaloai/zaloai_0525.wav,fake,zaloai,neural_tts_commercial,train
zaloai_0526,vispoofdb_processed/fake/zaloai/zaloai_0526.wav,fake,zaloai,neural_tts_commercial,train
zaloai_0527,vispoofdb_processed/fake/zaloai/zaloai_0527.wav,fake,zaloai,neural_tts_commercial,test_seen
zaloai_0528,vispoofdb_processed/fake/zaloai/zaloai_0528.wav,fake,zaloai,neural_tts_commercial,train
zaloai_0529,vispoofdb_processed/fake/zaloai/zaloai_0529.wav,fake,zaloai,neural_tts_commercial,train
zaloai_0530,vispoofdb_processed/fake/zaloai/zaloai_0530.wav,fake,zaloai,neural_tts_commercial,train
zaloai_0531,vispoofdb_processed/fake/zaloai/zaloai_0531.wav,fake,zaloai,neural_tts_commercial,test_seen
zaloai_0532,vispoofdb_processed/fake/zaloai/zaloai_0532.wav,fake,zaloai,neural_tts_commercial,train
zaloai_0533,vispoofdb_processed/fake/zaloai/zaloai_0533.wav,fake,zaloai,neural_tts_commercial,train
zaloai_0534,vispoofdb_processed/fake/zaloai/zaloai_0534.wav,fake,zaloai,neural_tts_commercial,train
zaloai_0535,vispoofdb_processed/fake/zaloai/zaloai_0535.wav,fake,zaloai,neural_tts_commercial,train
zaloai_0536,vispoofdb_processed/fake/zaloai/zaloai_0536.wav,fake,zaloai,neural_tts_commercial,train
zaloai_0537,vispoofdb_processed/fake/zaloai/zaloai_0537.wav,fake,zaloai,neural_tts_commercial,train
zaloai_0538,vispoofdb_processed/fake/zaloai/zaloai_0538.wav,fake,zaloai,neural_tts_commercial,test_seen
zaloai_0539,vispoofdb_processed/fake/zaloai/zaloai_0539.wav,fake,zaloai,neural_tts_commercial,train
zaloai_0540,vispoofdb_processed/fake/zaloai/zaloai_0540.wav,fake,zaloai,neural_tts_commercial,train
zaloai_0541,vispoofdb_processed/fake/zaloai/zaloai_0541.wav,fake,zaloai,neural_tts_commercial,test_seen
zaloai_0542,vispoofdb_processed/fake/zaloai/zaloai_0542.wav,fake,zaloai,neural_tts_commercial,train
zaloai_0543,vispoofdb_processed/fake/zaloai/zaloai_0543.wav,fake,zaloai,neural_tts_commercial,test_seen
zaloai_0544,vispoofdb_processed/fake/zaloai/zaloai_0544.wav,fake,zaloai,neural_tts_commercial,train
zaloai_0545,vispoofdb_processed/fake/zaloai/zaloai_0545.wav,fake,zaloai,neural_tts_commercial,train
zaloai_0546,vispoofdb_processed/fake/zaloai/zaloai_0546.wav,fake,zaloai,neural_tts_commercial,train
zaloai_0547,vispoofdb_processed/fake/zaloai/zaloai_0547.wav,fake,zaloai,neural_tts_commercial,train
zaloai_0548,vispoofdb_processed/fake/zaloai/zaloai_0548.wav,fake,zaloai,neural_tts_commercial,train
zaloai_0549,vispoofdb_processed/fake/zaloai/zaloai_0549.wav,fake,zaloai,neural_tts_commercial,train
zaloai_0550,vispoofdb_processed/fake/zaloai/zaloai_0550.wav,fake,zaloai,neural_tts_commercial,train
zaloai_0551,vispoofdb_processed/fake/zaloai/zaloai_0551.wav,fake,zaloai,neural_tts_commercial,train
zaloai_0552,vispoofdb_processed/fake/zaloai/zaloai_0552.wav,fake,zaloai,neural_tts_commercial,test_seen
zaloai_0553,vispoofdb_processed/fake/zaloai/zaloai_0553.wav,fake,zaloai,neural_tts_commercial,train
zaloai_0554,vispoofdb_processed/fake/zaloai/zaloai_0554.wav,fake,zaloai,neural_tts_commercial,train
zaloai_0555,vispoofdb_processed/fake/zaloai/zaloai_0555.wav,fake,zaloai,neural_tts_commercial,train
zaloai_0556,vispoofdb_processed/fake/zaloai/zaloai_0556.wav,fake,zaloai,neural_tts_commercial,train
zaloai_0557,vispoofdb_processed/fake/zaloai/zaloai_0557.wav,fake,zaloai,neural_tts_commercial,test_seen
zaloai_0558,vispoofdb_processed/fake/zaloai/zaloai_0558.wav,fake,zaloai,neural_tts_commercial,train
zaloai_0559,vispoofdb_processed/fake/zaloai/zaloai_0559.wav,fake,zaloai,neural_tts_commercial,train
zaloai_0560,vispoofdb_processed/fake/zaloai/zaloai_0560.wav,fake,zaloai,neural_tts_commercial,train
zaloai_0561,vispoofdb_processed/fake/zaloai/zaloai_0561.wav,fake,zaloai,neural_tts_commercial,train
zaloai_0562,vispoofdb_processed/fake/zaloai/zaloai_0562.wav,fake,zaloai,neural_tts_commercial,train
zaloai_0563,vispoofdb_processed/fake/zaloai/zaloai_0563.wav,fake,zaloai,neural_tts_commercial,train
zaloai_0564,vispoofdb_processed/fake/zaloai/zaloai_0564.wav,fake,zaloai,neural_tts_commercial,train
zaloai_0565,vispoofdb_processed/fake/zaloai/zaloai_0565.wav,fake,zaloai,neural_tts_commercial,train
zaloai_0566,vispoofdb_processed/fake/zaloai/zaloai_0566.wav,fake,zaloai,neural_tts_commercial,train
zaloai_0567,vispoofdb_processed/fake/zaloai/zaloai_0567.wav,fake,zaloai,neural_tts_commercial,train
zaloai_0568,vispoofdb_processed/fake/zaloai/zaloai_0568.wav,fake,zaloai,neural_tts_commercial,train
zaloai_0569,vispoofdb_processed/fake/zaloai/zaloai_0569.wav,fake,zaloai,neural_tts_commercial,train
zaloai_0570,vispoofdb_processed/fake/zaloai/zaloai_0570.wav,fake,zaloai,neural_tts_commercial,train
zaloai_0571,vispoofdb_processed/fake/zaloai/zaloai_0571.wav,fake,zaloai,neural_tts_commercial,train
zaloai_0572,vispoofdb_processed/fake/zaloai/zaloai_0572.wav,fake,zaloai,neural_tts_commercial,test_seen
zaloai_0573,vispoofdb_processed/fake/zaloai/zaloai_0573.wav,fake,zaloai,neural_tts_commercial,train
zaloai_0574,vispoofdb_processed/fake/zaloai/zaloai_0574.wav,fake,zaloai,neural_tts_commercial,train
zaloai_0575,vispoofdb_processed/fake/zaloai/zaloai_0575.wav,fake,zaloai,neural_tts_commercial,train
zaloai_0576,vispoofdb_processed/fake/zaloai/zaloai_0576.wav,fake,zaloai,neural_tts_commercial,train
zaloai_0577,vispoofdb_processed/fake/zaloai/zaloai_0577.wav,fake,zaloai,neural_tts_commercial,test_seen
zaloai_0578,vispoofdb_processed/fake/zaloai/zaloai_0578.wav,fake,zaloai,neural_tts_commercial,test_seen
zaloai_0579,vispoofdb_processed/fake/zaloai/zaloai_0579.wav,fake,zaloai,neural_tts_commercial,train
zaloai_0580,vispoofdb_processed/fake/zaloai/zaloai_0580.wav,fake,zaloai,neural_tts_commercial,train
zaloai_0581,vispoofdb_processed/fake/zaloai/zaloai_0581.wav,fake,zaloai,neural_tts_commercial,train
zaloai_0582,vispoofdb_processed/fake/zaloai/zaloai_0582.wav,fake,zaloai,neural_tts_commercial,train
zaloai_0583,vispoofdb_processed/fake/zaloai/zaloai_0583.wav,fake,zaloai,neural_tts_commercial,train
zaloai_0584,vispoofdb_processed/fake/zaloai/zaloai_0584.wav,fake,zaloai,neural_tts_commercial,test_seen
zaloai_0585,vispoofdb_processed/fake/zaloai/zaloai_0585.wav,fake,zaloai,neural_tts_commercial,train
zaloai_0586,vispoofdb_processed/fake/zaloai/zaloai_0586.wav,fake,zaloai,neural_tts_commercial,train
zaloai_0587,vispoofdb_processed/fake/zaloai/zaloai_0587.wav,fake,zaloai,neural_tts_commercial,train
zaloai_0588,vispoofdb_processed/fake/zaloai/zaloai_0588.wav,fake,zaloai,neural_tts_commercial,train
zaloai_0589,vispoofdb_processed/fake/zaloai/zaloai_0589.wav,fake,zaloai,neural_tts_commercial,train
zaloai_0590,vispoofdb_processed/fake/zaloai/zaloai_0590.wav,fake,zaloai,neural_tts_commercial,test_seen
zaloai_0591,vispoofdb_processed/fake/zaloai/zaloai_0591.wav,fake,zaloai,neural_tts_commercial,test_seen
zaloai_0592,vispoofdb_processed/fake/zaloai/zaloai_0592.wav,fake,zaloai,neural_tts_commercial,train
zaloai_0593,vispoofdb_processed/fake/zaloai/zaloai_0593.wav,fake,zaloai,neural_tts_commercial,train
zaloai_0594,vispoofdb_processed/fake/zaloai/zaloai_0594.wav,fake,zaloai,neural_tts_commercial,test_seen
zaloai_0595,vispoofdb_processed/fake/zaloai/zaloai_0595.wav,fake,zaloai,neural_tts_commercial,train
zaloai_0596,vispoofdb_processed/fake/zaloai/zaloai_0596.wav,fake,zaloai,neural_tts_commercial,test_seen
zaloai_0597,vispoofdb_processed/fake/zaloai/zaloai_0597.wav,fake,zaloai,neural_tts_commercial,test_seen
zaloai_0598,vispoofdb_processed/fake/zaloai/zaloai_0598.wav,fake,zaloai,neural_tts_commercial,train
zaloai_0599,vispoofdb_processed/fake/zaloai/zaloai_0599.wav,fake,zaloai,neural_tts_commercial,train
zaloai_0600,vispoofdb_processed/fake/zaloai/zaloai_0600.wav,fake,zaloai,neural_tts_commercial,train
zaloai_0601,vispoofdb_processed/fake/zaloai/zaloai_0601.wav,fake,zaloai,neural_tts_commercial,test_seen
zaloai_0602,vispoofdb_processed/fake/zaloai/zaloai_0602.wav,fake,zaloai,neural_tts_commercial,train
zaloai_0603,vispoofdb_processed/fake/zaloai/zaloai_0603.wav,fake,zaloai,neural_tts_commercial,train
zaloai_0604,vispoofdb_processed/fake/zaloai/zaloai_0604.wav,fake,zaloai,neural_tts_commercial,train
zaloai_0605,vispoofdb_processed/fake/zaloai/zaloai_0605.wav,fake,zaloai,neural_tts_commercial,train
zaloai_0606,vispoofdb_processed/fake/zaloai/zaloai_0606.wav,fake,zaloai,neural_tts_commercial,train
zaloai_0607,vispoofdb_processed/fake/zaloai/zaloai_0607.wav,fake,zaloai,neural_tts_commercial,train
zaloai_0608,vispoofdb_processed/fake/zaloai/zaloai_0608.wav,fake,zaloai,neural_tts_commercial,train
zaloai_0609,vispoofdb_processed/fake/zaloai/zaloai_0609.wav,fake,zaloai,neural_tts_commercial,train
zaloai_0610,vispoofdb_processed/fake/zaloai/zaloai_0610.wav,fake,zaloai,neural_tts_commercial,train
zaloai_0611,vispoofdb_processed/fake/zaloai/zaloai_0611.wav,fake,zaloai,neural_tts_commercial,train
zaloai_0612,vispoofdb_processed/fake/zaloai/zaloai_0612.wav,fake,zaloai,neural_tts_commercial,test_seen
zaloai_0613,vispoofdb_processed/fake/zaloai/zaloai_0613.wav,fake,zaloai,neural_tts_commercial,train
zaloai_0614,vispoofdb_processed/fake/zaloai/zaloai_0614.wav,fake,zaloai,neural_tts_commercial,test_seen
zaloai_0615,vispoofdb_processed/fake/zaloai/zaloai_0615.wav,fake,zaloai,neural_tts_commercial,test_seen
zaloai_0616,vispoofdb_processed/fake/zaloai/zaloai_0616.wav,fake,zaloai,neural_tts_commercial,train
zaloai_0617,vispoofdb_processed/fake/zaloai/zaloai_0617.wav,fake,zaloai,neural_tts_commercial,train
zaloai_0618,vispoofdb_processed/fake/zaloai/zaloai_0618.wav,fake,zaloai,neural_tts_commercial,train
zaloai_0619,vispoofdb_processed/fake/zaloai/zaloai_0619.wav,fake,zaloai,neural_tts_commercial,test_seen
zaloai_0620,vispoofdb_processed/fake/zaloai/zaloai_0620.wav,fake,zaloai,neural_tts_commercial,train
zaloai_0621,vispoofdb_processed/fake/zaloai/zaloai_0621.wav,fake,zaloai,neural_tts_commercial,test_seen
zaloai_0622,vispoofdb_processed/fake/zaloai/zaloai_0622.wav,fake,zaloai,neural_tts_commercial,train
zaloai_0623,vispoofdb_processed/fake/zaloai/zaloai_0623.wav,fake,zaloai,neural_tts_commercial,train
zaloai_0624,vispoofdb_processed/fake/zaloai/zaloai_0624.wav,fake,zaloai,neural_tts_commercial,train
zaloai_0625,vispoofdb_processed/fake/zaloai/zaloai_0625.wav,fake,zaloai,neural_tts_commercial,train
zaloai_0626,vispoofdb_processed/fake/zaloai/zaloai_0626.wav,fake,zaloai,neural_tts_commercial,train
zaloai_0627,vispoofdb_processed/fake/zaloai/zaloai_0627.wav,fake,zaloai,neural_tts_commercial,test_seen
zaloai_0628,vispoofdb_processed/fake/zaloai/zaloai_0628.wav,fake,zaloai,neural_tts_commercial,train
zaloai_0629,vispoofdb_processed/fake/zaloai/zaloai_0629.wav,fake,zaloai,neural_tts_commercial,train
zaloai_0630,vispoofdb_processed/fake/zaloai/zaloai_0630.wav,fake,zaloai,neural_tts_commercial,train
zaloai_0631,vispoofdb_processed/fake/zaloai/zaloai_0631.wav,fake,zaloai,neural_tts_commercial,train
zaloai_0632,vispoofdb_processed/fake/zaloai/zaloai_0632.wav,fake,zaloai,neural_tts_commercial,train
zaloai_0633,vispoofdb_processed/fake/zaloai/zaloai_0633.wav,fake,zaloai,neural_tts_commercial,train
zaloai_0634,vispoofdb_processed/fake/zaloai/zaloai_0634.wav,fake,zaloai,neural_tts_commercial,train
zaloai_0635,vispoofdb_processed/fake/zaloai/zaloai_0635.wav,fake,zaloai,neural_tts_commercial,train
zaloai_0636,vispoofdb_processed/fake/zaloai/zaloai_0636.wav,fake,zaloai,neural_tts_commercial,test_seen
zaloai_0637,vispoofdb_processed/fake/zaloai/zaloai_0637.wav,fake,zaloai,neural_tts_commercial,train
zaloai_0638,vispoofdb_processed/fake/zaloai/zaloai_0638.wav,fake,zaloai,neural_tts_commercial,train
zaloai_0639,vispoofdb_processed/fake/zaloai/zaloai_0639.wav,fake,zaloai,neural_tts_commercial,train
zaloai_0640,vispoofdb_processed/fake/zaloai/zaloai_0640.wav,fake,zaloai,neural_tts_commercial,train
zaloai_0641,vispoofdb_processed/fake/zaloai/zaloai_0641.wav,fake,zaloai,neural_tts_commercial,train
zaloai_0642,vispoofdb_processed/fake/zaloai/zaloai_0642.wav,fake,zaloai,neural_tts_commercial,train
zaloai_0643,vispoofdb_processed/fake/zaloai/zaloai_0643.wav,fake,zaloai,neural_tts_commercial,train
zaloai_0644,vispoofdb_processed/fake/zaloai/zaloai_0644.wav,fake,zaloai,neural_tts_commercial,train
zaloai_0645,vispoofdb_processed/fake/zaloai/zaloai_0645.wav,fake,zaloai,neural_tts_commercial,test_seen
zaloai_0646,vispoofdb_processed/fake/zaloai/zaloai_0646.wav,fake,zaloai,neural_tts_commercial,test_seen
zaloai_0647,vispoofdb_processed/fake/zaloai/zaloai_0647.wav,fake,zaloai,neural_tts_commercial,train
zaloai_0648,vispoofdb_processed/fake/zaloai/zaloai_0648.wav,fake,zaloai,neural_tts_commercial,train
zaloai_0649,vispoofdb_processed/fake/zaloai/zaloai_0649.wav,fake,zaloai,neural_tts_commercial,test_seen
zaloai_0650,vispoofdb_processed/fake/zaloai/zaloai_0650.wav,fake,zaloai,neural_tts_commercial,train
zaloai_0651,vispoofdb_processed/fake/zaloai/zaloai_0651.wav,fake,zaloai,neural_tts_commercial,train
zaloai_0652,vispoofdb_processed/fake/zaloai/zaloai_0652.wav,fake,zaloai,neural_tts_commercial,train
zaloai_0653,vispoofdb_processed/fake/zaloai/zaloai_0653.wav,fake,zaloai,neural_tts_commercial,train
zaloai_0654,vispoofdb_processed/fake/zaloai/zaloai_0654.wav,fake,zaloai,neural_tts_commercial,test_seen
zaloai_0655,vispoofdb_processed/fake/zaloai/zaloai_0655.wav,fake,zaloai,neural_tts_commercial,train
zaloai_0656,vispoofdb_processed/fake/zaloai/zaloai_0656.wav,fake,zaloai,neural_tts_commercial,train
zaloai_0657,vispoofdb_processed/fake/zaloai/zaloai_0657.wav,fake,zaloai,neural_tts_commercial,train
zaloai_0658,vispoofdb_processed/fake/zaloai/zaloai_0658.wav,fake,zaloai,neural_tts_commercial,train
zaloai_0659,vispoofdb_processed/fake/zaloai/zaloai_0659.wav,fake,zaloai,neural_tts_commercial,train
zaloai_0660,vispoofdb_processed/fake/zaloai/zaloai_0660.wav,fake,zaloai,neural_tts_commercial,train
zaloai_0661,vispoofdb_processed/fake/zaloai/zaloai_0661.wav,fake,zaloai,neural_tts_commercial,train
zaloai_0662,vispoofdb_processed/fake/zaloai/zaloai_0662.wav,fake,zaloai,neural_tts_commercial,test_seen
zaloai_0663,vispoofdb_processed/fake/zaloai/zaloai_0663.wav,fake,zaloai,neural_tts_commercial,train
zaloai_0664,vispoofdb_processed/fake/zaloai/zaloai_0664.wav,fake,zaloai,neural_tts_commercial,train
zaloai_0665,vispoofdb_processed/fake/zaloai/zaloai_0665.wav,fake,zaloai,neural_tts_commercial,train
zaloai_0666,vispoofdb_processed/fake/zaloai/zaloai_0666.wav,fake,zaloai,neural_tts_commercial,train
zaloai_0667,vispoofdb_processed/fake/zaloai/zaloai_0667.wav,fake,zaloai,neural_tts_commercial,test_seen
zaloai_0668,vispoofdb_processed/fake/zaloai/zaloai_0668.wav,fake,zaloai,neural_tts_commercial,train
zaloai_0669,vispoofdb_processed/fake/zaloai/zaloai_0669.wav,fake,zaloai,neural_tts_commercial,train
zaloai_0670,vispoofdb_processed/fake/zaloai/zaloai_0670.wav,fake,zaloai,neural_tts_commercial,train
zaloai_0671,vispoofdb_processed/fake/zaloai/zaloai_0671.wav,fake,zaloai,neural_tts_commercial,test_seen
zaloai_0672,vispoofdb_processed/fake/zaloai/zaloai_0672.wav,fake,zaloai,neural_tts_commercial,train
zaloai_0673,vispoofdb_processed/fake/zaloai/zaloai_0673.wav,fake,zaloai,neural_tts_commercial,test_seen
zaloai_0674,vispoofdb_processed/fake/zaloai/zaloai_0674.wav,fake,zaloai,neural_tts_commercial,train
zaloai_0675,vispoofdb_processed/fake/zaloai/zaloai_0675.wav,fake,zaloai,neural_tts_commercial,test_seen
zaloai_0676,vispoofdb_processed/fake/zaloai/zaloai_0676.wav,fake,zaloai,neural_tts_commercial,train
zaloai_0677,vispoofdb_processed/fake/zaloai/zaloai_0677.wav,fake,zaloai,neural_tts_commercial,train
zaloai_0678,vispoofdb_processed/fake/zaloai/zaloai_0678.wav,fake,zaloai,neural_tts_commercial,train
zaloai_0679,vispoofdb_processed/fake/zaloai/zaloai_0679.wav,fake,zaloai,neural_tts_commercial,train
zaloai_0680,vispoofdb_processed/fake/zaloai/zaloai_0680.wav,fake,zaloai,neural_tts_commercial,train
zaloai_0681,vispoofdb_processed/fake/zaloai/zaloai_0681.wav,fake,zaloai,neural_tts_commercial,train
zaloai_0682,vispoofdb_processed/fake/zaloai/zaloai_0682.wav,fake,zaloai,neural_tts_commercial,train
zaloai_0683,vispoofdb_processed/fake/zaloai/zaloai_0683.wav,fake,zaloai,neural_tts_commercial,train
zaloai_0684,vispoofdb_processed/fake/zaloai/zaloai_0684.wav,fake,zaloai,neural_tts_commercial,train
zaloai_0685,vispoofdb_processed/fake/zaloai/zaloai_0685.wav,fake,zaloai,neural_tts_commercial,test_seen
zaloai_0686,vispoofdb_processed/fake/zaloai/zaloai_0686.wav,fake,zaloai,neural_tts_commercial,train
zaloai_0687,vispoofdb_processed/fake/zaloai/zaloai_0687.wav,fake,zaloai,neural_tts_commercial,train
zaloai_0688,vispoofdb_processed/fake/zaloai/zaloai_0688.wav,fake,zaloai,neural_tts_commercial,train
zaloai_0689,vispoofdb_processed/fake/zaloai/zaloai_0689.wav,fake,zaloai,neural_tts_commercial,train
zaloai_0690,vispoofdb_processed/fake/zaloai/zaloai_0690.wav,fake,zaloai,neural_tts_commercial,test_seen
zaloai_0691,vispoofdb_processed/fake/zaloai/zaloai_0691.wav,fake,zaloai,neural_tts_commercial,train
zaloai_0692,vispoofdb_processed/fake/zaloai/zaloai_0692.wav,fake,zaloai,neural_tts_commercial,train
zaloai_0693,vispoofdb_processed/fake/zaloai/zaloai_0693.wav,fake,zaloai,neural_tts_commercial,test_seen
zaloai_0694,vispoofdb_processed/fake/zaloai/zaloai_0694.wav,fake,zaloai,neural_tts_commercial,train
zaloai_0695,vispoofdb_processed/fake/zaloai/zaloai_0695.wav,fake,zaloai,neural_tts_commercial,train
zaloai_0696,vispoofdb_processed/fake/zaloai/zaloai_0696.wav,fake,zaloai,neural_tts_commercial,train
zaloai_0697,vispoofdb_processed/fake/zaloai/zaloai_0697.wav,fake,zaloai,neural_tts_commercial,train
zaloai_0698,vispoofdb_processed/fake/zaloai/zaloai_0698.wav,fake,zaloai,neural_tts_commercial,test_seen
zaloai_0699,vispoofdb_processed/fake/zaloai/zaloai_0699.wav,fake,zaloai,neural_tts_commercial,train
zaloai_0700,vispoofdb_processed/fake/zaloai/zaloai_0700.wav,fake,zaloai,neural_tts_commercial,test_seen
zaloai_0701,vispoofdb_processed/fake/zaloai/zaloai_0701.wav,fake,zaloai,neural_tts_commercial,train
zaloai_0702,vispoofdb_processed/fake/zaloai/zaloai_0702.wav,fake,zaloai,neural_tts_commercial,train
zaloai_0703,vispoofdb_processed/fake/zaloai/zaloai_0703.wav,fake,zaloai,neural_tts_commercial,train
zaloai_0704,vispoofdb_processed/fake/zaloai/zaloai_0704.wav,fake,zaloai,neural_tts_commercial,train
zaloai_0705,vispoofdb_processed/fake/zaloai/zaloai_0705.wav,fake,zaloai,neural_tts_commercial,train
zaloai_0706,vispoofdb_processed/fake/zaloai/zaloai_0706.wav,fake,zaloai,neural_tts_commercial,train
zaloai_0707,vispoofdb_processed/fake/zaloai/zaloai_0707.wav,fake,zaloai,neural_tts_commercial,train
zaloai_0708,vispoofdb_processed/fake/zaloai/zaloai_0708.wav,fake,zaloai,neural_tts_commercial,test_seen
zaloai_0709,vispoofdb_processed/fake/zaloai/zaloai_0709.wav,fake,zaloai,neural_tts_commercial,train
zaloai_0710,vispoofdb_processed/fake/zaloai/zaloai_0710.wav,fake,zaloai,neural_tts_commercial,train
zaloai_0711,vispoofdb_processed/fake/zaloai/zaloai_0711.wav,fake,zaloai,neural_tts_commercial,train
zaloai_0712,vispoofdb_processed/fake/zaloai/zaloai_0712.wav,fake,zaloai,neural_tts_commercial,train
zaloai_0713,vispoofdb_processed/fake/zaloai/zaloai_0713.wav,fake,zaloai,neural_tts_commercial,train
zaloai_0714,vispoofdb_processed/fake/zaloai/zaloai_0714.wav,fake,zaloai,neural_tts_commercial,train
zaloai_0715,vispoofdb_processed/fake/zaloai/zaloai_0715.wav,fake,zaloai,neural_tts_commercial,test_seen
zaloai_0716,vispoofdb_processed/fake/zaloai/zaloai_0716.wav,fake,zaloai,neural_tts_commercial,train
zaloai_0717,vispoofdb_processed/fake/zaloai/zaloai_0717.wav,fake,zaloai,neural_tts_commercial,train
zaloai_0718,vispoofdb_processed/fake/zaloai/zaloai_0718.wav,fake,zaloai,neural_tts_commercial,train
zaloai_0719,vispoofdb_processed/fake/zaloai/zaloai_0719.wav,fake,zaloai,neural_tts_commercial,train
zaloai_0720,vispoofdb_processed/fake/zaloai/zaloai_0720.wav,fake,zaloai,neural_tts_commercial,train
zaloai_0721,vispoofdb_processed/fake/zaloai/zaloai_0721.wav,fake,zaloai,neural_tts_commercial,train
zaloai_0722,vispoofdb_processed/fake/zaloai/zaloai_0722.wav,fake,zaloai,neural_tts_commercial,test_seen
zaloai_0723,vispoofdb_processed/fake/zaloai/zaloai_0723.wav,fake,zaloai,neural_tts_commercial,train
zaloai_0724,vispoofdb_processed/fake/zaloai/zaloai_0724.wav,fake,zaloai,neural_tts_commercial,train
zaloai_0725,vispoofdb_processed/fake/zaloai/zaloai_0725.wav,fake,zaloai,neural_tts_commercial,train
zaloai_0726,vispoofdb_processed/fake/zaloai/zaloai_0726.wav,fake,zaloai,neural_tts_commercial,train
zaloai_0727,vispoofdb_processed/fake/zaloai/zaloai_0727.wav,fake,zaloai,neural_tts_commercial,train
zaloai_0728,vispoofdb_processed/fake/zaloai/zaloai_0728.wav,fake,zaloai,neural_tts_commercial,train
zaloai_0729,vispoofdb_processed/fake/zaloai/zaloai_0729.wav,fake,zaloai,neural_tts_commercial,test_seen
zaloai_0730,vispoofdb_processed/fake/zaloai/zaloai_0730.wav,fake,zaloai,neural_tts_commercial,train
zaloai_0731,vispoofdb_processed/fake/zaloai/zaloai_0731.wav,fake,zaloai,neural_tts_commercial,train
zaloai_0732,vispoofdb_processed/fake/zaloai/zaloai_0732.wav,fake,zaloai,neural_tts_commercial,test_seen
zaloai_0733,vispoofdb_processed/fake/zaloai/zaloai_0733.wav,fake,zaloai,neural_tts_commercial,train
zaloai_0734,vispoofdb_processed/fake/zaloai/zaloai_0734.wav,fake,zaloai,neural_tts_commercial,test_seen
zaloai_0735,vispoofdb_processed/fake/zaloai/zaloai_0735.wav,fake,zaloai,neural_tts_commercial,train
zaloai_0736,vispoofdb_processed/fake/zaloai/zaloai_0736.wav,fake,zaloai,neural_tts_commercial,train
zaloai_0737,vispoofdb_processed/fake/zaloai/zaloai_0737.wav,fake,zaloai,neural_tts_commercial,train
zaloai_0738,vispoofdb_processed/fake/zaloai/zaloai_0738.wav,fake,zaloai,neural_tts_commercial,test_seen
zaloai_0739,vispoofdb_processed/fake/zaloai/zaloai_0739.wav,fake,zaloai,neural_tts_commercial,test_seen
zaloai_0740,vispoofdb_processed/fake/zaloai/zaloai_0740.wav,fake,zaloai,neural_tts_commercial,train
zaloai_0741,vispoofdb_processed/fake/zaloai/zaloai_0741.wav,fake,zaloai,neural_tts_commercial,train
zaloai_0742,vispoofdb_processed/fake/zaloai/zaloai_0742.wav,fake,zaloai,neural_tts_commercial,train
zaloai_0743,vispoofdb_processed/fake/zaloai/zaloai_0743.wav,fake,zaloai,neural_tts_commercial,test_seen
zaloai_0744,vispoofdb_processed/fake/zaloai/zaloai_0744.wav,fake,zaloai,neural_tts_commercial,train
zaloai_0745,vispoofdb_processed/fake/zaloai/zaloai_0745.wav,fake,zaloai,neural_tts_commercial,train
zaloai_0746,vispoofdb_processed/fake/zaloai/zaloai_0746.wav,fake,zaloai,neural_tts_commercial,train
zaloai_0747,vispoofdb_processed/fake/zaloai/zaloai_0747.wav,fake,zaloai,neural_tts_commercial,train
zaloai_0748,vispoofdb_processed/fake/zaloai/zaloai_0748.wav,fake,zaloai,neural_tts_commercial,test_seen
zaloai_0749,vispoofdb_processed/fake/zaloai/zaloai_0749.wav,fake,zaloai,neural_tts_commercial,test_seen
zaloai_0750,vispoofdb_processed/fake/zaloai/zaloai_0750.wav,fake,zaloai,neural_tts_commercial,train
zaloai_0751,vispoofdb_processed/fake/zaloai/zaloai_0751.wav,fake,zaloai,neural_tts_commercial,train
zaloai_0752,vispoofdb_processed/fake/zaloai/zaloai_0752.wav,fake,zaloai,neural_tts_commercial,train
zaloai_0753,vispoofdb_processed/fake/zaloai/zaloai_0753.wav,fake,zaloai,neural_tts_commercial,train
zaloai_0754,vispoofdb_processed/fake/zaloai/zaloai_0754.wav,fake,zaloai,neural_tts_commercial,test_seen
zaloai_0755,vispoofdb_processed/fake/zaloai/zaloai_0755.wav,fake,zaloai,neural_tts_commercial,train
zaloai_0756,vispoofdb_processed/fake/zaloai/zaloai_0756.wav,fake,zaloai,neural_tts_commercial,test_seen
zaloai_0757,vispoofdb_processed/fake/zaloai/zaloai_0757.wav,fake,zaloai,neural_tts_commercial,test_seen
zaloai_0758,vispoofdb_processed/fake/zaloai/zaloai_0758.wav,fake,zaloai,neural_tts_commercial,train
zaloai_0759,vispoofdb_processed/fake/zaloai/zaloai_0759.wav,fake,zaloai,neural_tts_commercial,train
zaloai_0760,vispoofdb_processed/fake/zaloai/zaloai_0760.wav,fake,zaloai,neural_tts_commercial,test_seen
zaloai_0761,vispoofdb_processed/fake/zaloai/zaloai_0761.wav,fake,zaloai,neural_tts_commercial,train
zaloai_0762,vispoofdb_processed/fake/zaloai/zaloai_0762.wav,fake,zaloai,neural_tts_commercial,train
zaloai_0763,vispoofdb_processed/fake/zaloai/zaloai_0763.wav,fake,zaloai,neural_tts_commercial,train
zaloai_0764,vispoofdb_processed/fake/zaloai/zaloai_0764.wav,fake,zaloai,neural_tts_commercial,train
zaloai_0765,vispoofdb_processed/fake/zaloai/zaloai_0765.wav,fake,zaloai,neural_tts_commercial,train
zaloai_0766,vispoofdb_processed/fake/zaloai/zaloai_0766.wav,fake,zaloai,neural_tts_commercial,test_seen
zaloai_0767,vispoofdb_processed/fake/zaloai/zaloai_0767.wav,fake,zaloai,neural_tts_commercial,test_seen
zaloai_0768,vispoofdb_processed/fake/zaloai/zaloai_0768.wav,fake,zaloai,neural_tts_commercial,train
zaloai_0769,vispoofdb_processed/fake/zaloai/zaloai_0769.wav,fake,zaloai,neural_tts_commercial,train
zaloai_0770,vispoofdb_processed/fake/zaloai/zaloai_0770.wav,fake,zaloai,neural_tts_commercial,train
zaloai_0771,vispoofdb_processed/fake/zaloai/zaloai_0771.wav,fake,zaloai,neural_tts_commercial,train
zaloai_0772,vispoofdb_processed/fake/zaloai/zaloai_0772.wav,fake,zaloai,neural_tts_commercial,train
zaloai_0773,vispoofdb_processed/fake/zaloai/zaloai_0773.wav,fake,zaloai,neural_tts_commercial,train
zaloai_0774,vispoofdb_processed/fake/zaloai/zaloai_0774.wav,fake,zaloai,neural_tts_commercial,train
zaloai_0775,vispoofdb_processed/fake/zaloai/zaloai_0775.wav,fake,zaloai,neural_tts_commercial,train
zaloai_0776,vispoofdb_processed/fake/zaloai/zaloai_0776.wav,fake,zaloai,neural_tts_commercial,train
zaloai_0777,vispoofdb_processed/fake/zaloai/zaloai_0777.wav,fake,zaloai,neural_tts_commercial,train
zaloai_0778,vispoofdb_processed/fake/zaloai/zaloai_0778.wav,fake,zaloai,neural_tts_commercial,train
zaloai_0779,vispoofdb_processed/fake/zaloai/zaloai_0779.wav,fake,zaloai,neural_tts_commercial,test_seen
zaloai_0780,vispoofdb_processed/fake/zaloai/zaloai_0780.wav,fake,zaloai,neural_tts_commercial,train
zaloai_0781,vispoofdb_processed/fake/zaloai/zaloai_0781.wav,fake,zaloai,neural_tts_commercial,train
zaloai_0782,vispoofdb_processed/fake/zaloai/zaloai_0782.wav,fake,zaloai,neural_tts_commercial,test_seen
zaloai_0783,vispoofdb_processed/fake/zaloai/zaloai_0783.wav,fake,zaloai,neural_tts_commercial,train
zaloai_0784,vispoofdb_processed/fake/zaloai/zaloai_0784.wav,fake,zaloai,neural_tts_commercial,train
zaloai_0785,vispoofdb_processed/fake/zaloai/zaloai_0785.wav,fake,zaloai,neural_tts_commercial,test_seen
zaloai_0786,vispoofdb_processed/fake/zaloai/zaloai_0786.wav,fake,zaloai,neural_tts_commercial,test_seen
zaloai_0787,vispoofdb_processed/fake/zaloai/zaloai_0787.wav,fake,zaloai,neural_tts_commercial,train
zaloai_0788,vispoofdb_processed/fake/zaloai/zaloai_0788.wav,fake,zaloai,neural_tts_commercial,train
zaloai_0789,vispoofdb_processed/fake/zaloai/zaloai_0789.wav,fake,zaloai,neural_tts_commercial,train
zaloai_0790,vispoofdb_processed/fake/zaloai/zaloai_0790.wav,fake,zaloai,neural_tts_commercial,test_seen
zaloai_0791,vispoofdb_processed/fake/zaloai/zaloai_0791.wav,fake,zaloai,neural_tts_commercial,test_seen
zaloai_0792,vispoofdb_processed/fake/zaloai/zaloai_0792.wav,fake,zaloai,neural_tts_commercial,train
zaloai_0793,vispoofdb_processed/fake/zaloai/zaloai_0793.wav,fake,zaloai,neural_tts_commercial,train
zaloai_0794,vispoofdb_processed/fake/zaloai/zaloai_0794.wav,fake,zaloai,neural_tts_commercial,train
zaloai_0795,vispoofdb_processed/fake/zaloai/zaloai_0795.wav,fake,zaloai,neural_tts_commercial,test_seen
zaloai_0796,vispoofdb_processed/fake/zaloai/zaloai_0796.wav,fake,zaloai,neural_tts_commercial,test_seen
zaloai_0797,vispoofdb_processed/fake/zaloai/zaloai_0797.wav,fake,zaloai,neural_tts_commercial,train
zaloai_0798,vispoofdb_processed/fake/zaloai/zaloai_0798.wav,fake,zaloai,neural_tts_commercial,test_seen
zaloai_0799,vispoofdb_processed/fake/zaloai/zaloai_0799.wav,fake,zaloai,neural_tts_commercial,train
zaloai_0800,vispoofdb_processed/fake/zaloai/zaloai_0800.wav,fake,zaloai,neural_tts_commercial,test_seen
zaloai_0801,vispoofdb_processed/fake/zaloai/zaloai_0801.wav,fake,zaloai,neural_tts_commercial,test_seen
zaloai_0802,vispoofdb_processed/fake/zaloai/zaloai_0802.wav,fake,zaloai,neural_tts_commercial,train
zaloai_0803,vispoofdb_processed/fake/zaloai/zaloai_0803.wav,fake,zaloai,neural_tts_commercial,train
zaloai_0804,vispoofdb_processed/fake/zaloai/zaloai_0804.wav,fake,zaloai,neural_tts_commercial,test_seen
zaloai_0805,vispoofdb_processed/fake/zaloai/zaloai_0805.wav,fake,zaloai,neural_tts_commercial,train
zaloai_0806,vispoofdb_processed/fake/zaloai/zaloai_0806.wav,fake,zaloai,neural_tts_commercial,train
zaloai_0807,vispoofdb_processed/fake/zaloai/zaloai_0807.wav,fake,zaloai,neural_tts_commercial,train
zaloai_0808,vispoofdb_processed/fake/zaloai/zaloai_0808.wav,fake,zaloai,neural_tts_commercial,train
zaloai_0809,vispoofdb_processed/fake/zaloai/zaloai_0809.wav,fake,zaloai,neural_tts_commercial,train
zaloai_0810,vispoofdb_processed/fake/zaloai/zaloai_0810.wav,fake,zaloai,neural_tts_commercial,train
zaloai_0811,vispoofdb_processed/fake/zaloai/zaloai_0811.wav,fake,zaloai,neural_tts_commercial,test_seen
zaloai_0812,vispoofdb_processed/fake/zaloai/zaloai_0812.wav,fake,zaloai,neural_tts_commercial,train
zaloai_0813,vispoofdb_processed/fake/zaloai/zaloai_0813.wav,fake,zaloai,neural_tts_commercial,train
zaloai_0814,vispoofdb_processed/fake/zaloai/zaloai_0814.wav,fake,zaloai,neural_tts_commercial,train
zaloai_0815,vispoofdb_processed/fake/zaloai/zaloai_0815.wav,fake,zaloai,neural_tts_commercial,test_seen
zaloai_0816,vispoofdb_processed/fake/zaloai/zaloai_0816.wav,fake,zaloai,neural_tts_commercial,train
zaloai_0817,vispoofdb_processed/fake/zaloai/zaloai_0817.wav,fake,zaloai,neural_tts_commercial,train
zaloai_0818,vispoofdb_processed/fake/zaloai/zaloai_0818.wav,fake,zaloai,neural_tts_commercial,train
zaloai_0819,vispoofdb_processed/fake/zaloai/zaloai_0819.wav,fake,zaloai,neural_tts_commercial,test_seen
zaloai_0820,vispoofdb_processed/fake/zaloai/zaloai_0820.wav,fake,zaloai,neural_tts_commercial,test_seen
zaloai_0821,vispoofdb_processed/fake/zaloai/zaloai_0821.wav,fake,zaloai,neural_tts_commercial,train
zaloai_0822,vispoofdb_processed/fake/zaloai/zaloai_0822.wav,fake,zaloai,neural_tts_commercial,test_seen
zaloai_0823,vispoofdb_processed/fake/zaloai/zaloai_0823.wav,fake,zaloai,neural_tts_commercial,train
zaloai_0824,vispoofdb_processed/fake/zaloai/zaloai_0824.wav,fake,zaloai,neural_tts_commercial,train
zaloai_0825,vispoofdb_processed/fake/zaloai/zaloai_0825.wav,fake,zaloai,neural_tts_commercial,test_seen
zaloai_0826,vispoofdb_processed/fake/zaloai/zaloai_0826.wav,fake,zaloai,neural_tts_commercial,train
zaloai_0827,vispoofdb_processed/fake/zaloai/zaloai_0827.wav,fake,zaloai,neural_tts_commercial,train
zaloai_0828,vispoofdb_processed/fake/zaloai/zaloai_0828.wav,fake,zaloai,neural_tts_commercial,train
zaloai_0829,vispoofdb_processed/fake/zaloai/zaloai_0829.wav,fake,zaloai,neural_tts_commercial,train
zaloai_0830,vispoofdb_processed/fake/zaloai/zaloai_0830.wav,fake,zaloai,neural_tts_commercial,train
zaloai_0831,vispoofdb_processed/fake/zaloai/zaloai_0831.wav,fake,zaloai,neural_tts_commercial,train
zaloai_0832,vispoofdb_processed/fake/zaloai/zaloai_0832.wav,fake,zaloai,neural_tts_commercial,train
zaloai_0833,vispoofdb_processed/fake/zaloai/zaloai_0833.wav,fake,zaloai,neural_tts_commercial,train
zaloai_0834,vispoofdb_processed/fake/zaloai/zaloai_0834.wav,fake,zaloai,neural_tts_commercial,test_seen
zaloai_0835,vispoofdb_processed/fake/zaloai/zaloai_0835.wav,fake,zaloai,neural_tts_commercial,train
zaloai_0836,vispoofdb_processed/fake/zaloai/zaloai_0836.wav,fake,zaloai,neural_tts_commercial,train
zaloai_0837,vispoofdb_processed/fake/zaloai/zaloai_0837.wav,fake,zaloai,neural_tts_commercial,train
zaloai_0838,vispoofdb_processed/fake/zaloai/zaloai_0838.wav,fake,zaloai,neural_tts_commercial,train
zaloai_0839,vispoofdb_processed/fake/zaloai/zaloai_0839.wav,fake,zaloai,neural_tts_commercial,test_seen
zaloai_0840,vispoofdb_processed/fake/zaloai/zaloai_0840.wav,fake,zaloai,neural_tts_commercial,train
zaloai_0841,vispoofdb_processed/fake/zaloai/zaloai_0841.wav,fake,zaloai,neural_tts_commercial,train
zaloai_0842,vispoofdb_processed/fake/zaloai/zaloai_0842.wav,fake,zaloai,neural_tts_commercial,train
zaloai_0843,vispoofdb_processed/fake/zaloai/zaloai_0843.wav,fake,zaloai,neural_tts_commercial,train
zaloai_0844,vispoofdb_processed/fake/zaloai/zaloai_0844.wav,fake,zaloai,neural_tts_commercial,train
zaloai_0845,vispoofdb_processed/fake/zaloai/zaloai_0845.wav,fake,zaloai,neural_tts_commercial,train
zaloai_0846,vispoofdb_processed/fake/zaloai/zaloai_0846.wav,fake,zaloai,neural_tts_commercial,train
zaloai_0847,vispoofdb_processed/fake/zaloai/zaloai_0847.wav,fake,zaloai,neural_tts_commercial,train
zaloai_0848,vispoofdb_processed/fake/zaloai/zaloai_0848.wav,fake,zaloai,neural_tts_commercial,train
zaloai_0849,vispoofdb_processed/fake/zaloai/zaloai_0849.wav,fake,zaloai,neural_tts_commercial,train
zaloai_0850,vispoofdb_processed/fake/zaloai/zaloai_0850.wav,fake,zaloai,neural_tts_commercial,train
zaloai_0851,vispoofdb_processed/fake/zaloai/zaloai_0851.wav,fake,zaloai,neural_tts_commercial,train
zaloai_0852,vispoofdb_processed/fake/zaloai/zaloai_0852.wav,fake,zaloai,neural_tts_commercial,train
zaloai_0853,vispoofdb_processed/fake/zaloai/zaloai_0853.wav,fake,zaloai,neural_tts_commercial,train
zaloai_0854,vispoofdb_processed/fake/zaloai/zaloai_0854.wav,fake,zaloai,neural_tts_commercial,train
zaloai_0855,vispoofdb_processed/fake/zaloai/zaloai_0855.wav,fake,zaloai,neural_tts_commercial,train
zaloai_0856,vispoofdb_processed/fake/zaloai/zaloai_0856.wav,fake,zaloai,neural_tts_commercial,train
zaloai_0857,vispoofdb_processed/fake/zaloai/zaloai_0857.wav,fake,zaloai,neural_tts_commercial,train
zaloai_0858,vispoofdb_processed/fake/zaloai/zaloai_0858.wav,fake,zaloai,neural_tts_commercial,train
zaloai_0859,vispoofdb_processed/fake/zaloai/zaloai_0859.wav,fake,zaloai,neural_tts_commercial,train
zaloai_0860,vispoofdb_processed/fake/zaloai/zaloai_0860.wav,fake,zaloai,neural_tts_commercial,train
zaloai_0861,vispoofdb_processed/fake/zaloai/zaloai_0861.wav,fake,zaloai,neural_tts_commercial,train
zaloai_0862,vispoofdb_processed/fake/zaloai/zaloai_0862.wav,fake,zaloai,neural_tts_commercial,train
zaloai_0863,vispoofdb_processed/fake/zaloai/zaloai_0863.wav,fake,zaloai,neural_tts_commercial,test_seen
zaloai_0864,vispoofdb_processed/fake/zaloai/zaloai_0864.wav,fake,zaloai,neural_tts_commercial,train
zaloai_0865,vispoofdb_processed/fake/zaloai/zaloai_0865.wav,fake,zaloai,neural_tts_commercial,test_seen
zaloai_0866,vispoofdb_processed/fake/zaloai/zaloai_0866.wav,fake,zaloai,neural_tts_commercial,train
zaloai_0867,vispoofdb_processed/fake/zaloai/zaloai_0867.wav,fake,zaloai,neural_tts_commercial,train
zaloai_0868,vispoofdb_processed/fake/zaloai/zaloai_0868.wav,fake,zaloai,neural_tts_commercial,train
zaloai_0869,vispoofdb_processed/fake/zaloai/zaloai_0869.wav,fake,zaloai,neural_tts_commercial,train
zaloai_0870,vispoofdb_processed/fake/zaloai/zaloai_0870.wav,fake,zaloai,neural_tts_commercial,train
zaloai_0871,vispoofdb_processed/fake/zaloai/zaloai_0871.wav,fake,zaloai,neural_tts_commercial,test_seen
zaloai_0872,vispoofdb_processed/fake/zaloai/zaloai_0872.wav,fake,zaloai,neural_tts_commercial,train
zaloai_0873,vispoofdb_processed/fake/zaloai/zaloai_0873.wav,fake,zaloai,neural_tts_commercial,train
zaloai_0874,vispoofdb_processed/fake/zaloai/zaloai_0874.wav,fake,zaloai,neural_tts_commercial,train
zaloai_0875,vispoofdb_processed/fake/zaloai/zaloai_0875.wav,fake,zaloai,neural_tts_commercial,train
zaloai_0876,vispoofdb_processed/fake/zaloai/zaloai_0876.wav,fake,zaloai,neural_tts_commercial,train
zaloai_0877,vispoofdb_processed/fake/zaloai/zaloai_0877.wav,fake,zaloai,neural_tts_commercial,train
zaloai_0878,vispoofdb_processed/fake/zaloai/zaloai_0878.wav,fake,zaloai,neural_tts_commercial,train
zaloai_0879,vispoofdb_processed/fake/zaloai/zaloai_0879.wav,fake,zaloai,neural_tts_commercial,test_seen
zaloai_0880,vispoofdb_processed/fake/zaloai/zaloai_0880.wav,fake,zaloai,neural_tts_commercial,test_seen
zaloai_0881,vispoofdb_processed/fake/zaloai/zaloai_0881.wav,fake,zaloai,neural_tts_commercial,train
zaloai_0882,vispoofdb_processed/fake/zaloai/zaloai_0882.wav,fake,zaloai,neural_tts_commercial,train
zaloai_0883,vispoofdb_processed/fake/zaloai/zaloai_0883.wav,fake,zaloai,neural_tts_commercial,train
zaloai_0884,vispoofdb_processed/fake/zaloai/zaloai_0884.wav,fake,zaloai,neural_tts_commercial,test_seen
zaloai_0885,vispoofdb_processed/fake/zaloai/zaloai_0885.wav,fake,zaloai,neural_tts_commercial,train
zaloai_0886,vispoofdb_processed/fake/zaloai/zaloai_0886.wav,fake,zaloai,neural_tts_commercial,train
zaloai_0887,vispoofdb_processed/fake/zaloai/zaloai_0887.wav,fake,zaloai,neural_tts_commercial,train
zaloai_0888,vispoofdb_processed/fake/zaloai/zaloai_0888.wav,fake,zaloai,neural_tts_commercial,train
zaloai_0889,vispoofdb_processed/fake/zaloai/zaloai_0889.wav,fake,zaloai,neural_tts_commercial,test_seen
zaloai_0890,vispoofdb_processed/fake/zaloai/zaloai_0890.wav,fake,zaloai,neural_tts_commercial,train
zaloai_0891,vispoofdb_processed/fake/zaloai/zaloai_0891.wav,fake,zaloai,neural_tts_commercial,test_seen
zaloai_0892,vispoofdb_processed/fake/zaloai/zaloai_0892.wav,fake,zaloai,neural_tts_commercial,train
zaloai_0893,vispoofdb_processed/fake/zaloai/zaloai_0893.wav,fake,zaloai,neural_tts_commercial,train
zaloai_0894,vispoofdb_processed/fake/zaloai/zaloai_0894.wav,fake,zaloai,neural_tts_commercial,train
zaloai_0895,vispoofdb_processed/fake/zaloai/zaloai_0895.wav,fake,zaloai,neural_tts_commercial,train
zaloai_0896,vispoofdb_processed/fake/zaloai/zaloai_0896.wav,fake,zaloai,neural_tts_commercial,train
zaloai_0897,vispoofdb_processed/fake/zaloai/zaloai_0897.wav,fake,zaloai,neural_tts_commercial,train
zaloai_0898,vispoofdb_processed/fake/zaloai/zaloai_0898.wav,fake,zaloai,neural_tts_commercial,train
zaloai_0899,vispoofdb_processed/fake/zaloai/zaloai_0899.wav,fake,zaloai,neural_tts_commercial,train
zaloai_0900,vispoofdb_processed/fake/zaloai/zaloai_0900.wav,fake,zaloai,neural_tts_commercial,train
zaloai_0901,vispoofdb_processed/fake/zaloai/zaloai_0901.wav,fake,zaloai,neural_tts_commercial,train
zaloai_0902,vispoofdb_processed/fake/zaloai/zaloai_0902.wav,fake,zaloai,neural_tts_commercial,train
zaloai_0903,vispoofdb_processed/fake/zaloai/zaloai_0903.wav,fake,zaloai,neural_tts_commercial,train
zaloai_0904,vispoofdb_processed/fake/zaloai/zaloai_0904.wav,fake,zaloai,neural_tts_commercial,train
zaloai_0905,vispoofdb_processed/fake/zaloai/zaloai_0905.wav,fake,zaloai,neural_tts_commercial,train
zaloai_0906,vispoofdb_processed/fake/zaloai/zaloai_0906.wav,fake,zaloai,neural_tts_commercial,test_seen
zaloai_0907,vispoofdb_processed/fake/zaloai/zaloai_0907.wav,fake,zaloai,neural_tts_commercial,train
zaloai_0908,vispoofdb_processed/fake/zaloai/zaloai_0908.wav,fake,zaloai,neural_tts_commercial,train
zaloai_0909,vispoofdb_processed/fake/zaloai/zaloai_0909.wav,fake,zaloai,neural_tts_commercial,train
zaloai_0910,vispoofdb_processed/fake/zaloai/zaloai_0910.wav,fake,zaloai,neural_tts_commercial,train
zaloai_0911,vispoofdb_processed/fake/zaloai/zaloai_0911.wav,fake,zaloai,neural_tts_commercial,train
zaloai_0912,vispoofdb_processed/fake/zaloai/zaloai_0912.wav,fake,zaloai,neural_tts_commercial,train
zaloai_0913,vispoofdb_processed/fake/zaloai/zaloai_0913.wav,fake,zaloai,neural_tts_commercial,train
zaloai_0914,vispoofdb_processed/fake/zaloai/zaloai_0914.wav,fake,zaloai,neural_tts_commercial,train
zaloai_0915,vispoofdb_processed/fake/zaloai/zaloai_0915.wav,fake,zaloai,neural_tts_commercial,train
zaloai_0916,vispoofdb_processed/fake/zaloai/zaloai_0916.wav,fake,zaloai,neural_tts_commercial,train
zaloai_0917,vispoofdb_processed/fake/zaloai/zaloai_0917.wav,fake,zaloai,neural_tts_commercial,train
zaloai_0918,vispoofdb_processed/fake/zaloai/zaloai_0918.wav,fake,zaloai,neural_tts_commercial,train
zaloai_0919,vispoofdb_processed/fake/zaloai/zaloai_0919.wav,fake,zaloai,neural_tts_commercial,train
zaloai_0920,vispoofdb_processed/fake/zaloai/zaloai_0920.wav,fake,zaloai,neural_tts_commercial,train
zaloai_0921,vispoofdb_processed/fake/zaloai/zaloai_0921.wav,fake,zaloai,neural_tts_commercial,train
zaloai_0922,vispoofdb_processed/fake/zaloai/zaloai_0922.wav,fake,zaloai,neural_tts_commercial,train
zaloai_0923,vispoofdb_processed/fake/zaloai/zaloai_0923.wav,fake,zaloai,neural_tts_commercial,test_seen
zaloai_0924,vispoofdb_processed/fake/zaloai/zaloai_0924.wav,fake,zaloai,neural_tts_commercial,train
zaloai_0925,vispoofdb_processed/fake/zaloai/zaloai_0925.wav,fake,zaloai,neural_tts_commercial,train
zaloai_0926,vispoofdb_processed/fake/zaloai/zaloai_0926.wav,fake,zaloai,neural_tts_commercial,train
zaloai_0927,vispoofdb_processed/fake/zaloai/zaloai_0927.wav,fake,zaloai,neural_tts_commercial,test_seen
zaloai_0928,vispoofdb_processed/fake/zaloai/zaloai_0928.wav,fake,zaloai,neural_tts_commercial,test_seen
zaloai_0929,vispoofdb_processed/fake/zaloai/zaloai_0929.wav,fake,zaloai,neural_tts_commercial,train
zaloai_0930,vispoofdb_processed/fake/zaloai/zaloai_0930.wav,fake,zaloai,neural_tts_commercial,train
zaloai_0931,vispoofdb_processed/fake/zaloai/zaloai_0931.wav,fake,zaloai,neural_tts_commercial,test_seen
zaloai_0932,vispoofdb_processed/fake/zaloai/zaloai_0932.wav,fake,zaloai,neural_tts_commercial,train
zaloai_0933,vispoofdb_processed/fake/zaloai/zaloai_0933.wav,fake,zaloai,neural_tts_commercial,test_seen
zaloai_0934,vispoofdb_processed/fake/zaloai/zaloai_0934.wav,fake,zaloai,neural_tts_commercial,test_seen
zaloai_0935,vispoofdb_processed/fake/zaloai/zaloai_0935.wav,fake,zaloai,neural_tts_commercial,train
zaloai_0936,vispoofdb_processed/fake/zaloai/zaloai_0936.wav,fake,zaloai,neural_tts_commercial,train
zaloai_0937,vispoofdb_processed/fake/zaloai/zaloai_0937.wav,fake,zaloai,neural_tts_commercial,test_seen
zaloai_0938,vispoofdb_processed/fake/zaloai/zaloai_0938.wav,fake,zaloai,neural_tts_commercial,test_seen
zaloai_0939,vispoofdb_processed/fake/zaloai/zaloai_0939.wav,fake,zaloai,neural_tts_commercial,train
zaloai_0940,vispoofdb_processed/fake/zaloai/zaloai_0940.wav,fake,zaloai,neural_tts_commercial,train
zaloai_0941,vispoofdb_processed/fake/zaloai/zaloai_0941.wav,fake,zaloai,neural_tts_commercial,train
zaloai_0942,vispoofdb_processed/fake/zaloai/zaloai_0942.wav,fake,zaloai,neural_tts_commercial,train
zaloai_0943,vispoofdb_processed/fake/zaloai/zaloai_0943.wav,fake,zaloai,neural_tts_commercial,test_seen
zaloai_0944,vispoofdb_processed/fake/zaloai/zaloai_0944.wav,fake,zaloai,neural_tts_commercial,train
zaloai_0945,vispoofdb_processed/fake/zaloai/zaloai_0945.wav,fake,zaloai,neural_tts_commercial,train
zaloai_0946,vispoofdb_processed/fake/zaloai/zaloai_0946.wav,fake,zaloai,neural_tts_commercial,train
zaloai_0947,vispoofdb_processed/fake/zaloai/zaloai_0947.wav,fake,zaloai,neural_tts_commercial,train
zaloai_0948,vispoofdb_processed/fake/zaloai/zaloai_0948.wav,fake,zaloai,neural_tts_commercial,test_seen
zaloai_0949,vispoofdb_processed/fake/zaloai/zaloai_0949.wav,fake,zaloai,neural_tts_commercial,train
zaloai_0950,vispoofdb_processed/fake/zaloai/zaloai_0950.wav,fake,zaloai,neural_tts_commercial,train
zaloai_0951,vispoofdb_processed/fake/zaloai/zaloai_0951.wav,fake,zaloai,neural_tts_commercial,train
zaloai_0952,vispoofdb_processed/fake/zaloai/zaloai_0952.wav,fake,zaloai,neural_tts_commercial,train
zaloai_0953,vispoofdb_processed/fake/zaloai/zaloai_0953.wav,fake,zaloai,neural_tts_commercial,train
zaloai_0954,vispoofdb_processed/fake/zaloai/zaloai_0954.wav,fake,zaloai,neural_tts_commercial,train
zaloai_0955,vispoofdb_processed/fake/zaloai/zaloai_0955.wav,fake,zaloai,neural_tts_commercial,train
zaloai_0956,vispoofdb_processed/fake/zaloai/zaloai_0956.wav,fake,zaloai,neural_tts_commercial,train
zaloai_0957,vispoofdb_processed/fake/zaloai/zaloai_0957.wav,fake,zaloai,neural_tts_commercial,train
zaloai_0958,vispoofdb_processed/fake/zaloai/zaloai_0958.wav,fake,zaloai,neural_tts_commercial,train
zaloai_0959,vispoofdb_processed/fake/zaloai/zaloai_0959.wav,fake,zaloai,neural_tts_commercial,train
zaloai_0960,vispoofdb_processed/fake/zaloai/zaloai_0960.wav,fake,zaloai,neural_tts_commercial,test_seen
zaloai_0961,vispoofdb_processed/fake/zaloai/zaloai_0961.wav,fake,zaloai,neural_tts_commercial,test_seen
zaloai_0962,vispoofdb_processed/fake/zaloai/zaloai_0962.wav,fake,zaloai,neural_tts_commercial,train
zaloai_0963,vispoofdb_processed/fake/zaloai/zaloai_0963.wav,fake,zaloai,neural_tts_commercial,train
zaloai_0964,vispoofdb_processed/fake/zaloai/zaloai_0964.wav,fake,zaloai,neural_tts_commercial,train
zaloai_0965,vispoofdb_processed/fake/zaloai/zaloai_0965.wav,fake,zaloai,neural_tts_commercial,train
zaloai_0966,vispoofdb_processed/fake/zaloai/zaloai_0966.wav,fake,zaloai,neural_tts_commercial,train
zaloai_0967,vispoofdb_processed/fake/zaloai/zaloai_0967.wav,fake,zaloai,neural_tts_commercial,train
zaloai_0968,vispoofdb_processed/fake/zaloai/zaloai_0968.wav,fake,zaloai,neural_tts_commercial,train
zaloai_0969,vispoofdb_processed/fake/zaloai/zaloai_0969.wav,fake,zaloai,neural_tts_commercial,train
zaloai_0970,vispoofdb_processed/fake/zaloai/zaloai_0970.wav,fake,zaloai,neural_tts_commercial,train
zaloai_0971,vispoofdb_processed/fake/zaloai/zaloai_0971.wav,fake,zaloai,neural_tts_commercial,train
zaloai_0972,vispoofdb_processed/fake/zaloai/zaloai_0972.wav,fake,zaloai,neural_tts_commercial,test_seen
zaloai_0973,vispoofdb_processed/fake/zaloai/zaloai_0973.wav,fake,zaloai,neural_tts_commercial,train
zaloai_0974,vispoofdb_processed/fake/zaloai/zaloai_0974.wav,fake,zaloai,neural_tts_commercial,test_seen
zaloai_0975,vispoofdb_processed/fake/zaloai/zaloai_0975.wav,fake,zaloai,neural_tts_commercial,train
zaloai_0976,vispoofdb_processed/fake/zaloai/zaloai_0976.wav,fake,zaloai,neural_tts_commercial,train
zaloai_0977,vispoofdb_processed/fake/zaloai/zaloai_0977.wav,fake,zaloai,neural_tts_commercial,test_seen
zaloai_0978,vispoofdb_processed/fake/zaloai/zaloai_0978.wav,fake,zaloai,neural_tts_commercial,train
zaloai_0979,vispoofdb_processed/fake/zaloai/zaloai_0979.wav,fake,zaloai,neural_tts_commercial,train
zaloai_0980,vispoofdb_processed/fake/zaloai/zaloai_0980.wav,fake,zaloai,neural_tts_commercial,train
zaloai_0981,vispoofdb_processed/fake/zaloai/zaloai_0981.wav,fake,zaloai,neural_tts_commercial,train
zaloai_0982,vispoofdb_processed/fake/zaloai/zaloai_0982.wav,fake,zaloai,neural_tts_commercial,train
zaloai_0983,vispoofdb_processed/fake/zaloai/zaloai_0983.wav,fake,zaloai,neural_tts_commercial,train
zaloai_0984,vispoofdb_processed/fake/zaloai/zaloai_0984.wav,fake,zaloai,neural_tts_commercial,test_seen
zaloai_0985,vispoofdb_processed/fake/zaloai/zaloai_0985.wav,fake,zaloai,neural_tts_commercial,train
zaloai_0986,vispoofdb_processed/fake/zaloai/zaloai_0986.wav,fake,zaloai,neural_tts_commercial,train
zaloai_0987,vispoofdb_processed/fake/zaloai/zaloai_0987.wav,fake,zaloai,neural_tts_commercial,train
zaloai_0988,vispoofdb_processed/fake/zaloai/zaloai_0988.wav,fake,zaloai,neural_tts_commercial,train
zaloai_0989,vispoofdb_processed/fake/zaloai/zaloai_0989.wav,fake,zaloai,neural_tts_commercial,test_seen
zaloai_0990,vispoofdb_processed/fake/zaloai/zaloai_0990.wav,fake,zaloai,neural_tts_commercial,train
zaloai_0991,vispoofdb_processed/fake/zaloai/zaloai_0991.wav,fake,zaloai,neural_tts_commercial,train
zaloai_0992,vispoofdb_processed/fake/zaloai/zaloai_0992.wav,fake,zaloai,neural_tts_commercial,train
zaloai_0993,vispoofdb_processed/fake/zaloai/zaloai_0993.wav,fake,zaloai,neural_tts_commercial,train
zaloai_0994,vispoofdb_processed/fake/zaloai/zaloai_0994.wav,fake,zaloai,neural_tts_commercial,train
zaloai_0995,vispoofdb_processed/fake/zaloai/zaloai_0995.wav,fake,zaloai,neural_tts_commercial,train
zaloai_0996,vispoofdb_processed/fake/zaloai/zaloai_0996.wav,fake,zaloai,neural_tts_commercial,test_seen
zaloai_0997,vispoofdb_processed/fake/zaloai/zaloai_0997.wav,fake,zaloai,neural_tts_commercial,train
zaloai_0998,vispoofdb_processed/fake/zaloai/zaloai_0998.wav,fake,zaloai,neural_tts_commercial,test_seen
zaloai_0999,vispoofdb_processed/fake/zaloai/zaloai_0999.wav,fake,zaloai,neural_tts_commercial,train
zaloai_1000,vispoofdb_processed/fake/zaloai/zaloai_1000.wav,fake,zaloai,neural_tts_commercial,train
zaloai_1001,vispoofdb_processed/fake/zaloai/zaloai_1001.wav,fake,zaloai,neural_tts_commercial,train
zaloai_1002,vispoofdb_processed/fake/zaloai/zaloai_1002.wav,fake,zaloai,neural_tts_commercial,train
zaloai_1003,vispoofdb_processed/fake/zaloai/zaloai_1003.wav,fake,zaloai,neural_tts_commercial,train
zaloai_1004,vispoofdb_processed/fake/zaloai/zaloai_1004.wav,fake,zaloai,neural_tts_commercial,train
zaloai_1005,vispoofdb_processed/fake/zaloai/zaloai_1005.wav,fake,zaloai,neural_tts_commercial,train
zaloai_1006,vispoofdb_processed/fake/zaloai/zaloai_1006.wav,fake,zaloai,neural_tts_commercial,train
zaloai_1007,vispoofdb_processed/fake/zaloai/zaloai_1007.wav,fake,zaloai,neural_tts_commercial,test_seen
zaloai_1008,vispoofdb_processed/fake/zaloai/zaloai_1008.wav,fake,zaloai,neural_tts_commercial,train
zaloai_1009,vispoofdb_processed/fake/zaloai/zaloai_1009.wav,fake,zaloai,neural_tts_commercial,train
zaloai_1010,vispoofdb_processed/fake/zaloai/zaloai_1010.wav,fake,zaloai,neural_tts_commercial,train
zaloai_1011,vispoofdb_processed/fake/zaloai/zaloai_1011.wav,fake,zaloai,neural_tts_commercial,train
zaloai_1012,vispoofdb_processed/fake/zaloai/zaloai_1012.wav,fake,zaloai,neural_tts_commercial,train
zaloai_1013,vispoofdb_processed/fake/zaloai/zaloai_1013.wav,fake,zaloai,neural_tts_commercial,test_seen
zaloai_1014,vispoofdb_processed/fake/zaloai/zaloai_1014.wav,fake,zaloai,neural_tts_commercial,train
zaloai_1015,vispoofdb_processed/fake/zaloai/zaloai_1015.wav,fake,zaloai,neural_tts_commercial,train
zaloai_1016,vispoofdb_processed/fake/zaloai/zaloai_1016.wav,fake,zaloai,neural_tts_commercial,train
zaloai_1017,vispoofdb_processed/fake/zaloai/zaloai_1017.wav,fake,zaloai,neural_tts_commercial,test_seen
zaloai_1018,vispoofdb_processed/fake/zaloai/zaloai_1018.wav,fake,zaloai,neural_tts_commercial,train
zaloai_1019,vispoofdb_processed/fake/zaloai/zaloai_1019.wav,fake,zaloai,neural_tts_commercial,train
zaloai_1020,vispoofdb_processed/fake/zaloai/zaloai_1020.wav,fake,zaloai,neural_tts_commercial,train
zaloai_1021,vispoofdb_processed/fake/zaloai/zaloai_1021.wav,fake,zaloai,neural_tts_commercial,train
zaloai_1022,vispoofdb_processed/fake/zaloai/zaloai_1022.wav,fake,zaloai,neural_tts_commercial,test_seen
zaloai_1023,vispoofdb_processed/fake/zaloai/zaloai_1023.wav,fake,zaloai,neural_tts_commercial,train
zaloai_1024,vispoofdb_processed/fake/zaloai/zaloai_1024.wav,fake,zaloai,neural_tts_commercial,train
zaloai_1025,vispoofdb_processed/fake/zaloai/zaloai_1025.wav,fake,zaloai,neural_tts_commercial,train
zaloai_1026,vispoofdb_processed/fake/zaloai/zaloai_1026.wav,fake,zaloai,neural_tts_commercial,train
zaloai_1027,vispoofdb_processed/fake/zaloai/zaloai_1027.wav,fake,zaloai,neural_tts_commercial,train
zaloai_1028,vispoofdb_processed/fake/zaloai/zaloai_1028.wav,fake,zaloai,neural_tts_commercial,train
zaloai_1029,vispoofdb_processed/fake/zaloai/zaloai_1029.wav,fake,zaloai,neural_tts_commercial,train
zaloai_1030,vispoofdb_processed/fake/zaloai/zaloai_1030.wav,fake,zaloai,neural_tts_commercial,test_seen
zaloai_1031,vispoofdb_processed/fake/zaloai/zaloai_1031.wav,fake,zaloai,neural_tts_commercial,train
zaloai_1032,vispoofdb_processed/fake/zaloai/zaloai_1032.wav,fake,zaloai,neural_tts_commercial,train
zaloai_1033,vispoofdb_processed/fake/zaloai/zaloai_1033.wav,fake,zaloai,neural_tts_commercial,test_seen
zaloai_1034,vispoofdb_processed/fake/zaloai/zaloai_1034.wav,fake,zaloai,neural_tts_commercial,test_seen
zaloai_1035,vispoofdb_processed/fake/zaloai/zaloai_1035.wav,fake,zaloai,neural_tts_commercial,train
zaloai_1036,vispoofdb_processed/fake/zaloai/zaloai_1036.wav,fake,zaloai,neural_tts_commercial,train
zaloai_1037,vispoofdb_processed/fake/zaloai/zaloai_1037.wav,fake,zaloai,neural_tts_commercial,train
zaloai_1038,vispoofdb_processed/fake/zaloai/zaloai_1038.wav,fake,zaloai,neural_tts_commercial,train
zaloai_1039,vispoofdb_processed/fake/zaloai/zaloai_1039.wav,fake,zaloai,neural_tts_commercial,train
zaloai_1040,vispoofdb_processed/fake/zaloai/zaloai_1040.wav,fake,zaloai,neural_tts_commercial,test_seen
zaloai_1041,vispoofdb_processed/fake/zaloai/zaloai_1041.wav,fake,zaloai,neural_tts_commercial,train
zaloai_1042,vispoofdb_processed/fake/zaloai/zaloai_1042.wav,fake,zaloai,neural_tts_commercial,train
zaloai_1043,vispoofdb_processed/fake/zaloai/zaloai_1043.wav,fake,zaloai,neural_tts_commercial,train
zaloai_1044,vispoofdb_processed/fake/zaloai/zaloai_1044.wav,fake,zaloai,neural_tts_commercial,train
zaloai_1045,vispoofdb_processed/fake/zaloai/zaloai_1045.wav,fake,zaloai,neural_tts_commercial,train
zaloai_1046,vispoofdb_processed/fake/zaloai/zaloai_1046.wav,fake,zaloai,neural_tts_commercial,train
zaloai_1047,vispoofdb_processed/fake/zaloai/zaloai_1047.wav,fake,zaloai,neural_tts_commercial,train
zaloai_1048,vispoofdb_processed/fake/zaloai/zaloai_1048.wav,fake,zaloai,neural_tts_commercial,train
zaloai_1049,vispoofdb_processed/fake/zaloai/zaloai_1049.wav,fake,zaloai,neural_tts_commercial,train
zaloai_1050,vispoofdb_processed/fake/zaloai/zaloai_1050.wav,fake,zaloai,neural_tts_commercial,train
zaloai_1051,vispoofdb_processed/fake/zaloai/zaloai_1051.wav,fake,zaloai,neural_tts_commercial,test_seen
zaloai_1052,vispoofdb_processed/fake/zaloai/zaloai_1052.wav,fake,zaloai,neural_tts_commercial,test_seen
zaloai_1053,vispoofdb_processed/fake/zaloai/zaloai_1053.wav,fake,zaloai,neural_tts_commercial,train
zaloai_1054,vispoofdb_processed/fake/zaloai/zaloai_1054.wav,fake,zaloai,neural_tts_commercial,train
zaloai_1055,vispoofdb_processed/fake/zaloai/zaloai_1055.wav,fake,zaloai,neural_tts_commercial,train
zaloai_1056,vispoofdb_processed/fake/zaloai/zaloai_1056.wav,fake,zaloai,neural_tts_commercial,train
zaloai_1057,vispoofdb_processed/fake/zaloai/zaloai_1057.wav,fake,zaloai,neural_tts_commercial,test_seen
zaloai_1058,vispoofdb_processed/fake/zaloai/zaloai_1058.wav,fake,zaloai,neural_tts_commercial,train
zaloai_1059,vispoofdb_processed/fake/zaloai/zaloai_1059.wav,fake,zaloai,neural_tts_commercial,train
zaloai_1060,vispoofdb_processed/fake/zaloai/zaloai_1060.wav,fake,zaloai,neural_tts_commercial,train
zaloai_1061,vispoofdb_processed/fake/zaloai/zaloai_1061.wav,fake,zaloai,neural_tts_commercial,train
zaloai_1062,vispoofdb_processed/fake/zaloai/zaloai_1062.wav,fake,zaloai,neural_tts_commercial,train
zaloai_1063,vispoofdb_processed/fake/zaloai/zaloai_1063.wav,fake,zaloai,neural_tts_commercial,train
zaloai_1064,vispoofdb_processed/fake/zaloai/zaloai_1064.wav,fake,zaloai,neural_tts_commercial,train
zaloai_1065,vispoofdb_processed/fake/zaloai/zaloai_1065.wav,fake,zaloai,neural_tts_commercial,train
zaloai_1066,vispoofdb_processed/fake/zaloai/zaloai_1066.wav,fake,zaloai,neural_tts_commercial,train
zaloai_1067,vispoofdb_processed/fake/zaloai/zaloai_1067.wav,fake,zaloai,neural_tts_commercial,train
zaloai_1068,vispoofdb_processed/fake/zaloai/zaloai_1068.wav,fake,zaloai,neural_tts_commercial,test_seen
zaloai_1069,vispoofdb_processed/fake/zaloai/zaloai_1069.wav,fake,zaloai,neural_tts_commercial,train
zaloai_1070,vispoofdb_processed/fake/zaloai/zaloai_1070.wav,fake,zaloai,neural_tts_commercial,train
zaloai_1071,vispoofdb_processed/fake/zaloai/zaloai_1071.wav,fake,zaloai,neural_tts_commercial,train
zaloai_1072,vispoofdb_processed/fake/zaloai/zaloai_1072.wav,fake,zaloai,neural_tts_commercial,train
zaloai_1073,vispoofdb_processed/fake/zaloai/zaloai_1073.wav,fake,zaloai,neural_tts_commercial,train
zaloai_1074,vispoofdb_processed/fake/zaloai/zaloai_1074.wav,fake,zaloai,neural_tts_commercial,train
zaloai_1075,vispoofdb_processed/fake/zaloai/zaloai_1075.wav,fake,zaloai,neural_tts_commercial,test_seen
zaloai_1076,vispoofdb_processed/fake/zaloai/zaloai_1076.wav,fake,zaloai,neural_tts_commercial,train
zaloai_1077,vispoofdb_processed/fake/zaloai/zaloai_1077.wav,fake,zaloai,neural_tts_commercial,train
zaloai_1078,vispoofdb_processed/fake/zaloai/zaloai_1078.wav,fake,zaloai,neural_tts_commercial,train
zaloai_1079,vispoofdb_processed/fake/zaloai/zaloai_1079.wav,fake,zaloai,neural_tts_commercial,train
zaloai_1080,vispoofdb_processed/fake/zaloai/zaloai_1080.wav,fake,zaloai,neural_tts_commercial,train
zaloai_1081,vispoofdb_processed/fake/zaloai/zaloai_1081.wav,fake,zaloai,neural_tts_commercial,train
zaloai_1082,vispoofdb_processed/fake/zaloai/zaloai_1082.wav,fake,zaloai,neural_tts_commercial,test_seen
zaloai_1083,vispoofdb_processed/fake/zaloai/zaloai_1083.wav,fake,zaloai,neural_tts_commercial,test_seen
zaloai_1084,vispoofdb_processed/fake/zaloai/zaloai_1084.wav,fake,zaloai,neural_tts_commercial,train
zaloai_1085,vispoofdb_processed/fake/zaloai/zaloai_1085.wav,fake,zaloai,neural_tts_commercial,train
zaloai_1086,vispoofdb_processed/fake/zaloai/zaloai_1086.wav,fake,zaloai,neural_tts_commercial,train
zaloai_1087,vispoofdb_processed/fake/zaloai/zaloai_1087.wav,fake,zaloai,neural_tts_commercial,train
zaloai_1088,vispoofdb_processed/fake/zaloai/zaloai_1088.wav,fake,zaloai,neural_tts_commercial,train
zaloai_1089,vispoofdb_processed/fake/zaloai/zaloai_1089.wav,fake,zaloai,neural_tts_commercial,train
zaloai_1090,vispoofdb_processed/fake/zaloai/zaloai_1090.wav,fake,zaloai,neural_tts_commercial,train
zaloai_1091,vispoofdb_processed/fake/zaloai/zaloai_1091.wav,fake,zaloai,neural_tts_commercial,train
zaloai_1092,vispoofdb_processed/fake/zaloai/zaloai_1092.wav,fake,zaloai,neural_tts_commercial,train
zaloai_1093,vispoofdb_processed/fake/zaloai/zaloai_1093.wav,fake,zaloai,neural_tts_commercial,train
zaloai_1094,vispoofdb_processed/fake/zaloai/zaloai_1094.wav,fake,zaloai,neural_tts_commercial,train
zaloai_1095,vispoofdb_processed/fake/zaloai/zaloai_1095.wav,fake,zaloai,neural_tts_commercial,test_seen
zaloai_1096,vispoofdb_processed/fake/zaloai/zaloai_1096.wav,fake,zaloai,neural_tts_commercial,train
zaloai_1097,vispoofdb_processed/fake/zaloai/zaloai_1097.wav,fake,zaloai,neural_tts_commercial,train
zaloai_1098,vispoofdb_processed/fake/zaloai/zaloai_1098.wav,fake,zaloai,neural_tts_commercial,test_seen
zaloai_1099,vispoofdb_processed/fake/zaloai/zaloai_1099.wav,fake,zaloai,neural_tts_commercial,train
zaloai_1100,vispoofdb_processed/fake/zaloai/zaloai_1100.wav,fake,zaloai,neural_tts_commercial,train
zaloai_1101,vispoofdb_processed/fake/zaloai/zaloai_1101.wav,fake,zaloai,neural_tts_commercial,train
zaloai_1102,vispoofdb_processed/fake/zaloai/zaloai_1102.wav,fake,zaloai,neural_tts_commercial,train
zaloai_1103,vispoofdb_processed/fake/zaloai/zaloai_1103.wav,fake,zaloai,neural_tts_commercial,train
zaloai_1104,vispoofdb_processed/fake/zaloai/zaloai_1104.wav,fake,zaloai,neural_tts_commercial,train
zaloai_1105,vispoofdb_processed/fake/zaloai/zaloai_1105.wav,fake,zaloai,neural_tts_commercial,train
zaloai_1106,vispoofdb_processed/fake/zaloai/zaloai_1106.wav,fake,zaloai,neural_tts_commercial,train
zaloai_1107,vispoofdb_processed/fake/zaloai/zaloai_1107.wav,fake,zaloai,neural_tts_commercial,test_seen
zaloai_1108,vispoofdb_processed/fake/zaloai/zaloai_1108.wav,fake,zaloai,neural_tts_commercial,train
zaloai_1109,vispoofdb_processed/fake/zaloai/zaloai_1109.wav,fake,zaloai,neural_tts_commercial,train
zaloai_1110,vispoofdb_processed/fake/zaloai/zaloai_1110.wav,fake,zaloai,neural_tts_commercial,train
zaloai_1111,vispoofdb_processed/fake/zaloai/zaloai_1111.wav,fake,zaloai,neural_tts_commercial,train
zaloai_1112,vispoofdb_processed/fake/zaloai/zaloai_1112.wav,fake,zaloai,neural_tts_commercial,train
zaloai_1113,vispoofdb_processed/fake/zaloai/zaloai_1113.wav,fake,zaloai,neural_tts_commercial,test_seen
zaloai_1114,vispoofdb_processed/fake/zaloai/zaloai_1114.wav,fake,zaloai,neural_tts_commercial,train
zaloai_1115,vispoofdb_processed/fake/zaloai/zaloai_1115.wav,fake,zaloai,neural_tts_commercial,train
zaloai_1116,vispoofdb_processed/fake/zaloai/zaloai_1116.wav,fake,zaloai,neural_tts_commercial,train
zaloai_1117,vispoofdb_processed/fake/zaloai/zaloai_1117.wav,fake,zaloai,neural_tts_commercial,train
zaloai_1118,vispoofdb_processed/fake/zaloai/zaloai_1118.wav,fake,zaloai,neural_tts_commercial,test_seen
zaloai_1119,vispoofdb_processed/fake/zaloai/zaloai_1119.wav,fake,zaloai,neural_tts_commercial,train
zaloai_1120,vispoofdb_processed/fake/zaloai/zaloai_1120.wav,fake,zaloai,neural_tts_commercial,test_seen
zaloai_1121,vispoofdb_processed/fake/zaloai/zaloai_1121.wav,fake,zaloai,neural_tts_commercial,train
zaloai_1122,vispoofdb_processed/fake/zaloai/zaloai_1122.wav,fake,zaloai,neural_tts_commercial,train
zaloai_1123,vispoofdb_processed/fake/zaloai/zaloai_1123.wav,fake,zaloai,neural_tts_commercial,train
zaloai_1124,vispoofdb_processed/fake/zaloai/zaloai_1124.wav,fake,zaloai,neural_tts_commercial,train
zaloai_1125,vispoofdb_processed/fake/zaloai/zaloai_1125.wav,fake,zaloai,neural_tts_commercial,test_seen
zaloai_1126,vispoofdb_processed/fake/zaloai/zaloai_1126.wav,fake,zaloai,neural_tts_commercial,train
zaloai_1127,vispoofdb_processed/fake/zaloai/zaloai_1127.wav,fake,zaloai,neural_tts_commercial,test_seen
zaloai_1128,vispoofdb_processed/fake/zaloai/zaloai_1128.wav,fake,zaloai,neural_tts_commercial,train
zaloai_1129,vispoofdb_processed/fake/zaloai/zaloai_1129.wav,fake,zaloai,neural_tts_commercial,train
zaloai_1130,vispoofdb_processed/fake/zaloai/zaloai_1130.wav,fake,zaloai,neural_tts_commercial,train
zaloai_1131,vispoofdb_processed/fake/zaloai/zaloai_1131.wav,fake,zaloai,neural_tts_commercial,train
zaloai_1132,vispoofdb_processed/fake/zaloai/zaloai_1132.wav,fake,zaloai,neural_tts_commercial,train
zaloai_1133,vispoofdb_processed/fake/zaloai/zaloai_1133.wav,fake,zaloai,neural_tts_commercial,train
zaloai_1134,vispoofdb_processed/fake/zaloai/zaloai_1134.wav,fake,zaloai,neural_tts_commercial,test_seen
zaloai_1135,vispoofdb_processed/fake/zaloai/zaloai_1135.wav,fake,zaloai,neural_tts_commercial,test_seen
zaloai_1136,vispoofdb_processed/fake/zaloai/zaloai_1136.wav,fake,zaloai,neural_tts_commercial,train
zaloai_1137,vispoofdb_processed/fake/zaloai/zaloai_1137.wav,fake,zaloai,neural_tts_commercial,test_seen
zaloai_1138,vispoofdb_processed/fake/zaloai/zaloai_1138.wav,fake,zaloai,neural_tts_commercial,test_seen
zaloai_1139,vispoofdb_processed/fake/zaloai/zaloai_1139.wav,fake,zaloai,neural_tts_commercial,train
zaloai_1140,vispoofdb_processed/fake/zaloai/zaloai_1140.wav,fake,zaloai,neural_tts_commercial,train
zaloai_1141,vispoofdb_processed/fake/zaloai/zaloai_1141.wav,fake,zaloai,neural_tts_commercial,train
zaloai_1142,vispoofdb_processed/fake/zaloai/zaloai_1142.wav,fake,zaloai,neural_tts_commercial,test_seen
zaloai_1143,vispoofdb_processed/fake/zaloai/zaloai_1143.wav,fake,zaloai,neural_tts_commercial,train
zaloai_1144,vispoofdb_processed/fake/zaloai/zaloai_1144.wav,fake,zaloai,neural_tts_commercial,test_seen
zaloai_1145,vispoofdb_processed/fake/zaloai/zaloai_1145.wav,fake,zaloai,neural_tts_commercial,train
zaloai_1146,vispoofdb_processed/fake/zaloai/zaloai_1146.wav,fake,zaloai,neural_tts_commercial,train
zaloai_1147,vispoofdb_processed/fake/zaloai/zaloai_1147.wav,fake,zaloai,neural_tts_commercial,train
zaloai_1148,vispoofdb_processed/fake/zaloai/zaloai_1148.wav,fake,zaloai,neural_tts_commercial,train
zaloai_1149,vispoofdb_processed/fake/zaloai/zaloai_1149.wav,fake,zaloai,neural_tts_commercial,test_seen
zaloai_1150,vispoofdb_processed/fake/zaloai/zaloai_1150.wav,fake,zaloai,neural_tts_commercial,train
zaloai_1151,vispoofdb_processed/fake/zaloai/zaloai_1151.wav,fake,zaloai,neural_tts_commercial,train
zaloai_1152,vispoofdb_processed/fake/zaloai/zaloai_1152.wav,fake,zaloai,neural_tts_commercial,train
zaloai_1153,vispoofdb_processed/fake/zaloai/zaloai_1153.wav,fake,zaloai,neural_tts_commercial,train
zaloai_1154,vispoofdb_processed/fake/zaloai/zaloai_1154.wav,fake,zaloai,neural_tts_commercial,train
zaloai_1155,vispoofdb_processed/fake/zaloai/zaloai_1155.wav,fake,zaloai,neural_tts_commercial,train
zaloai_1156,vispoofdb_processed/fake/zaloai/zaloai_1156.wav,fake,zaloai,neural_tts_commercial,train
zaloai_1157,vispoofdb_processed/fake/zaloai/zaloai_1157.wav,fake,zaloai,neural_tts_commercial,train
zaloai_1158,vispoofdb_processed/fake/zaloai/zaloai_1158.wav,fake,zaloai,neural_tts_commercial,train
zaloai_1159,vispoofdb_processed/fake/zaloai/zaloai_1159.wav,fake,zaloai,neural_tts_commercial,train
zaloai_1160,vispoofdb_processed/fake/zaloai/zaloai_1160.wav,fake,zaloai,neural_tts_commercial,train
zaloai_1161,vispoofdb_processed/fake/zaloai/zaloai_1161.wav,fake,zaloai,neural_tts_commercial,test_seen
zaloai_1162,vispoofdb_processed/fake/zaloai/zaloai_1162.wav,fake,zaloai,neural_tts_commercial,train
zaloai_1163,vispoofdb_processed/fake/zaloai/zaloai_1163.wav,fake,zaloai,neural_tts_commercial,train
zaloai_1164,vispoofdb_processed/fake/zaloai/zaloai_1164.wav,fake,zaloai,neural_tts_commercial,train
zaloai_1165,vispoofdb_processed/fake/zaloai/zaloai_1165.wav,fake,zaloai,neural_tts_commercial,train
zaloai_1166,vispoofdb_processed/fake/zaloai/zaloai_1166.wav,fake,zaloai,neural_tts_commercial,train
zaloai_1167,vispoofdb_processed/fake/zaloai/zaloai_1167.wav,fake,zaloai,neural_tts_commercial,train
zaloai_1168,vispoofdb_processed/fake/zaloai/zaloai_1168.wav,fake,zaloai,neural_tts_commercial,train
zaloai_1169,vispoofdb_processed/fake/zaloai/zaloai_1169.wav,fake,zaloai,neural_tts_commercial,train
zaloai_1170,vispoofdb_processed/fake/zaloai/zaloai_1170.wav,fake,zaloai,neural_tts_commercial,test_seen
zaloai_1171,vispoofdb_processed/fake/zaloai/zaloai_1171.wav,fake,zaloai,neural_tts_commercial,train
zaloai_1172,vispoofdb_processed/fake/zaloai/zaloai_1172.wav,fake,zaloai,neural_tts_commercial,train
zaloai_1173,vispoofdb_processed/fake/zaloai/zaloai_1173.wav,fake,zaloai,neural_tts_commercial,train
zaloai_1174,vispoofdb_processed/fake/zaloai/zaloai_1174.wav,fake,zaloai,neural_tts_commercial,train
zaloai_1175,vispoofdb_processed/fake/zaloai/zaloai_1175.wav,fake,zaloai,neural_tts_commercial,test_seen
zaloai_1176,vispoofdb_processed/fake/zaloai/zaloai_1176.wav,fake,zaloai,neural_tts_commercial,test_seen
zaloai_1177,vispoofdb_processed/fake/zaloai/zaloai_1177.wav,fake,zaloai,neural_tts_commercial,train
zaloai_1178,vispoofdb_processed/fake/zaloai/zaloai_1178.wav,fake,zaloai,neural_tts_commercial,test_seen
zaloai_1179,vispoofdb_processed/fake/zaloai/zaloai_1179.wav,fake,zaloai,neural_tts_commercial,train
zaloai_1180,vispoofdb_processed/fake/zaloai/zaloai_1180.wav,fake,zaloai,neural_tts_commercial,train
zaloai_1181,vispoofdb_processed/fake/zaloai/zaloai_1181.wav,fake,zaloai,neural_tts_commercial,train
zaloai_1182,vispoofdb_processed/fake/zaloai/zaloai_1182.wav,fake,zaloai,neural_tts_commercial,train
zaloai_1183,vispoofdb_processed/fake/zaloai/zaloai_1183.wav,fake,zaloai,neural_tts_commercial,train
zaloai_1184,vispoofdb_processed/fake/zaloai/zaloai_1184.wav,fake,zaloai,neural_tts_commercial,train
zaloai_1185,vispoofdb_processed/fake/zaloai/zaloai_1185.wav,fake,zaloai,neural_tts_commercial,test_seen
zaloai_1186,vispoofdb_processed/fake/zaloai/zaloai_1186.wav,fake,zaloai,neural_tts_commercial,train
zaloai_1187,vispoofdb_processed/fake/zaloai/zaloai_1187.wav,fake,zaloai,neural_tts_commercial,test_seen
zaloai_1188,vispoofdb_processed/fake/zaloai/zaloai_1188.wav,fake,zaloai,neural_tts_commercial,train
zaloai_1189,vispoofdb_processed/fake/zaloai/zaloai_1189.wav,fake,zaloai,neural_tts_commercial,train
zaloai_1190,vispoofdb_processed/fake/zaloai/zaloai_1190.wav,fake,zaloai,neural_tts_commercial,test_seen
zaloai_1191,vispoofdb_processed/fake/zaloai/zaloai_1191.wav,fake,zaloai,neural_tts_commercial,train
zaloai_1192,vispoofdb_processed/fake/zaloai/zaloai_1192.wav,fake,zaloai,neural_tts_commercial,test_seen
zaloai_1193,vispoofdb_processed/fake/zaloai/zaloai_1193.wav,fake,zaloai,neural_tts_commercial,train
zaloai_1194,vispoofdb_processed/fake/zaloai/zaloai_1194.wav,fake,zaloai,neural_tts_commercial,train
zaloai_1195,vispoofdb_processed/fake/zaloai/zaloai_1195.wav,fake,zaloai,neural_tts_commercial,test_seen
zaloai_1196,vispoofdb_processed/fake/zaloai/zaloai_1196.wav,fake,zaloai,neural_tts_commercial,test_seen
zaloai_1197,vispoofdb_processed/fake/zaloai/zaloai_1197.wav,fake,zaloai,neural_tts_commercial,train
zaloai_1198,vispoofdb_processed/fake/zaloai/zaloai_1198.wav,fake,zaloai,neural_tts_commercial,train
