file_id,file_path,label,source,technique,split
elevenlabs_0000,/kaggle/working/data/processed/fake/elevenlabs/elevenlabs_0000.wav,fake,elevenlabs,voice_clone,train
elevenlabs_0001,/kaggle/working/data/processed/fake/elevenlabs/elevenlabs_0001.wav,fake,elevenlabs,voice_clone,test_seen
elevenlabs_0002,/kaggle/working/data/processed/fake/elevenlabs/elevenlabs_0002.wav,fake,elevenlabs,voice_clone,train
elevenlabs_0003,/kaggle/working/data/processed/fake/elevenlabs/elevenlabs_0003.wav,fake,elevenlabs,voice_clone,train
elevenlabs_0004,/kaggle/working/data/processed/fake/elevenlabs/elevenlabs_0004.wav,fake,elevenlabs,voice_clone,test_seen
elevenlabs_0005,/kaggle/working/data/processed/fake/elevenlabs/elevenlabs_0005.wav,fake,elevenlabs,voice_clone,train
elevenlabs_0006,/kaggle/working/data/processed/fake/elevenlabs/elevenlabs_0006.wav,fake,elevenlabs,voice_clone,train
elevenlabs_0007,/kaggle/working/data/processed/fake/elevenlabs/elevenlabs_0007.wav,fake,elevenlabs,voice_clone,train
elevenlabs_0008,/kaggle/working/data/processed/fake/elevenlabs/elevenlabs_0008.wav,fake,elevenlabs,voice_clone,train
elevenlabs_0009,/kaggle/working/data/processed/fake/elevenlabs/elevenlabs_0009.wav,fake,elevenlabs,voice_clone,train
elevenlabs_0010,/kaggle/working/data/processed/fake/elevenlabs/elevenlabs_0010.wav,fake,elevenlabs,voice_clone,train
elevenlabs_0011,/kaggle/working/data/processed/fake/elevenlabs/elevenlabs_0011.wav,fake,elevenlabs,voice_clone,test_seen
elevenlabs_0012,/kaggle/working/data/processed/fake/elevenlabs/elevenlabs_0012.wav,fake,elevenlabs,voice_clone,train
elevenlabs_0013,/kaggle/working/data/processed/fake/elevenlabs/elevenlabs_0013.wav,fake,elevenlabs,voice_clone,train
elevenlabs_0014,/kaggle/working/data/processed/fake/elevenlabs/elevenlabs_0014.wav,fake,elevenlabs,voice_clone,train
elevenlabs_0015,/kaggle/working/data/processed/fake/elevenlabs/elevenlabs_0015.wav,fake,elevenlabs,voice_clone,train
elevenlabs_0016,/kaggle/working/data/processed/fake/elevenlabs/elevenlabs_0016.wav,fake,elevenlabs,voice_clone,test_seen
elevenlabs_0017,/kaggle/working/data/processed/fake/elevenlabs/elevenlabs_0017.wav,fake,elevenlabs,voice_clone,train
elevenlabs_0018,/kaggle/working/data/processed/fake/elevenlabs/elevenlabs_0018.wav,fake,elevenlabs,voice_clone,train
elevenlabs_0019,/kaggle/working/data/processed/fake/elevenlabs/elevenlabs_0019.wav,fake,elevenlabs,voice_clone,test_seen
elevenlabs_0020,/kaggle/working/data/processed/fake/elevenlabs/elevenlabs_0020.wav,fake,elevenlabs,voice_clone,train
elevenlabs_0021,/kaggle/working/data/processed/fake/elevenlabs/elevenlabs_0021.wav,fake,elevenlabs,voice_clone,test_seen
elevenlabs_0022,/kaggle/working/data/processed/fake/elevenlabs/elevenlabs_0022.wav,fake,elevenlabs,voice_clone,train
elevenlabs_0023,/kaggle/working/data/processed/fake/elevenlabs/elevenlabs_0023.wav,fake,elevenlabs,voice_clone,train
elevenlabs_0024,/kaggle/working/data/processed/fake/elevenlabs/elevenlabs_0024.wav,fake,elevenlabs,voice_clone,train
elevenlabs_0025,/kaggle/working/data/processed/fake/elevenlabs/elevenlabs_0025.wav,fake,elevenlabs,voice_clone,train
elevenlabs_0026,/kaggle/working/data/processed/fake/elevenlabs/elevenlabs_0026.wav,fake,elevenlabs,voice_clone,train
elevenlabs_0027,/kaggle/working/data/processed/fake/elevenlabs/elevenlabs_0027.wav,fake,elevenlabs,voice_clone,train
elevenlabs_0028,/kaggle/working/data/processed/fake/elevenlabs/elevenlabs_0028.wav,fake,elevenlabs,voice_clone,train
elevenlabs_0029,/kaggle/working/data/processed/fake/elevenlabs/elevenlabs_0029.wav,fake,elevenlabs,voice_clone,train
elevenlabs_0030,/kaggle/working/data/processed/fake/elevenlabs/elevenlabs_0030.wav,fake,elevenlabs,voice_clone,train
elevenlabs_0031,/kaggle/working/data/processed/fake/elevenlabs/elevenlabs_0031.wav,fake,elevenlabs,voice_clone,train
elevenlabs_0032,/kaggle/working/data/processed/fake/elevenlabs/elevenlabs_0032.wav,fake,elevenlabs,voice_clone,train
elevenlabs_0033,/kaggle/working/data/processed/fake/elevenlabs/elevenlabs_0033.wav,fake,elevenlabs,voice_clone,train
elevenlabs_0034,/kaggle/working/data/processed/fake/elevenlabs/elevenlabs_0034.wav,fake,elevenlabs,voice_clone,test_seen
elevenlabs_0035,/kaggle/working/data/processed/fake/elevenlabs/elevenlabs_0035.wav,fake,elevenlabs,voice_clone,test_seen
elevenlabs_0036,/kaggle/working/data/processed/fake/elevenlabs/elevenlabs_0036.wav,fake,elevenlabs,voice_clone,test_seen
elevenlabs_0037,/kaggle/working/data/processed/fake/elevenlabs/elevenlabs_0037.wav,fake,elevenlabs,voice_clone,train
elevenlabs_0038,/kaggle/working/data/processed/fake/elevenlabs/elevenlabs_0038.wav,fake,elevenlabs,voice_clone,test_seen
elevenlabs_0039,/kaggle/working/data/processed/fake/elevenlabs/elevenlabs_0039.wav,fake,elevenlabs,voice_clone,train
elevenlabs_0040,/kaggle/working/data/processed/fake/elevenlabs/elevenlabs_0040.wav,fake,elevenlabs,voice_clone,train
elevenlabs_0041,/kaggle/working/data/processed/fake/elevenlabs/elevenlabs_0041.wav,fake,elevenlabs,voice_clone,train
elevenlabs_0042,/kaggle/working/data/processed/fake/elevenlabs/elevenlabs_0042.wav,fake,elevenlabs,voice_clone,train
elevenlabs_0043,/kaggle/working/data/processed/fake/elevenlabs/elevenlabs_0043.wav,fake,elevenlabs,voice_clone,train
elevenlabs_0044,/kaggle/working/data/processed/fake/elevenlabs/elevenlabs_0044.wav,fake,elevenlabs,voice_clone,train
elevenlabs_0045,/kaggle/working/data/processed/fake/elevenlabs/elevenlabs_0045.wav,fake,elevenlabs,voice_clone,train
elevenlabs_0046,/kaggle/working/data/processed/fake/elevenlabs/elevenlabs_0046.wav,fake,elevenlabs,voice_clone,test_seen
elevenlabs_0047,/kaggle/working/data/processed/fake/elevenlabs/elevenlabs_0047.wav,fake,elevenlabs,voice_clone,train
elevenlabs_0048,/kaggle/working/data/processed/fake/elevenlabs/elevenlabs_0048.wav,fake,elevenlabs,voice_clone,train
elevenlabs_0049,/kaggle/working/data/processed/fake/elevenlabs/elevenlabs_0049.wav,fake,elevenlabs,voice_clone,train
elevenlabs_0050,/kaggle/working/data/processed/fake/elevenlabs/elevenlabs_0050.wav,fake,elevenlabs,voice_clone,test_seen
elevenlabs_0051,/kaggle/working/data/processed/fake/elevenlabs/elevenlabs_0051.wav,fake,elevenlabs,voice_clone,train
elevenlabs_0052,/kaggle/working/data/processed/fake/elevenlabs/elevenlabs_0052.wav,fake,elevenlabs,voice_clone,train
elevenlabs_0053,/kaggle/working/data/processed/fake/elevenlabs/elevenlabs_0053.wav,fake,elevenlabs,voice_clone,train
elevenlabs_0054,/kaggle/working/data/processed/fake/elevenlabs/elevenlabs_0054.wav,fake,elevenlabs,voice_clone,train
elevenlabs_0055,/kaggle/working/data/processed/fake/elevenlabs/elevenlabs_0055.wav,fake,elevenlabs,voice_clone,train
elevenlabs_0056,/kaggle/working/data/processed/fake/elevenlabs/elevenlabs_0056.wav,fake,elevenlabs,voice_clone,train
elevenlabs_0057,/kaggle/working/data/processed/fake/elevenlabs/elevenlabs_0057.wav,fake,elevenlabs,voice_clone,train
elevenlabs_0058,/kaggle/working/data/processed/fake/elevenlabs/elevenlabs_0058.wav,fake,elevenlabs,voice_clone,train
elevenlabs_0059,/kaggle/working/data/processed/fake/elevenlabs/elevenlabs_0059.wav,fake,elevenlabs,voice_clone,train
elevenlabs_0060,/kaggle/working/data/processed/fake/elevenlabs/elevenlabs_0060.wav,fake,elevenlabs,voice_clone,train
elevenlabs_0061,/kaggle/working/data/processed/fake/elevenlabs/elevenlabs_0061.wav,fake,elevenlabs,voice_clone,train
elevenlabs_0062,/kaggle/working/data/processed/fake/elevenlabs/elevenlabs_0062.wav,fake,elevenlabs,voice_clone,train
elevenlabs_0063,/kaggle/working/data/processed/fake/elevenlabs/elevenlabs_0063.wav,fake,elevenlabs,voice_clone,train
elevenlabs_0064,/kaggle/working/data/processed/fake/elevenlabs/elevenlabs_0064.wav,fake,elevenlabs,voice_clone,test_seen
elevenlabs_0065,/kaggle/working/data/processed/fake/elevenlabs/elevenlabs_0065.wav,fake,elevenlabs,voice_clone,train
elevenlabs_0066,/kaggle/working/data/processed/fake/elevenlabs/elevenlabs_0066.wav,fake,elevenlabs,voice_clone,train
elevenlabs_0067,/kaggle/working/data/processed/fake/elevenlabs/elevenlabs_0067.wav,fake,elevenlabs,voice_clone,train
elevenlabs_0068,/kaggle/working/data/processed/fake/elevenlabs/elevenlabs_0068.wav,fake,elevenlabs,voice_clone,train
elevenlabs_0069,/kaggle/working/data/processed/fake/elevenlabs/elevenlabs_0069.wav,fake,elevenlabs,voice_clone,train
elevenlabs_0070,/kaggle/working/data/processed/fake/elevenlabs/elevenlabs_0070.wav,fake,elevenlabs,voice_clone,train
elevenlabs_0071,/kaggle/working/data/processed/fake/elevenlabs/elevenlabs_0071.wav,fake,elevenlabs,voice_clone,train
elevenlabs_0072,/kaggle/working/data/processed/fake/elevenlabs/elevenlabs_0072.wav,fake,elevenlabs,voice_clone,train
elevenlabs_0073,/kaggle/working/data/processed/fake/elevenlabs/elevenlabs_0073.wav,fake,elevenlabs,voice_clone,train
elevenlabs_0074,/kaggle/working/data/processed/fake/elevenlabs/elevenlabs_0074.wav,fake,elevenlabs,voice_clone,train
elevenlabs_0075,/kaggle/working/data/processed/fake/elevenlabs/elevenlabs_0075.wav,fake,elevenlabs,voice_clone,test_seen
elevenlabs_0076,/kaggle/working/data/processed/fake/elevenlabs/elevenlabs_0076.wav,fake,elevenlabs,voice_clone,train
elevenlabs_0077,/kaggle/working/data/processed/fake/elevenlabs/elevenlabs_0077.wav,fake,elevenlabs,voice_clone,train
elevenlabs_0078,/kaggle/working/data/processed/fake/elevenlabs/elevenlabs_0078.wav,fake,elevenlabs,voice_clone,train
elevenlabs_0079,/kaggle/working/data/processed/fake/elevenlabs/elevenlabs_0079.wav,fake,elevenlabs,voice_clone,train
elevenlabs_0080,/kaggle/working/data/processed/fake/elevenlabs/elevenlabs_0080.wav,fake,elevenlabs,voice_clone,train
elevenlabs_0081,/kaggle/working/data/processed/fake/elevenlabs/elevenlabs_0081.wav,fake,elevenlabs,voice_clone,train
elevenlabs_0082,/kaggle/working/data/processed/fake/elevenlabs/elevenlabs_0082.wav,fake,elevenlabs,voice_clone,train
elevenlabs_0083,/kaggle/working/data/processed/fake/elevenlabs/elevenlabs_0083.wav,fake,elevenlabs,voice_clone,train
elevenlabs_0084,/kaggle/working/data/processed/fake/elevenlabs/elevenlabs_0084.wav,fake,elevenlabs,voice_clone,train
elevenlabs_0085,/kaggle/working/data/processed/fake/elevenlabs/elevenlabs_0085.wav,fake,elevenlabs,voice_clone,train
elevenlabs_0086,/kaggle/working/data/processed/fake/elevenlabs/elevenlabs_0086.wav,fake,elevenlabs,voice_clone,train
elevenlabs_0087,/kaggle/working/data/processed/fake/elevenlabs/elevenlabs_0087.wav,fake,elevenlabs,voice_clone,train
elevenlabs_0088,/kaggle/working/data/processed/fake/elevenlabs/elevenlabs_0088.wav,fake,elevenlabs,voice_clone,train
elevenlabs_0089,/kaggle/working/data/processed/fake/elevenlabs/elevenlabs_0089.wav,fake,elevenlabs,voice_clone,test_seen
elevenlabs_0090,/kaggle/working/data/processed/fake/elevenlabs/elevenlabs_0090.wav,fake,elevenlabs,voice_clone,test_seen
elevenlabs_0091,/kaggle/working/data/processed/fake/elevenlabs/elevenlabs_0091.wav,fake,elevenlabs,voice_clone,train
elevenlabs_0092,/kaggle/working/data/processed/fake/elevenlabs/elevenlabs_0092.wav,fake,elevenlabs,voice_clone,train
elevenlabs_0093,/kaggle/working/data/processed/fake/elevenlabs/elevenlabs_0093.wav,fake,elevenlabs,voice_clone,train
elevenlabs_0094,/kaggle/working/data/processed/fake/elevenlabs/elevenlabs_0094.wav,fake,elevenlabs,voice_clone,train
elevenlabs_0095,/kaggle/working/data/processed/fake/elevenlabs/elevenlabs_0095.wav,fake,elevenlabs,voice_clone,test_seen
elevenlabs_0096,/kaggle/working/data/processed/fake/elevenlabs/elevenlabs_0096.wav,fake,elevenlabs,voice_clone,train
elevenlabs_0097,/kaggle/working/data/processed/fake/elevenlabs/elevenlabs_0097.wav,fake,elevenlabs,voice_clone,train
elevenlabs_0098,/kaggle/working/data/processed/fake/elevenlabs/elevenlabs_0098.wav,fake,elevenlabs,voice_clone,test_seen
elevenlabs_0099,/kaggle/working/data/processed/fake/elevenlabs/elevenlabs_0099.wav,fake,elevenlabs,voice_clone,train
elevenlabs_0100,/kaggle/working/data/processed/fake/elevenlabs/elevenlabs_0100.wav,fake,elevenlabs,voice_clone,train
elevenlabs_0101,/kaggle/working/data/processed/fake/elevenlabs/elevenlabs_0101.wav,fake,elevenlabs,voice_clone,train
elevenlabs_0102,/kaggle/working/data/processed/fake/elevenlabs/elevenlabs_0102.wav,fake,elevenlabs,voice_clone,train
elevenlabs_0103,/kaggle/working/data/processed/fake/elevenlabs/elevenlabs_0103.wav,fake,elevenlabs,voice_clone,test_seen
elevenlabs_0104,/kaggle/working/data/processed/fake/elevenlabs/elevenlabs_0104.wav,fake,elevenlabs,voice_clone,train
elevenlabs_0105,/kaggle/working/data/processed/fake/elevenlabs/elevenlabs_0105.wav,fake,elevenlabs,voice_clone,train
elevenlabs_0106,/kaggle/working/data/processed/fake/elevenlabs/elevenlabs_0106.wav,fake,elevenlabs,voice_clone,train
elevenlabs_0107,/kaggle/working/data/processed/fake/elevenlabs/elevenlabs_0107.wav,fake,elevenlabs,voice_clone,train
elevenlabs_0108,/kaggle/working/data/processed/fake/elevenlabs/elevenlabs_0108.wav,fake,elevenlabs,voice_clone,train
elevenlabs_0109,/kaggle/working/data/processed/fake/elevenlabs/elevenlabs_0109.wav,fake,elevenlabs,voice_clone,train
elevenlabs_0110,/kaggle/working/data/processed/fake/elevenlabs/elevenlabs_0110.wav,fake,elevenlabs,voice_clone,train
elevenlabs_0111,/kaggle/working/data/processed/fake/elevenlabs/elevenlabs_0111.wav,fake,elevenlabs,voice_clone,train
elevenlabs_0112,/kaggle/working/data/processed/fake/elevenlabs/elevenlabs_0112.wav,fake,elevenlabs,voice_clone,train
elevenlabs_0113,/kaggle/working/data/processed/fake/elevenlabs/elevenlabs_0113.wav,fake,elevenlabs,voice_clone,train
elevenlabs_0114,/kaggle/working/data/processed/fake/elevenlabs/elevenlabs_0114.wav,fake,elevenlabs,voice_clone,test_seen
elevenlabs_0115,/kaggle/working/data/processed/fake/elevenlabs/elevenlabs_0115.wav,fake,elevenlabs,voice_clone,train
elevenlabs_0116,/kaggle/working/data/processed/fake/elevenlabs/elevenlabs_0116.wav,fake,elevenlabs,voice_clone,test_seen
elevenlabs_0117,/kaggle/working/data/processed/fake/elevenlabs/elevenlabs_0117.wav,fake,elevenlabs,voice_clone,train
elevenlabs_0118,/kaggle/working/data/processed/fake/elevenlabs/elevenlabs_0118.wav,fake,elevenlabs,voice_clone,train
elevenlabs_0119,/kaggle/working/data/processed/fake/elevenlabs/elevenlabs_0119.wav,fake,elevenlabs,voice_clone,test_seen
elevenlabs_0120,/kaggle/working/data/processed/fake/elevenlabs/elevenlabs_0120.wav,fake,elevenlabs,voice_clone,train
elevenlabs_0121,/kaggle/working/data/processed/fake/elevenlabs/elevenlabs_0121.wav,fake,elevenlabs,voice_clone,train
elevenlabs_0122,/kaggle/working/data/processed/fake/elevenlabs/elevenlabs_0122.wav,fake,elevenlabs,voice_clone,test_seen
elevenlabs_0123,/kaggle/working/data/processed/fake/elevenlabs/elevenlabs_0123.wav,fake,elevenlabs,voice_clone,train
elevenlabs_0124,/kaggle/working/data/processed/fake/elevenlabs/elevenlabs_0124.wav,fake,elevenlabs,voice_clone,train
elevenlabs_0125,/kaggle/working/data/processed/fake/elevenlabs/elevenlabs_0125.wav,fake,elevenlabs,voice_clone,train
elevenlabs_0126,/kaggle/working/data/processed/fake/elevenlabs/elevenlabs_0126.wav,fake,elevenlabs,voice_clone,train
elevenlabs_0127,/kaggle/working/data/processed/fake/elevenlabs/elevenlabs_0127.wav,fake,elevenlabs,voice_clone,test_seen
elevenlabs_0128,/kaggle/working/data/processed/fake/elevenlabs/elevenlabs_0128.wav,fake,elevenlabs,voice_clone,train
elevenlabs_0129,/kaggle/working/data/processed/fake/elevenlabs/elevenlabs_0129.wav,fake,elevenlabs,voice_clone,train
elevenlabs_0130,/kaggle/working/data/processed/fake/elevenlabs/elevenlabs_0130.wav,fake,elevenlabs,voice_clone,test_seen
elevenlabs_0131,/kaggle/working/data/processed/fake/elevenlabs/elevenlabs_0131.wav,fake,elevenlabs,voice_clone,train
elevenlabs_0132,/kaggle/working/data/processed/fake/elevenlabs/elevenlabs_0132.wav,fake,elevenlabs,voice_clone,train
elevenlabs_0133,/kaggle/working/data/processed/fake/elevenlabs/elevenlabs_0133.wav,fake,elevenlabs,voice_clone,train
elevenlabs_0134,/kaggle/working/data/processed/fake/elevenlabs/elevenlabs_0134.wav,fake,elevenlabs,voice_clone,train
elevenlabs_0135,/kaggle/working/data/processed/fake/elevenlabs/elevenlabs_0135.wav,fake,elevenlabs,voice_clone,train
elevenlabs_0136,/kaggle/working/data/processed/fake/elevenlabs/elevenlabs_0136.wav,fake,elevenlabs,voice_clone,train
elevenlabs_0137,/kaggle/working/data/processed/fake/elevenlabs/elevenlabs_0137.wav,fake,elevenlabs,voice_clone,train
elevenlabs_0138,/kaggle/working/data/processed/fake/elevenlabs/elevenlabs_0138.wav,fake,elevenlabs,voice_clone,train
elevenlabs_0139,/kaggle/working/data/processed/fake/elevenlabs/elevenlabs_0139.wav,fake,elevenlabs,voice_clone,train
elevenlabs_0140,/kaggle/working/data/processed/fake/elevenlabs/elevenlabs_0140.wav,fake,elevenlabs,voice_clone,train
elevenlabs_0141,/kaggle/working/data/processed/fake/elevenlabs/elevenlabs_0141.wav,fake,elevenlabs,voice_clone,train
elevenlabs_0142,/kaggle/working/data/processed/fake/elevenlabs/elevenlabs_0142.wav,fake,elevenlabs,voice_clone,train
elevenlabs_0143,/kaggle/working/data/processed/fake/elevenlabs/elevenlabs_0143.wav,fake,elevenlabs,voice_clone,test_seen
elevenlabs_0144,/kaggle/working/data/processed/fake/elevenlabs/elevenlabs_0144.wav,fake,elevenlabs,voice_clone,train
elevenlabs_0145,/kaggle/working/data/processed/fake/elevenlabs/elevenlabs_0145.wav,fake,elevenlabs,voice_clone,train
elevenlabs_0146,/kaggle/working/data/processed/fake/elevenlabs/elevenlabs_0146.wav,fake,elevenlabs,voice_clone,test_seen
elevenlabs_0147,/kaggle/working/data/processed/fake/elevenlabs/elevenlabs_0147.wav,fake,elevenlabs,voice_clone,train
elevenlabs_0148,/kaggle/working/data/processed/fake/elevenlabs/elevenlabs_0148.wav,fake,elevenlabs,voice_clone,train
elevenlabs_0149,/kaggle/working/data/processed/fake/elevenlabs/elevenlabs_0149.wav,fake,elevenlabs,voice_clone,train
elevenlabs_0150,/kaggle/working/data/processed/fake/elevenlabs/elevenlabs_0150.wav,fake,elevenlabs,voice_clone,train
elevenlabs_0151,/kaggle/working/data/processed/fake/elevenlabs/elevenlabs_0151.wav,fake,elevenlabs,voice_clone,train
elevenlabs_0152,/kaggle/working/data/processed/fake/elevenlabs/elevenlabs_0152.wav,fake,elevenlabs,voice_clone,train
elevenlabs_0153,/kaggle/working/data/processed/fake/elevenlabs/elevenlabs_0153.wav,fake,elevenlabs,voice_clone,test_seen
elevenlabs_0154,/kaggle/working/data/processed/fake/elevenlabs/elevenlabs_0154.wav,fake,elevenlabs,voice_clone,test_seen
elevenlabs_0155,/kaggle/working/data/processed/fake/elevenlabs/elevenlabs_0155.wav,fake,elevenlabs,voice_clone,train
elevenlabs_0156,/kaggle/working/data/processed/fake/elevenlabs/elevenlabs_0156.wav,fake,elevenlabs,voice_clone,train
elevenlabs_0157,/kaggle/working/data/processed/fake/elevenlabs/elevenlabs_0157.wav,fake,elevenlabs,voice_clone,train
elevenlabs_0158,/kaggle/working/data/processed/fake/elevenlabs/elevenlabs_0158.wav,fake,elevenlabs,voice_clone,train
elevenlabs_0159,/kaggle/working/data/processed/fake/elevenlabs/elevenlabs_0159.wav,fake,elevenlabs,voice_clone,train
elevenlabs_0160,/kaggle/working/data/processed/fake/elevenlabs/elevenlabs_0160.wav,fake,elevenlabs,voice_clone,test_seen
elevenlabs_0161,/kaggle/working/data/processed/fake/elevenlabs/elevenlabs_0161.wav,fake,elevenlabs,voice_clone,test_seen
elevenlabs_0162,/kaggle/working/data/processed/fake/elevenlabs/elevenlabs_0162.wav,fake,elevenlabs,voice_clone,train
elevenlabs_0163,/kaggle/working/data/processed/fake/elevenlabs/elevenlabs_0163.wav,fake,elevenlabs,voice_clone,train
elevenlabs_0164,/kaggle/working/data/processed/fake/elevenlabs/elevenlabs_0164.wav,fake,elevenlabs,voice_clone,train
elevenlabs_0165,/kaggle/working/data/processed/fake/elevenlabs/elevenlabs_0165.wav,fake,elevenlabs,voice_clone,train
elevenlabs_0166,/kaggle/working/data/processed/fake/elevenlabs/elevenlabs_0166.wav,fake,elevenlabs,voice_clone,train
elevenlabs_0167,/kaggle/working/data/processed/fake/elevenlabs/elevenlabs_0167.wav,fake,elevenlabs,voice_clone,train
elevenlabs_0168,/kaggle/working/data/processed/fake/elevenlabs/elevenlabs_0168.wav,fake,elevenlabs,voice_clone,train
elevenlabs_0169,/kaggle/working/data/processed/fake/elevenlabs/elevenlabs_0169.wav,fake,elevenlabs,voice_clone,train
elevenlabs_0170,/kaggle/working/data/processed/fake/elevenlabs/elevenlabs_0170.wav,fake,elevenlabs,voice_clone,train
elevenlabs_0171,/kaggle/working/data/processed/fake/elevenlabs/elevenlabs_0171.wav,fake,elevenlabs,voice_clone,train
elevenlabs_0172,/kaggle/working/data/processed/fake/elevenlabs/elevenlabs_0172.wav,fake,elevenlabs,voice_clone,test_seen
elevenlabs_0173,/kaggle/working/data/processed/fake/elevenlabs/elevenlabs_0173.wav,fake,elevenlabs,voice_clone,train
elevenlabs_0174,/kaggle/working/data/processed/fake/elevenlabs/elevenlabs_0174.wav,fake,elevenlabs,voice_clone,train
elevenlabs_0175,/kaggle/working/data/processed/fake/elevenlabs/elevenlabs_0175.wav,fake,elevenlabs,voice_clone,train
elevenlabs_0176,/kaggle/working/data/processed/fake/elevenlabs/elevenlabs_0176.wav,fake,elevenlabs,voice_clone,train
elevenlabs_0177,/kaggle/working/data/processed/fake/elevenlabs/elevenlabs_0177.wav,fake,elevenlabs,voice_clone,train
elevenlabs_0178,/kaggle/working/data/processed/fake/elevenlabs/elevenlabs_0178.wav,fake,elevenlabs,voice_clone,train
elevenlabs_0179,/kaggle/working/data/processed/fake/elevenlabs/elevenlabs_0179.wav,fake,elevenlabs,voice_clone,train
elevenlabs_0180,/kaggle/working/data/processed/fake/elevenlabs/elevenlabs_0180.wav,fake,elevenlabs,voice_clone,test_seen
elevenlabs_0181,/kaggle/working/data/processed/fake/elevenlabs/elevenlabs_0181.wav,fake,elevenlabs,voice_clone,train
elevenlabs_0182,/kaggle/working/data/processed/fake/elevenlabs/elevenlabs_0182.wav,fake,elevenlabs,voice_clone,train
elevenlabs_0183,/kaggle/working/data/processed/fake/elevenlabs/elevenlabs_0183.wav,fake,elevenlabs,voice_clone,train
elevenlabs_0184,/kaggle/working/data/processed/fake/elevenlabs/elevenlabs_0184.wav,fake,elevenlabs,voice_clone,train
elevenlabs_0185,/kaggle/working/data/processed/fake/elevenlabs/elevenlabs_0185.wav,fake,elevenlabs,voice_clone,train
elevenlabs_0186,/kaggle/working/data/processed/fake/elevenlabs/elevenlabs_0186.wav,fake,elevenlabs,voice_clone,test_seen
elevenlabs_0187,/kaggle/working/data/processed/fake/elevenlabs/elevenlabs_0187.wav,fake,elevenlabs,voice_clone,train
elevenlabs_0188,/kaggle/working/data/processed/fake/elevenlabs/elevenlabs_0188.wav,fake,elevenlabs,voice_clone,train
elevenlabs_0189,/kaggle/working/data/processed/fake/elevenlabs/elevenlabs_0189.wav,fake,elevenlabs,voice_clone,test_seen
elevenlabs_0190,/kaggle/working/data/processed/fake/elevenlabs/elevenlabs_0190.wav,fake,elevenlabs,voice_clone,test_seen
elevenlabs_0191,/kaggle/working/data/processed/fake/elevenlabs/elevenlabs_0191.wav,fake,elevenlabs,voice_clone,train
elevenlabs_0192,/kaggle/working/data/processed/fake/elevenlabs/elevenlabs_0192.wav,fake,elevenlabs,voice_clone,train
elevenlabs_0193,/kaggle/working/data/processed/fake/elevenlabs/elevenlabs_0193.wav,fake,elevenlabs,voice_clone,train
elevenlabs_0194,/kaggle/working/data/processed/fake/elevenlabs/elevenlabs_0194.wav,fake,elevenlabs,voice_clone,train
elevenlabs_0195,/kaggle/working/data/processed/fake/elevenlabs/elevenlabs_0195.wav,fake,elevenlabs,voice_clone,train
elevenlabs_0196,/kaggle/working/data/processed/fake/elevenlabs/elevenlabs_0196.wav,fake,elevenlabs,voice_clone,train
elevenlabs_0197,/kaggle/working/data/processed/fake/elevenlabs/elevenlabs_0197.wav,fake,elevenlabs,voice_clone,test_seen
elevenlabs_0198,/kaggle/working/data/processed/fake/elevenlabs/elevenlabs_0198.wav,fake,elevenlabs,voice_clone,train
elevenlabs_0199,/kaggle/working/data/processed/fake/elevenlabs/elevenlabs_0199.wav,fake,elevenlabs,voice_clone,train
elevenlabs_0200,/kaggle/working/data/processed/fake/elevenlabs/elevenlabs_0200.wav,fake,elevenlabs,voice_clone,test_seen
elevenlabs_0201,/kaggle/working/data/processed/fake/elevenlabs/elevenlabs_0201.wav,fake,elevenlabs,voice_clone,test_seen
elevenlabs_0202,/kaggle/working/data/processed/fake/elevenlabs/elevenlabs_0202.wav,fake,elevenlabs,voice_clone,test_seen
elevenlabs_0203,/kaggle/working/data/processed/fake/elevenlabs/elevenlabs_0203.wav,fake,elevenlabs,voice_clone,train
elevenlabs_0204,/kaggle/working/data/processed/fake/elevenlabs/elevenlabs_0204.wav,fake,elevenlabs,voice_clone,train
elevenlabs_0205,/kaggle/working/data/processed/fake/elevenlabs/elevenlabs_0205.wav,fake,elevenlabs,voice_clone,train
elevenlabs_0206,/kaggle/working/data/processed/fake/elevenlabs/elevenlabs_0206.wav,fake,elevenlabs,voice_clone,test_seen
elevenlabs_0207,/kaggle/working/data/processed/fake/elevenlabs/elevenlabs_0207.wav,fake,elevenlabs,voice_clone,train
elevenlabs_0208,/kaggle/working/data/processed/fake/elevenlabs/elevenlabs_0208.wav,fake,elevenlabs,voice_clone,train
elevenlabs_0209,/kaggle/working/data/processed/fake/elevenlabs/elevenlabs_0209.wav,fake,elevenlabs,voice_clone,train
elevenlabs_0210,/kaggle/working/data/processed/fake/elevenlabs/elevenlabs_0210.wav,fake,elevenlabs,voice_clone,train
elevenlabs_0211,/kaggle/working/data/processed/fake/elevenlabs/elevenlabs_0211.wav,fake,elevenlabs,voice_clone,train
elevenlabs_0212,/kaggle/working/data/processed/fake/elevenlabs/elevenlabs_0212.wav,fake,elevenlabs,voice_clone,train
elevenlabs_0213,/kaggle/working/data/processed/fake/elevenlabs/elevenlabs_0213.wav,fake,elevenlabs,voice_clone,train
elevenlabs_0214,/kaggle/working/data/processed/fake/elevenlabs/elevenlabs_0214.wav,fake,elevenlabs,voice_clone,train
elevenlabs_0215,/kaggle/working/data/processed/fake/elevenlabs/elevenlabs_0215.wav,fake,elevenlabs,voice_clone,train
elevenlabs_0216,/kaggle/working/data/processed/fake/elevenlabs/elevenlabs_0216.wav,fake,elevenlabs,voice_clone,test_seen
elevenlabs_0217,/kaggle/working/data/processed/fake/elevenlabs/elevenlabs_0217.wav,fake,elevenlabs,voice_clone,train
elevenlabs_0218,/kaggle/working/data/processed/fake/elevenlabs/elevenlabs_0218.wav,fake,elevenlabs,voice_clone,train
elevenlabs_0219,/kaggle/working/data/processed/fake/elevenlabs/elevenlabs_0219.wav,fake,elevenlabs,voice_clone,train
elevenlabs_0220,/kaggle/working/data/processed/fake/elevenlabs/elevenlabs_0220.wav,fake,elevenlabs,voice_clone,train
elevenlabs_0221,/kaggle/working/data/processed/fake/elevenlabs/elevenlabs_0221.wav,fake,elevenlabs,voice_clone,train
elevenlabs_0222,/kaggle/working/data/processed/fake/elevenlabs/elevenlabs_0222.wav,fake,elevenlabs,voice_clone,train
elevenlabs_0223,/kaggle/working/data/processed/fake/elevenlabs/elevenlabs_0223.wav,fake,elevenlabs,voice_clone,train
elevenlabs_0224,/kaggle/working/data/processed/fake/elevenlabs/elevenlabs_0224.wav,fake,elevenlabs,voice_clone,train
elevenlabs_0225,/kaggle/working/data/processed/fake/elevenlabs/elevenlabs_0225.wav,fake,elevenlabs,voice_clone,test_seen
elevenlabs_0226,/kaggle/working/data/processed/fake/elevenlabs/elevenlabs_0226.wav,fake,elevenlabs,voice_clone,train
elevenlabs_0227,/kaggle/working/data/processed/fake/elevenlabs/elevenlabs_0227.wav,fake,elevenlabs,voice_clone,train
elevenlabs_0228,/kaggle/working/data/processed/fake/elevenlabs/elevenlabs_0228.wav,fake,elevenlabs,voice_clone,train
elevenlabs_0229,/kaggle/working/data/processed/fake/elevenlabs/elevenlabs_0229.wav,fake,elevenlabs,voice_clone,train
elevenlabs_0230,/kaggle/working/data/processed/fake/elevenlabs/elevenlabs_0230.wav,fake,elevenlabs,voice_clone,train
elevenlabs_0231,/kaggle/working/data/processed/fake/elevenlabs/elevenlabs_0231.wav,fake,elevenlabs,voice_clone,train
elevenlabs_0232,/kaggle/working/data/processed/fake/elevenlabs/elevenlabs_0232.wav,fake,elevenlabs,voice_clone,train
elevenlabs_0233,/kaggle/working/data/processed/fake/elevenlabs/elevenlabs_0233.wav,fake,elevenlabs,voice_clone,train
elevenlabs_0234,/kaggle/working/data/processed/fake/elevenlabs/elevenlabs_0234.wav,fake,elevenlabs,voice_clone,test_seen
elevenlabs_0235,/kaggle/working/data/processed/fake/elevenlabs/elevenlabs_0235.wav,fake,elevenlabs,voice_clone,train
elevenlabs_0236,/kaggle/working/data/processed/fake/elevenlabs/elevenlabs_0236.wav,fake,elevenlabs,voice_clone,train
elevenlabs_0237,/kaggle/working/data/processed/fake/elevenlabs/elevenlabs_0237.wav,fake,elevenlabs,voice_clone,train
elevenlabs_0238,/kaggle/working/data/processed/fake/elevenlabs/elevenlabs_0238.wav,fake,elevenlabs,voice_clone,train
elevenlabs_0239,/kaggle/working/data/processed/fake/elevenlabs/elevenlabs_0239.wav,fake,elevenlabs,voice_clone,train
elevenlabs_0240,/kaggle/working/data/processed/fake/elevenlabs/elevenlabs_0240.wav,fake,elevenlabs,voice_clone,train
elevenlabs_0241,/kaggle/working/data/processed/fake/elevenlabs/elevenlabs_0241.wav,fake,elevenlabs,voice_clone,test_seen
elevenlabs_0242,/kaggle/working/data/processed/fake/elevenlabs/elevenlabs_0242.wav,fake,elevenlabs,voice_clone,train
elevenlabs_0243,/kaggle/working/data/processed/fake/elevenlabs/elevenlabs_0243.wav,fake,elevenlabs,voice_clone,train
elevenlabs_0244,/kaggle/working/data/processed/fake/elevenlabs/elevenlabs_0244.wav,fake,elevenlabs,voice_clone,train
elevenlabs_0245,/kaggle/working/data/processed/fake/elevenlabs/elevenlabs_0245.wav,fake,elevenlabs,voice_clone,test_seen
elevenlabs_0246,/kaggle/working/data/processed/fake/elevenlabs/elevenlabs_0246.wav,fake,elevenlabs,voice_clone,train
elevenlabs_0247,/kaggle/working/data/processed/fake/elevenlabs/elevenlabs_0247.wav,fake,elevenlabs,voice_clone,train
elevenlabs_0248,/kaggle/working/data/processed/fake/elevenlabs/elevenlabs_0248.wav,fake,elevenlabs,voice_clone,train
elevenlabs_0249,/kaggle/working/data/processed/fake/elevenlabs/elevenlabs_0249.wav,fake,elevenlabs,voice_clone,train
elevenlabs_0250,/kaggle/working/data/processed/fake/elevenlabs/elevenlabs_0250.wav,fake,elevenlabs,voice_clone,train
elevenlabs_0251,/kaggle/working/data/processed/fake/elevenlabs/elevenlabs_0251.wav,fake,elevenlabs,voice_clone,train
elevenlabs_0252,/kaggle/working/data/processed/fake/elevenlabs/elevenlabs_0252.wav,fake,elevenlabs,voice_clone,train
elevenlabs_0253,/kaggle/working/data/processed/fake/elevenlabs/elevenlabs_0253.wav,fake,elevenlabs,voice_clone,test_seen
elevenlabs_0254,/kaggle/working/data/processed/fake/elevenlabs/elevenlabs_0254.wav,fake,elevenlabs,voice_clone,train
elevenlabs_0255,/kaggle/working/data/processed/fake/elevenlabs/elevenlabs_0255.wav,fake,elevenlabs,voice_clone,train
elevenlabs_0256,/kaggle/working/data/processed/fake/elevenlabs/elevenlabs_0256.wav,fake,elevenlabs,voice_clone,train
elevenlabs_0257,/kaggle/working/data/processed/fake/elevenlabs/elevenlabs_0257.wav,fake,elevenlabs,voice_clone,train
elevenlabs_0258,/kaggle/working/data/processed/fake/elevenlabs/elevenlabs_0258.wav,fake,elevenlabs,voice_clone,train
elevenlabs_0259,/kaggle/working/data/processed/fake/elevenlabs/elevenlabs_0259.wav,fake,elevenlabs,voice_clone,train
elevenlabs_0260,/kaggle/working/data/processed/fake/elevenlabs/elevenlabs_0260.wav,fake,elevenlabs,voice_clone,train
elevenlabs_0261,/kaggle/working/data/processed/fake/elevenlabs/elevenlabs_0261.wav,fake,elevenlabs,voice_clone,train
elevenlabs_0262,/kaggle/working/data/processed/fake/elevenlabs/elevenlabs_0262.wav,fake,elevenlabs,voice_clone,test_seen
elevenlabs_0263,/kaggle/working/data/processed/fake/elevenlabs/elevenlabs_0263.wav,fake,elevenlabs,voice_clone,train
elevenlabs_0264,/kaggle/working/data/processed/fake/elevenlabs/elevenlabs_0264.wav,fake,elevenlabs,voice_clone,test_seen
elevenlabs_0265,/kaggle/working/data/processed/fake/elevenlabs/elevenlabs_0265.wav,fake,elevenlabs,voice_clone,train
elevenlabs_0266,/kaggle/working/data/processed/fake/elevenlabs/elevenlabs_0266.wav,fake,elevenlabs,voice_clone,train
elevenlabs_0267,/kaggle/working/data/processed/fake/elevenlabs/elevenlabs_0267.wav,fake,elevenlabs,voice_clone,train
elevenlabs_0268,/kaggle/working/data/processed/fake/elevenlabs/elevenlabs_0268.wav,fake,elevenlabs,voice_clone,test_seen
elevenlabs_0269,/kaggle/working/data/processed/fake/elevenlabs/elevenlabs_0269.wav,fake,elevenlabs,voice_clone,train
elevenlabs_0270,/kaggle/working/data/processed/fake/elevenlabs/elevenlabs_0270.wav,fake,elevenlabs,voice_clone,train
elevenlabs_0271,/kaggle/working/data/processed/fake/elevenlabs/elevenlabs_0271.wav,fake,elevenlabs,voice_clone,train
elevenlabs_0272,/kaggle/working/data/processed/fake/elevenlabs/elevenlabs_0272.wav,fake,elevenlabs,voice_clone,train
elevenlabs_0273,/kaggle/working/data/processed/fake/elevenlabs/elevenlabs_0273.wav,fake,elevenlabs,voice_clone,train
elevenlabs_0274,/kaggle/working/data/processed/fake/elevenlabs/elevenlabs_0274.wav,fake,elevenlabs,voice_clone,train
elevenlabs_0275,/kaggle/working/data/processed/fake/elevenlabs/elevenlabs_0275.wav,fake,elevenlabs,voice_clone,train
elevenlabs_0276,/kaggle/working/data/processed/fake/elevenlabs/elevenlabs_0276.wav,fake,elevenlabs,voice_clone,train
elevenlabs_0277,/kaggle/working/data/processed/fake/elevenlabs/elevenlabs_0277.wav,fake,elevenlabs,voice_clone,train
elevenlabs_0278,/kaggle/working/data/processed/fake/elevenlabs/elevenlabs_0278.wav,fake,elevenlabs,voice_clone,train
elevenlabs_0279,/kaggle/working/data/processed/fake/elevenlabs/elevenlabs_0279.wav,fake,elevenlabs,voice_clone,train
elevenlabs_0280,/kaggle/working/data/processed/fake/elevenlabs/elevenlabs_0280.wav,fake,elevenlabs,voice_clone,train
elevenlabs_0281,/kaggle/working/data/processed/fake/elevenlabs/elevenlabs_0281.wav,fake,elevenlabs,voice_clone,train
elevenlabs_0282,/kaggle/working/data/processed/fake/elevenlabs/elevenlabs_0282.wav,fake,elevenlabs,voice_clone,train
elevenlabs_0283,/kaggle/working/data/processed/fake/elevenlabs/elevenlabs_0283.wav,fake,elevenlabs,voice_clone,train
elevenlabs_0284,/kaggle/working/data/processed/fake/elevenlabs/elevenlabs_0284.wav,fake,elevenlabs,voice_clone,test_seen
elevenlabs_0285,/kaggle/working/data/processed/fake/elevenlabs/elevenlabs_0285.wav,fake,elevenlabs,voice_clone,train
elevenlabs_0286,/kaggle/working/data/processed/fake/elevenlabs/elevenlabs_0286.wav,fake,elevenlabs,voice_clone,train
elevenlabs_0287,/kaggle/working/data/processed/fake/elevenlabs/elevenlabs_0287.wav,fake,elevenlabs,voice_clone,train
elevenlabs_0288,/kaggle/working/data/processed/fake/elevenlabs/elevenlabs_0288.wav,fake,elevenlabs,voice_clone,train
elevenlabs_0289,/kaggle/working/data/processed/fake/elevenlabs/elevenlabs_0289.wav,fake,elevenlabs,voice_clone,train
elevenlabs_0290,/kaggle/working/data/processed/fake/elevenlabs/elevenlabs_0290.wav,fake,elevenlabs,voice_clone,train
elevenlabs_0291,/kaggle/working/data/processed/fake/elevenlabs/elevenlabs_0291.wav,fake,elevenlabs,voice_clone,train
elevenlabs_0292,/kaggle/working/data/processed/fake/elevenlabs/elevenlabs_0292.wav,fake,elevenlabs,voice_clone,train
elevenlabs_0293,/kaggle/working/data/processed/fake/elevenlabs/elevenlabs_0293.wav,fake,elevenlabs,voice_clone,test_seen
elevenlabs_0294,/kaggle/working/data/processed/fake/elevenlabs/elevenlabs_0294.wav,fake,elevenlabs,voice_clone,train
elevenlabs_0295,/kaggle/working/data/processed/fake/elevenlabs/elevenlabs_0295.wav,fake,elevenlabs,voice_clone,train
elevenlabs_0296,/kaggle/working/data/processed/fake/elevenlabs/elevenlabs_0296.wav,fake,elevenlabs,voice_clone,train
elevenlabs_0297,/kaggle/working/data/processed/fake/elevenlabs/elevenlabs_0297.wav,fake,elevenlabs,voice_clone,train
elevenlabs_0298,/kaggle/working/data/processed/fake/elevenlabs/elevenlabs_0298.wav,fake,elevenlabs,voice_clone,train
elevenlabs_0299,/kaggle/working/data/processed/fake/elevenlabs/elevenlabs_0299.wav,fake,elevenlabs,voice_clone,train
elevenlabs_0300,/kaggle/working/data/processed/fake/elevenlabs/elevenlabs_0300.wav,fake,elevenlabs,voice_clone,train
elevenlabs_0301,/kaggle/working/data/processed/fake/elevenlabs/elevenlabs_0301.wav,fake,elevenlabs,voice_clone,test_seen
elevenlabs_0302,/kaggle/working/data/processed/fake/elevenlabs/elevenlabs_0302.wav,fake,elevenlabs,voice_clone,train
elevenlabs_0303,/kaggle/working/data/processed/fake/elevenlabs/elevenlabs_0303.wav,fake,elevenlabs,voice_clone,train
elevenlabs_0304,/kaggle/working/data/processed/fake/elevenlabs/elevenlabs_0304.wav,fake,elevenlabs,voice_clone,train
elevenlabs_0305,/kaggle/working/data/processed/fake/elevenlabs/elevenlabs_0305.wav,fake,elevenlabs,voice_clone,train
elevenlabs_0306,/kaggle/working/data/processed/fake/elevenlabs/elevenlabs_0306.wav,fake,elevenlabs,voice_clone,train
elevenlabs_0307,/kaggle/working/data/processed/fake/elevenlabs/elevenlabs_0307.wav,fake,elevenlabs,voice_clone,train
elevenlabs_0308,/kaggle/working/data/processed/fake/elevenlabs/elevenlabs_0308.wav,fake,elevenlabs,voice_clone,train
elevenlabs_0309,/kaggle/working/data/processed/fake/elevenlabs/elevenlabs_0309.wav,fake,elevenlabs,voice_clone,train
elevenlabs_0310,/kaggle/working/data/processed/fake/elevenlabs/elevenlabs_0310.wav,fake,elevenlabs,voice_clone,train
elevenlabs_0311,/kaggle/working/data/processed/fake/elevenlabs/elevenlabs_0311.wav,fake,elevenlabs,voice_clone,train
elevenlabs_0312,/kaggle/working/data/processed/fake/elevenlabs/elevenlabs_0312.wav,fake,elevenlabs,voice_clone,train
elevenlabs_0313,/kaggle/working/data/processed/fake/elevenlabs/elevenlabs_0313.wav,fake,elevenlabs,voice_clone,train
elevenlabs_0314,/kaggle/working/data/processed/fake/elevenlabs/elevenlabs_0314.wav,fake,elevenlabs,voice_clone,train
elevenlabs_0315,/kaggle/working/data/processed/fake/elevenlabs/elevenlabs_0315.wav,fake,elevenlabs,voice_clone,train
elevenlabs_0316,/kaggle/working/data/processed/fake/elevenlabs/elevenlabs_0316.wav,fake,elevenlabs,voice_clone,train
elevenlabs_0317,/kaggle/working/data/processed/fake/elevenlabs/elevenlabs_0317.wav,fake,elevenlabs,voice_clone,test_seen
elevenlabs_0318,/kaggle/working/data/processed/fake/elevenlabs/elevenlabs_0318.wav,fake,elevenlabs,voice_clone,train
elevenlabs_0319,/kaggle/working/data/processed/fake/elevenlabs/elevenlabs_0319.wav,fake,elevenlabs,voice_clone,train
elevenlabs_0320,/kaggle/working/data/processed/fake/elevenlabs/elevenlabs_0320.wav,fake,elevenlabs,voice_clone,train
elevenlabs_0321,/kaggle/working/data/processed/fake/elevenlabs/elevenlabs_0321.wav,fake,elevenlabs,voice_clone,train
elevenlabs_0322,/kaggle/working/data/processed/fake/elevenlabs/elevenlabs_0322.wav,fake,elevenlabs,voice_clone,train
elevenlabs_0323,/kaggle/working/data/processed/fake/elevenlabs/elevenlabs_0323.wav,fake,elevenlabs,voice_clone,train
elevenlabs_0324,/kaggle/working/data/processed/fake/elevenlabs/elevenlabs_0324.wav,fake,elevenlabs,voice_clone,train
elevenlabs_0325,/kaggle/working/data/processed/fake/elevenlabs/elevenlabs_0325.wav,fake,elevenlabs,voice_clone,train
elevenlabs_0326,/kaggle/working/data/processed/fake/elevenlabs/elevenlabs_0326.wav,fake,elevenlabs,voice_clone,train
elevenlabs_0327,/kaggle/working/data/processed/fake/elevenlabs/elevenlabs_0327.wav,fake,elevenlabs,voice_clone,train
elevenlabs_0328,/kaggle/working/data/processed/fake/elevenlabs/elevenlabs_0328.wav,fake,elevenlabs,voice_clone,train
elevenlabs_0329,/kaggle/working/data/processed/fake/elevenlabs/elevenlabs_0329.wav,fake,elevenlabs,voice_clone,train
elevenlabs_0330,/kaggle/working/data/processed/fake/elevenlabs/elevenlabs_0330.wav,fake,elevenlabs,voice_clone,test_seen
elevenlabs_0331,/kaggle/working/data/processed/fake/elevenlabs/elevenlabs_0331.wav,fake,elevenlabs,voice_clone,train
elevenlabs_0332,/kaggle/working/data/processed/fake/elevenlabs/elevenlabs_0332.wav,fake,elevenlabs,voice_clone,train
elevenlabs_0333,/kaggle/working/data/processed/fake/elevenlabs/elevenlabs_0333.wav,fake,elevenlabs,voice_clone,train
elevenlabs_0334,/kaggle/working/data/processed/fake/elevenlabs/elevenlabs_0334.wav,fake,elevenlabs,voice_clone,train
elevenlabs_0335,/kaggle/working/data/processed/fake/elevenlabs/elevenlabs_0335.wav,fake,elevenlabs,voice_clone,test_seen
elevenlabs_0336,/kaggle/working/data/processed/fake/elevenlabs/elevenlabs_0336.wav,fake,elevenlabs,voice_clone,train
elevenlabs_0337,/kaggle/working/data/processed/fake/elevenlabs/elevenlabs_0337.wav,fake,elevenlabs,voice_clone,test_seen
elevenlabs_0338,/kaggle/working/data/processed/fake/elevenlabs/elevenlabs_0338.wav,fake,elevenlabs,voice_clone,train
elevenlabs_0339,/kaggle/working/data/processed/fake/elevenlabs/elevenlabs_0339.wav,fake,elevenlabs,voice_clone,train
elevenlabs_0340,/kaggle/working/data/processed/fake/elevenlabs/elevenlabs_0340.wav,fake,elevenlabs,voice_clone,train
elevenlabs_0341,/kaggle/working/data/processed/fake/elevenlabs/elevenlabs_0341.wav,fake,elevenlabs,voice_clone,train
elevenlabs_0342,/kaggle/working/data/processed/fake/elevenlabs/elevenlabs_0342.wav,fake,elevenlabs,voice_clone,train
elevenlabs_0343,/kaggle/working/data/processed/fake/elevenlabs/elevenlabs_0343.wav,fake,elevenlabs,voice_clone,train
elevenlabs_0344,/kaggle/working/data/processed/fake/elevenlabs/elevenlabs_0344.wav,fake,elevenlabs,voice_clone,train
elevenlabs_0345,/kaggle/working/data/processed/fake/elevenlabs/elevenlabs_0345.wav,fake,elevenlabs,voice_clone,train
elevenlabs_0346,/kaggle/working/data/processed/fake/elevenlabs/elevenlabs_0346.wav,fake,elevenlabs,voice_clone,train
elevenlabs_0347,/kaggle/working/data/processed/fake/elevenlabs/elevenlabs_0347.wav,fake,elevenlabs,voice_clone,train
elevenlabs_0348,/kaggle/working/data/processed/fake/elevenlabs/elevenlabs_0348.wav,fake,elevenlabs,voice_clone,train
elevenlabs_0349,/kaggle/working/data/processed/fake/elevenlabs/elevenlabs_0349.wav,fake,elevenlabs,voice_clone,train
elevenlabs_0350,/kaggle/working/data/processed/fake/elevenlabs/elevenlabs_0350.wav,fake,elevenlabs,voice_clone,train
elevenlabs_0351,/kaggle/working/data/processed/fake/elevenlabs/elevenlabs_0351.wav,fake,elevenlabs,voice_clone,train
elevenlabs_0352,/kaggle/working/data/processed/fake/elevenlabs/elevenlabs_0352.wav,fake,elevenlabs,voice_clone,train
elevenlabs_0353,/kaggle/working/data/processed/fake/elevenlabs/elevenlabs_0353.wav,fake,elevenlabs,voice_clone,train
elevenlabs_0354,/kaggle/working/data/processed/fake/elevenlabs/elevenlabs_0354.wav,fake,elevenlabs,voice_clone,train
elevenlabs_0355,/kaggle/working/data/processed/fake/elevenlabs/elevenlabs_0355.wav,fake,elevenlabs,voice_clone,train
elevenlabs_0356,/kaggle/working/data/processed/fake/elevenlabs/elevenlabs_0356.wav,fake,elevenlabs,voice_clone,test_seen
elevenlabs_0357,/kaggle/working/data/processed/fake/elevenlabs/elevenlabs_0357.wav,fake,elevenlabs,voice_clone,train
elevenlabs_0358,/kaggle/working/data/processed/fake/elevenlabs/elevenlabs_0358.wav,fake,elevenlabs,voice_clone,train
elevenlabs_0359,/kaggle/working/data/processed/fake/elevenlabs/elevenlabs_0359.wav,fake,elevenlabs,voice_clone,train
elevenlabs_0360,/kaggle/working/data/processed/fake/elevenlabs/elevenlabs_0360.wav,fake,elevenlabs,voice_clone,train
elevenlabs_0361,/kaggle/working/data/processed/fake/elevenlabs/elevenlabs_0361.wav,fake,elevenlabs,voice_clone,train
elevenlabs_0362,/kaggle/working/data/processed/fake/elevenlabs/elevenlabs_0362.wav,fake,elevenlabs,voice_clone,train
elevenlabs_0363,/kaggle/working/data/processed/fake/elevenlabs/elevenlabs_0363.wav,fake,elevenlabs,voice_clone,train
elevenlabs_0364,/kaggle/working/data/processed/fake/elevenlabs/elevenlabs_0364.wav,fake,elevenlabs,voice_clone,train
elevenlabs_0365,/kaggle/working/data/processed/fake/elevenlabs/elevenlabs_0365.wav,fake,elevenlabs,voice_clone,train
elevenlabs_0366,/kaggle/working/data/processed/fake/elevenlabs/elevenlabs_0366.wav,fake,elevenlabs,voice_clone,train
elevenlabs_0367,/kaggle/working/data/processed/fake/elevenlabs/elevenlabs_0367.wav,fake,elevenlabs,voice_clone,train
elevenlabs_0368,/kaggle/working/data/processed/fake/elevenlabs/elevenlabs_0368.wav,fake,elevenlabs,voice_clone,train
elevenlabs_0369,/kaggle/working/data/processed/fake/elevenlabs/elevenlabs_0369.wav,fake,elevenlabs,voice_clone,test_seen
elevenlabs_0370,/kaggle/working/data/processed/fake/elevenlabs/elevenlabs_0370.wav,fake,elevenlabs,voice_clone,train
elevenlabs_0371,/kaggle/working/data/processed/fake/elevenlabs/elevenlabs_0371.wav,fake,elevenlabs,voice_clone,train
elevenlabs_0372,/kaggle/working/data/processed/fake/elevenlabs/elevenlabs_0372.wav,fake,elevenlabs,voice_clone,train
elevenlabs_0373,/kaggle/working/data/processed/fake/elevenlabs/elevenlabs_0373.wav,fake,elevenlabs,voice_clone,train
elevenlabs_0374,/kaggle/working/data/processed/fake/elevenlabs/elevenlabs_0374.wav,fake,elevenlabs,voice_clone,train
elevenlabs_0375,/kaggle/working/data/processed/fake/elevenlabs/elevenlabs_0375.wav,fake,elevenlabs,voice_clone,train
elevenlabs_0376,/kaggle/working/data/processed/fake/elevenlabs/elevenlabs_0376.wav,fake,elevenlabs,voice_clone,train
elevenlabs_0377,/kaggle/working/data/processed/fake/elevenlabs/elevenlabs_0377.wav,fake,elevenlabs,voice_clone,train
elevenlabs_0378,/kaggle/working/data/processed/fake/elevenlabs/elevenlabs_0378.wav,fake,elevenlabs,voice_clone,test_seen
elevenlabs_0379,/kaggle/working/data/processed/fake/elevenlabs/elevenlabs_0379.wav,fake,elevenlabs,voice_clone,test_seen
elevenlabs_0380,/kaggle/working/data/processed/fake/elevenlabs/elevenlabs_0380.wav,fake,elevenlabs,voice_clone,train
elevenlabs_0381,/kaggle/working/data/processed/fake/elevenlabs/elevenlabs_0381.wav,fake,elevenlabs,voice_clone,train
elevenlabs_0382,/kaggle/working/data/processed/fake/elevenlabs/elevenlabs_0382.wav,fake,elevenlabs,voice_clone,train
elevenlabs_0383,/kaggle/working/data/processed/fake/elevenlabs/elevenlabs_0383.wav,fake,elevenlabs,voice_clone,train
elevenlabs_0384,/kaggle/working/data/processed/fake/elevenlabs/elevenlabs_0384.wav,fake,elevenlabs,voice_clone,train
elevenlabs_0385,/kaggle/working/data/processed/fake/elevenlabs/elevenlabs_0385.wav,fake,elevenlabs,voice_clone,train
elevenlabs_0386,/kaggle/working/data/processed/fake/elevenlabs/elevenlabs_0386.wav,fake,elevenlabs,voice_clone,train
elevenlabs_0387,/kaggle/working/data/processed/fake/elevenlabs/elevenlabs_0387.wav,fake,elevenlabs,voice_clone,train
elevenlabs_0388,/kaggle/working/data/processed/fake/elevenlabs/elevenlabs_0388.wav,fake,elevenlabs,voice_clone,train
elevenlabs_0389,/kaggle/working/data/processed/fake/elevenlabs/elevenlabs_0389.wav,fake,elevenlabs,voice_clone,train
elevenlabs_0390,/kaggle/working/data/processed/fake/elevenlabs/elevenlabs_0390.wav,fake,elevenlabs,voice_clone,train
elevenlabs_0391,/kaggle/working/data/processed/fake/elevenlabs/elevenlabs_0391.wav,fake,elevenlabs,voice_clone,test_seen
elevenlabs_0392,/kaggle/working/data/processed/fake/elevenlabs/elevenlabs_0392.wav,fake,elevenlabs,voice_clone,test_seen
elevenlabs_0393,/kaggle/working/data/processed/fake/elevenlabs/elevenlabs_0393.wav,fake,elevenlabs,voice_clone,train
elevenlabs_0394,/kaggle/working/data/processed/fake/elevenlabs/elevenlabs_0394.wav,fake,elevenlabs,voice_clone,train
elevenlabs_0395,/kaggle/working/data/processed/fake/elevenlabs/elevenlabs_0395.wav,fake,elevenlabs,voice_clone,test_seen
elevenlabs_0396,/kaggle/working/data/processed/fake/elevenlabs/elevenlabs_0396.wav,fake,elevenlabs,voice_clone,test_seen
elevenlabs_0397,/kaggle/working/data/processed/fake/elevenlabs/elevenlabs_0397.wav,fake,elevenlabs,voice_clone,test_seen
elevenlabs_0398,/kaggle/working/data/processed/fake/elevenlabs/elevenlabs_0398.wav,fake,elevenlabs,voice_clone,train
elevenlabs_0399,/kaggle/working/data/processed/fake/elevenlabs/elevenlabs_0399.wav,fake,elevenlabs,voice_clone,test_seen
elevenlabs_0400,/kaggle/working/data/processed/fake/elevenlabs/elevenlabs_0400.wav,fake,elevenlabs,voice_clone,test_seen
elevenlabs_0401,/kaggle/working/data/processed/fake/elevenlabs/elevenlabs_0401.wav,fake,elevenlabs,voice_clone,train
elevenlabs_0402,/kaggle/working/data/processed/fake/elevenlabs/elevenlabs_0402.wav,fake,elevenlabs,voice_clone,train
elevenlabs_0403,/kaggle/working/data/processed/fake/elevenlabs/elevenlabs_0403.wav,fake,elevenlabs,voice_clone,test_seen
elevenlabs_0404,/kaggle/working/data/processed/fake/elevenlabs/elevenlabs_0404.wav,fake,elevenlabs,voice_clone,train
elevenlabs_0405,/kaggle/working/data/processed/fake/elevenlabs/elevenlabs_0405.wav,fake,elevenlabs,voice_clone,train
elevenlabs_0406,/kaggle/working/data/processed/fake/elevenlabs/elevenlabs_0406.wav,fake,elevenlabs,voice_clone,train
elevenlabs_0407,/kaggle/working/data/processed/fake/elevenlabs/elevenlabs_0407.wav,fake,elevenlabs,voice_clone,train
elevenlabs_0408,/kaggle/working/data/processed/fake/elevenlabs/elevenlabs_0408.wav,fake,elevenlabs,voice_clone,train
elevenlabs_0409,/kaggle/working/data/processed/fake/elevenlabs/elevenlabs_0409.wav,fake,elevenlabs,voice_clone,train
elevenlabs_0410,/kaggle/working/data/processed/fake/elevenlabs/elevenlabs_0410.wav,fake,elevenlabs,voice_clone,train
elevenlabs_0411,/kaggle/working/data/processed/fake/elevenlabs/elevenlabs_0411.wav,fake,elevenlabs,voice_clone,train
elevenlabs_0412,/kaggle/working/data/processed/fake/elevenlabs/elevenlabs_0412.wav,fake,elevenlabs,voice_clone,test_seen
elevenlabs_0413,/kaggle/working/data/processed/fake/elevenlabs/elevenlabs_0413.wav,fake,elevenlabs,voice_clone,train
elevenlabs_0414,/kaggle/working/data/processed/fake/elevenlabs/elevenlabs_0414.wav,fake,elevenlabs,voice_clone,train
elevenlabs_0415,/kaggle/working/data/processed/fake/elevenlabs/elevenlabs_0415.wav,fake,elevenlabs,voice_clone,train
elevenlabs_0416,/kaggle/working/data/processed/fake/elevenlabs/elevenlabs_0416.wav,fake,elevenlabs,voice_clone,train
elevenlabs_0417,/kaggle/working/data/processed/fake/elevenlabs/elevenlabs_0417.wav,fake,elevenlabs,voice_clone,test_seen
elevenlabs_0418,/kaggle/working/data/processed/fake/elevenlabs/elevenlabs_0418.wav,fake,elevenlabs,voice_clone,test_seen
elevenlabs_0419,/kaggle/working/data/processed/fake/elevenlabs/elevenlabs_0419.wav,fake,elevenlabs,voice_clone,train
elevenlabs_0420,/kaggle/working/data/processed/fake/elevenlabs/elevenlabs_0420.wav,fake,elevenlabs,voice_clone,train
elevenlabs_0421,/kaggle/working/data/processed/fake/elevenlabs/elevenlabs_0421.wav,fake,elevenlabs,voice_clone,train
elevenlabs_0422,/kaggle/working/data/processed/fake/elevenlabs/elevenlabs_0422.wav,fake,elevenlabs,voice_clone,train
elevenlabs_0423,/kaggle/working/data/processed/fake/elevenlabs/elevenlabs_0423.wav,fake,elevenlabs,voice_clone,train
elevenlabs_0424,/kaggle/working/data/processed/fake/elevenlabs/elevenlabs_0424.wav,fake,elevenlabs,voice_clone,train
elevenlabs_0425,/kaggle/working/data/processed/fake/elevenlabs/elevenlabs_0425.wav,fake,elevenlabs,voice_clone,train
elevenlabs_0426,/kaggle/working/data/processed/fake/elevenlabs/elevenlabs_0426.wav,fake,elevenlabs,voice_clone,train
elevenlabs_0427,/kaggle/working/data/processed/fake/elevenlabs/elevenlabs_0427.wav,fake,elevenlabs,voice_clone,train
elevenlabs_0428,/kaggle/working/data/processed/fake/elevenlabs/elevenlabs_0428.wav,fake,elevenlabs,voice_clone,train
elevenlabs_0429,/kaggle/working/data/processed/fake/elevenlabs/elevenlabs_0429.wav,fake,elevenlabs,voice_clone,train
elevenlabs_0430,/kaggle/working/data/processed/fake/elevenlabs/elevenlabs_0430.wav,fake,elevenlabs,voice_clone,train
elevenlabs_0431,/kaggle/working/data/processed/fake/elevenlabs/elevenlabs_0431.wav,fake,elevenlabs,voice_clone,train
elevenlabs_0432,/kaggle/working/data/processed/fake/elevenlabs/elevenlabs_0432.wav,fake,elevenlabs,voice_clone,train
elevenlabs_0433,/kaggle/working/data/processed/fake/elevenlabs/elevenlabs_0433.wav,fake,elevenlabs,voice_clone,train
elevenlabs_0434,/kaggle/working/data/processed/fake/elevenlabs/elevenlabs_0434.wav,fake,elevenlabs,voice_clone,train
elevenlabs_0435,/kaggle/working/data/processed/fake/elevenlabs/elevenlabs_0435.wav,fake,elevenlabs,voice_clone,train
elevenlabs_0436,/kaggle/working/data/processed/fake/elevenlabs/elevenlabs_0436.wav,fake,elevenlabs,voice_clone,train
elevenlabs_0437,/kaggle/working/data/processed/fake/elevenlabs/elevenlabs_0437.wav,fake,elevenlabs,voice_clone,train
elevenlabs_0438,/kaggle/working/data/processed/fake/elevenlabs/elevenlabs_0438.wav,fake,elevenlabs,voice_clone,train
elevenlabs_0439,/kaggle/working/data/processed/fake/elevenlabs/elevenlabs_0439.wav,fake,elevenlabs,voice_clone,train
elevenlabs_0440,/kaggle/working/data/processed/fake/elevenlabs/elevenlabs_0440.wav,fake,elevenlabs,voice_clone,train
elevenlabs_0441,/kaggle/working/data/processed/fake/elevenlabs/elevenlabs_0441.wav,fake,elevenlabs,voice_clone,train
elevenlabs_0442,/kaggle/working/data/processed/fake/elevenlabs/elevenlabs_0442.wav,fake,elevenlabs,voice_clone,train
elevenlabs_0443,/kaggle/working/data/processed/fake/elevenlabs/elevenlabs_0443.wav,fake,elevenlabs,voice_clone,train
elevenlabs_0444,/kaggle/working/data/processed/fake/elevenlabs/elevenlabs_0444.wav,fake,elevenlabs,voice_clone,train
elevenlabs_0445,/kaggle/working/data/processed/fake/elevenlabs/elevenlabs_0445.wav,fake,elevenlabs,voice_clone,train
elevenlabs_0446,/kaggle/working/data/processed/fake/elevenlabs/elevenlabs_0446.wav,fake,elevenlabs,voice_clone,train
elevenlabs_0447,/kaggle/working/data/processed/fake/elevenlabs/elevenlabs_0447.wav,fake,elevenlabs,voice_clone,train
elevenlabs_0448,/kaggle/working/data/processed/fake/elevenlabs/elevenlabs_0448.wav,fake,elevenlabs,voice_clone,train
elevenlabs_0449,/kaggle/working/data/processed/fake/elevenlabs/elevenlabs_0449.wav,fake,elevenlabs,voice_clone,train
elevenlabs_0450,/kaggle/working/data/processed/fake/elevenlabs/elevenlabs_0450.wav,fake,elevenlabs,voice_clone,train
elevenlabs_0451,/kaggle/working/data/processed/fake/elevenlabs/elevenlabs_0451.wav,fake,elevenlabs,voice_clone,train
elevenlabs_0452,/kaggle/working/data/processed/fake/elevenlabs/elevenlabs_0452.wav,fake,elevenlabs,voice_clone,test_seen
elevenlabs_0453,/kaggle/working/data/processed/fake/elevenlabs/elevenlabs_0453.wav,fake,elevenlabs,voice_clone,train
elevenlabs_0454,/kaggle/working/data/processed/fake/elevenlabs/elevenlabs_0454.wav,fake,elevenlabs,voice_clone,train
elevenlabs_0455,/kaggle/working/data/processed/fake/elevenlabs/elevenlabs_0455.wav,fake,elevenlabs,voice_clone,test_seen
elevenlabs_0456,/kaggle/working/data/processed/fake/elevenlabs/elevenlabs_0456.wav,fake,elevenlabs,voice_clone,train
elevenlabs_0457,/kaggle/working/data/processed/fake/elevenlabs/elevenlabs_0457.wav,fake,elevenlabs,voice_clone,train
elevenlabs_0458,/kaggle/working/data/processed/fake/elevenlabs/elevenlabs_0458.wav,fake,elevenlabs,voice_clone,train
elevenlabs_0459,/kaggle/working/data/processed/fake/elevenlabs/elevenlabs_0459.wav,fake,elevenlabs,voice_clone,test_seen
elevenlabs_0460,/kaggle/working/data/processed/fake/elevenlabs/elevenlabs_0460.wav,fake,elevenlabs,voice_clone,train
elevenlabs_0461,/kaggle/working/data/processed/fake/elevenlabs/elevenlabs_0461.wav,fake,elevenlabs,voice_clone,train
elevenlabs_0462,/kaggle/working/data/processed/fake/elevenlabs/elevenlabs_0462.wav,fake,elevenlabs,voice_clone,train
elevenlabs_0463,/kaggle/working/data/processed/fake/elevenlabs/elevenlabs_0463.wav,fake,elevenlabs,voice_clone,train
elevenlabs_0464,/kaggle/working/data/processed/fake/elevenlabs/elevenlabs_0464.wav,fake,elevenlabs,voice_clone,train
elevenlabs_0465,/kaggle/working/data/processed/fake/elevenlabs/elevenlabs_0465.wav,fake,elevenlabs,voice_clone,train
elevenlabs_0466,/kaggle/working/data/processed/fake/elevenlabs/elevenlabs_0466.wav,fake,elevenlabs,voice_clone,test_seen
elevenlabs_0467,/kaggle/working/data/processed/fake/elevenlabs/elevenlabs_0467.wav,fake,elevenlabs,voice_clone,train
elevenlabs_0468,/kaggle/working/data/processed/fake/elevenlabs/elevenlabs_0468.wav,fake,elevenlabs,voice_clone,train
elevenlabs_0469,/kaggle/working/data/processed/fake/elevenlabs/elevenlabs_0469.wav,fake,elevenlabs,voice_clone,test_seen
elevenlabs_0470,/kaggle/working/data/processed/fake/elevenlabs/elevenlabs_0470.wav,fake,elevenlabs,voice_clone,train
elevenlabs_0471,/kaggle/working/data/processed/fake/elevenlabs/elevenlabs_0471.wav,fake,elevenlabs,voice_clone,train
elevenlabs_0472,/kaggle/working/data/processed/fake/elevenlabs/elevenlabs_0472.wav,fake,elevenlabs,voice_clone,train
elevenlabs_0473,/kaggle/working/data/processed/fake/elevenlabs/elevenlabs_0473.wav,fake,elevenlabs,voice_clone,train
elevenlabs_0474,/kaggle/working/data/processed/fake/elevenlabs/elevenlabs_0474.wav,fake,elevenlabs,voice_clone,test_seen
elevenlabs_0475,/kaggle/working/data/processed/fake/elevenlabs/elevenlabs_0475.wav,fake,elevenlabs,voice_clone,train
elevenlabs_0476,/kaggle/working/data/processed/fake/elevenlabs/elevenlabs_0476.wav,fake,elevenlabs,voice_clone,train
elevenlabs_0477,/kaggle/working/data/processed/fake/elevenlabs/elevenlabs_0477.wav,fake,elevenlabs,voice_clone,train
elevenlabs_0478,/kaggle/working/data/processed/fake/elevenlabs/elevenlabs_0478.wav,fake,elevenlabs,voice_clone,train
elevenlabs_0479,/kaggle/working/data/processed/fake/elevenlabs/elevenlabs_0479.wav,fake,elevenlabs,voice_clone,train
elevenlabs_0480,/kaggle/working/data/processed/fake/elevenlabs/elevenlabs_0480.wav,fake,elevenlabs,voice_clone,train
elevenlabs_0481,/kaggle/working/data/processed/fake/elevenlabs/elevenlabs_0481.wav,fake,elevenlabs,voice_clone,train
elevenlabs_0482,/kaggle/working/data/processed/fake/elevenlabs/elevenlabs_0482.wav,fake,elevenlabs,voice_clone,train
elevenlabs_0483,/kaggle/working/data/processed/fake/elevenlabs/elevenlabs_0483.wav,fake,elevenlabs,voice_clone,train
elevenlabs_0484,/kaggle/working/data/processed/fake/elevenlabs/elevenlabs_0484.wav,fake,elevenlabs,voice_clone,train
elevenlabs_0485,/kaggle/working/data/processed/fake/elevenlabs/elevenlabs_0485.wav,fake,elevenlabs,voice_clone,train
elevenlabs_0486,/kaggle/working/data/processed/fake/elevenlabs/elevenlabs_0486.wav,fake,elevenlabs,voice_clone,train
elevenlabs_0487,/kaggle/working/data/processed/fake/elevenlabs/elevenlabs_0487.wav,fake,elevenlabs,voice_clone,test_seen
elevenlabs_0488,/kaggle/working/data/processed/fake/elevenlabs/elevenlabs_0488.wav,fake,elevenlabs,voice_clone,test_seen
elevenlabs_0489,/kaggle/working/data/processed/fake/elevenlabs/elevenlabs_0489.wav,fake,elevenlabs,voice_clone,train
elevenlabs_0490,/kaggle/working/data/processed/fake/elevenlabs/elevenlabs_0490.wav,fake,elevenlabs,voice_clone,train
elevenlabs_0491,/kaggle/working/data/processed/fake/elevenlabs/elevenlabs_0491.wav,fake,elevenlabs,voice_clone,train
elevenlabs_0492,/kaggle/working/data/processed/fake/elevenlabs/elevenlabs_0492.wav,fake,elevenlabs,voice_clone,test_seen
elevenlabs_0493,/kaggle/working/data/processed/fake/elevenlabs/elevenlabs_0493.wav,fake,elevenlabs,voice_clone,train
elevenlabs_0494,/kaggle/working/data/processed/fake/elevenlabs/elevenlabs_0494.wav,fake,elevenlabs,voice_clone,train
elevenlabs_0495,/kaggle/working/data/processed/fake/elevenlabs/elevenlabs_0495.wav,fake,elevenlabs,voice_clone,train
elevenlabs_0496,/kaggle/working/data/processed/fake/elevenlabs/elevenlabs_0496.wav,fake,elevenlabs,voice_clone,test_seen
elevenlabs_0497,/kaggle/working/data/processed/fake/elevenlabs/elevenlabs_0497.wav,fake,elevenlabs,voice_clone,train
elevenlabs_0498,/kaggle/working/data/processed/fake/elevenlabs/elevenlabs_0498.wav,fake,elevenlabs,voice_clone,train
elevenlabs_0499,/kaggle/working/data/processed/fake/elevenlabs/elevenlabs_0499.wav,fake,elevenlabs,voice_clone,test_seen
elevenlabs_0500,/kaggle/working/data/processed/fake/elevenlabs/elevenlabs_0500.wav,fake,elevenlabs,voice_clone,train
elevenlabs_0501,/kaggle/working/data/processed/fake/elevenlabs/elevenlabs_0501.wav,fake,elevenlabs,voice_clone,train
elevenlabs_0502,/kaggle/working/data/processed/fake/elevenlabs/elevenlabs_0502.wav,fake,elevenlabs,voice_clone,test_seen
elevenlabs_0503,/kaggle/working/data/processed/fake/elevenlabs/elevenlabs_0503.wav,fake,elevenlabs,voice_clone,train
elevenlabs_0504,/kaggle/working/data/processed/fake/elevenlabs/elevenlabs_0504.wav,fake,elevenlabs,voice_clone,train
elevenlabs_0505,/kaggle/working/data/processed/fake/elevenlabs/elevenlabs_0505.wav,fake,elevenlabs,voice_clone,train
elevenlabs_0506,/kaggle/working/data/processed/fake/elevenlabs/elevenlabs_0506.wav,fake,elevenlabs,voice_clone,train
elevenlabs_0507,/kaggle/working/data/processed/fake/elevenlabs/elevenlabs_0507.wav,fake,elevenlabs,voice_clone,train
elevenlabs_0508,/kaggle/working/data/processed/fake/elevenlabs/elevenlabs_0508.wav,fake,elevenlabs,voice_clone,train
elevenlabs_0509,/kaggle/working/data/processed/fake/elevenlabs/elevenlabs_0509.wav,fake,elevenlabs,voice_clone,train
elevenlabs_0510,/kaggle/working/data/processed/fake/elevenlabs/elevenlabs_0510.wav,fake,elevenlabs,voice_clone,test_seen
elevenlabs_0511,/kaggle/working/data/processed/fake/elevenlabs/elevenlabs_0511.wav,fake,elevenlabs,voice_clone,train
elevenlabs_0512,/kaggle/working/data/processed/fake/elevenlabs/elevenlabs_0512.wav,fake,elevenlabs,voice_clone,test_seen
elevenlabs_0513,/kaggle/working/data/processed/fake/elevenlabs/elevenlabs_0513.wav,fake,elevenlabs,voice_clone,train
elevenlabs_0514,/kaggle/working/data/processed/fake/elevenlabs/elevenlabs_0514.wav,fake,elevenlabs,voice_clone,train
elevenlabs_0515,/kaggle/working/data/processed/fake/elevenlabs/elevenlabs_0515.wav,fake,elevenlabs,voice_clone,test_seen
elevenlabs_0516,/kaggle/working/data/processed/fake/elevenlabs/elevenlabs_0516.wav,fake,elevenlabs,voice_clone,train
elevenlabs_0517,/kaggle/working/data/processed/fake/elevenlabs/elevenlabs_0517.wav,fake,elevenlabs,voice_clone,train
elevenlabs_0518,/kaggle/working/data/processed/fake/elevenlabs/elevenlabs_0518.wav,fake,elevenlabs,voice_clone,train
elevenlabs_0519,/kaggle/working/data/processed/fake/elevenlabs/elevenlabs_0519.wav,fake,elevenlabs,voice_clone,train
elevenlabs_0520,/kaggle/working/data/processed/fake/elevenlabs/elevenlabs_0520.wav,fake,elevenlabs,voice_clone,train
elevenlabs_0521,/kaggle/working/data/processed/fake/elevenlabs/elevenlabs_0521.wav,fake,elevenlabs,voice_clone,train
elevenlabs_0522,/kaggle/working/data/processed/fake/elevenlabs/elevenlabs_0522.wav,fake,elevenlabs,voice_clone,train
elevenlabs_0523,/kaggle/working/data/processed/fake/elevenlabs/elevenlabs_0523.wav,fake,elevenlabs,voice_clone,train
elevenlabs_0524,/kaggle/working/data/processed/fake/elevenlabs/elevenlabs_0524.wav,fake,elevenlabs,voice_clone,test_seen
elevenlabs_0525,/kaggle/working/data/processed/fake/elevenlabs/elevenlabs_0525.wav,fake,elevenlabs,voice_clone,train
elevenlabs_0526,/kaggle/working/data/processed/fake/elevenlabs/elevenlabs_0526.wav,fake,elevenlabs,voice_clone,train
elevenlabs_0527,/kaggle/working/data/processed/fake/elevenlabs/elevenlabs_0527.wav,fake,elevenlabs,voice_clone,train
elevenlabs_0528,/kaggle/working/data/processed/fake/elevenlabs/elevenlabs_0528.wav,fake,elevenlabs,voice_clone,train
elevenlabs_0529,/kaggle/working/data/processed/fake/elevenlabs/elevenlabs_0529.wav,fake,elevenlabs,voice_clone,train
elevenlabs_0530,/kaggle/working/data/processed/fake/elevenlabs/elevenlabs_0530.wav,fake,elevenlabs,voice_clone,train
elevenlabs_0531,/kaggle/working/data/processed/fake/elevenlabs/elevenlabs_0531.wav,fake,elevenlabs,voice_clone,train
elevenlabs_0532,/kaggle/working/data/processed/fake/elevenlabs/elevenlabs_0532.wav,fake,elevenlabs,voice_clone,train
elevenlabs_0533,/kaggle/working/data/processed/fake/elevenlabs/elevenlabs_0533.wav,fake,elevenlabs,voice_clone,train
elevenlabs_0534,/kaggle/working/data/processed/fake/elevenlabs/elevenlabs_0534.wav,fake,elevenlabs,voice_clone,train
elevenlabs_0535,/kaggle/working/data/processed/fake/elevenlabs/elevenlabs_0535.wav,fake,elevenlabs,voice_clone,train
elevenlabs_0536,/kaggle/working/data/processed/fake/elevenlabs/elevenlabs_0536.wav,fake,elevenlabs,voice_clone,train
elevenlabs_0537,/kaggle/working/data/processed/fake/elevenlabs/elevenlabs_0537.wav,fake,elevenlabs,voice_clone,test_seen
elevenlabs_0538,/kaggle/working/data/processed/fake/elevenlabs/elevenlabs_0538.wav,fake,elevenlabs,voice_clone,train
elevenlabs_0539,/kaggle/working/data/processed/fake/elevenlabs/elevenlabs_0539.wav,fake,elevenlabs,voice_clone,train
elevenlabs_0540,/kaggle/working/data/processed/fake/elevenlabs/elevenlabs_0540.wav,fake,elevenlabs,voice_clone,test_seen
elevenlabs_0541,/kaggle/working/data/processed/fake/elevenlabs/elevenlabs_0541.wav,fake,elevenlabs,voice_clone,train
elevenlabs_0542,/kaggle/working/data/processed/fake/elevenlabs/elevenlabs_0542.wav,fake,elevenlabs,voice_clone,train
elevenlabs_0543,/kaggle/working/data/processed/fake/elevenlabs/elevenlabs_0543.wav,fake,elevenlabs,voice_clone,train
elevenlabs_0544,/kaggle/working/data/processed/fake/elevenlabs/elevenlabs_0544.wav,fake,elevenlabs,voice_clone,train
elevenlabs_0545,/kaggle/working/data/processed/fake/elevenlabs/elevenlabs_0545.wav,fake,elevenlabs,voice_clone,train
elevenlabs_0546,/kaggle/working/data/processed/fake/elevenlabs/elevenlabs_0546.wav,fake,elevenlabs,voice_clone,test_seen
elevenlabs_0547,/kaggle/working/data/processed/fake/elevenlabs/elevenlabs_0547.wav,fake,elevenlabs,voice_clone,train
elevenlabs_0548,/kaggle/working/data/processed/fake/elevenlabs/elevenlabs_0548.wav,fake,elevenlabs,voice_clone,train
elevenlabs_0549,/kaggle/working/data/processed/fake/elevenlabs/elevenlabs_0549.wav,fake,elevenlabs,voice_clone,train
elevenlabs_0550,/kaggle/working/data/processed/fake/elevenlabs/elevenlabs_0550.wav,fake,elevenlabs,voice_clone,test_seen
elevenlabs_0551,/kaggle/working/data/processed/fake/elevenlabs/elevenlabs_0551.wav,fake,elevenlabs,voice_clone,train
elevenlabs_0552,/kaggle/working/data/processed/fake/elevenlabs/elevenlabs_0552.wav,fake,elevenlabs,voice_clone,train
elevenlabs_0553,/kaggle/working/data/processed/fake/elevenlabs/elevenlabs_0553.wav,fake,elevenlabs,voice_clone,train
elevenlabs_0554,/kaggle/working/data/processed/fake/elevenlabs/elevenlabs_0554.wav,fake,elevenlabs,voice_clone,train
elevenlabs_0555,/kaggle/working/data/processed/fake/elevenlabs/elevenlabs_0555.wav,fake,elevenlabs,voice_clone,train
elevenlabs_0556,/kaggle/working/data/processed/fake/elevenlabs/elevenlabs_0556.wav,fake,elevenlabs,voice_clone,train
elevenlabs_0557,/kaggle/working/data/processed/fake/elevenlabs/elevenlabs_0557.wav,fake,elevenlabs,voice_clone,train
elevenlabs_0558,/kaggle/working/data/processed/fake/elevenlabs/elevenlabs_0558.wav,fake,elevenlabs,voice_clone,train
elevenlabs_0559,/kaggle/working/data/processed/fake/elevenlabs/elevenlabs_0559.wav,fake,elevenlabs,voice_clone,test_seen
elevenlabs_0560,/kaggle/working/data/processed/fake/elevenlabs/elevenlabs_0560.wav,fake,elevenlabs,voice_clone,train
elevenlabs_0561,/kaggle/working/data/processed/fake/elevenlabs/elevenlabs_0561.wav,fake,elevenlabs,voice_clone,train
elevenlabs_0562,/kaggle/working/data/processed/fake/elevenlabs/elevenlabs_0562.wav,fake,elevenlabs,voice_clone,test_seen
elevenlabs_0563,/kaggle/working/data/processed/fake/elevenlabs/elevenlabs_0563.wav,fake,elevenlabs,voice_clone,test_seen
elevenlabs_0564,/kaggle/working/data/processed/fake/elevenlabs/elevenlabs_0564.wav,fake,elevenlabs,voice_clone,train
elevenlabs_0565,/kaggle/working/data/processed/fake/elevenlabs/elevenlabs_0565.wav,fake,elevenlabs,voice_clone,train
elevenlabs_0566,/kaggle/working/data/processed/fake/elevenlabs/elevenlabs_0566.wav,fake,elevenlabs,voice_clone,train
elevenlabs_0567,/kaggle/working/data/processed/fake/elevenlabs/elevenlabs_0567.wav,fake,elevenlabs,voice_clone,train
elevenlabs_0568,/kaggle/working/data/processed/fake/elevenlabs/elevenlabs_0568.wav,fake,elevenlabs,voice_clone,train
elevenlabs_0569,/kaggle/working/data/processed/fake/elevenlabs/elevenlabs_0569.wav,fake,elevenlabs,voice_clone,test_seen
elevenlabs_0570,/kaggle/working/data/processed/fake/elevenlabs/elevenlabs_0570.wav,fake,elevenlabs,voice_clone,train
elevenlabs_0571,/kaggle/working/data/processed/fake/elevenlabs/elevenlabs_0571.wav,fake,elevenlabs,voice_clone,train
elevenlabs_0572,/kaggle/working/data/processed/fake/elevenlabs/elevenlabs_0572.wav,fake,elevenlabs,voice_clone,train
elevenlabs_0573,/kaggle/working/data/processed/fake/elevenlabs/elevenlabs_0573.wav,fake,elevenlabs,voice_clone,train
elevenlabs_0574,/kaggle/working/data/processed/fake/elevenlabs/elevenlabs_0574.wav,fake,elevenlabs,voice_clone,test_seen
elevenlabs_0575,/kaggle/working/data/processed/fake/elevenlabs/elevenlabs_0575.wav,fake,elevenlabs,voice_clone,train
elevenlabs_0576,/kaggle/working/data/processed/fake/elevenlabs/elevenlabs_0576.wav,fake,elevenlabs,voice_clone,train
elevenlabs_0577,/kaggle/working/data/processed/fake/elevenlabs/elevenlabs_0577.wav,fake,elevenlabs,voice_clone,train
elevenlabs_0578,/kaggle/working/data/processed/fake/elevenlabs/elevenlabs_0578.wav,fake,elevenlabs,voice_clone,train
elevenlabs_0579,/kaggle/working/data/processed/fake/elevenlabs/elevenlabs_0579.wav,fake,elevenlabs,voice_clone,train
elevenlabs_0580,/kaggle/working/data/processed/fake/elevenlabs/elevenlabs_0580.wav,fake,elevenlabs,voice_clone,test_seen
elevenlabs_0581,/kaggle/working/data/processed/fake/elevenlabs/elevenlabs_0581.wav,fake,elevenlabs,voice_clone,train
elevenlabs_0582,/kaggle/working/data/processed/fake/elevenlabs/elevenlabs_0582.wav,fake,elevenlabs,voice_clone,train
elevenlabs_0583,/kaggle/working/data/processed/fake/elevenlabs/elevenlabs_0583.wav,fake,elevenlabs,voice_clone,train
elevenlabs_0584,/kaggle/working/data/processed/fake/elevenlabs/elevenlabs_0584.wav,fake,elevenlabs,voice_clone,train
elevenlabs_0585,/kaggle/working/data/processed/fake/elevenlabs/elevenlabs_0585.wav,fake,elevenlabs,voice_clone,train
elevenlabs_0586,/kaggle/working/data/processed/fake/elevenlabs/elevenlabs_0586.wav,fake,elevenlabs,voice_clone,test_seen
elevenlabs_0587,/kaggle/working/data/processed/fake/elevenlabs/elevenlabs_0587.wav,fake,elevenlabs,voice_clone,train
elevenlabs_0588,/kaggle/working/data/processed/fake/elevenlabs/elevenlabs_0588.wav,fake,elevenlabs,voice_clone,train
elevenlabs_0589,/kaggle/working/data/processed/fake/elevenlabs/elevenlabs_0589.wav,fake,elevenlabs,voice_clone,train
elevenlabs_0590,/kaggle/working/data/processed/fake/elevenlabs/elevenlabs_0590.wav,fake,elevenlabs,voice_clone,train
elevenlabs_0591,/kaggle/working/data/processed/fake/elevenlabs/elevenlabs_0591.wav,fake,elevenlabs,voice_clone,train
elevenlabs_0592,/kaggle/working/data/processed/fake/elevenlabs/elevenlabs_0592.wav,fake,elevenlabs,voice_clone,train
elevenlabs_0593,/kaggle/working/data/processed/fake/elevenlabs/elevenlabs_0593.wav,fake,elevenlabs,voice_clone,train
elevenlabs_0594,/kaggle/working/data/processed/fake/elevenlabs/elevenlabs_0594.wav,fake,elevenlabs,voice_clone,train
elevenlabs_0595,/kaggle/working/data/processed/fake/elevenlabs/elevenlabs_0595.wav,fake,elevenlabs,voice_clone,test_seen
elevenlabs_0596,/kaggle/working/data/processed/fake/elevenlabs/elevenlabs_0596.wav,fake,elevenlabs,voice_clone,train
elevenlabs_0597,/kaggle/working/data/processed/fake/elevenlabs/elevenlabs_0597.wav,fake,elevenlabs,voice_clone,train
elevenlabs_0598,/kaggle/working/data/processed/fake/elevenlabs/elevenlabs_0598.wav,fake,elevenlabs,voice_clone,train
elevenlabs_0599,/kaggle/working/data/processed/fake/elevenlabs/elevenlabs_0599.wav,fake,elevenlabs,voice_clone,train
elevenlabs_0600,/kaggle/working/data/processed/fake/elevenlabs/elevenlabs_0600.wav,fake,elevenlabs,voice_clone,test_seen
elevenlabs_0601,/kaggle/working/data/processed/fake/elevenlabs/elevenlabs_0601.wav,fake,elevenlabs,voice_clone,train
elevenlabs_0602,/kaggle/working/data/processed/fake/elevenlabs/elevenlabs_0602.wav,fake,elevenlabs,voice_clone,train
elevenlabs_0603,/kaggle/working/data/processed/fake/elevenlabs/elevenlabs_0603.wav,fake,elevenlabs,voice_clone,train
elevenlabs_0604,/kaggle/working/data/processed/fake/elevenlabs/elevenlabs_0604.wav,fake,elevenlabs,voice_clone,train
elevenlabs_0605,/kaggle/working/data/processed/fake/elevenlabs/elevenlabs_0605.wav,fake,elevenlabs,voice_clone,train
elevenlabs_0606,/kaggle/working/data/processed/fake/elevenlabs/elevenlabs_0606.wav,fake,elevenlabs,voice_clone,test_seen
elevenlabs_0607,/kaggle/working/data/processed/fake/elevenlabs/elevenlabs_0607.wav,fake,elevenlabs,voice_clone,train
elevenlabs_0608,/kaggle/working/data/processed/fake/elevenlabs/elevenlabs_0608.wav,fake,elevenlabs,voice_clone,test_seen
elevenlabs_0609,/kaggle/working/data/processed/fake/elevenlabs/elevenlabs_0609.wav,fake,elevenlabs,voice_clone,train
elevenlabs_0610,/kaggle/working/data/processed/fake/elevenlabs/elevenlabs_0610.wav,fake,elevenlabs,voice_clone,train
elevenlabs_0611,/kaggle/working/data/processed/fake/elevenlabs/elevenlabs_0611.wav,fake,elevenlabs,voice_clone,train
elevenlabs_0612,/kaggle/working/data/processed/fake/elevenlabs/elevenlabs_0612.wav,fake,elevenlabs,voice_clone,train
elevenlabs_0613,/kaggle/working/data/processed/fake/elevenlabs/elevenlabs_0613.wav,fake,elevenlabs,voice_clone,train
elevenlabs_0614,/kaggle/working/data/processed/fake/elevenlabs/elevenlabs_0614.wav,fake,elevenlabs,voice_clone,train
elevenlabs_0615,/kaggle/working/data/processed/fake/elevenlabs/elevenlabs_0615.wav,fake,elevenlabs,voice_clone,train
elevenlabs_0616,/kaggle/working/data/processed/fake/elevenlabs/elevenlabs_0616.wav,fake,elevenlabs,voice_clone,test_seen
elevenlabs_0617,/kaggle/working/data/processed/fake/elevenlabs/elevenlabs_0617.wav,fake,elevenlabs,voice_clone,train
elevenlabs_0618,/kaggle/working/data/processed/fake/elevenlabs/elevenlabs_0618.wav,fake,elevenlabs,voice_clone,train
elevenlabs_0619,/kaggle/working/data/processed/fake/elevenlabs/elevenlabs_0619.wav,fake,elevenlabs,voice_clone,train
elevenlabs_0620,/kaggle/working/data/processed/fake/elevenlabs/elevenlabs_0620.wav,fake,elevenlabs,voice_clone,train
elevenlabs_0621,/kaggle/working/data/processed/fake/elevenlabs/elevenlabs_0621.wav,fake,elevenlabs,voice_clone,train
elevenlabs_0622,/kaggle/working/data/processed/fake/elevenlabs/elevenlabs_0622.wav,fake,elevenlabs,voice_clone,train
elevenlabs_0623,/kaggle/working/data/processed/fake/elevenlabs/elevenlabs_0623.wav,fake,elevenlabs,voice_clone,test_seen
elevenlabs_0624,/kaggle/working/data/processed/fake/elevenlabs/elevenlabs_0624.wav,fake,elevenlabs,voice_clone,train
elevenlabs_0625,/kaggle/working/data/processed/fake/elevenlabs/elevenlabs_0625.wav,fake,elevenlabs,voice_clone,test_seen
elevenlabs_0626,/kaggle/working/data/processed/fake/elevenlabs/elevenlabs_0626.wav,fake,elevenlabs,voice_clone,train
elevenlabs_0627,/kaggle/working/data/processed/fake/elevenlabs/elevenlabs_0627.wav,fake,elevenlabs,voice_clone,test_seen
elevenlabs_0628,/kaggle/working/data/processed/fake/elevenlabs/elevenlabs_0628.wav,fake,elevenlabs,voice_clone,train
elevenlabs_0629,/kaggle/working/data/processed/fake/elevenlabs/elevenlabs_0629.wav,fake,elevenlabs,voice_clone,train
elevenlabs_0630,/kaggle/working/data/processed/fake/elevenlabs/elevenlabs_0630.wav,fake,elevenlabs,voice_clone,train
elevenlabs_0631,/kaggle/working/data/processed/fake/elevenlabs/elevenlabs_0631.wav,fake,elevenlabs,voice_clone,train
elevenlabs_0632,/kaggle/working/data/processed/fake/elevenlabs/elevenlabs_0632.wav,fake,elevenlabs,voice_clone,train
elevenlabs_0633,/kaggle/working/data/processed/fake/elevenlabs/elevenlabs_0633.wav,fake,elevenlabs,voice_clone,test_seen
elevenlabs_0634,/kaggle/working/data/processed/fake/elevenlabs/elevenlabs_0634.wav,fake,elevenlabs,voice_clone,train
elevenlabs_0635,/kaggle/working/data/processed/fake/elevenlabs/elevenlabs_0635.wav,fake,elevenlabs,voice_clone,test_seen
elevenlabs_0636,/kaggle/working/data/processed/fake/elevenlabs/elevenlabs_0636.wav,fake,elevenlabs,voice_clone,train
elevenlabs_0637,/kaggle/working/data/processed/fake/elevenlabs/elevenlabs_0637.wav,fake,elevenlabs,voice_clone,train
elevenlabs_0638,/kaggle/working/data/processed/fake/elevenlabs/elevenlabs_0638.wav,fake,elevenlabs,voice_clone,train
elevenlabs_0639,/kaggle/working/data/processed/fake/elevenlabs/elevenlabs_0639.wav,fake,elevenlabs,voice_clone,test_seen
elevenlabs_0640,/kaggle/working/data/processed/fake/elevenlabs/elevenlabs_0640.wav,fake,elevenlabs,voice_clone,test_seen
elevenlabs_0641,/kaggle/working/data/processed/fake/elevenlabs/elevenlabs_0641.wav,fake,elevenlabs,voice_clone,test_seen
elevenlabs_0642,/kaggle/working/data/processed/fake/elevenlabs/elevenlabs_0642.wav,fake,elevenlabs,voice_clone,train
elevenlabs_0643,/kaggle/working/data/processed/fake/elevenlabs/elevenlabs_0643.wav,fake,elevenlabs,voice_clone,train
elevenlabs_0644,/kaggle/working/data/processed/fake/elevenlabs/elevenlabs_0644.wav,fake,elevenlabs,voice_clone,train
elevenlabs_0645,/kaggle/working/data/processed/fake/elevenlabs/elevenlabs_0645.wav,fake,elevenlabs,voice_clone,train
elevenlabs_0646,/kaggle/working/data/processed/fake/elevenlabs/elevenlabs_0646.wav,fake,elevenlabs,voice_clone,test_seen
elevenlabs_0647,/kaggle/working/data/processed/fake/elevenlabs/elevenlabs_0647.wav,fake,elevenlabs,voice_clone,train
elevenlabs_0648,/kaggle/working/data/processed/fake/elevenlabs/elevenlabs_0648.wav,fake,elevenlabs,voice_clone,test_seen
elevenlabs_0649,/kaggle/working/data/processed/fake/elevenlabs/elevenlabs_0649.wav,fake,elevenlabs,voice_clone,train
elevenlabs_0650,/kaggle/working/data/processed/fake/elevenlabs/elevenlabs_0650.wav,fake,elevenlabs,voice_clone,train
elevenlabs_0651,/kaggle/working/data/processed/fake/elevenlabs/elevenlabs_0651.wav,fake,elevenlabs,voice_clone,train
elevenlabs_0652,/kaggle/working/data/processed/fake/elevenlabs/elevenlabs_0652.wav,fake,elevenlabs,voice_clone,test_seen
elevenlabs_0653,/kaggle/working/data/processed/fake/elevenlabs/elevenlabs_0653.wav,fake,elevenlabs,voice_clone,train
elevenlabs_0654,/kaggle/working/data/processed/fake/elevenlabs/elevenlabs_0654.wav,fake,elevenlabs,voice_clone,train
elevenlabs_0655,/kaggle/working/data/processed/fake/elevenlabs/elevenlabs_0655.wav,fake,elevenlabs,voice_clone,train
elevenlabs_0656,/kaggle/working/data/processed/fake/elevenlabs/elevenlabs_0656.wav,fake,elevenlabs,voice_clone,test_seen
elevenlabs_0657,/kaggle/working/data/processed/fake/elevenlabs/elevenlabs_0657.wav,fake,elevenlabs,voice_clone,train
elevenlabs_0658,/kaggle/working/data/processed/fake/elevenlabs/elevenlabs_0658.wav,fake,elevenlabs,voice_clone,test_seen
elevenlabs_0659,/kaggle/working/data/processed/fake/elevenlabs/elevenlabs_0659.wav,fake,elevenlabs,voice_clone,test_seen
elevenlabs_0660,/kaggle/working/data/processed/fake/elevenlabs/elevenlabs_0660.wav,fake,elevenlabs,voice_clone,train
elevenlabs_0661,/kaggle/working/data/processed/fake/elevenlabs/elevenlabs_0661.wav,fake,elevenlabs,voice_clone,train
elevenlabs_0662,/kaggle/working/data/processed/fake/elevenlabs/elevenlabs_0662.wav,fake,elevenlabs,voice_clone,train
elevenlabs_0663,/kaggle/working/data/processed/fake/elevenlabs/elevenlabs_0663.wav,fake,elevenlabs,voice_clone,test_seen
elevenlabs_0664,/kaggle/working/data/processed/fake/elevenlabs/elevenlabs_0664.wav,fake,elevenlabs,voice_clone,train
elevenlabs_0665,/kaggle/working/data/processed/fake/elevenlabs/elevenlabs_0665.wav,fake,elevenlabs,voice_clone,train
elevenlabs_0666,/kaggle/working/data/processed/fake/elevenlabs/elevenlabs_0666.wav,fake,elevenlabs,voice_clone,train
elevenlabs_0667,/kaggle/working/data/processed/fake/elevenlabs/elevenlabs_0667.wav,fake,elevenlabs,voice_clone,train
elevenlabs_0668,/kaggle/working/data/processed/fake/elevenlabs/elevenlabs_0668.wav,fake,elevenlabs,voice_clone,train
elevenlabs_0669,/kaggle/working/data/processed/fake/elevenlabs/elevenlabs_0669.wav,fake,elevenlabs,voice_clone,train
elevenlabs_0670,/kaggle/working/data/processed/fake/elevenlabs/elevenlabs_0670.wav,fake,elevenlabs,voice_clone,train
elevenlabs_0671,/kaggle/working/data/processed/fake/elevenlabs/elevenlabs_0671.wav,fake,elevenlabs,voice_clone,train
elevenlabs_0672,/kaggle/working/data/processed/fake/elevenlabs/elevenlabs_0672.wav,fake,elevenlabs,voice_clone,train
elevenlabs_0673,/kaggle/working/data/processed/fake/elevenlabs/elevenlabs_0673.wav,fake,elevenlabs,voice_clone,train
elevenlabs_0674,/kaggle/working/data/processed/fake/elevenlabs/elevenlabs_0674.wav,fake,elevenlabs,voice_clone,train
elevenlabs_0675,/kaggle/working/data/processed/fake/elevenlabs/elevenlabs_0675.wav,fake,elevenlabs,voice_clone,test_seen
elevenlabs_0676,/kaggle/working/data/processed/fake/elevenlabs/elevenlabs_0676.wav,fake,elevenlabs,voice_clone,train
elevenlabs_0677,/kaggle/working/data/processed/fake/elevenlabs/elevenlabs_0677.wav,fake,elevenlabs,voice_clone,train
elevenlabs_0678,/kaggle/working/data/processed/fake/elevenlabs/elevenlabs_0678.wav,fake,elevenlabs,voice_clone,train
elevenlabs_0679,/kaggle/working/data/processed/fake/elevenlabs/elevenlabs_0679.wav,fake,elevenlabs,voice_clone,train
elevenlabs_0680,/kaggle/working/data/processed/fake/elevenlabs/elevenlabs_0680.wav,fake,elevenlabs,voice_clone,train
elevenlabs_0681,/kaggle/working/data/processed/fake/elevenlabs/elevenlabs_0681.wav,fake,elevenlabs,voice_clone,test_seen
elevenlabs_0682,/kaggle/working/data/processed/fake/elevenlabs/elevenlabs_0682.wav,fake,elevenlabs,voice_clone,train
elevenlabs_0683,/kaggle/working/data/processed/fake/elevenlabs/elevenlabs_0683.wav,fake,elevenlabs,voice_clone,test_seen
elevenlabs_0684,/kaggle/working/data/processed/fake/elevenlabs/elevenlabs_0684.wav,fake,elevenlabs,voice_clone,test_seen
elevenlabs_0685,/kaggle/working/data/processed/fake/elevenlabs/elevenlabs_0685.wav,fake,elevenlabs,voice_clone,train
elevenlabs_0686,/kaggle/working/data/processed/fake/elevenlabs/elevenlabs_0686.wav,fake,elevenlabs,voice_clone,train
elevenlabs_0687,/kaggle/working/data/processed/fake/elevenlabs/elevenlabs_0687.wav,fake,elevenlabs,voice_clone,train
elevenlabs_0688,/kaggle/working/data/processed/fake/elevenlabs/elevenlabs_0688.wav,fake,elevenlabs,voice_clone,train
elevenlabs_0689,/kaggle/working/data/processed/fake/elevenlabs/elevenlabs_0689.wav,fake,elevenlabs,voice_clone,train
elevenlabs_0690,/kaggle/working/data/processed/fake/elevenlabs/elevenlabs_0690.wav,fake,elevenlabs,voice_clone,train
elevenlabs_0691,/kaggle/working/data/processed/fake/elevenlabs/elevenlabs_0691.wav,fake,elevenlabs,voice_clone,train
elevenlabs_0692,/kaggle/working/data/processed/fake/elevenlabs/elevenlabs_0692.wav,fake,elevenlabs,voice_clone,train
elevenlabs_0693,/kaggle/working/data/processed/fake/elevenlabs/elevenlabs_0693.wav,fake,elevenlabs,voice_clone,train
elevenlabs_0694,/kaggle/working/data/processed/fake/elevenlabs/elevenlabs_0694.wav,fake,elevenlabs,voice_clone,train
elevenlabs_0695,/kaggle/working/data/processed/fake/elevenlabs/elevenlabs_0695.wav,fake,elevenlabs,voice_clone,train
elevenlabs_0696,/kaggle/working/data/processed/fake/elevenlabs/elevenlabs_0696.wav,fake,elevenlabs,voice_clone,train
elevenlabs_0697,/kaggle/working/data/processed/fake/elevenlabs/elevenlabs_0697.wav,fake,elevenlabs,voice_clone,train
elevenlabs_0698,/kaggle/working/data/processed/fake/elevenlabs/elevenlabs_0698.wav,fake,elevenlabs,voice_clone,test_seen
elevenlabs_0699,/kaggle/working/data/processed/fake/elevenlabs/elevenlabs_0699.wav,fake,elevenlabs,voice_clone,test_seen
elevenlabs_0700,/kaggle/working/data/processed/fake/elevenlabs/elevenlabs_0700.wav,fake,elevenlabs,voice_clone,train
elevenlabs_0701,/kaggle/working/data/processed/fake/elevenlabs/elevenlabs_0701.wav,fake,elevenlabs,voice_clone,train
elevenlabs_0702,/kaggle/working/data/processed/fake/elevenlabs/elevenlabs_0702.wav,fake,elevenlabs,voice_clone,test_seen
elevenlabs_0703,/kaggle/working/data/processed/fake/elevenlabs/elevenlabs_0703.wav,fake,elevenlabs,voice_clone,test_seen
elevenlabs_0704,/kaggle/working/data/processed/fake/elevenlabs/elevenlabs_0704.wav,fake,elevenlabs,voice_clone,train
elevenlabs_0705,/kaggle/working/data/processed/fake/elevenlabs/elevenlabs_0705.wav,fake,elevenlabs,voice_clone,train
elevenlabs_0706,/kaggle/working/data/processed/fake/elevenlabs/elevenlabs_0706.wav,fake,elevenlabs,voice_clone,train
elevenlabs_0707,/kaggle/working/data/processed/fake/elevenlabs/elevenlabs_0707.wav,fake,elevenlabs,voice_clone,train
elevenlabs_0708,/kaggle/working/data/processed/fake/elevenlabs/elevenlabs_0708.wav,fake,elevenlabs,voice_clone,train
elevenlabs_0709,/kaggle/working/data/processed/fake/elevenlabs/elevenlabs_0709.wav,fake,elevenlabs,voice_clone,test_seen
elevenlabs_0710,/kaggle/working/data/processed/fake/elevenlabs/elevenlabs_0710.wav,fake,elevenlabs,voice_clone,train
elevenlabs_0711,/kaggle/working/data/processed/fake/elevenlabs/elevenlabs_0711.wav,fake,elevenlabs,voice_clone,train
elevenlabs_0712,/kaggle/working/data/processed/fake/elevenlabs/elevenlabs_0712.wav,fake,elevenlabs,voice_clone,train
elevenlabs_0713,/kaggle/working/data/processed/fake/elevenlabs/elevenlabs_0713.wav,fake,elevenlabs,voice_clone,test_seen
elevenlabs_0714,/kaggle/working/data/processed/fake/elevenlabs/elevenlabs_0714.wav,fake,elevenlabs,voice_clone,train
elevenlabs_0715,/kaggle/working/data/processed/fake/elevenlabs/elevenlabs_0715.wav,fake,elevenlabs,voice_clone,train
elevenlabs_0716,/kaggle/working/data/processed/fake/elevenlabs/elevenlabs_0716.wav,fake,elevenlabs,voice_clone,train
elevenlabs_0717,/kaggle/working/data/processed/fake/elevenlabs/elevenlabs_0717.wav,fake,elevenlabs,voice_clone,test_seen
elevenlabs_0718,/kaggle/working/data/processed/fake/elevenlabs/elevenlabs_0718.wav,fake,elevenlabs,voice_clone,train
elevenlabs_0719,/kaggle/working/data/processed/fake/elevenlabs/elevenlabs_0719.wav,fake,elevenlabs,voice_clone,train
elevenlabs_0720,/kaggle/working/data/processed/fake/elevenlabs/elevenlabs_0720.wav,fake,elevenlabs,voice_clone,train
elevenlabs_0721,/kaggle/working/data/processed/fake/elevenlabs/elevenlabs_0721.wav,fake,elevenlabs,voice_clone,train
elevenlabs_0722,/kaggle/working/data/processed/fake/elevenlabs/elevenlabs_0722.wav,fake,elevenlabs,voice_clone,train
elevenlabs_0723,/kaggle/working/data/processed/fake/elevenlabs/elevenlabs_0723.wav,fake,elevenlabs,voice_clone,train
elevenlabs_0724,/kaggle/working/data/processed/fake/elevenlabs/elevenlabs_0724.wav,fake,elevenlabs,voice_clone,train
elevenlabs_0725,/kaggle/working/data/processed/fake/elevenlabs/elevenlabs_0725.wav,fake,elevenlabs,voice_clone,train
elevenlabs_0726,/kaggle/working/data/processed/fake/elevenlabs/elevenlabs_0726.wav,fake,elevenlabs,voice_clone,train
elevenlabs_0727,/kaggle/working/data/processed/fake/elevenlabs/elevenlabs_0727.wav,fake,elevenlabs,voice_clone,train
elevenlabs_0728,/kaggle/working/data/processed/fake/elevenlabs/elevenlabs_0728.wav,fake,elevenlabs,voice_clone,test_seen
elevenlabs_0729,/kaggle/working/data/processed/fake/elevenlabs/elevenlabs_0729.wav,fake,elevenlabs,voice_clone,train
elevenlabs_0730,/kaggle/working/data/processed/fake/elevenlabs/elevenlabs_0730.wav,fake,elevenlabs,voice_clone,train
elevenlabs_0731,/kaggle/working/data/processed/fake/elevenlabs/elevenlabs_0731.wav,fake,elevenlabs,voice_clone,train
elevenlabs_0732,/kaggle/working/data/processed/fake/elevenlabs/elevenlabs_0732.wav,fake,elevenlabs,voice_clone,test_seen
elevenlabs_0733,/kaggle/working/data/processed/fake/elevenlabs/elevenlabs_0733.wav,fake,elevenlabs,voice_clone,train
elevenlabs_0734,/kaggle/working/data/processed/fake/elevenlabs/elevenlabs_0734.wav,fake,elevenlabs,voice_clone,train
elevenlabs_0735,/kaggle/working/data/processed/fake/elevenlabs/elevenlabs_0735.wav,fake,elevenlabs,voice_clone,train
elevenlabs_0736,/kaggle/working/data/processed/fake/elevenlabs/elevenlabs_0736.wav,fake,elevenlabs,voice_clone,train
elevenlabs_0737,/kaggle/working/data/processed/fake/elevenlabs/elevenlabs_0737.wav,fake,elevenlabs,voice_clone,train
elevenlabs_0738,/kaggle/working/data/processed/fake/elevenlabs/elevenlabs_0738.wav,fake,elevenlabs,voice_clone,train
elevenlabs_0739,/kaggle/working/data/processed/fake/elevenlabs/elevenlabs_0739.wav,fake,elevenlabs,voice_clone,train
elevenlabs_0740,/kaggle/working/data/processed/fake/elevenlabs/elevenlabs_0740.wav,fake,elevenlabs,voice_clone,test_seen
elevenlabs_0741,/kaggle/working/data/processed/fake/elevenlabs/elevenlabs_0741.wav,fake,elevenlabs,voice_clone,train
elevenlabs_0742,/kaggle/working/data/processed/fake/elevenlabs/elevenlabs_0742.wav,fake,elevenlabs,voice_clone,train
elevenlabs_0743,/kaggle/working/data/processed/fake/elevenlabs/elevenlabs_0743.wav,fake,elevenlabs,voice_clone,train
elevenlabs_0744,/kaggle/working/data/processed/fake/elevenlabs/elevenlabs_0744.wav,fake,elevenlabs,voice_clone,train
elevenlabs_0745,/kaggle/working/data/processed/fake/elevenlabs/elevenlabs_0745.wav,fake,elevenlabs,voice_clone,train
elevenlabs_0746,/kaggle/working/data/processed/fake/elevenlabs/elevenlabs_0746.wav,fake,elevenlabs,voice_clone,train
elevenlabs_0747,/kaggle/working/data/processed/fake/elevenlabs/elevenlabs_0747.wav,fake,elevenlabs,voice_clone,test_seen
elevenlabs_0748,/kaggle/working/data/processed/fake/elevenlabs/elevenlabs_0748.wav,fake,elevenlabs,voice_clone,train
elevenlabs_0749,/kaggle/working/data/processed/fake/elevenlabs/elevenlabs_0749.wav,fake,elevenlabs,voice_clone,train
elevenlabs_0750,/kaggle/working/data/processed/fake/elevenlabs/elevenlabs_0750.wav,fake,elevenlabs,voice_clone,test_seen
elevenlabs_0751,/kaggle/working/data/processed/fake/elevenlabs/elevenlabs_0751.wav,fake,elevenlabs,voice_clone,train
elevenlabs_0752,/kaggle/working/data/processed/fake/elevenlabs/elevenlabs_0752.wav,fake,elevenlabs,voice_clone,train
elevenlabs_0753,/kaggle/working/data/processed/fake/elevenlabs/elevenlabs_0753.wav,fake,elevenlabs,voice_clone,test_seen
elevenlabs_0754,/kaggle/working/data/processed/fake/elevenlabs/elevenlabs_0754.wav,fake,elevenlabs,voice_clone,train
elevenlabs_0755,/kaggle/working/data/processed/fake/elevenlabs/elevenlabs_0755.wav,fake,elevenlabs,voice_clone,train
elevenlabs_0756,/kaggle/working/data/processed/fake/elevenlabs/elevenlabs_0756.wav,fake,elevenlabs,voice_clone,train
elevenlabs_0757,/kaggle/working/data/processed/fake/elevenlabs/elevenlabs_0757.wav,fake,elevenlabs,voice_clone,train
elevenlabs_0758,/kaggle/working/data/processed/fake/elevenlabs/elevenlabs_0758.wav,fake,elevenlabs,voice_clone,train
elevenlabs_0759,/kaggle/working/data/processed/fake/elevenlabs/elevenlabs_0759.wav,fake,elevenlabs,voice_clone,train
elevenlabs_0760,/kaggle/working/data/processed/fake/elevenlabs/elevenlabs_0760.wav,fake,elevenlabs,voice_clone,train
elevenlabs_0761,/kaggle/working/data/processed/fake/elevenlabs/elevenlabs_0761.wav,fake,elevenlabs,voice_clone,train
elevenlabs_0762,/kaggle/working/data/processed/fake/elevenlabs/elevenlabs_0762.wav,fake,elevenlabs,voice_clone,train
elevenlabs_0763,/kaggle/working/data/processed/fake/elevenlabs/elevenlabs_0763.wav,fake,elevenlabs,voice_clone,test_seen
elevenlabs_0764,/kaggle/working/data/processed/fake/elevenlabs/elevenlabs_0764.wav,fake,elevenlabs,voice_clone,train
elevenlabs_0765,/kaggle/working/data/processed/fake/elevenlabs/elevenlabs_0765.wav,fake,elevenlabs,voice_clone,train
elevenlabs_0766,/kaggle/working/data/processed/fake/elevenlabs/elevenlabs_0766.wav,fake,elevenlabs,voice_clone,test_seen
elevenlabs_0767,/kaggle/working/data/processed/fake/elevenlabs/elevenlabs_0767.wav,fake,elevenlabs,voice_clone,train
elevenlabs_0768,/kaggle/working/data/processed/fake/elevenlabs/elevenlabs_0768.wav,fake,elevenlabs,voice_clone,train
elevenlabs_0769,/kaggle/working/data/processed/fake/elevenlabs/elevenlabs_0769.wav,fake,elevenlabs,voice_clone,test_seen
elevenlabs_0770,/kaggle/working/data/processed/fake/elevenlabs/elevenlabs_0770.wav,fake,elevenlabs,voice_clone,train
elevenlabs_0771,/kaggle/working/data/processed/fake/elevenlabs/elevenlabs_0771.wav,fake,elevenlabs,voice_clone,train
elevenlabs_0772,/kaggle/working/data/processed/fake/elevenlabs/elevenlabs_0772.wav,fake,elevenlabs,voice_clone,train
elevenlabs_0773,/kaggle/working/data/processed/fake/elevenlabs/elevenlabs_0773.wav,fake,elevenlabs,voice_clone,test_seen
elevenlabs_0774,/kaggle/working/data/processed/fake/elevenlabs/elevenlabs_0774.wav,fake,elevenlabs,voice_clone,train
elevenlabs_0775,/kaggle/working/data/processed/fake/elevenlabs/elevenlabs_0775.wav,fake,elevenlabs,voice_clone,test_seen
elevenlabs_0776,/kaggle/working/data/processed/fake/elevenlabs/elevenlabs_0776.wav,fake,elevenlabs,voice_clone,train
elevenlabs_0777,/kaggle/working/data/processed/fake/elevenlabs/elevenlabs_0777.wav,fake,elevenlabs,voice_clone,train
elevenlabs_0778,/kaggle/working/data/processed/fake/elevenlabs/elevenlabs_0778.wav,fake,elevenlabs,voice_clone,train
elevenlabs_0779,/kaggle/working/data/processed/fake/elevenlabs/elevenlabs_0779.wav,fake,elevenlabs,voice_clone,test_seen
elevenlabs_0780,/kaggle/working/data/processed/fake/elevenlabs/elevenlabs_0780.wav,fake,elevenlabs,voice_clone,train
elevenlabs_0781,/kaggle/working/data/processed/fake/elevenlabs/elevenlabs_0781.wav,fake,elevenlabs,voice_clone,train
elevenlabs_0782,/kaggle/working/data/processed/fake/elevenlabs/elevenlabs_0782.wav,fake,elevenlabs,voice_clone,train
elevenlabs_0783,/kaggle/working/data/processed/fake/elevenlabs/elevenlabs_0783.wav,fake,elevenlabs,voice_clone,train
elevenlabs_0784,/kaggle/working/data/processed/fake/elevenlabs/elevenlabs_0784.wav,fake,elevenlabs,voice_clone,test_seen
elevenlabs_0785,/kaggle/working/data/processed/fake/elevenlabs/elevenlabs_0785.wav,fake,elevenlabs,voice_clone,train
elevenlabs_0786,/kaggle/working/data/processed/fake/elevenlabs/elevenlabs_0786.wav,fake,elevenlabs,voice_clone,train
elevenlabs_0787,/kaggle/working/data/processed/fake/elevenlabs/elevenlabs_0787.wav,fake,elevenlabs,voice_clone,train
elevenlabs_0788,/kaggle/working/data/processed/fake/elevenlabs/elevenlabs_0788.wav,fake,elevenlabs,voice_clone,train
elevenlabs_0789,/kaggle/working/data/processed/fake/elevenlabs/elevenlabs_0789.wav,fake,elevenlabs,voice_clone,train
elevenlabs_0790,/kaggle/working/data/processed/fake/elevenlabs/elevenlabs_0790.wav,fake,elevenlabs,voice_clone,train
elevenlabs_0791,/kaggle/working/data/processed/fake/elevenlabs/elevenlabs_0791.wav,fake,elevenlabs,voice_clone,test_seen
elevenlabs_0792,/kaggle/working/data/processed/fake/elevenlabs/elevenlabs_0792.wav,fake,elevenlabs,voice_clone,train
elevenlabs_0793,/kaggle/working/data/processed/fake/elevenlabs/elevenlabs_0793.wav,fake,elevenlabs,voice_clone,train
elevenlabs_0794,/kaggle/working/data/processed/fake/elevenlabs/elevenlabs_0794.wav,fake,elevenlabs,voice_clone,train
elevenlabs_0795,/kaggle/working/data/processed/fake/elevenlabs/elevenlabs_0795.wav,fake,elevenlabs,voice_clone,test_seen
elevenlabs_0796,/kaggle/working/data/processed/fake/elevenlabs/elevenlabs_0796.wav,fake,elevenlabs,voice_clone,train
elevenlabs_0797,/kaggle/working/data/processed/fake/elevenlabs/elevenlabs_0797.wav,fake,elevenlabs,voice_clone,test_seen
elevenlabs_0798,/kaggle/working/data/processed/fake/elevenlabs/elevenlabs_0798.wav,fake,elevenlabs,voice_clone,train
elevenlabs_0799,/kaggle/working/data/processed/fake/elevenlabs/elevenlabs_0799.wav,fake,elevenlabs,voice_clone,train
elevenlabs_0800,/kaggle/working/data/processed/fake/elevenlabs/elevenlabs_0800.wav,fake,elevenlabs,voice_clone,train
elevenlabs_0801,/kaggle/working/data/processed/fake/elevenlabs/elevenlabs_0801.wav,fake,elevenlabs,voice_clone,train
elevenlabs_0802,/kaggle/working/data/processed/fake/elevenlabs/elevenlabs_0802.wav,fake,elevenlabs,voice_clone,train
elevenlabs_0803,/kaggle/working/data/processed/fake/elevenlabs/elevenlabs_0803.wav,fake,elevenlabs,voice_clone,train
elevenlabs_0804,/kaggle/working/data/processed/fake/elevenlabs/elevenlabs_0804.wav,fake,elevenlabs,voice_clone,test_seen
elevenlabs_0805,/kaggle/working/data/processed/fake/elevenlabs/elevenlabs_0805.wav,fake,elevenlabs,voice_clone,train
elevenlabs_0806,/kaggle/working/data/processed/fake/elevenlabs/elevenlabs_0806.wav,fake,elevenlabs,voice_clone,train
elevenlabs_0807,/kaggle/working/data/processed/fake/elevenlabs/elevenlabs_0807.wav,fake,elevenlabs,voice_clone,train
elevenlabs_0808,/kaggle/working/data/processed/fake/elevenlabs/elevenlabs_0808.wav,fake,elevenlabs,voice_clone,train
elevenlabs_0809,/kaggle/working/data/processed/fake/elevenlabs/elevenlabs_0809.wav,fake,elevenlabs,voice_clone,train
elevenlabs_0810,/kaggle/working/data/processed/fake/elevenlabs/elevenlabs_0810.wav,fake,elevenlabs,voice_clone,train
elevenlabs_0811,/kaggle/working/data/processed/fake/elevenlabs/elevenlabs_0811.wav,fake,elevenlabs,voice_clone,train
elevenlabs_0812,/kaggle/working/data/processed/fake/elevenlabs/elevenlabs_0812.wav,fake,elevenlabs,voice_clone,train
elevenlabs_0813,/kaggle/working/data/processed/fake/elevenlabs/elevenlabs_0813.wav,fake,elevenlabs,voice_clone,train
elevenlabs_0814,/kaggle/working/data/processed/fake/elevenlabs/elevenlabs_0814.wav,fake,elevenlabs,voice_clone,train
elevenlabs_0815,/kaggle/working/data/processed/fake/elevenlabs/elevenlabs_0815.wav,fake,elevenlabs,voice_clone,test_seen
elevenlabs_0816,/kaggle/working/data/processed/fake/elevenlabs/elevenlabs_0816.wav,fake,elevenlabs,voice_clone,train
elevenlabs_0817,/kaggle/working/data/processed/fake/elevenlabs/elevenlabs_0817.wav,fake,elevenlabs,voice_clone,train
elevenlabs_0818,/kaggle/working/data/processed/fake/elevenlabs/elevenlabs_0818.wav,fake,elevenlabs,voice_clone,train
elevenlabs_0819,/kaggle/working/data/processed/fake/elevenlabs/elevenlabs_0819.wav,fake,elevenlabs,voice_clone,train
elevenlabs_0820,/kaggle/working/data/processed/fake/elevenlabs/elevenlabs_0820.wav,fake,elevenlabs,voice_clone,train
elevenlabs_0821,/kaggle/working/data/processed/fake/elevenlabs/elevenlabs_0821.wav,fake,elevenlabs,voice_clone,train
elevenlabs_0822,/kaggle/working/data/processed/fake/elevenlabs/elevenlabs_0822.wav,fake,elevenlabs,voice_clone,train
elevenlabs_0823,/kaggle/working/data/processed/fake/elevenlabs/elevenlabs_0823.wav,fake,elevenlabs,voice_clone,train
elevenlabs_0824,/kaggle/working/data/processed/fake/elevenlabs/elevenlabs_0824.wav,fake,elevenlabs,voice_clone,train
elevenlabs_0825,/kaggle/working/data/processed/fake/elevenlabs/elevenlabs_0825.wav,fake,elevenlabs,voice_clone,test_seen
elevenlabs_0826,/kaggle/working/data/processed/fake/elevenlabs/elevenlabs_0826.wav,fake,elevenlabs,voice_clone,train
elevenlabs_0827,/kaggle/working/data/processed/fake/elevenlabs/elevenlabs_0827.wav,fake,elevenlabs,voice_clone,train
elevenlabs_0828,/kaggle/working/data/processed/fake/elevenlabs/elevenlabs_0828.wav,fake,elevenlabs,voice_clone,test_seen
elevenlabs_0829,/kaggle/working/data/processed/fake/elevenlabs/elevenlabs_0829.wav,fake,elevenlabs,voice_clone,train
elevenlabs_0830,/kaggle/working/data/processed/fake/elevenlabs/elevenlabs_0830.wav,fake,elevenlabs,voice_clone,test_seen
elevenlabs_0831,/kaggle/working/data/processed/fake/elevenlabs/elevenlabs_0831.wav,fake,elevenlabs,voice_clone,train
elevenlabs_0832,/kaggle/working/data/processed/fake/elevenlabs/elevenlabs_0832.wav,fake,elevenlabs,voice_clone,train
elevenlabs_0833,/kaggle/working/data/processed/fake/elevenlabs/elevenlabs_0833.wav,fake,elevenlabs,voice_clone,test_seen
elevenlabs_0834,/kaggle/working/data/processed/fake/elevenlabs/elevenlabs_0834.wav,fake,elevenlabs,voice_clone,train
elevenlabs_0835,/kaggle/working/data/processed/fake/elevenlabs/elevenlabs_0835.wav,fake,elevenlabs,voice_clone,test_seen
elevenlabs_0836,/kaggle/working/data/processed/fake/elevenlabs/elevenlabs_0836.wav,fake,elevenlabs,voice_clone,train
elevenlabs_0837,/kaggle/working/data/processed/fake/elevenlabs/elevenlabs_0837.wav,fake,elevenlabs,voice_clone,test_seen
elevenlabs_0838,/kaggle/working/data/processed/fake/elevenlabs/elevenlabs_0838.wav,fake,elevenlabs,voice_clone,train
elevenlabs_0839,/kaggle/working/data/processed/fake/elevenlabs/elevenlabs_0839.wav,fake,elevenlabs,voice_clone,train
elevenlabs_0840,/kaggle/working/data/processed/fake/elevenlabs/elevenlabs_0840.wav,fake,elevenlabs,voice_clone,train
elevenlabs_0841,/kaggle/working/data/processed/fake/elevenlabs/elevenlabs_0841.wav,fake,elevenlabs,voice_clone,train
elevenlabs_0842,/kaggle/working/data/processed/fake/elevenlabs/elevenlabs_0842.wav,fake,elevenlabs,voice_clone,train
elevenlabs_0843,/kaggle/working/data/processed/fake/elevenlabs/elevenlabs_0843.wav,fake,elevenlabs,voice_clone,train
elevenlabs_0844,/kaggle/working/data/processed/fake/elevenlabs/elevenlabs_0844.wav,fake,elevenlabs,voice_clone,train
elevenlabs_0845,/kaggle/working/data/processed/fake/elevenlabs/elevenlabs_0845.wav,fake,elevenlabs,voice_clone,train
elevenlabs_0846,/kaggle/working/data/processed/fake/elevenlabs/elevenlabs_0846.wav,fake,elevenlabs,voice_clone,train
elevenlabs_0847,/kaggle/working/data/processed/fake/elevenlabs/elevenlabs_0847.wav,fake,elevenlabs,voice_clone,train
elevenlabs_0848,/kaggle/working/data/processed/fake/elevenlabs/elevenlabs_0848.wav,fake,elevenlabs,voice_clone,train
elevenlabs_0849,/kaggle/working/data/processed/fake/elevenlabs/elevenlabs_0849.wav,fake,elevenlabs,voice_clone,train
elevenlabs_0850,/kaggle/working/data/processed/fake/elevenlabs/elevenlabs_0850.wav,fake,elevenlabs,voice_clone,test_seen
elevenlabs_0851,/kaggle/working/data/processed/fake/elevenlabs/elevenlabs_0851.wav,fake,elevenlabs,voice_clone,test_seen
elevenlabs_0852,/kaggle/working/data/processed/fake/elevenlabs/elevenlabs_0852.wav,fake,elevenlabs,voice_clone,train
elevenlabs_0853,/kaggle/working/data/processed/fake/elevenlabs/elevenlabs_0853.wav,fake,elevenlabs,voice_clone,test_seen
elevenlabs_0854,/kaggle/working/data/processed/fake/elevenlabs/elevenlabs_0854.wav,fake,elevenlabs,voice_clone,test_seen
elevenlabs_0855,/kaggle/working/data/processed/fake/elevenlabs/elevenlabs_0855.wav,fake,elevenlabs,voice_clone,train
elevenlabs_0856,/kaggle/working/data/processed/fake/elevenlabs/elevenlabs_0856.wav,fake,elevenlabs,voice_clone,train
elevenlabs_0857,/kaggle/working/data/processed/fake/elevenlabs/elevenlabs_0857.wav,fake,elevenlabs,voice_clone,train
elevenlabs_0858,/kaggle/working/data/processed/fake/elevenlabs/elevenlabs_0858.wav,fake,elevenlabs,voice_clone,train
elevenlabs_0859,/kaggle/working/data/processed/fake/elevenlabs/elevenlabs_0859.wav,fake,elevenlabs,voice_clone,train
elevenlabs_0860,/kaggle/working/data/processed/fake/elevenlabs/elevenlabs_0860.wav,fake,elevenlabs,voice_clone,test_seen
elevenlabs_0861,/kaggle/working/data/processed/fake/elevenlabs/elevenlabs_0861.wav,fake,elevenlabs,voice_clone,train
elevenlabs_0862,/kaggle/working/data/processed/fake/elevenlabs/elevenlabs_0862.wav,fake,elevenlabs,voice_clone,train
elevenlabs_0863,/kaggle/working/data/processed/fake/elevenlabs/elevenlabs_0863.wav,fake,elevenlabs,voice_clone,test_seen
elevenlabs_0864,/kaggle/working/data/processed/fake/elevenlabs/elevenlabs_0864.wav,fake,elevenlabs,voice_clone,train
elevenlabs_0865,/kaggle/working/data/processed/fake/elevenlabs/elevenlabs_0865.wav,fake,elevenlabs,voice_clone,train
elevenlabs_0866,/kaggle/working/data/processed/fake/elevenlabs/elevenlabs_0866.wav,fake,elevenlabs,voice_clone,train
elevenlabs_0867,/kaggle/working/data/processed/fake/elevenlabs/elevenlabs_0867.wav,fake,elevenlabs,voice_clone,train
elevenlabs_0868,/kaggle/working/data/processed/fake/elevenlabs/elevenlabs_0868.wav,fake,elevenlabs,voice_clone,train
elevenlabs_0869,/kaggle/working/data/processed/fake/elevenlabs/elevenlabs_0869.wav,fake,elevenlabs,voice_clone,train
elevenlabs_0870,/kaggle/working/data/processed/fake/elevenlabs/elevenlabs_0870.wav,fake,elevenlabs,voice_clone,test_seen
elevenlabs_0871,/kaggle/working/data/processed/fake/elevenlabs/elevenlabs_0871.wav,fake,elevenlabs,voice_clone,train
elevenlabs_0872,/kaggle/working/data/processed/fake/elevenlabs/elevenlabs_0872.wav,fake,elevenlabs,voice_clone,test_seen
elevenlabs_0873,/kaggle/working/data/processed/fake/elevenlabs/elevenlabs_0873.wav,fake,elevenlabs,voice_clone,train
elevenlabs_0874,/kaggle/working/data/processed/fake/elevenlabs/elevenlabs_0874.wav,fake,elevenlabs,voice_clone,train
elevenlabs_0875,/kaggle/working/data/processed/fake/elevenlabs/elevenlabs_0875.wav,fake,elevenlabs,voice_clone,train
elevenlabs_0876,/kaggle/working/data/processed/fake/elevenlabs/elevenlabs_0876.wav,fake,elevenlabs,voice_clone,test_seen
elevenlabs_0877,/kaggle/working/data/processed/fake/elevenlabs/elevenlabs_0877.wav,fake,elevenlabs,voice_clone,test_seen
elevenlabs_0878,/kaggle/working/data/processed/fake/elevenlabs/elevenlabs_0878.wav,fake,elevenlabs,voice_clone,test_seen
elevenlabs_0879,/kaggle/working/data/processed/fake/elevenlabs/elevenlabs_0879.wav,fake,elevenlabs,voice_clone,train
elevenlabs_0880,/kaggle/working/data/processed/fake/elevenlabs/elevenlabs_0880.wav,fake,elevenlabs,voice_clone,test_seen
elevenlabs_0881,/kaggle/working/data/processed/fake/elevenlabs/elevenlabs_0881.wav,fake,elevenlabs,voice_clone,train
elevenlabs_0882,/kaggle/working/data/processed/fake/elevenlabs/elevenlabs_0882.wav,fake,elevenlabs,voice_clone,train
elevenlabs_0883,/kaggle/working/data/processed/fake/elevenlabs/elevenlabs_0883.wav,fake,elevenlabs,voice_clone,train
elevenlabs_0884,/kaggle/working/data/processed/fake/elevenlabs/elevenlabs_0884.wav,fake,elevenlabs,voice_clone,test_seen
elevenlabs_0885,/kaggle/working/data/processed/fake/elevenlabs/elevenlabs_0885.wav,fake,elevenlabs,voice_clone,train
elevenlabs_0886,/kaggle/working/data/processed/fake/elevenlabs/elevenlabs_0886.wav,fake,elevenlabs,voice_clone,train
elevenlabs_0887,/kaggle/working/data/processed/fake/elevenlabs/elevenlabs_0887.wav,fake,elevenlabs,voice_clone,train
elevenlabs_0888,/kaggle/working/data/processed/fake/elevenlabs/elevenlabs_0888.wav,fake,elevenlabs,voice_clone,train
elevenlabs_0889,/kaggle/working/data/processed/fake/elevenlabs/elevenlabs_0889.wav,fake,elevenlabs,voice_clone,train
elevenlabs_0890,/kaggle/working/data/processed/fake/elevenlabs/elevenlabs_0890.wav,fake,elevenlabs,voice_clone,train
elevenlabs_0891,/kaggle/working/data/processed/fake/elevenlabs/elevenlabs_0891.wav,fake,elevenlabs,voice_clone,train
elevenlabs_0892,/kaggle/working/data/processed/fake/elevenlabs/elevenlabs_0892.wav,fake,elevenlabs,voice_clone,train
elevenlabs_0893,/kaggle/working/data/processed/fake/elevenlabs/elevenlabs_0893.wav,fake,elevenlabs,voice_clone,train
elevenlabs_0894,/kaggle/working/data/processed/fake/elevenlabs/elevenlabs_0894.wav,fake,elevenlabs,voice_clone,test_seen
elevenlabs_0895,/kaggle/working/data/processed/fake/elevenlabs/elevenlabs_0895.wav,fake,elevenlabs,voice_clone,test_seen
elevenlabs_0896,/kaggle/working/data/processed/fake/elevenlabs/elevenlabs_0896.wav,fake,elevenlabs,voice_clone,test_seen
elevenlabs_0897,/kaggle/working/data/processed/fake/elevenlabs/elevenlabs_0897.wav,fake,elevenlabs,voice_clone,train
elevenlabs_0898,/kaggle/working/data/processed/fake/elevenlabs/elevenlabs_0898.wav,fake,elevenlabs,voice_clone,train
elevenlabs_0899,/kaggle/working/data/processed/fake/elevenlabs/elevenlabs_0899.wav,fake,elevenlabs,voice_clone,train
elevenlabs_0900,/kaggle/working/data/processed/fake/elevenlabs/elevenlabs_0900.wav,fake,elevenlabs,voice_clone,train
elevenlabs_0901,/kaggle/working/data/processed/fake/elevenlabs/elevenlabs_0901.wav,fake,elevenlabs,voice_clone,train
elevenlabs_0902,/kaggle/working/data/processed/fake/elevenlabs/elevenlabs_0902.wav,fake,elevenlabs,voice_clone,train
elevenlabs_0903,/kaggle/working/data/processed/fake/elevenlabs/elevenlabs_0903.wav,fake,elevenlabs,voice_clone,train
elevenlabs_0904,/kaggle/working/data/processed/fake/elevenlabs/elevenlabs_0904.wav,fake,elevenlabs,voice_clone,train
elevenlabs_0905,/kaggle/working/data/processed/fake/elevenlabs/elevenlabs_0905.wav,fake,elevenlabs,voice_clone,train
elevenlabs_0906,/kaggle/working/data/processed/fake/elevenlabs/elevenlabs_0906.wav,fake,elevenlabs,voice_clone,train
elevenlabs_0907,/kaggle/working/data/processed/fake/elevenlabs/elevenlabs_0907.wav,fake,elevenlabs,voice_clone,train
elevenlabs_0908,/kaggle/working/data/processed/fake/elevenlabs/elevenlabs_0908.wav,fake,elevenlabs,voice_clone,train
elevenlabs_0909,/kaggle/working/data/processed/fake/elevenlabs/elevenlabs_0909.wav,fake,elevenlabs,voice_clone,train
elevenlabs_0910,/kaggle/working/data/processed/fake/elevenlabs/elevenlabs_0910.wav,fake,elevenlabs,voice_clone,train
elevenlabs_0911,/kaggle/working/data/processed/fake/elevenlabs/elevenlabs_0911.wav,fake,elevenlabs,voice_clone,train
elevenlabs_0912,/kaggle/working/data/processed/fake/elevenlabs/elevenlabs_0912.wav,fake,elevenlabs,voice_clone,train
elevenlabs_0913,/kaggle/working/data/processed/fake/elevenlabs/elevenlabs_0913.wav,fake,elevenlabs,voice_clone,train
elevenlabs_0914,/kaggle/working/data/processed/fake/elevenlabs/elevenlabs_0914.wav,fake,elevenlabs,voice_clone,train
elevenlabs_0915,/kaggle/working/data/processed/fake/elevenlabs/elevenlabs_0915.wav,fake,elevenlabs,voice_clone,train
elevenlabs_0916,/kaggle/working/data/processed/fake/elevenlabs/elevenlabs_0916.wav,fake,elevenlabs,voice_clone,train
elevenlabs_0917,/kaggle/working/data/processed/fake/elevenlabs/elevenlabs_0917.wav,fake,elevenlabs,voice_clone,train
elevenlabs_0918,/kaggle/working/data/processed/fake/elevenlabs/elevenlabs_0918.wav,fake,elevenlabs,voice_clone,train
elevenlabs_0919,/kaggle/working/data/processed/fake/elevenlabs/elevenlabs_0919.wav,fake,elevenlabs,voice_clone,train
elevenlabs_0920,/kaggle/working/data/processed/fake/elevenlabs/elevenlabs_0920.wav,fake,elevenlabs,voice_clone,test_seen
elevenlabs_0921,/kaggle/working/data/processed/fake/elevenlabs/elevenlabs_0921.wav,fake,elevenlabs,voice_clone,train
elevenlabs_0922,/kaggle/working/data/processed/fake/elevenlabs/elevenlabs_0922.wav,fake,elevenlabs,voice_clone,train
elevenlabs_0923,/kaggle/working/data/processed/fake/elevenlabs/elevenlabs_0923.wav,fake,elevenlabs,voice_clone,train
elevenlabs_0924,/kaggle/working/data/processed/fake/elevenlabs/elevenlabs_0924.wav,fake,elevenlabs,voice_clone,train
elevenlabs_0925,/kaggle/working/data/processed/fake/elevenlabs/elevenlabs_0925.wav,fake,elevenlabs,voice_clone,train
elevenlabs_0926,/kaggle/working/data/processed/fake/elevenlabs/elevenlabs_0926.wav,fake,elevenlabs,voice_clone,train
elevenlabs_0927,/kaggle/working/data/processed/fake/elevenlabs/elevenlabs_0927.wav,fake,elevenlabs,voice_clone,train
elevenlabs_0928,/kaggle/working/data/processed/fake/elevenlabs/elevenlabs_0928.wav,fake,elevenlabs,voice_clone,train
elevenlabs_0929,/kaggle/working/data/processed/fake/elevenlabs/elevenlabs_0929.wav,fake,elevenlabs,voice_clone,train
elevenlabs_0930,/kaggle/working/data/processed/fake/elevenlabs/elevenlabs_0930.wav,fake,elevenlabs,voice_clone,train
elevenlabs_0931,/kaggle/working/data/processed/fake/elevenlabs/elevenlabs_0931.wav,fake,elevenlabs,voice_clone,train
elevenlabs_0932,/kaggle/working/data/processed/fake/elevenlabs/elevenlabs_0932.wav,fake,elevenlabs,voice_clone,train
elevenlabs_0933,/kaggle/working/data/processed/fake/elevenlabs/elevenlabs_0933.wav,fake,elevenlabs,voice_clone,train
elevenlabs_0934,/kaggle/working/data/processed/fake/elevenlabs/elevenlabs_0934.wav,fake,elevenlabs,voice_clone,train
elevenlabs_0935,/kaggle/working/data/processed/fake/elevenlabs/elevenlabs_0935.wav,fake,elevenlabs,voice_clone,train
elevenlabs_0936,/kaggle/working/data/processed/fake/elevenlabs/elevenlabs_0936.wav,fake,elevenlabs,voice_clone,train
elevenlabs_0937,/kaggle/working/data/processed/fake/elevenlabs/elevenlabs_0937.wav,fake,elevenlabs,voice_clone,train
elevenlabs_0938,/kaggle/working/data/processed/fake/elevenlabs/elevenlabs_0938.wav,fake,elevenlabs,voice_clone,train
elevenlabs_0939,/kaggle/working/data/processed/fake/elevenlabs/elevenlabs_0939.wav,fake,elevenlabs,voice_clone,train
elevenlabs_0940,/kaggle/working/data/processed/fake/elevenlabs/elevenlabs_0940.wav,fake,elevenlabs,voice_clone,train
elevenlabs_0941,/kaggle/working/data/processed/fake/elevenlabs/elevenlabs_0941.wav,fake,elevenlabs,voice_clone,train
elevenlabs_0942,/kaggle/working/data/processed/fake/elevenlabs/elevenlabs_0942.wav,fake,elevenlabs,voice_clone,train
elevenlabs_0943,/kaggle/working/data/processed/fake/elevenlabs/elevenlabs_0943.wav,fake,elevenlabs,voice_clone,train
elevenlabs_0944,/kaggle/working/data/processed/fake/elevenlabs/elevenlabs_0944.wav,fake,elevenlabs,voice_clone,train
elevenlabs_0945,/kaggle/working/data/processed/fake/elevenlabs/elevenlabs_0945.wav,fake,elevenlabs,voice_clone,train
elevenlabs_0946,/kaggle/working/data/processed/fake/elevenlabs/elevenlabs_0946.wav,fake,elevenlabs,voice_clone,train
elevenlabs_0947,/kaggle/working/data/processed/fake/elevenlabs/elevenlabs_0947.wav,fake,elevenlabs,voice_clone,train
elevenlabs_0948,/kaggle/working/data/processed/fake/elevenlabs/elevenlabs_0948.wav,fake,elevenlabs,voice_clone,train
elevenlabs_0949,/kaggle/working/data/processed/fake/elevenlabs/elevenlabs_0949.wav,fake,elevenlabs,voice_clone,train
elevenlabs_0950,/kaggle/working/data/processed/fake/elevenlabs/elevenlabs_0950.wav,fake,elevenlabs,voice_clone,train
elevenlabs_0951,/kaggle/working/data/processed/fake/elevenlabs/elevenlabs_0951.wav,fake,elevenlabs,voice_clone,train
elevenlabs_0952,/kaggle/working/data/processed/fake/elevenlabs/elevenlabs_0952.wav,fake,elevenlabs,voice_clone,train
elevenlabs_0953,/kaggle/working/data/processed/fake/elevenlabs/elevenlabs_0953.wav,fake,elevenlabs,voice_clone,test_seen
elevenlabs_0954,/kaggle/working/data/processed/fake/elevenlabs/elevenlabs_0954.wav,fake,elevenlabs,voice_clone,test_seen
elevenlabs_0955,/kaggle/working/data/processed/fake/elevenlabs/elevenlabs_0955.wav,fake,elevenlabs,voice_clone,test_seen
elevenlabs_0956,/kaggle/working/data/processed/fake/elevenlabs/elevenlabs_0956.wav,fake,elevenlabs,voice_clone,test_seen
elevenlabs_0957,/kaggle/working/data/processed/fake/elevenlabs/elevenlabs_0957.wav,fake,elevenlabs,voice_clone,test_seen
elevenlabs_0958,/kaggle/working/data/processed/fake/elevenlabs/elevenlabs_0958.wav,fake,elevenlabs,voice_clone,train
elevenlabs_0959,/kaggle/working/data/processed/fake/elevenlabs/elevenlabs_0959.wav,fake,elevenlabs,voice_clone,test_seen
elevenlabs_0960,/kaggle/working/data/processed/fake/elevenlabs/elevenlabs_0960.wav,fake,elevenlabs,voice_clone,test_seen
elevenlabs_0961,/kaggle/working/data/processed/fake/elevenlabs/elevenlabs_0961.wav,fake,elevenlabs,voice_clone,train
elevenlabs_0962,/kaggle/working/data/processed/fake/elevenlabs/elevenlabs_0962.wav,fake,elevenlabs,voice_clone,train
elevenlabs_0963,/kaggle/working/data/processed/fake/elevenlabs/elevenlabs_0963.wav,fake,elevenlabs,voice_clone,train
elevenlabs_0964,/kaggle/working/data/processed/fake/elevenlabs/elevenlabs_0964.wav,fake,elevenlabs,voice_clone,train
elevenlabs_0965,/kaggle/working/data/processed/fake/elevenlabs/elevenlabs_0965.wav,fake,elevenlabs,voice_clone,train
elevenlabs_0966,/kaggle/working/data/processed/fake/elevenlabs/elevenlabs_0966.wav,fake,elevenlabs,voice_clone,train
elevenlabs_0967,/kaggle/working/data/processed/fake/elevenlabs/elevenlabs_0967.wav,fake,elevenlabs,voice_clone,train
elevenlabs_0968,/kaggle/working/data/processed/fake/elevenlabs/elevenlabs_0968.wav,fake,elevenlabs,voice_clone,train
elevenlabs_0969,/kaggle/working/data/processed/fake/elevenlabs/elevenlabs_0969.wav,fake,elevenlabs,voice_clone,train
elevenlabs_0970,/kaggle/working/data/processed/fake/elevenlabs/elevenlabs_0970.wav,fake,elevenlabs,voice_clone,train
elevenlabs_0971,/kaggle/working/data/processed/fake/elevenlabs/elevenlabs_0971.wav,fake,elevenlabs,voice_clone,test_seen
elevenlabs_0972,/kaggle/working/data/processed/fake/elevenlabs/elevenlabs_0972.wav,fake,elevenlabs,voice_clone,test_seen
elevenlabs_0973,/kaggle/working/data/processed/fake/elevenlabs/elevenlabs_0973.wav,fake,elevenlabs,voice_clone,train
elevenlabs_0974,/kaggle/working/data/processed/fake/elevenlabs/elevenlabs_0974.wav,fake,elevenlabs,voice_clone,train
elevenlabs_0975,/kaggle/working/data/processed/fake/elevenlabs/elevenlabs_0975.wav,fake,elevenlabs,voice_clone,test_seen
elevenlabs_0976,/kaggle/working/data/processed/fake/elevenlabs/elevenlabs_0976.wav,fake,elevenlabs,voice_clone,train
elevenlabs_0977,/kaggle/working/data/processed/fake/elevenlabs/elevenlabs_0977.wav,fake,elevenlabs,voice_clone,test_seen
elevenlabs_0978,/kaggle/working/data/processed/fake/elevenlabs/elevenlabs_0978.wav,fake,elevenlabs,voice_clone,train
elevenlabs_0979,/kaggle/working/data/processed/fake/elevenlabs/elevenlabs_0979.wav,fake,elevenlabs,voice_clone,train
elevenlabs_0980,/kaggle/working/data/processed/fake/elevenlabs/elevenlabs_0980.wav,fake,elevenlabs,voice_clone,test_seen
elevenlabs_0981,/kaggle/working/data/processed/fake/elevenlabs/elevenlabs_0981.wav,fake,elevenlabs,voice_clone,train
elevenlabs_0982,/kaggle/working/data/processed/fake/elevenlabs/elevenlabs_0982.wav,fake,elevenlabs,voice_clone,train
elevenlabs_0983,/kaggle/working/data/processed/fake/elevenlabs/elevenlabs_0983.wav,fake,elevenlabs,voice_clone,train
elevenlabs_0984,/kaggle/working/data/processed/fake/elevenlabs/elevenlabs_0984.wav,fake,elevenlabs,voice_clone,train
elevenlabs_0985,/kaggle/working/data/processed/fake/elevenlabs/elevenlabs_0985.wav,fake,elevenlabs,voice_clone,train
elevenlabs_0986,/kaggle/working/data/processed/fake/elevenlabs/elevenlabs_0986.wav,fake,elevenlabs,voice_clone,train
elevenlabs_0987,/kaggle/working/data/processed/fake/elevenlabs/elevenlabs_0987.wav,fake,elevenlabs,voice_clone,train
elevenlabs_0988,/kaggle/working/data/processed/fake/elevenlabs/elevenlabs_0988.wav,fake,elevenlabs,voice_clone,train
elevenlabs_0989,/kaggle/working/data/processed/fake/elevenlabs/elevenlabs_0989.wav,fake,elevenlabs,voice_clone,train
elevenlabs_0990,/kaggle/working/data/processed/fake/elevenlabs/elevenlabs_0990.wav,fake,elevenlabs,voice_clone,train
elevenlabs_0991,/kaggle/working/data/processed/fake/elevenlabs/elevenlabs_0991.wav,fake,elevenlabs,voice_clone,test_seen
elevenlabs_0992,/kaggle/working/data/processed/fake/elevenlabs/elevenlabs_0992.wav,fake,elevenlabs,voice_clone,test_seen
elevenlabs_0993,/kaggle/working/data/processed/fake/elevenlabs/elevenlabs_0993.wav,fake,elevenlabs,voice_clone,train
elevenlabs_0994,/kaggle/working/data/processed/fake/elevenlabs/elevenlabs_0994.wav,fake,elevenlabs,voice_clone,train
elevenlabs_0995,/kaggle/working/data/processed/fake/elevenlabs/elevenlabs_0995.wav,fake,elevenlabs,voice_clone,test_seen
elevenlabs_0996,/kaggle/working/data/processed/fake/elevenlabs/elevenlabs_0996.wav,fake,elevenlabs,voice_clone,test_seen
elevenlabs_0997,/kaggle/working/data/processed/fake/elevenlabs/elevenlabs_0997.wav,fake,elevenlabs,voice_clone,train
elevenlabs_0998,/kaggle/working/data/processed/fake/elevenlabs/elevenlabs_0998.wav,fake,elevenlabs,voice_clone,train
elevenlabs_0999,/kaggle/working/data/processed/fake/elevenlabs/elevenlabs_0999.wav,fake,elevenlabs,voice_clone,train
elevenlabs_1000,/kaggle/working/data/processed/fake/elevenlabs/elevenlabs_1000.wav,fake,elevenlabs,voice_clone,train
elevenlabs_1001,/kaggle/working/data/processed/fake/elevenlabs/elevenlabs_1001.wav,fake,elevenlabs,voice_clone,train
elevenlabs_1002,/kaggle/working/data/processed/fake/elevenlabs/elevenlabs_1002.wav,fake,elevenlabs,voice_clone,train
elevenlabs_1003,/kaggle/working/data/processed/fake/elevenlabs/elevenlabs_1003.wav,fake,elevenlabs,voice_clone,train
elevenlabs_1004,/kaggle/working/data/processed/fake/elevenlabs/elevenlabs_1004.wav,fake,elevenlabs,voice_clone,train
elevenlabs_1005,/kaggle/working/data/processed/fake/elevenlabs/elevenlabs_1005.wav,fake,elevenlabs,voice_clone,train
elevenlabs_1006,/kaggle/working/data/processed/fake/elevenlabs/elevenlabs_1006.wav,fake,elevenlabs,voice_clone,train
elevenlabs_1007,/kaggle/working/data/processed/fake/elevenlabs/elevenlabs_1007.wav,fake,elevenlabs,voice_clone,train
elevenlabs_1008,/kaggle/working/data/processed/fake/elevenlabs/elevenlabs_1008.wav,fake,elevenlabs,voice_clone,test_seen
elevenlabs_1009,/kaggle/working/data/processed/fake/elevenlabs/elevenlabs_1009.wav,fake,elevenlabs,voice_clone,train
elevenlabs_1010,/kaggle/working/data/processed/fake/elevenlabs/elevenlabs_1010.wav,fake,elevenlabs,voice_clone,train
elevenlabs_1011,/kaggle/working/data/processed/fake/elevenlabs/elevenlabs_1011.wav,fake,elevenlabs,voice_clone,train
elevenlabs_1012,/kaggle/working/data/processed/fake/elevenlabs/elevenlabs_1012.wav,fake,elevenlabs,voice_clone,test_seen
elevenlabs_1013,/kaggle/working/data/processed/fake/elevenlabs/elevenlabs_1013.wav,fake,elevenlabs,voice_clone,train
elevenlabs_1014,/kaggle/working/data/processed/fake/elevenlabs/elevenlabs_1014.wav,fake,elevenlabs,voice_clone,train
elevenlabs_1015,/kaggle/working/data/processed/fake/elevenlabs/elevenlabs_1015.wav,fake,elevenlabs,voice_clone,test_seen
elevenlabs_1016,/kaggle/working/data/processed/fake/elevenlabs/elevenlabs_1016.wav,fake,elevenlabs,voice_clone,test_seen
elevenlabs_1017,/kaggle/working/data/processed/fake/elevenlabs/elevenlabs_1017.wav,fake,elevenlabs,voice_clone,train
elevenlabs_1018,/kaggle/working/data/processed/fake/elevenlabs/elevenlabs_1018.wav,fake,elevenlabs,voice_clone,train
elevenlabs_1019,/kaggle/working/data/processed/fake/elevenlabs/elevenlabs_1019.wav,fake,elevenlabs,voice_clone,train
elevenlabs_1020,/kaggle/working/data/processed/fake/elevenlabs/elevenlabs_1020.wav,fake,elevenlabs,voice_clone,test_seen
elevenlabs_1021,/kaggle/working/data/processed/fake/elevenlabs/elevenlabs_1021.wav,fake,elevenlabs,voice_clone,test_seen
elevenlabs_1022,/kaggle/working/data/processed/fake/elevenlabs/elevenlabs_1022.wav,fake,elevenlabs,voice_clone,train
elevenlabs_1023,/kaggle/working/data/processed/fake/elevenlabs/elevenlabs_1023.wav,fake,elevenlabs,voice_clone,train
elevenlabs_1024,/kaggle/working/data/processed/fake/elevenlabs/elevenlabs_1024.wav,fake,elevenlabs,voice_clone,train
elevenlabs_1025,/kaggle/working/data/processed/fake/elevenlabs/elevenlabs_1025.wav,fake,elevenlabs,voice_clone,train
elevenlabs_1026,/kaggle/working/data/processed/fake/elevenlabs/elevenlabs_1026.wav,fake,elevenlabs,voice_clone,train
elevenlabs_1027,/kaggle/working/data/processed/fake/elevenlabs/elevenlabs_1027.wav,fake,elevenlabs,voice_clone,train
elevenlabs_1028,/kaggle/working/data/processed/fake/elevenlabs/elevenlabs_1028.wav,fake,elevenlabs,voice_clone,test_seen
elevenlabs_1029,/kaggle/working/data/processed/fake/elevenlabs/elevenlabs_1029.wav,fake,elevenlabs,voice_clone,train
elevenlabs_1030,/kaggle/working/data/processed/fake/elevenlabs/elevenlabs_1030.wav,fake,elevenlabs,voice_clone,train
elevenlabs_1031,/kaggle/working/data/processed/fake/elevenlabs/elevenlabs_1031.wav,fake,elevenlabs,voice_clone,train
elevenlabs_1032,/kaggle/working/data/processed/fake/elevenlabs/elevenlabs_1032.wav,fake,elevenlabs,voice_clone,train
elevenlabs_1033,/kaggle/working/data/processed/fake/elevenlabs/elevenlabs_1033.wav,fake,elevenlabs,voice_clone,train
elevenlabs_1034,/kaggle/working/data/processed/fake/elevenlabs/elevenlabs_1034.wav,fake,elevenlabs,voice_clone,train
elevenlabs_1035,/kaggle/working/data/processed/fake/elevenlabs/elevenlabs_1035.wav,fake,elevenlabs,voice_clone,train
elevenlabs_1036,/kaggle/working/data/processed/fake/elevenlabs/elevenlabs_1036.wav,fake,elevenlabs,voice_clone,train
elevenlabs_1037,/kaggle/working/data/processed/fake/elevenlabs/elevenlabs_1037.wav,fake,elevenlabs,voice_clone,train
elevenlabs_1038,/kaggle/working/data/processed/fake/elevenlabs/elevenlabs_1038.wav,fake,elevenlabs,voice_clone,test_seen
elevenlabs_1039,/kaggle/working/data/processed/fake/elevenlabs/elevenlabs_1039.wav,fake,elevenlabs,voice_clone,train
elevenlabs_1040,/kaggle/working/data/processed/fake/elevenlabs/elevenlabs_1040.wav,fake,elevenlabs,voice_clone,train
elevenlabs_1041,/kaggle/working/data/processed/fake/elevenlabs/elevenlabs_1041.wav,fake,elevenlabs,voice_clone,train
elevenlabs_1042,/kaggle/working/data/processed/fake/elevenlabs/elevenlabs_1042.wav,fake,elevenlabs,voice_clone,train
elevenlabs_1043,/kaggle/working/data/processed/fake/elevenlabs/elevenlabs_1043.wav,fake,elevenlabs,voice_clone,train
elevenlabs_1044,/kaggle/working/data/processed/fake/elevenlabs/elevenlabs_1044.wav,fake,elevenlabs,voice_clone,train
elevenlabs_1045,/kaggle/working/data/processed/fake/elevenlabs/elevenlabs_1045.wav,fake,elevenlabs,voice_clone,test_seen
elevenlabs_1046,/kaggle/working/data/processed/fake/elevenlabs/elevenlabs_1046.wav,fake,elevenlabs,voice_clone,train
elevenlabs_1047,/kaggle/working/data/processed/fake/elevenlabs/elevenlabs_1047.wav,fake,elevenlabs,voice_clone,train
elevenlabs_1048,/kaggle/working/data/processed/fake/elevenlabs/elevenlabs_1048.wav,fake,elevenlabs,voice_clone,train
elevenlabs_1049,/kaggle/working/data/processed/fake/elevenlabs/elevenlabs_1049.wav,fake,elevenlabs,voice_clone,train
elevenlabs_1050,/kaggle/working/data/processed/fake/elevenlabs/elevenlabs_1050.wav,fake,elevenlabs,voice_clone,train
elevenlabs_1051,/kaggle/working/data/processed/fake/elevenlabs/elevenlabs_1051.wav,fake,elevenlabs,voice_clone,test_seen
elevenlabs_1052,/kaggle/working/data/processed/fake/elevenlabs/elevenlabs_1052.wav,fake,elevenlabs,voice_clone,train
elevenlabs_1053,/kaggle/working/data/processed/fake/elevenlabs/elevenlabs_1053.wav,fake,elevenlabs,voice_clone,train
elevenlabs_1054,/kaggle/working/data/processed/fake/elevenlabs/elevenlabs_1054.wav,fake,elevenlabs,voice_clone,train
elevenlabs_1055,/kaggle/working/data/processed/fake/elevenlabs/elevenlabs_1055.wav,fake,elevenlabs,voice_clone,train
elevenlabs_1056,/kaggle/working/data/processed/fake/elevenlabs/elevenlabs_1056.wav,fake,elevenlabs,voice_clone,train
elevenlabs_1057,/kaggle/working/data/processed/fake/elevenlabs/elevenlabs_1057.wav,fake,elevenlabs,voice_clone,train
elevenlabs_1058,/kaggle/working/data/processed/fake/elevenlabs/elevenlabs_1058.wav,fake,elevenlabs,voice_clone,train
elevenlabs_1059,/kaggle/working/data/processed/fake/elevenlabs/elevenlabs_1059.wav,fake,elevenlabs,voice_clone,test_seen
elevenlabs_1060,/kaggle/working/data/processed/fake/elevenlabs/elevenlabs_1060.wav,fake,elevenlabs,voice_clone,test_seen
elevenlabs_1061,/kaggle/working/data/processed/fake/elevenlabs/elevenlabs_1061.wav,fake,elevenlabs,voice_clone,train
elevenlabs_1062,/kaggle/working/data/processed/fake/elevenlabs/elevenlabs_1062.wav,fake,elevenlabs,voice_clone,test_seen
elevenlabs_1063,/kaggle/working/data/processed/fake/elevenlabs/elevenlabs_1063.wav,fake,elevenlabs,voice_clone,train
elevenlabs_1064,/kaggle/working/data/processed/fake/elevenlabs/elevenlabs_1064.wav,fake,elevenlabs,voice_clone,train
elevenlabs_1065,/kaggle/working/data/processed/fake/elevenlabs/elevenlabs_1065.wav,fake,elevenlabs,voice_clone,test_seen
elevenlabs_1066,/kaggle/working/data/processed/fake/elevenlabs/elevenlabs_1066.wav,fake,elevenlabs,voice_clone,test_seen
elevenlabs_1067,/kaggle/working/data/processed/fake/elevenlabs/elevenlabs_1067.wav,fake,elevenlabs,voice_clone,train
elevenlabs_1068,/kaggle/working/data/processed/fake/elevenlabs/elevenlabs_1068.wav,fake,elevenlabs,voice_clone,train
elevenlabs_1069,/kaggle/working/data/processed/fake/elevenlabs/elevenlabs_1069.wav,fake,elevenlabs,voice_clone,test_seen
elevenlabs_1070,/kaggle/working/data/processed/fake/elevenlabs/elevenlabs_1070.wav,fake,elevenlabs,voice_clone,train
elevenlabs_1071,/kaggle/working/data/processed/fake/elevenlabs/elevenlabs_1071.wav,fake,elevenlabs,voice_clone,train
elevenlabs_1072,/kaggle/working/data/processed/fake/elevenlabs/elevenlabs_1072.wav,fake,elevenlabs,voice_clone,train
elevenlabs_1073,/kaggle/working/data/processed/fake/elevenlabs/elevenlabs_1073.wav,fake,elevenlabs,voice_clone,train
elevenlabs_1074,/kaggle/working/data/processed/fake/elevenlabs/elevenlabs_1074.wav,fake,elevenlabs,voice_clone,train
elevenlabs_1075,/kaggle/working/data/processed/fake/elevenlabs/elevenlabs_1075.wav,fake,elevenlabs,voice_clone,train
elevenlabs_1076,/kaggle/working/data/processed/fake/elevenlabs/elevenlabs_1076.wav,fake,elevenlabs,voice_clone,test_seen
elevenlabs_1077,/kaggle/working/data/processed/fake/elevenlabs/elevenlabs_1077.wav,fake,elevenlabs,voice_clone,test_seen
elevenlabs_1078,/kaggle/working/data/processed/fake/elevenlabs/elevenlabs_1078.wav,fake,elevenlabs,voice_clone,train
elevenlabs_1079,/kaggle/working/data/processed/fake/elevenlabs/elevenlabs_1079.wav,fake,elevenlabs,voice_clone,train
elevenlabs_1080,/kaggle/working/data/processed/fake/elevenlabs/elevenlabs_1080.wav,fake,elevenlabs,voice_clone,train
elevenlabs_1081,/kaggle/working/data/processed/fake/elevenlabs/elevenlabs_1081.wav,fake,elevenlabs,voice_clone,test_seen
elevenlabs_1082,/kaggle/working/data/processed/fake/elevenlabs/elevenlabs_1082.wav,fake,elevenlabs,voice_clone,test_seen
elevenlabs_1083,/kaggle/working/data/processed/fake/elevenlabs/elevenlabs_1083.wav,fake,elevenlabs,voice_clone,train
elevenlabs_1084,/kaggle/working/data/processed/fake/elevenlabs/elevenlabs_1084.wav,fake,elevenlabs,voice_clone,train
elevenlabs_1085,/kaggle/working/data/processed/fake/elevenlabs/elevenlabs_1085.wav,fake,elevenlabs,voice_clone,train
elevenlabs_1086,/kaggle/working/data/processed/fake/elevenlabs/elevenlabs_1086.wav,fake,elevenlabs,voice_clone,train
elevenlabs_1087,/kaggle/working/data/processed/fake/elevenlabs/elevenlabs_1087.wav,fake,elevenlabs,voice_clone,train
elevenlabs_1088,/kaggle/working/data/processed/fake/elevenlabs/elevenlabs_1088.wav,fake,elevenlabs,voice_clone,train
elevenlabs_1089,/kaggle/working/data/processed/fake/elevenlabs/elevenlabs_1089.wav,fake,elevenlabs,voice_clone,train
elevenlabs_1090,/kaggle/working/data/processed/fake/elevenlabs/elevenlabs_1090.wav,fake,elevenlabs,voice_clone,train
elevenlabs_1091,/kaggle/working/data/processed/fake/elevenlabs/elevenlabs_1091.wav,fake,elevenlabs,voice_clone,train
elevenlabs_1092,/kaggle/working/data/processed/fake/elevenlabs/elevenlabs_1092.wav,fake,elevenlabs,voice_clone,test_seen
elevenlabs_1093,/kaggle/working/data/processed/fake/elevenlabs/elevenlabs_1093.wav,fake,elevenlabs,voice_clone,train
elevenlabs_1094,/kaggle/working/data/processed/fake/elevenlabs/elevenlabs_1094.wav,fake,elevenlabs,voice_clone,train
elevenlabs_1095,/kaggle/working/data/processed/fake/elevenlabs/elevenlabs_1095.wav,fake,elevenlabs,voice_clone,test_seen
elevenlabs_1096,/kaggle/working/data/processed/fake/elevenlabs/elevenlabs_1096.wav,fake,elevenlabs,voice_clone,train
elevenlabs_1097,/kaggle/working/data/processed/fake/elevenlabs/elevenlabs_1097.wav,fake,elevenlabs,voice_clone,train
elevenlabs_1098,/kaggle/working/data/processed/fake/elevenlabs/elevenlabs_1098.wav,fake,elevenlabs,voice_clone,train
elevenlabs_1099,/kaggle/working/data/processed/fake/elevenlabs/elevenlabs_1099.wav,fake,elevenlabs,voice_clone,train
elevenlabs_1100,/kaggle/working/data/processed/fake/elevenlabs/elevenlabs_1100.wav,fake,elevenlabs,voice_clone,train
elevenlabs_1101,/kaggle/working/data/processed/fake/elevenlabs/elevenlabs_1101.wav,fake,elevenlabs,voice_clone,train
elevenlabs_1102,/kaggle/working/data/processed/fake/elevenlabs/elevenlabs_1102.wav,fake,elevenlabs,voice_clone,train
elevenlabs_1103,/kaggle/working/data/processed/fake/elevenlabs/elevenlabs_1103.wav,fake,elevenlabs,voice_clone,train
elevenlabs_1104,/kaggle/working/data/processed/fake/elevenlabs/elevenlabs_1104.wav,fake,elevenlabs,voice_clone,train
elevenlabs_1105,/kaggle/working/data/processed/fake/elevenlabs/elevenlabs_1105.wav,fake,elevenlabs,voice_clone,train
elevenlabs_1106,/kaggle/working/data/processed/fake/elevenlabs/elevenlabs_1106.wav,fake,elevenlabs,voice_clone,train
elevenlabs_1107,/kaggle/working/data/processed/fake/elevenlabs/elevenlabs_1107.wav,fake,elevenlabs,voice_clone,train
elevenlabs_1108,/kaggle/working/data/processed/fake/elevenlabs/elevenlabs_1108.wav,fake,elevenlabs,voice_clone,train
elevenlabs_1109,/kaggle/working/data/processed/fake/elevenlabs/elevenlabs_1109.wav,fake,elevenlabs,voice_clone,train
elevenlabs_1110,/kaggle/working/data/processed/fake/elevenlabs/elevenlabs_1110.wav,fake,elevenlabs,voice_clone,train
elevenlabs_1111,/kaggle/working/data/processed/fake/elevenlabs/elevenlabs_1111.wav,fake,elevenlabs,voice_clone,train
elevenlabs_1112,/kaggle/working/data/processed/fake/elevenlabs/elevenlabs_1112.wav,fake,elevenlabs,voice_clone,train
elevenlabs_1113,/kaggle/working/data/processed/fake/elevenlabs/elevenlabs_1113.wav,fake,elevenlabs,voice_clone,train
elevenlabs_1114,/kaggle/working/data/processed/fake/elevenlabs/elevenlabs_1114.wav,fake,elevenlabs,voice_clone,train
elevenlabs_1115,/kaggle/working/data/processed/fake/elevenlabs/elevenlabs_1115.wav,fake,elevenlabs,voice_clone,test_seen
elevenlabs_1116,/kaggle/working/data/processed/fake/elevenlabs/elevenlabs_1116.wav,fake,elevenlabs,voice_clone,train
elevenlabs_1117,/kaggle/working/data/processed/fake/elevenlabs/elevenlabs_1117.wav,fake,elevenlabs,voice_clone,train
elevenlabs_1118,/kaggle/working/data/processed/fake/elevenlabs/elevenlabs_1118.wav,fake,elevenlabs,voice_clone,train
elevenlabs_1119,/kaggle/working/data/processed/fake/elevenlabs/elevenlabs_1119.wav,fake,elevenlabs,voice_clone,test_seen
elevenlabs_1120,/kaggle/working/data/processed/fake/elevenlabs/elevenlabs_1120.wav,fake,elevenlabs,voice_clone,train
elevenlabs_1121,/kaggle/working/data/processed/fake/elevenlabs/elevenlabs_1121.wav,fake,elevenlabs,voice_clone,train
elevenlabs_1122,/kaggle/working/data/processed/fake/elevenlabs/elevenlabs_1122.wav,fake,elevenlabs,voice_clone,test_seen
elevenlabs_1123,/kaggle/working/data/processed/fake/elevenlabs/elevenlabs_1123.wav,fake,elevenlabs,voice_clone,train
elevenlabs_1124,/kaggle/working/data/processed/fake/elevenlabs/elevenlabs_1124.wav,fake,elevenlabs,voice_clone,train
elevenlabs_1125,/kaggle/working/data/processed/fake/elevenlabs/elevenlabs_1125.wav,fake,elevenlabs,voice_clone,train
elevenlabs_1126,/kaggle/working/data/processed/fake/elevenlabs/elevenlabs_1126.wav,fake,elevenlabs,voice_clone,test_seen
elevenlabs_1127,/kaggle/working/data/processed/fake/elevenlabs/elevenlabs_1127.wav,fake,elevenlabs,voice_clone,train
elevenlabs_1128,/kaggle/working/data/processed/fake/elevenlabs/elevenlabs_1128.wav,fake,elevenlabs,voice_clone,train
elevenlabs_1129,/kaggle/working/data/processed/fake/elevenlabs/elevenlabs_1129.wav,fake,elevenlabs,voice_clone,test_seen
elevenlabs_1130,/kaggle/working/data/processed/fake/elevenlabs/elevenlabs_1130.wav,fake,elevenlabs,voice_clone,test_seen
elevenlabs_1131,/kaggle/working/data/processed/fake/elevenlabs/elevenlabs_1131.wav,fake,elevenlabs,voice_clone,train
elevenlabs_1132,/kaggle/working/data/processed/fake/elevenlabs/elevenlabs_1132.wav,fake,elevenlabs,voice_clone,train
elevenlabs_1133,/kaggle/working/data/processed/fake/elevenlabs/elevenlabs_1133.wav,fake,elevenlabs,voice_clone,train
elevenlabs_1134,/kaggle/working/data/processed/fake/elevenlabs/elevenlabs_1134.wav,fake,elevenlabs,voice_clone,train
elevenlabs_1135,/kaggle/working/data/processed/fake/elevenlabs/elevenlabs_1135.wav,fake,elevenlabs,voice_clone,train
elevenlabs_1136,/kaggle/working/data/processed/fake/elevenlabs/elevenlabs_1136.wav,fake,elevenlabs,voice_clone,test_seen
elevenlabs_1137,/kaggle/working/data/processed/fake/elevenlabs/elevenlabs_1137.wav,fake,elevenlabs,voice_clone,train
elevenlabs_1138,/kaggle/working/data/processed/fake/elevenlabs/elevenlabs_1138.wav,fake,elevenlabs,voice_clone,train
elevenlabs_1139,/kaggle/working/data/processed/fake/elevenlabs/elevenlabs_1139.wav,fake,elevenlabs,voice_clone,test_seen
elevenlabs_1140,/kaggle/working/data/processed/fake/elevenlabs/elevenlabs_1140.wav,fake,elevenlabs,voice_clone,train
elevenlabs_1141,/kaggle/working/data/processed/fake/elevenlabs/elevenlabs_1141.wav,fake,elevenlabs,voice_clone,test_seen
elevenlabs_1142,/kaggle/working/data/processed/fake/elevenlabs/elevenlabs_1142.wav,fake,elevenlabs,voice_clone,train
elevenlabs_1143,/kaggle/working/data/processed/fake/elevenlabs/elevenlabs_1143.wav,fake,elevenlabs,voice_clone,train
elevenlabs_1144,/kaggle/working/data/processed/fake/elevenlabs/elevenlabs_1144.wav,fake,elevenlabs,voice_clone,train
elevenlabs_1145,/kaggle/working/data/processed/fake/elevenlabs/elevenlabs_1145.wav,fake,elevenlabs,voice_clone,train
elevenlabs_1146,/kaggle/working/data/processed/fake/elevenlabs/elevenlabs_1146.wav,fake,elevenlabs,voice_clone,train
elevenlabs_1147,/kaggle/working/data/processed/fake/elevenlabs/elevenlabs_1147.wav,fake,elevenlabs,voice_clone,test_seen
elevenlabs_1148,/kaggle/working/data/processed/fake/elevenlabs/elevenlabs_1148.wav,fake,elevenlabs,voice_clone,test_seen
elevenlabs_1149,/kaggle/working/data/processed/fake/elevenlabs/elevenlabs_1149.wav,fake,elevenlabs,voice_clone,train
elevenlabs_1150,/kaggle/working/data/processed/fake/elevenlabs/elevenlabs_1150.wav,fake,elevenlabs,voice_clone,test_seen
elevenlabs_1151,/kaggle/working/data/processed/fake/elevenlabs/elevenlabs_1151.wav,fake,elevenlabs,voice_clone,train
elevenlabs_1152,/kaggle/working/data/processed/fake/elevenlabs/elevenlabs_1152.wav,fake,elevenlabs,voice_clone,test_seen
elevenlabs_1153,/kaggle/working/data/processed/fake/elevenlabs/elevenlabs_1153.wav,fake,elevenlabs,voice_clone,test_seen
elevenlabs_1154,/kaggle/working/data/processed/fake/elevenlabs/elevenlabs_1154.wav,fake,elevenlabs,voice_clone,test_seen
elevenlabs_1155,/kaggle/working/data/processed/fake/elevenlabs/elevenlabs_1155.wav,fake,elevenlabs,voice_clone,test_seen
elevenlabs_1156,/kaggle/working/data/processed/fake/elevenlabs/elevenlabs_1156.wav,fake,elevenlabs,voice_clone,test_seen
elevenlabs_1157,/kaggle/working/data/processed/fake/elevenlabs/elevenlabs_1157.wav,fake,elevenlabs,voice_clone,train
elevenlabs_1158,/kaggle/working/data/processed/fake/elevenlabs/elevenlabs_1158.wav,fake,elevenlabs,voice_clone,test_seen
elevenlabs_1159,/kaggle/working/data/processed/fake/elevenlabs/elevenlabs_1159.wav,fake,elevenlabs,voice_clone,train
elevenlabs_1160,/kaggle/working/data/processed/fake/elevenlabs/elevenlabs_1160.wav,fake,elevenlabs,voice_clone,train
elevenlabs_1161,/kaggle/working/data/processed/fake/elevenlabs/elevenlabs_1161.wav,fake,elevenlabs,voice_clone,train
elevenlabs_1162,/kaggle/working/data/processed/fake/elevenlabs/elevenlabs_1162.wav,fake,elevenlabs,voice_clone,test_seen
elevenlabs_1163,/kaggle/working/data/processed/fake/elevenlabs/elevenlabs_1163.wav,fake,elevenlabs,voice_clone,train
elevenlabs_1164,/kaggle/working/data/processed/fake/elevenlabs/elevenlabs_1164.wav,fake,elevenlabs,voice_clone,train
elevenlabs_1165,/kaggle/working/data/processed/fake/elevenlabs/elevenlabs_1165.wav,fake,elevenlabs,voice_clone,train
elevenlabs_1166,/kaggle/working/data/processed/fake/elevenlabs/elevenlabs_1166.wav,fake,elevenlabs,voice_clone,test_seen
elevenlabs_1167,/kaggle/working/data/processed/fake/elevenlabs/elevenlabs_1167.wav,fake,elevenlabs,voice_clone,test_seen
elevenlabs_1168,/kaggle/working/data/processed/fake/elevenlabs/elevenlabs_1168.wav,fake,elevenlabs,voice_clone,train
elevenlabs_1169,/kaggle/working/data/processed/fake/elevenlabs/elevenlabs_1169.wav,fake,elevenlabs,voice_clone,train
elevenlabs_1170,/kaggle/working/data/processed/fake/elevenlabs/elevenlabs_1170.wav,fake,elevenlabs,voice_clone,train
elevenlabs_1171,/kaggle/working/data/processed/fake/elevenlabs/elevenlabs_1171.wav,fake,elevenlabs,voice_clone,train
elevenlabs_1172,/kaggle/working/data/processed/fake/elevenlabs/elevenlabs_1172.wav,fake,elevenlabs,voice_clone,train
elevenlabs_1173,/kaggle/working/data/processed/fake/elevenlabs/elevenlabs_1173.wav,fake,elevenlabs,voice_clone,train
elevenlabs_1174,/kaggle/working/data/processed/fake/elevenlabs/elevenlabs_1174.wav,fake,elevenlabs,voice_clone,train
elevenlabs_1175,/kaggle/working/data/processed/fake/elevenlabs/elevenlabs_1175.wav,fake,elevenlabs,voice_clone,train
elevenlabs_1176,/kaggle/working/data/processed/fake/elevenlabs/elevenlabs_1176.wav,fake,elevenlabs,voice_clone,train
elevenlabs_1177,/kaggle/working/data/processed/fake/elevenlabs/elevenlabs_1177.wav,fake,elevenlabs,voice_clone,train
elevenlabs_1178,/kaggle/working/data/processed/fake/elevenlabs/elevenlabs_1178.wav,fake,elevenlabs,voice_clone,train
elevenlabs_1179,/kaggle/working/data/processed/fake/elevenlabs/elevenlabs_1179.wav,fake,elevenlabs,voice_clone,train
elevenlabs_1180,/kaggle/working/data/processed/fake/elevenlabs/elevenlabs_1180.wav,fake,elevenlabs,voice_clone,test_seen
elevenlabs_1181,/kaggle/working/data/processed/fake/elevenlabs/elevenlabs_1181.wav,fake,elevenlabs,voice_clone,train
elevenlabs_1182,/kaggle/working/data/processed/fake/elevenlabs/elevenlabs_1182.wav,fake,elevenlabs,voice_clone,train
elevenlabs_1183,/kaggle/working/data/processed/fake/elevenlabs/elevenlabs_1183.wav,fake,elevenlabs,voice_clone,test_seen
elevenlabs_1184,/kaggle/working/data/processed/fake/elevenlabs/elevenlabs_1184.wav,fake,elevenlabs,voice_clone,test_seen
elevenlabs_1185,/kaggle/working/data/processed/fake/elevenlabs/elevenlabs_1185.wav,fake,elevenlabs,voice_clone,train
elevenlabs_1186,/kaggle/working/data/processed/fake/elevenlabs/elevenlabs_1186.wav,fake,elevenlabs,voice_clone,train
elevenlabs_1187,/kaggle/working/data/processed/fake/elevenlabs/elevenlabs_1187.wav,fake,elevenlabs,voice_clone,train
elevenlabs_1188,/kaggle/working/data/processed/fake/elevenlabs/elevenlabs_1188.wav,fake,elevenlabs,voice_clone,train
elevenlabs_1189,/kaggle/working/data/processed/fake/elevenlabs/elevenlabs_1189.wav,fake,elevenlabs,voice_clone,train
elevenlabs_1190,/kaggle/working/data/processed/fake/elevenlabs/elevenlabs_1190.wav,fake,elevenlabs,voice_clone,train
elevenlabs_1191,/kaggle/working/data/processed/fake/elevenlabs/elevenlabs_1191.wav,fake,elevenlabs,voice_clone,test_seen
elevenlabs_1192,/kaggle/working/data/processed/fake/elevenlabs/elevenlabs_1192.wav,fake,elevenlabs,voice_clone,train
elevenlabs_1193,/kaggle/working/data/processed/fake/elevenlabs/elevenlabs_1193.wav,fake,elevenlabs,voice_clone,train
elevenlabs_1194,/kaggle/working/data/processed/fake/elevenlabs/elevenlabs_1194.wav,fake,elevenlabs,voice_clone,train
elevenlabs_1195,/kaggle/working/data/processed/fake/elevenlabs/elevenlabs_1195.wav,fake,elevenlabs,voice_clone,train
elevenlabs_1196,/kaggle/working/data/processed/fake/elevenlabs/elevenlabs_1196.wav,fake,elevenlabs,voice_clone,train
elevenlabs_1197,/kaggle/working/data/processed/fake/elevenlabs/elevenlabs_1197.wav,fake,elevenlabs,voice_clone,test_seen
elevenlabs_1198,/kaggle/working/data/processed/fake/elevenlabs/elevenlabs_1198.wav,fake,elevenlabs,voice_clone,train
elevenlabs_1199,/kaggle/working/data/processed/fake/elevenlabs/elevenlabs_1199.wav,fake,elevenlabs,voice_clone,train
gtts_0000,/kaggle/working/data/processed/fake/gtts/gtts_0000.wav,fake,gtts,concatenative_tts,test_unseen
gtts_0001,/kaggle/working/data/processed/fake/gtts/gtts_0001.wav,fake,gtts,concatenative_tts,test_unseen
gtts_0002,/kaggle/working/data/processed/fake/gtts/gtts_0002.wav,fake,gtts,concatenative_tts,test_unseen
gtts_0003,/kaggle/working/data/processed/fake/gtts/gtts_0003.wav,fake,gtts,concatenative_tts,test_unseen
gtts_0004,/kaggle/working/data/processed/fake/gtts/gtts_0004.wav,fake,gtts,concatenative_tts,test_unseen
gtts_0005,/kaggle/working/data/processed/fake/gtts/gtts_0005.wav,fake,gtts,concatenative_tts,test_unseen
gtts_0006,/kaggle/working/data/processed/fake/gtts/gtts_0006.wav,fake,gtts,concatenative_tts,test_unseen
gtts_0007,/kaggle/working/data/processed/fake/gtts/gtts_0007.wav,fake,gtts,concatenative_tts,test_unseen
gtts_0008,/kaggle/working/data/processed/fake/gtts/gtts_0008.wav,fake,gtts,concatenative_tts,test_unseen
gtts_0009,/kaggle/working/data/processed/fake/gtts/gtts_0009.wav,fake,gtts,concatenative_tts,test_unseen
gtts_0010,/kaggle/working/data/processed/fake/gtts/gtts_0010.wav,fake,gtts,concatenative_tts,test_unseen
gtts_0011,/kaggle/working/data/processed/fake/gtts/gtts_0011.wav,fake,gtts,concatenative_tts,test_unseen
gtts_0012,/kaggle/working/data/processed/fake/gtts/gtts_0012.wav,fake,gtts,concatenative_tts,test_unseen
gtts_0013,/kaggle/working/data/processed/fake/gtts/gtts_0013.wav,fake,gtts,concatenative_tts,test_unseen
gtts_0014,/kaggle/working/data/processed/fake/gtts/gtts_0014.wav,fake,gtts,concatenative_tts,test_unseen
gtts_0015,/kaggle/working/data/processed/fake/gtts/gtts_0015.wav,fake,gtts,concatenative_tts,test_unseen
gtts_0016,/kaggle/working/data/processed/fake/gtts/gtts_0016.wav,fake,gtts,concatenative_tts,test_unseen
gtts_0017,/kaggle/working/data/processed/fake/gtts/gtts_0017.wav,fake,gtts,concatenative_tts,test_unseen
gtts_0018,/kaggle/working/data/processed/fake/gtts/gtts_0018.wav,fake,gtts,concatenative_tts,test_unseen
gtts_0019,/kaggle/working/data/processed/fake/gtts/gtts_0019.wav,fake,gtts,concatenative_tts,test_unseen
gtts_0020,/kaggle/working/data/processed/fake/gtts/gtts_0020.wav,fake,gtts,concatenative_tts,test_unseen
gtts_0021,/kaggle/working/data/processed/fake/gtts/gtts_0021.wav,fake,gtts,concatenative_tts,test_unseen
gtts_0022,/kaggle/working/data/processed/fake/gtts/gtts_0022.wav,fake,gtts,concatenative_tts,test_unseen
gtts_0023,/kaggle/working/data/processed/fake/gtts/gtts_0023.wav,fake,gtts,concatenative_tts,test_unseen
gtts_0024,/kaggle/working/data/processed/fake/gtts/gtts_0024.wav,fake,gtts,concatenative_tts,test_unseen
gtts_0025,/kaggle/working/data/processed/fake/gtts/gtts_0025.wav,fake,gtts,concatenative_tts,test_unseen
gtts_0026,/kaggle/working/data/processed/fake/gtts/gtts_0026.wav,fake,gtts,concatenative_tts,test_unseen
gtts_0027,/kaggle/working/data/processed/fake/gtts/gtts_0027.wav,fake,gtts,concatenative_tts,test_unseen
gtts_0028,/kaggle/working/data/processed/fake/gtts/gtts_0028.wav,fake,gtts,concatenative_tts,test_unseen
gtts_0029,/kaggle/working/data/processed/fake/gtts/gtts_0029.wav,fake,gtts,concatenative_tts,test_unseen
gtts_0030,/kaggle/working/data/processed/fake/gtts/gtts_0030.wav,fake,gtts,concatenative_tts,test_unseen
gtts_0031,/kaggle/working/data/processed/fake/gtts/gtts_0031.wav,fake,gtts,concatenative_tts,test_unseen
gtts_0032,/kaggle/working/data/processed/fake/gtts/gtts_0032.wav,fake,gtts,concatenative_tts,test_unseen
gtts_0033,/kaggle/working/data/processed/fake/gtts/gtts_0033.wav,fake,gtts,concatenative_tts,test_unseen
gtts_0034,/kaggle/working/data/processed/fake/gtts/gtts_0034.wav,fake,gtts,concatenative_tts,test_unseen
gtts_0035,/kaggle/working/data/processed/fake/gtts/gtts_0035.wav,fake,gtts,concatenative_tts,test_unseen
gtts_0036,/kaggle/working/data/processed/fake/gtts/gtts_0036.wav,fake,gtts,concatenative_tts,test_unseen
gtts_0037,/kaggle/working/data/processed/fake/gtts/gtts_0037.wav,fake,gtts,concatenative_tts,test_unseen
gtts_0038,/kaggle/working/data/processed/fake/gtts/gtts_0038.wav,fake,gtts,concatenative_tts,test_unseen
gtts_0039,/kaggle/working/data/processed/fake/gtts/gtts_0039.wav,fake,gtts,concatenative_tts,test_unseen
gtts_0040,/kaggle/working/data/processed/fake/gtts/gtts_0040.wav,fake,gtts,concatenative_tts,test_unseen
gtts_0041,/kaggle/working/data/processed/fake/gtts/gtts_0041.wav,fake,gtts,concatenative_tts,test_unseen
gtts_0042,/kaggle/working/data/processed/fake/gtts/gtts_0042.wav,fake,gtts,concatenative_tts,test_unseen
gtts_0043,/kaggle/working/data/processed/fake/gtts/gtts_0043.wav,fake,gtts,concatenative_tts,test_unseen
gtts_0044,/kaggle/working/data/processed/fake/gtts/gtts_0044.wav,fake,gtts,concatenative_tts,test_unseen
gtts_0045,/kaggle/working/data/processed/fake/gtts/gtts_0045.wav,fake,gtts,concatenative_tts,test_unseen
gtts_0046,/kaggle/working/data/processed/fake/gtts/gtts_0046.wav,fake,gtts,concatenative_tts,test_unseen
gtts_0047,/kaggle/working/data/processed/fake/gtts/gtts_0047.wav,fake,gtts,concatenative_tts,test_unseen
gtts_0048,/kaggle/working/data/processed/fake/gtts/gtts_0048.wav,fake,gtts,concatenative_tts,test_unseen
gtts_0049,/kaggle/working/data/processed/fake/gtts/gtts_0049.wav,fake,gtts,concatenative_tts,test_unseen
gtts_0050,/kaggle/working/data/processed/fake/gtts/gtts_0050.wav,fake,gtts,concatenative_tts,test_unseen
gtts_0051,/kaggle/working/data/processed/fake/gtts/gtts_0051.wav,fake,gtts,concatenative_tts,test_unseen
gtts_0052,/kaggle/working/data/processed/fake/gtts/gtts_0052.wav,fake,gtts,concatenative_tts,test_unseen
gtts_0053,/kaggle/working/data/processed/fake/gtts/gtts_0053.wav,fake,gtts,concatenative_tts,test_unseen
gtts_0054,/kaggle/working/data/processed/fake/gtts/gtts_0054.wav,fake,gtts,concatenative_tts,test_unseen
gtts_0055,/kaggle/working/data/processed/fake/gtts/gtts_0055.wav,fake,gtts,concatenative_tts,test_unseen
gtts_0056,/kaggle/working/data/processed/fake/gtts/gtts_0056.wav,fake,gtts,concatenative_tts,test_unseen
gtts_0057,/kaggle/working/data/processed/fake/gtts/gtts_0057.wav,fake,gtts,concatenative_tts,test_unseen
gtts_0058,/kaggle/working/data/processed/fake/gtts/gtts_0058.wav,fake,gtts,concatenative_tts,test_unseen
gtts_0059,/kaggle/working/data/processed/fake/gtts/gtts_0059.wav,fake,gtts,concatenative_tts,test_unseen
gtts_0060,/kaggle/working/data/processed/fake/gtts/gtts_0060.wav,fake,gtts,concatenative_tts,test_unseen
gtts_0061,/kaggle/working/data/processed/fake/gtts/gtts_0061.wav,fake,gtts,concatenative_tts,test_unseen
gtts_0062,/kaggle/working/data/processed/fake/gtts/gtts_0062.wav,fake,gtts,concatenative_tts,test_unseen
gtts_0063,/kaggle/working/data/processed/fake/gtts/gtts_0063.wav,fake,gtts,concatenative_tts,test_unseen
gtts_0064,/kaggle/working/data/processed/fake/gtts/gtts_0064.wav,fake,gtts,concatenative_tts,test_unseen
gtts_0065,/kaggle/working/data/processed/fake/gtts/gtts_0065.wav,fake,gtts,concatenative_tts,test_unseen
gtts_0066,/kaggle/working/data/processed/fake/gtts/gtts_0066.wav,fake,gtts,concatenative_tts,test_unseen
gtts_0067,/kaggle/working/data/processed/fake/gtts/gtts_0067.wav,fake,gtts,concatenative_tts,test_unseen
gtts_0068,/kaggle/working/data/processed/fake/gtts/gtts_0068.wav,fake,gtts,concatenative_tts,test_unseen
gtts_0069,/kaggle/working/data/processed/fake/gtts/gtts_0069.wav,fake,gtts,concatenative_tts,test_unseen
gtts_0070,/kaggle/working/data/processed/fake/gtts/gtts_0070.wav,fake,gtts,concatenative_tts,test_unseen
gtts_0071,/kaggle/working/data/processed/fake/gtts/gtts_0071.wav,fake,gtts,concatenative_tts,test_unseen
gtts_0072,/kaggle/working/data/processed/fake/gtts/gtts_0072.wav,fake,gtts,concatenative_tts,test_unseen
gtts_0073,/kaggle/working/data/processed/fake/gtts/gtts_0073.wav,fake,gtts,concatenative_tts,test_unseen
gtts_0074,/kaggle/working/data/processed/fake/gtts/gtts_0074.wav,fake,gtts,concatenative_tts,test_unseen
gtts_0075,/kaggle/working/data/processed/fake/gtts/gtts_0075.wav,fake,gtts,concatenative_tts,test_unseen
gtts_0076,/kaggle/working/data/processed/fake/gtts/gtts_0076.wav,fake,gtts,concatenative_tts,test_unseen
gtts_0077,/kaggle/working/data/processed/fake/gtts/gtts_0077.wav,fake,gtts,concatenative_tts,test_unseen
gtts_0078,/kaggle/working/data/processed/fake/gtts/gtts_0078.wav,fake,gtts,concatenative_tts,test_unseen
gtts_0079,/kaggle/working/data/processed/fake/gtts/gtts_0079.wav,fake,gtts,concatenative_tts,test_unseen
gtts_0080,/kaggle/working/data/processed/fake/gtts/gtts_0080.wav,fake,gtts,concatenative_tts,test_unseen
gtts_0081,/kaggle/working/data/processed/fake/gtts/gtts_0081.wav,fake,gtts,concatenative_tts,test_unseen
gtts_0082,/kaggle/working/data/processed/fake/gtts/gtts_0082.wav,fake,gtts,concatenative_tts,test_unseen
gtts_0083,/kaggle/working/data/processed/fake/gtts/gtts_0083.wav,fake,gtts,concatenative_tts,test_unseen
gtts_0084,/kaggle/working/data/processed/fake/gtts/gtts_0084.wav,fake,gtts,concatenative_tts,test_unseen
gtts_0085,/kaggle/working/data/processed/fake/gtts/gtts_0085.wav,fake,gtts,concatenative_tts,test_unseen
gtts_0086,/kaggle/working/data/processed/fake/gtts/gtts_0086.wav,fake,gtts,concatenative_tts,test_unseen
gtts_0087,/kaggle/working/data/processed/fake/gtts/gtts_0087.wav,fake,gtts,concatenative_tts,test_unseen
gtts_0088,/kaggle/working/data/processed/fake/gtts/gtts_0088.wav,fake,gtts,concatenative_tts,test_unseen
gtts_0089,/kaggle/working/data/processed/fake/gtts/gtts_0089.wav,fake,gtts,concatenative_tts,test_unseen
gtts_0090,/kaggle/working/data/processed/fake/gtts/gtts_0090.wav,fake,gtts,concatenative_tts,test_unseen
gtts_0091,/kaggle/working/data/processed/fake/gtts/gtts_0091.wav,fake,gtts,concatenative_tts,test_unseen
gtts_0092,/kaggle/working/data/processed/fake/gtts/gtts_0092.wav,fake,gtts,concatenative_tts,test_unseen
gtts_0093,/kaggle/working/data/processed/fake/gtts/gtts_0093.wav,fake,gtts,concatenative_tts,test_unseen
gtts_0094,/kaggle/working/data/processed/fake/gtts/gtts_0094.wav,fake,gtts,concatenative_tts,test_unseen
gtts_0095,/kaggle/working/data/processed/fake/gtts/gtts_0095.wav,fake,gtts,concatenative_tts,test_unseen
gtts_0096,/kaggle/working/data/processed/fake/gtts/gtts_0096.wav,fake,gtts,concatenative_tts,test_unseen
gtts_0097,/kaggle/working/data/processed/fake/gtts/gtts_0097.wav,fake,gtts,concatenative_tts,test_unseen
gtts_0098,/kaggle/working/data/processed/fake/gtts/gtts_0098.wav,fake,gtts,concatenative_tts,test_unseen
gtts_0099,/kaggle/working/data/processed/fake/gtts/gtts_0099.wav,fake,gtts,concatenative_tts,test_unseen
gtts_0100,/kaggle/working/data/processed/fake/gtts/gtts_0100.wav,fake,gtts,concatenative_tts,test_unseen
gtts_0101,/kaggle/working/data/processed/fake/gtts/gtts_0101.wav,fake,gtts,concatenative_tts,test_unseen
gtts_0102,/kaggle/working/data/processed/fake/gtts/gtts_0102.wav,fake,gtts,concatenative_tts,test_unseen
gtts_0103,/kaggle/working/data/processed/fake/gtts/gtts_0103.wav,fake,gtts,concatenative_tts,test_unseen
gtts_0104,/kaggle/working/data/processed/fake/gtts/gtts_0104.wav,fake,gtts,concatenative_tts,test_unseen
gtts_0105,/kaggle/working/data/processed/fake/gtts/gtts_0105.wav,fake,gtts,concatenative_tts,test_unseen
gtts_0106,/kaggle/working/data/processed/fake/gtts/gtts_0106.wav,fake,gtts,concatenative_tts,test_unseen
gtts_0107,/kaggle/working/data/processed/fake/gtts/gtts_0107.wav,fake,gtts,concatenative_tts,test_unseen
gtts_0108,/kaggle/working/data/processed/fake/gtts/gtts_0108.wav,fake,gtts,concatenative_tts,test_unseen
gtts_0109,/kaggle/working/data/processed/fake/gtts/gtts_0109.wav,fake,gtts,concatenative_tts,test_unseen
gtts_0110,/kaggle/working/data/processed/fake/gtts/gtts_0110.wav,fake,gtts,concatenative_tts,test_unseen
gtts_0111,/kaggle/working/data/processed/fake/gtts/gtts_0111.wav,fake,gtts,concatenative_tts,test_unseen
gtts_0112,/kaggle/working/data/processed/fake/gtts/gtts_0112.wav,fake,gtts,concatenative_tts,test_unseen
gtts_0113,/kaggle/working/data/processed/fake/gtts/gtts_0113.wav,fake,gtts,concatenative_tts,test_unseen
gtts_0114,/kaggle/working/data/processed/fake/gtts/gtts_0114.wav,fake,gtts,concatenative_tts,test_unseen
gtts_0115,/kaggle/working/data/processed/fake/gtts/gtts_0115.wav,fake,gtts,concatenative_tts,test_unseen
gtts_0116,/kaggle/working/data/processed/fake/gtts/gtts_0116.wav,fake,gtts,concatenative_tts,test_unseen
gtts_0117,/kaggle/working/data/processed/fake/gtts/gtts_0117.wav,fake,gtts,concatenative_tts,test_unseen
gtts_0118,/kaggle/working/data/processed/fake/gtts/gtts_0118.wav,fake,gtts,concatenative_tts,test_unseen
gtts_0119,/kaggle/working/data/processed/fake/gtts/gtts_0119.wav,fake,gtts,concatenative_tts,test_unseen
gtts_0120,/kaggle/working/data/processed/fake/gtts/gtts_0120.wav,fake,gtts,concatenative_tts,test_unseen
gtts_0121,/kaggle/working/data/processed/fake/gtts/gtts_0121.wav,fake,gtts,concatenative_tts,test_unseen
gtts_0122,/kaggle/working/data/processed/fake/gtts/gtts_0122.wav,fake,gtts,concatenative_tts,test_unseen
gtts_0123,/kaggle/working/data/processed/fake/gtts/gtts_0123.wav,fake,gtts,concatenative_tts,test_unseen
gtts_0124,/kaggle/working/data/processed/fake/gtts/gtts_0124.wav,fake,gtts,concatenative_tts,test_unseen
gtts_0125,/kaggle/working/data/processed/fake/gtts/gtts_0125.wav,fake,gtts,concatenative_tts,test_unseen
gtts_0126,/kaggle/working/data/processed/fake/gtts/gtts_0126.wav,fake,gtts,concatenative_tts,test_unseen
gtts_0127,/kaggle/working/data/processed/fake/gtts/gtts_0127.wav,fake,gtts,concatenative_tts,test_unseen
gtts_0128,/kaggle/working/data/processed/fake/gtts/gtts_0128.wav,fake,gtts,concatenative_tts,test_unseen
gtts_0129,/kaggle/working/data/processed/fake/gtts/gtts_0129.wav,fake,gtts,concatenative_tts,test_unseen
gtts_0130,/kaggle/working/data/processed/fake/gtts/gtts_0130.wav,fake,gtts,concatenative_tts,test_unseen
gtts_0131,/kaggle/working/data/processed/fake/gtts/gtts_0131.wav,fake,gtts,concatenative_tts,test_unseen
gtts_0132,/kaggle/working/data/processed/fake/gtts/gtts_0132.wav,fake,gtts,concatenative_tts,test_unseen
gtts_0133,/kaggle/working/data/processed/fake/gtts/gtts_0133.wav,fake,gtts,concatenative_tts,test_unseen
gtts_0134,/kaggle/working/data/processed/fake/gtts/gtts_0134.wav,fake,gtts,concatenative_tts,test_unseen
gtts_0135,/kaggle/working/data/processed/fake/gtts/gtts_0135.wav,fake,gtts,concatenative_tts,test_unseen
gtts_0136,/kaggle/working/data/processed/fake/gtts/gtts_0136.wav,fake,gtts,concatenative_tts,test_unseen
gtts_0137,/kaggle/working/data/processed/fake/gtts/gtts_0137.wav,fake,gtts,concatenative_tts,test_unseen
gtts_0138,/kaggle/working/data/processed/fake/gtts/gtts_0138.wav,fake,gtts,concatenative_tts,test_unseen
gtts_0139,/kaggle/working/data/processed/fake/gtts/gtts_0139.wav,fake,gtts,concatenative_tts,test_unseen
gtts_0140,/kaggle/working/data/processed/fake/gtts/gtts_0140.wav,fake,gtts,concatenative_tts,test_unseen
gtts_0141,/kaggle/working/data/processed/fake/gtts/gtts_0141.wav,fake,gtts,concatenative_tts,test_unseen
gtts_0142,/kaggle/working/data/processed/fake/gtts/gtts_0142.wav,fake,gtts,concatenative_tts,test_unseen
gtts_0143,/kaggle/working/data/processed/fake/gtts/gtts_0143.wav,fake,gtts,concatenative_tts,test_unseen
gtts_0144,/kaggle/working/data/processed/fake/gtts/gtts_0144.wav,fake,gtts,concatenative_tts,test_unseen
gtts_0145,/kaggle/working/data/processed/fake/gtts/gtts_0145.wav,fake,gtts,concatenative_tts,test_unseen
gtts_0146,/kaggle/working/data/processed/fake/gtts/gtts_0146.wav,fake,gtts,concatenative_tts,test_unseen
gtts_0147,/kaggle/working/data/processed/fake/gtts/gtts_0147.wav,fake,gtts,concatenative_tts,test_unseen
gtts_0148,/kaggle/working/data/processed/fake/gtts/gtts_0148.wav,fake,gtts,concatenative_tts,test_unseen
gtts_0149,/kaggle/working/data/processed/fake/gtts/gtts_0149.wav,fake,gtts,concatenative_tts,test_unseen
gtts_0150,/kaggle/working/data/processed/fake/gtts/gtts_0150.wav,fake,gtts,concatenative_tts,test_unseen
gtts_0151,/kaggle/working/data/processed/fake/gtts/gtts_0151.wav,fake,gtts,concatenative_tts,test_unseen
gtts_0152,/kaggle/working/data/processed/fake/gtts/gtts_0152.wav,fake,gtts,concatenative_tts,test_unseen
gtts_0153,/kaggle/working/data/processed/fake/gtts/gtts_0153.wav,fake,gtts,concatenative_tts,test_unseen
gtts_0154,/kaggle/working/data/processed/fake/gtts/gtts_0154.wav,fake,gtts,concatenative_tts,test_unseen
gtts_0155,/kaggle/working/data/processed/fake/gtts/gtts_0155.wav,fake,gtts,concatenative_tts,test_unseen
gtts_0156,/kaggle/working/data/processed/fake/gtts/gtts_0156.wav,fake,gtts,concatenative_tts,test_unseen
gtts_0157,/kaggle/working/data/processed/fake/gtts/gtts_0157.wav,fake,gtts,concatenative_tts,test_unseen
gtts_0158,/kaggle/working/data/processed/fake/gtts/gtts_0158.wav,fake,gtts,concatenative_tts,test_unseen
gtts_0159,/kaggle/working/data/processed/fake/gtts/gtts_0159.wav,fake,gtts,concatenative_tts,test_unseen
gtts_0160,/kaggle/working/data/processed/fake/gtts/gtts_0160.wav,fake,gtts,concatenative_tts,test_unseen
gtts_0161,/kaggle/working/data/processed/fake/gtts/gtts_0161.wav,fake,gtts,concatenative_tts,test_unseen
gtts_0162,/kaggle/working/data/processed/fake/gtts/gtts_0162.wav,fake,gtts,concatenative_tts,test_unseen
gtts_0163,/kaggle/working/data/processed/fake/gtts/gtts_0163.wav,fake,gtts,concatenative_tts,test_unseen
gtts_0164,/kaggle/working/data/processed/fake/gtts/gtts_0164.wav,fake,gtts,concatenative_tts,test_unseen
gtts_0165,/kaggle/working/data/processed/fake/gtts/gtts_0165.wav,fake,gtts,concatenative_tts,test_unseen
gtts_0166,/kaggle/working/data/processed/fake/gtts/gtts_0166.wav,fake,gtts,concatenative_tts,test_unseen
gtts_0167,/kaggle/working/data/processed/fake/gtts/gtts_0167.wav,fake,gtts,concatenative_tts,test_unseen
gtts_0168,/kaggle/working/data/processed/fake/gtts/gtts_0168.wav,fake,gtts,concatenative_tts,test_unseen
gtts_0169,/kaggle/working/data/processed/fake/gtts/gtts_0169.wav,fake,gtts,concatenative_tts,test_unseen
gtts_0170,/kaggle/working/data/processed/fake/gtts/gtts_0170.wav,fake,gtts,concatenative_tts,test_unseen
gtts_0171,/kaggle/working/data/processed/fake/gtts/gtts_0171.wav,fake,gtts,concatenative_tts,test_unseen
gtts_0172,/kaggle/working/data/processed/fake/gtts/gtts_0172.wav,fake,gtts,concatenative_tts,test_unseen
gtts_0173,/kaggle/working/data/processed/fake/gtts/gtts_0173.wav,fake,gtts,concatenative_tts,test_unseen
gtts_0174,/kaggle/working/data/processed/fake/gtts/gtts_0174.wav,fake,gtts,concatenative_tts,test_unseen
gtts_0175,/kaggle/working/data/processed/fake/gtts/gtts_0175.wav,fake,gtts,concatenative_tts,test_unseen
gtts_0176,/kaggle/working/data/processed/fake/gtts/gtts_0176.wav,fake,gtts,concatenative_tts,test_unseen
gtts_0177,/kaggle/working/data/processed/fake/gtts/gtts_0177.wav,fake,gtts,concatenative_tts,test_unseen
gtts_0178,/kaggle/working/data/processed/fake/gtts/gtts_0178.wav,fake,gtts,concatenative_tts,test_unseen
gtts_0179,/kaggle/working/data/processed/fake/gtts/gtts_0179.wav,fake,gtts,concatenative_tts,test_unseen
gtts_0180,/kaggle/working/data/processed/fake/gtts/gtts_0180.wav,fake,gtts,concatenative_tts,test_unseen
gtts_0181,/kaggle/working/data/processed/fake/gtts/gtts_0181.wav,fake,gtts,concatenative_tts,test_unseen
gtts_0182,/kaggle/working/data/processed/fake/gtts/gtts_0182.wav,fake,gtts,concatenative_tts,test_unseen
gtts_0183,/kaggle/working/data/processed/fake/gtts/gtts_0183.wav,fake,gtts,concatenative_tts,test_unseen
gtts_0184,/kaggle/working/data/processed/fake/gtts/gtts_0184.wav,fake,gtts,concatenative_tts,test_unseen
gtts_0185,/kaggle/working/data/processed/fake/gtts/gtts_0185.wav,fake,gtts,concatenative_tts,test_unseen
gtts_0186,/kaggle/working/data/processed/fake/gtts/gtts_0186.wav,fake,gtts,concatenative_tts,test_unseen
gtts_0187,/kaggle/working/data/processed/fake/gtts/gtts_0187.wav,fake,gtts,concatenative_tts,test_unseen
gtts_0188,/kaggle/working/data/processed/fake/gtts/gtts_0188.wav,fake,gtts,concatenative_tts,test_unseen
gtts_0189,/kaggle/working/data/processed/fake/gtts/gtts_0189.wav,fake,gtts,concatenative_tts,test_unseen
gtts_0190,/kaggle/working/data/processed/fake/gtts/gtts_0190.wav,fake,gtts,concatenative_tts,test_unseen
gtts_0191,/kaggle/working/data/processed/fake/gtts/gtts_0191.wav,fake,gtts,concatenative_tts,test_unseen
gtts_0192,/kaggle/working/data/processed/fake/gtts/gtts_0192.wav,fake,gtts,concatenative_tts,test_unseen
gtts_0193,/kaggle/working/data/processed/fake/gtts/gtts_0193.wav,fake,gtts,concatenative_tts,test_unseen
gtts_0194,/kaggle/working/data/processed/fake/gtts/gtts_0194.wav,fake,gtts,concatenative_tts,test_unseen
gtts_0195,/kaggle/working/data/processed/fake/gtts/gtts_0195.wav,fake,gtts,concatenative_tts,test_unseen
gtts_0196,/kaggle/working/data/processed/fake/gtts/gtts_0196.wav,fake,gtts,concatenative_tts,test_unseen
gtts_0197,/kaggle/working/data/processed/fake/gtts/gtts_0197.wav,fake,gtts,concatenative_tts,test_unseen
gtts_0198,/kaggle/working/data/processed/fake/gtts/gtts_0198.wav,fake,gtts,concatenative_tts,test_unseen
gtts_0199,/kaggle/working/data/processed/fake/gtts/gtts_0199.wav,fake,gtts,concatenative_tts,test_unseen
gtts_0200,/kaggle/working/data/processed/fake/gtts/gtts_0200.wav,fake,gtts,concatenative_tts,test_unseen
gtts_0201,/kaggle/working/data/processed/fake/gtts/gtts_0201.wav,fake,gtts,concatenative_tts,test_unseen
gtts_0202,/kaggle/working/data/processed/fake/gtts/gtts_0202.wav,fake,gtts,concatenative_tts,test_unseen
gtts_0203,/kaggle/working/data/processed/fake/gtts/gtts_0203.wav,fake,gtts,concatenative_tts,test_unseen
gtts_0204,/kaggle/working/data/processed/fake/gtts/gtts_0204.wav,fake,gtts,concatenative_tts,test_unseen
gtts_0205,/kaggle/working/data/processed/fake/gtts/gtts_0205.wav,fake,gtts,concatenative_tts,test_unseen
gtts_0206,/kaggle/working/data/processed/fake/gtts/gtts_0206.wav,fake,gtts,concatenative_tts,test_unseen
gtts_0207,/kaggle/working/data/processed/fake/gtts/gtts_0207.wav,fake,gtts,concatenative_tts,test_unseen
gtts_0208,/kaggle/working/data/processed/fake/gtts/gtts_0208.wav,fake,gtts,concatenative_tts,test_unseen
gtts_0209,/kaggle/working/data/processed/fake/gtts/gtts_0209.wav,fake,gtts,concatenative_tts,test_unseen
gtts_0210,/kaggle/working/data/processed/fake/gtts/gtts_0210.wav,fake,gtts,concatenative_tts,test_unseen
gtts_0211,/kaggle/working/data/processed/fake/gtts/gtts_0211.wav,fake,gtts,concatenative_tts,test_unseen
gtts_0212,/kaggle/working/data/processed/fake/gtts/gtts_0212.wav,fake,gtts,concatenative_tts,test_unseen
gtts_0213,/kaggle/working/data/processed/fake/gtts/gtts_0213.wav,fake,gtts,concatenative_tts,test_unseen
gtts_0214,/kaggle/working/data/processed/fake/gtts/gtts_0214.wav,fake,gtts,concatenative_tts,test_unseen
gtts_0215,/kaggle/working/data/processed/fake/gtts/gtts_0215.wav,fake,gtts,concatenative_tts,test_unseen
gtts_0216,/kaggle/working/data/processed/fake/gtts/gtts_0216.wav,fake,gtts,concatenative_tts,test_unseen
gtts_0217,/kaggle/working/data/processed/fake/gtts/gtts_0217.wav,fake,gtts,concatenative_tts,test_unseen
gtts_0218,/kaggle/working/data/processed/fake/gtts/gtts_0218.wav,fake,gtts,concatenative_tts,test_unseen
gtts_0219,/kaggle/working/data/processed/fake/gtts/gtts_0219.wav,fake,gtts,concatenative_tts,test_unseen
gtts_0220,/kaggle/working/data/processed/fake/gtts/gtts_0220.wav,fake,gtts,concatenative_tts,test_unseen
gtts_0221,/kaggle/working/data/processed/fake/gtts/gtts_0221.wav,fake,gtts,concatenative_tts,test_unseen
gtts_0222,/kaggle/working/data/processed/fake/gtts/gtts_0222.wav,fake,gtts,concatenative_tts,test_unseen
gtts_0223,/kaggle/working/data/processed/fake/gtts/gtts_0223.wav,fake,gtts,concatenative_tts,test_unseen
gtts_0224,/kaggle/working/data/processed/fake/gtts/gtts_0224.wav,fake,gtts,concatenative_tts,test_unseen
gtts_0225,/kaggle/working/data/processed/fake/gtts/gtts_0225.wav,fake,gtts,concatenative_tts,test_unseen
gtts_0226,/kaggle/working/data/processed/fake/gtts/gtts_0226.wav,fake,gtts,concatenative_tts,test_unseen
gtts_0227,/kaggle/working/data/processed/fake/gtts/gtts_0227.wav,fake,gtts,concatenative_tts,test_unseen
gtts_0228,/kaggle/working/data/processed/fake/gtts/gtts_0228.wav,fake,gtts,concatenative_tts,test_unseen
gtts_0229,/kaggle/working/data/processed/fake/gtts/gtts_0229.wav,fake,gtts,concatenative_tts,test_unseen
gtts_0230,/kaggle/working/data/processed/fake/gtts/gtts_0230.wav,fake,gtts,concatenative_tts,test_unseen
gtts_0231,/kaggle/working/data/processed/fake/gtts/gtts_0231.wav,fake,gtts,concatenative_tts,test_unseen
gtts_0232,/kaggle/working/data/processed/fake/gtts/gtts_0232.wav,fake,gtts,concatenative_tts,test_unseen
gtts_0233,/kaggle/working/data/processed/fake/gtts/gtts_0233.wav,fake,gtts,concatenative_tts,test_unseen
gtts_0234,/kaggle/working/data/processed/fake/gtts/gtts_0234.wav,fake,gtts,concatenative_tts,test_unseen
gtts_0235,/kaggle/working/data/processed/fake/gtts/gtts_0235.wav,fake,gtts,concatenative_tts,test_unseen
gtts_0236,/kaggle/working/data/processed/fake/gtts/gtts_0236.wav,fake,gtts,concatenative_tts,test_unseen
gtts_0237,/kaggle/working/data/processed/fake/gtts/gtts_0237.wav,fake,gtts,concatenative_tts,test_unseen
gtts_0238,/kaggle/working/data/processed/fake/gtts/gtts_0238.wav,fake,gtts,concatenative_tts,test_unseen
gtts_0239,/kaggle/working/data/processed/fake/gtts/gtts_0239.wav,fake,gtts,concatenative_tts,test_unseen
gtts_0240,/kaggle/working/data/processed/fake/gtts/gtts_0240.wav,fake,gtts,concatenative_tts,test_unseen
gtts_0241,/kaggle/working/data/processed/fake/gtts/gtts_0241.wav,fake,gtts,concatenative_tts,test_unseen
gtts_0242,/kaggle/working/data/processed/fake/gtts/gtts_0242.wav,fake,gtts,concatenative_tts,test_unseen
gtts_0243,/kaggle/working/data/processed/fake/gtts/gtts_0243.wav,fake,gtts,concatenative_tts,test_unseen
gtts_0244,/kaggle/working/data/processed/fake/gtts/gtts_0244.wav,fake,gtts,concatenative_tts,test_unseen
gtts_0245,/kaggle/working/data/processed/fake/gtts/gtts_0245.wav,fake,gtts,concatenative_tts,test_unseen
gtts_0246,/kaggle/working/data/processed/fake/gtts/gtts_0246.wav,fake,gtts,concatenative_tts,test_unseen
gtts_0247,/kaggle/working/data/processed/fake/gtts/gtts_0247.wav,fake,gtts,concatenative_tts,test_unseen
gtts_0248,/kaggle/working/data/processed/fake/gtts/gtts_0248.wav,fake,gtts,concatenative_tts,test_unseen
gtts_0249,/kaggle/working/data/processed/fake/gtts/gtts_0249.wav,fake,gtts,concatenative_tts,test_unseen
gtts_0250,/kaggle/working/data/processed/fake/gtts/gtts_0250.wav,fake,gtts,concatenative_tts,test_unseen
gtts_0251,/kaggle/working/data/processed/fake/gtts/gtts_0251.wav,fake,gtts,concatenative_tts,test_unseen
gtts_0252,/kaggle/working/data/processed/fake/gtts/gtts_0252.wav,fake,gtts,concatenative_tts,test_unseen
gtts_0253,/kaggle/working/data/processed/fake/gtts/gtts_0253.wav,fake,gtts,concatenative_tts,test_unseen
gtts_0254,/kaggle/working/data/processed/fake/gtts/gtts_0254.wav,fake,gtts,concatenative_tts,test_unseen
gtts_0255,/kaggle/working/data/processed/fake/gtts/gtts_0255.wav,fake,gtts,concatenative_tts,test_unseen
gtts_0256,/kaggle/working/data/processed/fake/gtts/gtts_0256.wav,fake,gtts,concatenative_tts,test_unseen
gtts_0257,/kaggle/working/data/processed/fake/gtts/gtts_0257.wav,fake,gtts,concatenative_tts,test_unseen
gtts_0258,/kaggle/working/data/processed/fake/gtts/gtts_0258.wav,fake,gtts,concatenative_tts,test_unseen
gtts_0259,/kaggle/working/data/processed/fake/gtts/gtts_0259.wav,fake,gtts,concatenative_tts,test_unseen
gtts_0260,/kaggle/working/data/processed/fake/gtts/gtts_0260.wav,fake,gtts,concatenative_tts,test_unseen
gtts_0261,/kaggle/working/data/processed/fake/gtts/gtts_0261.wav,fake,gtts,concatenative_tts,test_unseen
gtts_0262,/kaggle/working/data/processed/fake/gtts/gtts_0262.wav,fake,gtts,concatenative_tts,test_unseen
gtts_0263,/kaggle/working/data/processed/fake/gtts/gtts_0263.wav,fake,gtts,concatenative_tts,test_unseen
gtts_0264,/kaggle/working/data/processed/fake/gtts/gtts_0264.wav,fake,gtts,concatenative_tts,test_unseen
gtts_0265,/kaggle/working/data/processed/fake/gtts/gtts_0265.wav,fake,gtts,concatenative_tts,test_unseen
gtts_0266,/kaggle/working/data/processed/fake/gtts/gtts_0266.wav,fake,gtts,concatenative_tts,test_unseen
gtts_0267,/kaggle/working/data/processed/fake/gtts/gtts_0267.wav,fake,gtts,concatenative_tts,test_unseen
gtts_0268,/kaggle/working/data/processed/fake/gtts/gtts_0268.wav,fake,gtts,concatenative_tts,test_unseen
gtts_0269,/kaggle/working/data/processed/fake/gtts/gtts_0269.wav,fake,gtts,concatenative_tts,test_unseen
gtts_0270,/kaggle/working/data/processed/fake/gtts/gtts_0270.wav,fake,gtts,concatenative_tts,test_unseen
gtts_0271,/kaggle/working/data/processed/fake/gtts/gtts_0271.wav,fake,gtts,concatenative_tts,test_unseen
gtts_0272,/kaggle/working/data/processed/fake/gtts/gtts_0272.wav,fake,gtts,concatenative_tts,test_unseen
gtts_0273,/kaggle/working/data/processed/fake/gtts/gtts_0273.wav,fake,gtts,concatenative_tts,test_unseen
gtts_0274,/kaggle/working/data/processed/fake/gtts/gtts_0274.wav,fake,gtts,concatenative_tts,test_unseen
gtts_0275,/kaggle/working/data/processed/fake/gtts/gtts_0275.wav,fake,gtts,concatenative_tts,test_unseen
gtts_0276,/kaggle/working/data/processed/fake/gtts/gtts_0276.wav,fake,gtts,concatenative_tts,test_unseen
gtts_0277,/kaggle/working/data/processed/fake/gtts/gtts_0277.wav,fake,gtts,concatenative_tts,test_unseen
gtts_0278,/kaggle/working/data/processed/fake/gtts/gtts_0278.wav,fake,gtts,concatenative_tts,test_unseen
gtts_0279,/kaggle/working/data/processed/fake/gtts/gtts_0279.wav,fake,gtts,concatenative_tts,test_unseen
gtts_0280,/kaggle/working/data/processed/fake/gtts/gtts_0280.wav,fake,gtts,concatenative_tts,test_unseen
gtts_0281,/kaggle/working/data/processed/fake/gtts/gtts_0281.wav,fake,gtts,concatenative_tts,test_unseen
gtts_0282,/kaggle/working/data/processed/fake/gtts/gtts_0282.wav,fake,gtts,concatenative_tts,test_unseen
gtts_0283,/kaggle/working/data/processed/fake/gtts/gtts_0283.wav,fake,gtts,concatenative_tts,test_unseen
gtts_0284,/kaggle/working/data/processed/fake/gtts/gtts_0284.wav,fake,gtts,concatenative_tts,test_unseen
gtts_0285,/kaggle/working/data/processed/fake/gtts/gtts_0285.wav,fake,gtts,concatenative_tts,test_unseen
gtts_0286,/kaggle/working/data/processed/fake/gtts/gtts_0286.wav,fake,gtts,concatenative_tts,test_unseen
gtts_0287,/kaggle/working/data/processed/fake/gtts/gtts_0287.wav,fake,gtts,concatenative_tts,test_unseen
gtts_0288,/kaggle/working/data/processed/fake/gtts/gtts_0288.wav,fake,gtts,concatenative_tts,test_unseen
gtts_0289,/kaggle/working/data/processed/fake/gtts/gtts_0289.wav,fake,gtts,concatenative_tts,test_unseen
gtts_0290,/kaggle/working/data/processed/fake/gtts/gtts_0290.wav,fake,gtts,concatenative_tts,test_unseen
gtts_0291,/kaggle/working/data/processed/fake/gtts/gtts_0291.wav,fake,gtts,concatenative_tts,test_unseen
gtts_0292,/kaggle/working/data/processed/fake/gtts/gtts_0292.wav,fake,gtts,concatenative_tts,test_unseen
gtts_0293,/kaggle/working/data/processed/fake/gtts/gtts_0293.wav,fake,gtts,concatenative_tts,test_unseen
gtts_0294,/kaggle/working/data/processed/fake/gtts/gtts_0294.wav,fake,gtts,concatenative_tts,test_unseen
gtts_0295,/kaggle/working/data/processed/fake/gtts/gtts_0295.wav,fake,gtts,concatenative_tts,test_unseen
gtts_0296,/kaggle/working/data/processed/fake/gtts/gtts_0296.wav,fake,gtts,concatenative_tts,test_unseen
gtts_0297,/kaggle/working/data/processed/fake/gtts/gtts_0297.wav,fake,gtts,concatenative_tts,test_unseen
gtts_0298,/kaggle/working/data/processed/fake/gtts/gtts_0298.wav,fake,gtts,concatenative_tts,test_unseen
gtts_0299,/kaggle/working/data/processed/fake/gtts/gtts_0299.wav,fake,gtts,concatenative_tts,test_unseen
gtts_0300,/kaggle/working/data/processed/fake/gtts/gtts_0300.wav,fake,gtts,concatenative_tts,test_unseen
gtts_0301,/kaggle/working/data/processed/fake/gtts/gtts_0301.wav,fake,gtts,concatenative_tts,test_unseen
gtts_0302,/kaggle/working/data/processed/fake/gtts/gtts_0302.wav,fake,gtts,concatenative_tts,test_unseen
gtts_0303,/kaggle/working/data/processed/fake/gtts/gtts_0303.wav,fake,gtts,concatenative_tts,test_unseen
gtts_0304,/kaggle/working/data/processed/fake/gtts/gtts_0304.wav,fake,gtts,concatenative_tts,test_unseen
gtts_0305,/kaggle/working/data/processed/fake/gtts/gtts_0305.wav,fake,gtts,concatenative_tts,test_unseen
gtts_0306,/kaggle/working/data/processed/fake/gtts/gtts_0306.wav,fake,gtts,concatenative_tts,test_unseen
gtts_0307,/kaggle/working/data/processed/fake/gtts/gtts_0307.wav,fake,gtts,concatenative_tts,test_unseen
gtts_0308,/kaggle/working/data/processed/fake/gtts/gtts_0308.wav,fake,gtts,concatenative_tts,test_unseen
gtts_0309,/kaggle/working/data/processed/fake/gtts/gtts_0309.wav,fake,gtts,concatenative_tts,test_unseen
gtts_0310,/kaggle/working/data/processed/fake/gtts/gtts_0310.wav,fake,gtts,concatenative_tts,test_unseen
gtts_0311,/kaggle/working/data/processed/fake/gtts/gtts_0311.wav,fake,gtts,concatenative_tts,test_unseen
gtts_0312,/kaggle/working/data/processed/fake/gtts/gtts_0312.wav,fake,gtts,concatenative_tts,test_unseen
gtts_0313,/kaggle/working/data/processed/fake/gtts/gtts_0313.wav,fake,gtts,concatenative_tts,test_unseen
gtts_0314,/kaggle/working/data/processed/fake/gtts/gtts_0314.wav,fake,gtts,concatenative_tts,test_unseen
gtts_0315,/kaggle/working/data/processed/fake/gtts/gtts_0315.wav,fake,gtts,concatenative_tts,test_unseen
gtts_0316,/kaggle/working/data/processed/fake/gtts/gtts_0316.wav,fake,gtts,concatenative_tts,test_unseen
gtts_0317,/kaggle/working/data/processed/fake/gtts/gtts_0317.wav,fake,gtts,concatenative_tts,test_unseen
gtts_0318,/kaggle/working/data/processed/fake/gtts/gtts_0318.wav,fake,gtts,concatenative_tts,test_unseen
gtts_0319,/kaggle/working/data/processed/fake/gtts/gtts_0319.wav,fake,gtts,concatenative_tts,test_unseen
gtts_0320,/kaggle/working/data/processed/fake/gtts/gtts_0320.wav,fake,gtts,concatenative_tts,test_unseen
gtts_0321,/kaggle/working/data/processed/fake/gtts/gtts_0321.wav,fake,gtts,concatenative_tts,test_unseen
gtts_0322,/kaggle/working/data/processed/fake/gtts/gtts_0322.wav,fake,gtts,concatenative_tts,test_unseen
gtts_0323,/kaggle/working/data/processed/fake/gtts/gtts_0323.wav,fake,gtts,concatenative_tts,test_unseen
gtts_0324,/kaggle/working/data/processed/fake/gtts/gtts_0324.wav,fake,gtts,concatenative_tts,test_unseen
gtts_0325,/kaggle/working/data/processed/fake/gtts/gtts_0325.wav,fake,gtts,concatenative_tts,test_unseen
gtts_0326,/kaggle/working/data/processed/fake/gtts/gtts_0326.wav,fake,gtts,concatenative_tts,test_unseen
gtts_0327,/kaggle/working/data/processed/fake/gtts/gtts_0327.wav,fake,gtts,concatenative_tts,test_unseen
gtts_0328,/kaggle/working/data/processed/fake/gtts/gtts_0328.wav,fake,gtts,concatenative_tts,test_unseen
gtts_0329,/kaggle/working/data/processed/fake/gtts/gtts_0329.wav,fake,gtts,concatenative_tts,test_unseen
gtts_0330,/kaggle/working/data/processed/fake/gtts/gtts_0330.wav,fake,gtts,concatenative_tts,test_unseen
gtts_0331,/kaggle/working/data/processed/fake/gtts/gtts_0331.wav,fake,gtts,concatenative_tts,test_unseen
gtts_0332,/kaggle/working/data/processed/fake/gtts/gtts_0332.wav,fake,gtts,concatenative_tts,test_unseen
gtts_0333,/kaggle/working/data/processed/fake/gtts/gtts_0333.wav,fake,gtts,concatenative_tts,test_unseen
gtts_0334,/kaggle/working/data/processed/fake/gtts/gtts_0334.wav,fake,gtts,concatenative_tts,test_unseen
gtts_0335,/kaggle/working/data/processed/fake/gtts/gtts_0335.wav,fake,gtts,concatenative_tts,test_unseen
gtts_0336,/kaggle/working/data/processed/fake/gtts/gtts_0336.wav,fake,gtts,concatenative_tts,test_unseen
gtts_0337,/kaggle/working/data/processed/fake/gtts/gtts_0337.wav,fake,gtts,concatenative_tts,test_unseen
gtts_0338,/kaggle/working/data/processed/fake/gtts/gtts_0338.wav,fake,gtts,concatenative_tts,test_unseen
gtts_0339,/kaggle/working/data/processed/fake/gtts/gtts_0339.wav,fake,gtts,concatenative_tts,test_unseen
gtts_0340,/kaggle/working/data/processed/fake/gtts/gtts_0340.wav,fake,gtts,concatenative_tts,test_unseen
gtts_0341,/kaggle/working/data/processed/fake/gtts/gtts_0341.wav,fake,gtts,concatenative_tts,test_unseen
gtts_0342,/kaggle/working/data/processed/fake/gtts/gtts_0342.wav,fake,gtts,concatenative_tts,test_unseen
gtts_0343,/kaggle/working/data/processed/fake/gtts/gtts_0343.wav,fake,gtts,concatenative_tts,test_unseen
gtts_0344,/kaggle/working/data/processed/fake/gtts/gtts_0344.wav,fake,gtts,concatenative_tts,test_unseen
gtts_0345,/kaggle/working/data/processed/fake/gtts/gtts_0345.wav,fake,gtts,concatenative_tts,test_unseen
gtts_0346,/kaggle/working/data/processed/fake/gtts/gtts_0346.wav,fake,gtts,concatenative_tts,test_unseen
gtts_0347,/kaggle/working/data/processed/fake/gtts/gtts_0347.wav,fake,gtts,concatenative_tts,test_unseen
gtts_0348,/kaggle/working/data/processed/fake/gtts/gtts_0348.wav,fake,gtts,concatenative_tts,test_unseen
gtts_0349,/kaggle/working/data/processed/fake/gtts/gtts_0349.wav,fake,gtts,concatenative_tts,test_unseen
gtts_0350,/kaggle/working/data/processed/fake/gtts/gtts_0350.wav,fake,gtts,concatenative_tts,test_unseen
gtts_0351,/kaggle/working/data/processed/fake/gtts/gtts_0351.wav,fake,gtts,concatenative_tts,test_unseen
gtts_0352,/kaggle/working/data/processed/fake/gtts/gtts_0352.wav,fake,gtts,concatenative_tts,test_unseen
gtts_0353,/kaggle/working/data/processed/fake/gtts/gtts_0353.wav,fake,gtts,concatenative_tts,test_unseen
gtts_0354,/kaggle/working/data/processed/fake/gtts/gtts_0354.wav,fake,gtts,concatenative_tts,test_unseen
gtts_0355,/kaggle/working/data/processed/fake/gtts/gtts_0355.wav,fake,gtts,concatenative_tts,test_unseen
gtts_0356,/kaggle/working/data/processed/fake/gtts/gtts_0356.wav,fake,gtts,concatenative_tts,test_unseen
gtts_0357,/kaggle/working/data/processed/fake/gtts/gtts_0357.wav,fake,gtts,concatenative_tts,test_unseen
gtts_0358,/kaggle/working/data/processed/fake/gtts/gtts_0358.wav,fake,gtts,concatenative_tts,test_unseen
gtts_0359,/kaggle/working/data/processed/fake/gtts/gtts_0359.wav,fake,gtts,concatenative_tts,test_unseen
gtts_0360,/kaggle/working/data/processed/fake/gtts/gtts_0360.wav,fake,gtts,concatenative_tts,test_unseen
gtts_0361,/kaggle/working/data/processed/fake/gtts/gtts_0361.wav,fake,gtts,concatenative_tts,test_unseen
gtts_0362,/kaggle/working/data/processed/fake/gtts/gtts_0362.wav,fake,gtts,concatenative_tts,test_unseen
gtts_0363,/kaggle/working/data/processed/fake/gtts/gtts_0363.wav,fake,gtts,concatenative_tts,test_unseen
gtts_0364,/kaggle/working/data/processed/fake/gtts/gtts_0364.wav,fake,gtts,concatenative_tts,test_unseen
gtts_0365,/kaggle/working/data/processed/fake/gtts/gtts_0365.wav,fake,gtts,concatenative_tts,test_unseen
gtts_0366,/kaggle/working/data/processed/fake/gtts/gtts_0366.wav,fake,gtts,concatenative_tts,test_unseen
gtts_0367,/kaggle/working/data/processed/fake/gtts/gtts_0367.wav,fake,gtts,concatenative_tts,test_unseen
gtts_0368,/kaggle/working/data/processed/fake/gtts/gtts_0368.wav,fake,gtts,concatenative_tts,test_unseen
gtts_0369,/kaggle/working/data/processed/fake/gtts/gtts_0369.wav,fake,gtts,concatenative_tts,test_unseen
gtts_0370,/kaggle/working/data/processed/fake/gtts/gtts_0370.wav,fake,gtts,concatenative_tts,test_unseen
gtts_0371,/kaggle/working/data/processed/fake/gtts/gtts_0371.wav,fake,gtts,concatenative_tts,test_unseen
gtts_0372,/kaggle/working/data/processed/fake/gtts/gtts_0372.wav,fake,gtts,concatenative_tts,test_unseen
gtts_0373,/kaggle/working/data/processed/fake/gtts/gtts_0373.wav,fake,gtts,concatenative_tts,test_unseen
gtts_0374,/kaggle/working/data/processed/fake/gtts/gtts_0374.wav,fake,gtts,concatenative_tts,test_unseen
gtts_0375,/kaggle/working/data/processed/fake/gtts/gtts_0375.wav,fake,gtts,concatenative_tts,test_unseen
gtts_0376,/kaggle/working/data/processed/fake/gtts/gtts_0376.wav,fake,gtts,concatenative_tts,test_unseen
gtts_0377,/kaggle/working/data/processed/fake/gtts/gtts_0377.wav,fake,gtts,concatenative_tts,test_unseen
gtts_0378,/kaggle/working/data/processed/fake/gtts/gtts_0378.wav,fake,gtts,concatenative_tts,test_unseen
gtts_0379,/kaggle/working/data/processed/fake/gtts/gtts_0379.wav,fake,gtts,concatenative_tts,test_unseen
gtts_0380,/kaggle/working/data/processed/fake/gtts/gtts_0380.wav,fake,gtts,concatenative_tts,test_unseen
gtts_0381,/kaggle/working/data/processed/fake/gtts/gtts_0381.wav,fake,gtts,concatenative_tts,test_unseen
gtts_0382,/kaggle/working/data/processed/fake/gtts/gtts_0382.wav,fake,gtts,concatenative_tts,test_unseen
gtts_0383,/kaggle/working/data/processed/fake/gtts/gtts_0383.wav,fake,gtts,concatenative_tts,test_unseen
gtts_0384,/kaggle/working/data/processed/fake/gtts/gtts_0384.wav,fake,gtts,concatenative_tts,test_unseen
gtts_0385,/kaggle/working/data/processed/fake/gtts/gtts_0385.wav,fake,gtts,concatenative_tts,test_unseen
gtts_0386,/kaggle/working/data/processed/fake/gtts/gtts_0386.wav,fake,gtts,concatenative_tts,test_unseen
gtts_0387,/kaggle/working/data/processed/fake/gtts/gtts_0387.wav,fake,gtts,concatenative_tts,test_unseen
gtts_0388,/kaggle/working/data/processed/fake/gtts/gtts_0388.wav,fake,gtts,concatenative_tts,test_unseen
gtts_0389,/kaggle/working/data/processed/fake/gtts/gtts_0389.wav,fake,gtts,concatenative_tts,test_unseen
gtts_0390,/kaggle/working/data/processed/fake/gtts/gtts_0390.wav,fake,gtts,concatenative_tts,test_unseen
gtts_0391,/kaggle/working/data/processed/fake/gtts/gtts_0391.wav,fake,gtts,concatenative_tts,test_unseen
gtts_0392,/kaggle/working/data/processed/fake/gtts/gtts_0392.wav,fake,gtts,concatenative_tts,test_unseen
gtts_0393,/kaggle/working/data/processed/fake/gtts/gtts_0393.wav,fake,gtts,concatenative_tts,test_unseen
gtts_0394,/kaggle/working/data/processed/fake/gtts/gtts_0394.wav,fake,gtts,concatenative_tts,test_unseen
gtts_0395,/kaggle/working/data/processed/fake/gtts/gtts_0395.wav,fake,gtts,concatenative_tts,test_unseen
gtts_0396,/kaggle/working/data/processed/fake/gtts/gtts_0396.wav,fake,gtts,concatenative_tts,test_unseen
gtts_0397,/kaggle/working/data/processed/fake/gtts/gtts_0397.wav,fake,gtts,concatenative_tts,test_unseen
gtts_0398,/kaggle/working/data/processed/fake/gtts/gtts_0398.wav,fake,gtts,concatenative_tts,test_unseen
gtts_0399,/kaggle/working/data/processed/fake/gtts/gtts_0399.wav,fake,gtts,concatenative_tts,test_unseen
gtts_0400,/kaggle/working/data/processed/fake/gtts/gtts_0400.wav,fake,gtts,concatenative_tts,test_unseen
gtts_0401,/kaggle/working/data/processed/fake/gtts/gtts_0401.wav,fake,gtts,concatenative_tts,test_unseen
gtts_0402,/kaggle/working/data/processed/fake/gtts/gtts_0402.wav,fake,gtts,concatenative_tts,test_unseen
gtts_0403,/kaggle/working/data/processed/fake/gtts/gtts_0403.wav,fake,gtts,concatenative_tts,test_unseen
gtts_0404,/kaggle/working/data/processed/fake/gtts/gtts_0404.wav,fake,gtts,concatenative_tts,test_unseen
gtts_0405,/kaggle/working/data/processed/fake/gtts/gtts_0405.wav,fake,gtts,concatenative_tts,test_unseen
gtts_0406,/kaggle/working/data/processed/fake/gtts/gtts_0406.wav,fake,gtts,concatenative_tts,test_unseen
gtts_0407,/kaggle/working/data/processed/fake/gtts/gtts_0407.wav,fake,gtts,concatenative_tts,test_unseen
gtts_0408,/kaggle/working/data/processed/fake/gtts/gtts_0408.wav,fake,gtts,concatenative_tts,test_unseen
gtts_0409,/kaggle/working/data/processed/fake/gtts/gtts_0409.wav,fake,gtts,concatenative_tts,test_unseen
gtts_0410,/kaggle/working/data/processed/fake/gtts/gtts_0410.wav,fake,gtts,concatenative_tts,test_unseen
gtts_0411,/kaggle/working/data/processed/fake/gtts/gtts_0411.wav,fake,gtts,concatenative_tts,test_unseen
gtts_0412,/kaggle/working/data/processed/fake/gtts/gtts_0412.wav,fake,gtts,concatenative_tts,test_unseen
gtts_0413,/kaggle/working/data/processed/fake/gtts/gtts_0413.wav,fake,gtts,concatenative_tts,test_unseen
gtts_0414,/kaggle/working/data/processed/fake/gtts/gtts_0414.wav,fake,gtts,concatenative_tts,test_unseen
gtts_0415,/kaggle/working/data/processed/fake/gtts/gtts_0415.wav,fake,gtts,concatenative_tts,test_unseen
gtts_0416,/kaggle/working/data/processed/fake/gtts/gtts_0416.wav,fake,gtts,concatenative_tts,test_unseen
gtts_0417,/kaggle/working/data/processed/fake/gtts/gtts_0417.wav,fake,gtts,concatenative_tts,test_unseen
gtts_0418,/kaggle/working/data/processed/fake/gtts/gtts_0418.wav,fake,gtts,concatenative_tts,test_unseen
gtts_0419,/kaggle/working/data/processed/fake/gtts/gtts_0419.wav,fake,gtts,concatenative_tts,test_unseen
gtts_0420,/kaggle/working/data/processed/fake/gtts/gtts_0420.wav,fake,gtts,concatenative_tts,test_unseen
gtts_0421,/kaggle/working/data/processed/fake/gtts/gtts_0421.wav,fake,gtts,concatenative_tts,test_unseen
gtts_0422,/kaggle/working/data/processed/fake/gtts/gtts_0422.wav,fake,gtts,concatenative_tts,test_unseen
gtts_0423,/kaggle/working/data/processed/fake/gtts/gtts_0423.wav,fake,gtts,concatenative_tts,test_unseen
gtts_0424,/kaggle/working/data/processed/fake/gtts/gtts_0424.wav,fake,gtts,concatenative_tts,test_unseen
gtts_0425,/kaggle/working/data/processed/fake/gtts/gtts_0425.wav,fake,gtts,concatenative_tts,test_unseen
gtts_0426,/kaggle/working/data/processed/fake/gtts/gtts_0426.wav,fake,gtts,concatenative_tts,test_unseen
gtts_0427,/kaggle/working/data/processed/fake/gtts/gtts_0427.wav,fake,gtts,concatenative_tts,test_unseen
gtts_0428,/kaggle/working/data/processed/fake/gtts/gtts_0428.wav,fake,gtts,concatenative_tts,test_unseen
gtts_0429,/kaggle/working/data/processed/fake/gtts/gtts_0429.wav,fake,gtts,concatenative_tts,test_unseen
gtts_0430,/kaggle/working/data/processed/fake/gtts/gtts_0430.wav,fake,gtts,concatenative_tts,test_unseen
gtts_0431,/kaggle/working/data/processed/fake/gtts/gtts_0431.wav,fake,gtts,concatenative_tts,test_unseen
gtts_0432,/kaggle/working/data/processed/fake/gtts/gtts_0432.wav,fake,gtts,concatenative_tts,test_unseen
gtts_0433,/kaggle/working/data/processed/fake/gtts/gtts_0433.wav,fake,gtts,concatenative_tts,test_unseen
gtts_0434,/kaggle/working/data/processed/fake/gtts/gtts_0434.wav,fake,gtts,concatenative_tts,test_unseen
gtts_0435,/kaggle/working/data/processed/fake/gtts/gtts_0435.wav,fake,gtts,concatenative_tts,test_unseen
gtts_0436,/kaggle/working/data/processed/fake/gtts/gtts_0436.wav,fake,gtts,concatenative_tts,test_unseen
gtts_0437,/kaggle/working/data/processed/fake/gtts/gtts_0437.wav,fake,gtts,concatenative_tts,test_unseen
gtts_0438,/kaggle/working/data/processed/fake/gtts/gtts_0438.wav,fake,gtts,concatenative_tts,test_unseen
gtts_0439,/kaggle/working/data/processed/fake/gtts/gtts_0439.wav,fake,gtts,concatenative_tts,test_unseen
gtts_0440,/kaggle/working/data/processed/fake/gtts/gtts_0440.wav,fake,gtts,concatenative_tts,test_unseen
gtts_0441,/kaggle/working/data/processed/fake/gtts/gtts_0441.wav,fake,gtts,concatenative_tts,test_unseen
gtts_0442,/kaggle/working/data/processed/fake/gtts/gtts_0442.wav,fake,gtts,concatenative_tts,test_unseen
gtts_0443,/kaggle/working/data/processed/fake/gtts/gtts_0443.wav,fake,gtts,concatenative_tts,test_unseen
gtts_0444,/kaggle/working/data/processed/fake/gtts/gtts_0444.wav,fake,gtts,concatenative_tts,test_unseen
gtts_0445,/kaggle/working/data/processed/fake/gtts/gtts_0445.wav,fake,gtts,concatenative_tts,test_unseen
gtts_0446,/kaggle/working/data/processed/fake/gtts/gtts_0446.wav,fake,gtts,concatenative_tts,test_unseen
gtts_0447,/kaggle/working/data/processed/fake/gtts/gtts_0447.wav,fake,gtts,concatenative_tts,test_unseen
gtts_0448,/kaggle/working/data/processed/fake/gtts/gtts_0448.wav,fake,gtts,concatenative_tts,test_unseen
gtts_0449,/kaggle/working/data/processed/fake/gtts/gtts_0449.wav,fake,gtts,concatenative_tts,test_unseen
gtts_0450,/kaggle/working/data/processed/fake/gtts/gtts_0450.wav,fake,gtts,concatenative_tts,test_unseen
gtts_0451,/kaggle/working/data/processed/fake/gtts/gtts_0451.wav,fake,gtts,concatenative_tts,test_unseen
gtts_0452,/kaggle/working/data/processed/fake/gtts/gtts_0452.wav,fake,gtts,concatenative_tts,test_unseen
gtts_0453,/kaggle/working/data/processed/fake/gtts/gtts_0453.wav,fake,gtts,concatenative_tts,test_unseen
gtts_0454,/kaggle/working/data/processed/fake/gtts/gtts_0454.wav,fake,gtts,concatenative_tts,test_unseen
gtts_0455,/kaggle/working/data/processed/fake/gtts/gtts_0455.wav,fake,gtts,concatenative_tts,test_unseen
gtts_0456,/kaggle/working/data/processed/fake/gtts/gtts_0456.wav,fake,gtts,concatenative_tts,test_unseen
gtts_0457,/kaggle/working/data/processed/fake/gtts/gtts_0457.wav,fake,gtts,concatenative_tts,test_unseen
gtts_0458,/kaggle/working/data/processed/fake/gtts/gtts_0458.wav,fake,gtts,concatenative_tts,test_unseen
gtts_0459,/kaggle/working/data/processed/fake/gtts/gtts_0459.wav,fake,gtts,concatenative_tts,test_unseen
gtts_0460,/kaggle/working/data/processed/fake/gtts/gtts_0460.wav,fake,gtts,concatenative_tts,test_unseen
gtts_0461,/kaggle/working/data/processed/fake/gtts/gtts_0461.wav,fake,gtts,concatenative_tts,test_unseen
gtts_0462,/kaggle/working/data/processed/fake/gtts/gtts_0462.wav,fake,gtts,concatenative_tts,test_unseen
gtts_0463,/kaggle/working/data/processed/fake/gtts/gtts_0463.wav,fake,gtts,concatenative_tts,test_unseen
gtts_0464,/kaggle/working/data/processed/fake/gtts/gtts_0464.wav,fake,gtts,concatenative_tts,test_unseen
gtts_0465,/kaggle/working/data/processed/fake/gtts/gtts_0465.wav,fake,gtts,concatenative_tts,test_unseen
gtts_0466,/kaggle/working/data/processed/fake/gtts/gtts_0466.wav,fake,gtts,concatenative_tts,test_unseen
gtts_0467,/kaggle/working/data/processed/fake/gtts/gtts_0467.wav,fake,gtts,concatenative_tts,test_unseen
gtts_0468,/kaggle/working/data/processed/fake/gtts/gtts_0468.wav,fake,gtts,concatenative_tts,test_unseen
gtts_0469,/kaggle/working/data/processed/fake/gtts/gtts_0469.wav,fake,gtts,concatenative_tts,test_unseen
gtts_0470,/kaggle/working/data/processed/fake/gtts/gtts_0470.wav,fake,gtts,concatenative_tts,test_unseen
gtts_0471,/kaggle/working/data/processed/fake/gtts/gtts_0471.wav,fake,gtts,concatenative_tts,test_unseen
gtts_0472,/kaggle/working/data/processed/fake/gtts/gtts_0472.wav,fake,gtts,concatenative_tts,test_unseen
gtts_0473,/kaggle/working/data/processed/fake/gtts/gtts_0473.wav,fake,gtts,concatenative_tts,test_unseen
gtts_0474,/kaggle/working/data/processed/fake/gtts/gtts_0474.wav,fake,gtts,concatenative_tts,test_unseen
gtts_0475,/kaggle/working/data/processed/fake/gtts/gtts_0475.wav,fake,gtts,concatenative_tts,test_unseen
gtts_0476,/kaggle/working/data/processed/fake/gtts/gtts_0476.wav,fake,gtts,concatenative_tts,test_unseen
gtts_0477,/kaggle/working/data/processed/fake/gtts/gtts_0477.wav,fake,gtts,concatenative_tts,test_unseen
gtts_0478,/kaggle/working/data/processed/fake/gtts/gtts_0478.wav,fake,gtts,concatenative_tts,test_unseen
gtts_0479,/kaggle/working/data/processed/fake/gtts/gtts_0479.wav,fake,gtts,concatenative_tts,test_unseen
gtts_0480,/kaggle/working/data/processed/fake/gtts/gtts_0480.wav,fake,gtts,concatenative_tts,test_unseen
gtts_0481,/kaggle/working/data/processed/fake/gtts/gtts_0481.wav,fake,gtts,concatenative_tts,test_unseen
gtts_0482,/kaggle/working/data/processed/fake/gtts/gtts_0482.wav,fake,gtts,concatenative_tts,test_unseen
gtts_0483,/kaggle/working/data/processed/fake/gtts/gtts_0483.wav,fake,gtts,concatenative_tts,test_unseen
gtts_0484,/kaggle/working/data/processed/fake/gtts/gtts_0484.wav,fake,gtts,concatenative_tts,test_unseen
gtts_0485,/kaggle/working/data/processed/fake/gtts/gtts_0485.wav,fake,gtts,concatenative_tts,test_unseen
gtts_0486,/kaggle/working/data/processed/fake/gtts/gtts_0486.wav,fake,gtts,concatenative_tts,test_unseen
gtts_0487,/kaggle/working/data/processed/fake/gtts/gtts_0487.wav,fake,gtts,concatenative_tts,test_unseen
gtts_0488,/kaggle/working/data/processed/fake/gtts/gtts_0488.wav,fake,gtts,concatenative_tts,test_unseen
gtts_0489,/kaggle/working/data/processed/fake/gtts/gtts_0489.wav,fake,gtts,concatenative_tts,test_unseen
gtts_0490,/kaggle/working/data/processed/fake/gtts/gtts_0490.wav,fake,gtts,concatenative_tts,test_unseen
gtts_0491,/kaggle/working/data/processed/fake/gtts/gtts_0491.wav,fake,gtts,concatenative_tts,test_unseen
gtts_0492,/kaggle/working/data/processed/fake/gtts/gtts_0492.wav,fake,gtts,concatenative_tts,test_unseen
gtts_0493,/kaggle/working/data/processed/fake/gtts/gtts_0493.wav,fake,gtts,concatenative_tts,test_unseen
gtts_0494,/kaggle/working/data/processed/fake/gtts/gtts_0494.wav,fake,gtts,concatenative_tts,test_unseen
gtts_0495,/kaggle/working/data/processed/fake/gtts/gtts_0495.wav,fake,gtts,concatenative_tts,test_unseen
gtts_0496,/kaggle/working/data/processed/fake/gtts/gtts_0496.wav,fake,gtts,concatenative_tts,test_unseen
gtts_0497,/kaggle/working/data/processed/fake/gtts/gtts_0497.wav,fake,gtts,concatenative_tts,test_unseen
gtts_0498,/kaggle/working/data/processed/fake/gtts/gtts_0498.wav,fake,gtts,concatenative_tts,test_unseen
gtts_0499,/kaggle/working/data/processed/fake/gtts/gtts_0499.wav,fake,gtts,concatenative_tts,test_unseen
gtts_0500,/kaggle/working/data/processed/fake/gtts/gtts_0500.wav,fake,gtts,concatenative_tts,test_unseen
gtts_0501,/kaggle/working/data/processed/fake/gtts/gtts_0501.wav,fake,gtts,concatenative_tts,test_unseen
gtts_0502,/kaggle/working/data/processed/fake/gtts/gtts_0502.wav,fake,gtts,concatenative_tts,test_unseen
gtts_0503,/kaggle/working/data/processed/fake/gtts/gtts_0503.wav,fake,gtts,concatenative_tts,test_unseen
gtts_0504,/kaggle/working/data/processed/fake/gtts/gtts_0504.wav,fake,gtts,concatenative_tts,test_unseen
gtts_0505,/kaggle/working/data/processed/fake/gtts/gtts_0505.wav,fake,gtts,concatenative_tts,test_unseen
gtts_0506,/kaggle/working/data/processed/fake/gtts/gtts_0506.wav,fake,gtts,concatenative_tts,test_unseen
gtts_0507,/kaggle/working/data/processed/fake/gtts/gtts_0507.wav,fake,gtts,concatenative_tts,test_unseen
gtts_0508,/kaggle/working/data/processed/fake/gtts/gtts_0508.wav,fake,gtts,concatenative_tts,test_unseen
gtts_0509,/kaggle/working/data/processed/fake/gtts/gtts_0509.wav,fake,gtts,concatenative_tts,test_unseen
gtts_0510,/kaggle/working/data/processed/fake/gtts/gtts_0510.wav,fake,gtts,concatenative_tts,test_unseen
gtts_0511,/kaggle/working/data/processed/fake/gtts/gtts_0511.wav,fake,gtts,concatenative_tts,test_unseen
gtts_0512,/kaggle/working/data/processed/fake/gtts/gtts_0512.wav,fake,gtts,concatenative_tts,test_unseen
gtts_0513,/kaggle/working/data/processed/fake/gtts/gtts_0513.wav,fake,gtts,concatenative_tts,test_unseen
gtts_0514,/kaggle/working/data/processed/fake/gtts/gtts_0514.wav,fake,gtts,concatenative_tts,test_unseen
gtts_0515,/kaggle/working/data/processed/fake/gtts/gtts_0515.wav,fake,gtts,concatenative_tts,test_unseen
gtts_0516,/kaggle/working/data/processed/fake/gtts/gtts_0516.wav,fake,gtts,concatenative_tts,test_unseen
gtts_0517,/kaggle/working/data/processed/fake/gtts/gtts_0517.wav,fake,gtts,concatenative_tts,test_unseen
gtts_0518,/kaggle/working/data/processed/fake/gtts/gtts_0518.wav,fake,gtts,concatenative_tts,test_unseen
gtts_0519,/kaggle/working/data/processed/fake/gtts/gtts_0519.wav,fake,gtts,concatenative_tts,test_unseen
gtts_0520,/kaggle/working/data/processed/fake/gtts/gtts_0520.wav,fake,gtts,concatenative_tts,test_unseen
gtts_0521,/kaggle/working/data/processed/fake/gtts/gtts_0521.wav,fake,gtts,concatenative_tts,test_unseen
gtts_0522,/kaggle/working/data/processed/fake/gtts/gtts_0522.wav,fake,gtts,concatenative_tts,test_unseen
gtts_0523,/kaggle/working/data/processed/fake/gtts/gtts_0523.wav,fake,gtts,concatenative_tts,test_unseen
gtts_0524,/kaggle/working/data/processed/fake/gtts/gtts_0524.wav,fake,gtts,concatenative_tts,test_unseen
gtts_0525,/kaggle/working/data/processed/fake/gtts/gtts_0525.wav,fake,gtts,concatenative_tts,test_unseen
gtts_0526,/kaggle/working/data/processed/fake/gtts/gtts_0526.wav,fake,gtts,concatenative_tts,test_unseen
gtts_0527,/kaggle/working/data/processed/fake/gtts/gtts_0527.wav,fake,gtts,concatenative_tts,test_unseen
gtts_0528,/kaggle/working/data/processed/fake/gtts/gtts_0528.wav,fake,gtts,concatenative_tts,test_unseen
gtts_0529,/kaggle/working/data/processed/fake/gtts/gtts_0529.wav,fake,gtts,concatenative_tts,test_unseen
gtts_0530,/kaggle/working/data/processed/fake/gtts/gtts_0530.wav,fake,gtts,concatenative_tts,test_unseen
gtts_0531,/kaggle/working/data/processed/fake/gtts/gtts_0531.wav,fake,gtts,concatenative_tts,test_unseen
gtts_0532,/kaggle/working/data/processed/fake/gtts/gtts_0532.wav,fake,gtts,concatenative_tts,test_unseen
gtts_0533,/kaggle/working/data/processed/fake/gtts/gtts_0533.wav,fake,gtts,concatenative_tts,test_unseen
gtts_0534,/kaggle/working/data/processed/fake/gtts/gtts_0534.wav,fake,gtts,concatenative_tts,test_unseen
gtts_0535,/kaggle/working/data/processed/fake/gtts/gtts_0535.wav,fake,gtts,concatenative_tts,test_unseen
gtts_0536,/kaggle/working/data/processed/fake/gtts/gtts_0536.wav,fake,gtts,concatenative_tts,test_unseen
gtts_0537,/kaggle/working/data/processed/fake/gtts/gtts_0537.wav,fake,gtts,concatenative_tts,test_unseen
gtts_0538,/kaggle/working/data/processed/fake/gtts/gtts_0538.wav,fake,gtts,concatenative_tts,test_unseen
gtts_0539,/kaggle/working/data/processed/fake/gtts/gtts_0539.wav,fake,gtts,concatenative_tts,test_unseen
gtts_0540,/kaggle/working/data/processed/fake/gtts/gtts_0540.wav,fake,gtts,concatenative_tts,test_unseen
gtts_0541,/kaggle/working/data/processed/fake/gtts/gtts_0541.wav,fake,gtts,concatenative_tts,test_unseen
gtts_0542,/kaggle/working/data/processed/fake/gtts/gtts_0542.wav,fake,gtts,concatenative_tts,test_unseen
gtts_0543,/kaggle/working/data/processed/fake/gtts/gtts_0543.wav,fake,gtts,concatenative_tts,test_unseen
gtts_0544,/kaggle/working/data/processed/fake/gtts/gtts_0544.wav,fake,gtts,concatenative_tts,test_unseen
gtts_0545,/kaggle/working/data/processed/fake/gtts/gtts_0545.wav,fake,gtts,concatenative_tts,test_unseen
gtts_0546,/kaggle/working/data/processed/fake/gtts/gtts_0546.wav,fake,gtts,concatenative_tts,test_unseen
gtts_0547,/kaggle/working/data/processed/fake/gtts/gtts_0547.wav,fake,gtts,concatenative_tts,test_unseen
gtts_0548,/kaggle/working/data/processed/fake/gtts/gtts_0548.wav,fake,gtts,concatenative_tts,test_unseen
gtts_0549,/kaggle/working/data/processed/fake/gtts/gtts_0549.wav,fake,gtts,concatenative_tts,test_unseen
gtts_0550,/kaggle/working/data/processed/fake/gtts/gtts_0550.wav,fake,gtts,concatenative_tts,test_unseen
gtts_0551,/kaggle/working/data/processed/fake/gtts/gtts_0551.wav,fake,gtts,concatenative_tts,test_unseen
gtts_0552,/kaggle/working/data/processed/fake/gtts/gtts_0552.wav,fake,gtts,concatenative_tts,test_unseen
gtts_0553,/kaggle/working/data/processed/fake/gtts/gtts_0553.wav,fake,gtts,concatenative_tts,test_unseen
gtts_0554,/kaggle/working/data/processed/fake/gtts/gtts_0554.wav,fake,gtts,concatenative_tts,test_unseen
gtts_0555,/kaggle/working/data/processed/fake/gtts/gtts_0555.wav,fake,gtts,concatenative_tts,test_unseen
gtts_0556,/kaggle/working/data/processed/fake/gtts/gtts_0556.wav,fake,gtts,concatenative_tts,test_unseen
gtts_0557,/kaggle/working/data/processed/fake/gtts/gtts_0557.wav,fake,gtts,concatenative_tts,test_unseen
gtts_0558,/kaggle/working/data/processed/fake/gtts/gtts_0558.wav,fake,gtts,concatenative_tts,test_unseen
gtts_0559,/kaggle/working/data/processed/fake/gtts/gtts_0559.wav,fake,gtts,concatenative_tts,test_unseen
gtts_0560,/kaggle/working/data/processed/fake/gtts/gtts_0560.wav,fake,gtts,concatenative_tts,test_unseen
gtts_0561,/kaggle/working/data/processed/fake/gtts/gtts_0561.wav,fake,gtts,concatenative_tts,test_unseen
gtts_0562,/kaggle/working/data/processed/fake/gtts/gtts_0562.wav,fake,gtts,concatenative_tts,test_unseen
gtts_0563,/kaggle/working/data/processed/fake/gtts/gtts_0563.wav,fake,gtts,concatenative_tts,test_unseen
gtts_0564,/kaggle/working/data/processed/fake/gtts/gtts_0564.wav,fake,gtts,concatenative_tts,test_unseen
gtts_0565,/kaggle/working/data/processed/fake/gtts/gtts_0565.wav,fake,gtts,concatenative_tts,test_unseen
gtts_0566,/kaggle/working/data/processed/fake/gtts/gtts_0566.wav,fake,gtts,concatenative_tts,test_unseen
gtts_0567,/kaggle/working/data/processed/fake/gtts/gtts_0567.wav,fake,gtts,concatenative_tts,test_unseen
gtts_0568,/kaggle/working/data/processed/fake/gtts/gtts_0568.wav,fake,gtts,concatenative_tts,test_unseen
gtts_0569,/kaggle/working/data/processed/fake/gtts/gtts_0569.wav,fake,gtts,concatenative_tts,test_unseen
gtts_0570,/kaggle/working/data/processed/fake/gtts/gtts_0570.wav,fake,gtts,concatenative_tts,test_unseen
gtts_0571,/kaggle/working/data/processed/fake/gtts/gtts_0571.wav,fake,gtts,concatenative_tts,test_unseen
gtts_0572,/kaggle/working/data/processed/fake/gtts/gtts_0572.wav,fake,gtts,concatenative_tts,test_unseen
gtts_0573,/kaggle/working/data/processed/fake/gtts/gtts_0573.wav,fake,gtts,concatenative_tts,test_unseen
gtts_0574,/kaggle/working/data/processed/fake/gtts/gtts_0574.wav,fake,gtts,concatenative_tts,test_unseen
gtts_0575,/kaggle/working/data/processed/fake/gtts/gtts_0575.wav,fake,gtts,concatenative_tts,test_unseen
gtts_0576,/kaggle/working/data/processed/fake/gtts/gtts_0576.wav,fake,gtts,concatenative_tts,test_unseen
gtts_0577,/kaggle/working/data/processed/fake/gtts/gtts_0577.wav,fake,gtts,concatenative_tts,test_unseen
gtts_0578,/kaggle/working/data/processed/fake/gtts/gtts_0578.wav,fake,gtts,concatenative_tts,test_unseen
gtts_0579,/kaggle/working/data/processed/fake/gtts/gtts_0579.wav,fake,gtts,concatenative_tts,test_unseen
gtts_0580,/kaggle/working/data/processed/fake/gtts/gtts_0580.wav,fake,gtts,concatenative_tts,test_unseen
gtts_0581,/kaggle/working/data/processed/fake/gtts/gtts_0581.wav,fake,gtts,concatenative_tts,test_unseen
gtts_0582,/kaggle/working/data/processed/fake/gtts/gtts_0582.wav,fake,gtts,concatenative_tts,test_unseen
gtts_0583,/kaggle/working/data/processed/fake/gtts/gtts_0583.wav,fake,gtts,concatenative_tts,test_unseen
gtts_0584,/kaggle/working/data/processed/fake/gtts/gtts_0584.wav,fake,gtts,concatenative_tts,test_unseen
gtts_0585,/kaggle/working/data/processed/fake/gtts/gtts_0585.wav,fake,gtts,concatenative_tts,test_unseen
gtts_0586,/kaggle/working/data/processed/fake/gtts/gtts_0586.wav,fake,gtts,concatenative_tts,test_unseen
gtts_0587,/kaggle/working/data/processed/fake/gtts/gtts_0587.wav,fake,gtts,concatenative_tts,test_unseen
gtts_0588,/kaggle/working/data/processed/fake/gtts/gtts_0588.wav,fake,gtts,concatenative_tts,test_unseen
gtts_0589,/kaggle/working/data/processed/fake/gtts/gtts_0589.wav,fake,gtts,concatenative_tts,test_unseen
gtts_0590,/kaggle/working/data/processed/fake/gtts/gtts_0590.wav,fake,gtts,concatenative_tts,test_unseen
gtts_0591,/kaggle/working/data/processed/fake/gtts/gtts_0591.wav,fake,gtts,concatenative_tts,test_unseen
gtts_0592,/kaggle/working/data/processed/fake/gtts/gtts_0592.wav,fake,gtts,concatenative_tts,test_unseen
gtts_0593,/kaggle/working/data/processed/fake/gtts/gtts_0593.wav,fake,gtts,concatenative_tts,test_unseen
gtts_0594,/kaggle/working/data/processed/fake/gtts/gtts_0594.wav,fake,gtts,concatenative_tts,test_unseen
gtts_0595,/kaggle/working/data/processed/fake/gtts/gtts_0595.wav,fake,gtts,concatenative_tts,test_unseen
gtts_0596,/kaggle/working/data/processed/fake/gtts/gtts_0596.wav,fake,gtts,concatenative_tts,test_unseen
gtts_0597,/kaggle/working/data/processed/fake/gtts/gtts_0597.wav,fake,gtts,concatenative_tts,test_unseen
gtts_0598,/kaggle/working/data/processed/fake/gtts/gtts_0598.wav,fake,gtts,concatenative_tts,test_unseen
gtts_0599,/kaggle/working/data/processed/fake/gtts/gtts_0599.wav,fake,gtts,concatenative_tts,test_unseen
gtts_0600,/kaggle/working/data/processed/fake/gtts/gtts_0600.wav,fake,gtts,concatenative_tts,test_unseen
gtts_0601,/kaggle/working/data/processed/fake/gtts/gtts_0601.wav,fake,gtts,concatenative_tts,test_unseen
gtts_0602,/kaggle/working/data/processed/fake/gtts/gtts_0602.wav,fake,gtts,concatenative_tts,test_unseen
gtts_0603,/kaggle/working/data/processed/fake/gtts/gtts_0603.wav,fake,gtts,concatenative_tts,test_unseen
gtts_0604,/kaggle/working/data/processed/fake/gtts/gtts_0604.wav,fake,gtts,concatenative_tts,test_unseen
gtts_0605,/kaggle/working/data/processed/fake/gtts/gtts_0605.wav,fake,gtts,concatenative_tts,test_unseen
gtts_0606,/kaggle/working/data/processed/fake/gtts/gtts_0606.wav,fake,gtts,concatenative_tts,test_unseen
gtts_0607,/kaggle/working/data/processed/fake/gtts/gtts_0607.wav,fake,gtts,concatenative_tts,test_unseen
gtts_0608,/kaggle/working/data/processed/fake/gtts/gtts_0608.wav,fake,gtts,concatenative_tts,test_unseen
gtts_0609,/kaggle/working/data/processed/fake/gtts/gtts_0609.wav,fake,gtts,concatenative_tts,test_unseen
gtts_0610,/kaggle/working/data/processed/fake/gtts/gtts_0610.wav,fake,gtts,concatenative_tts,test_unseen
gtts_0611,/kaggle/working/data/processed/fake/gtts/gtts_0611.wav,fake,gtts,concatenative_tts,test_unseen
gtts_0612,/kaggle/working/data/processed/fake/gtts/gtts_0612.wav,fake,gtts,concatenative_tts,test_unseen
gtts_0613,/kaggle/working/data/processed/fake/gtts/gtts_0613.wav,fake,gtts,concatenative_tts,test_unseen
gtts_0614,/kaggle/working/data/processed/fake/gtts/gtts_0614.wav,fake,gtts,concatenative_tts,test_unseen
gtts_0615,/kaggle/working/data/processed/fake/gtts/gtts_0615.wav,fake,gtts,concatenative_tts,test_unseen
gtts_0616,/kaggle/working/data/processed/fake/gtts/gtts_0616.wav,fake,gtts,concatenative_tts,test_unseen
gtts_0617,/kaggle/working/data/processed/fake/gtts/gtts_0617.wav,fake,gtts,concatenative_tts,test_unseen
gtts_0618,/kaggle/working/data/processed/fake/gtts/gtts_0618.wav,fake,gtts,concatenative_tts,test_unseen
gtts_0619,/kaggle/working/data/processed/fake/gtts/gtts_0619.wav,fake,gtts,concatenative_tts,test_unseen
gtts_0620,/kaggle/working/data/processed/fake/gtts/gtts_0620.wav,fake,gtts,concatenative_tts,test_unseen
gtts_0621,/kaggle/working/data/processed/fake/gtts/gtts_0621.wav,fake,gtts,concatenative_tts,test_unseen
gtts_0622,/kaggle/working/data/processed/fake/gtts/gtts_0622.wav,fake,gtts,concatenative_tts,test_unseen
gtts_0623,/kaggle/working/data/processed/fake/gtts/gtts_0623.wav,fake,gtts,concatenative_tts,test_unseen
gtts_0624,/kaggle/working/data/processed/fake/gtts/gtts_0624.wav,fake,gtts,concatenative_tts,test_unseen
gtts_0625,/kaggle/working/data/processed/fake/gtts/gtts_0625.wav,fake,gtts,concatenative_tts,test_unseen
gtts_0626,/kaggle/working/data/processed/fake/gtts/gtts_0626.wav,fake,gtts,concatenative_tts,test_unseen
gtts_0627,/kaggle/working/data/processed/fake/gtts/gtts_0627.wav,fake,gtts,concatenative_tts,test_unseen
gtts_0628,/kaggle/working/data/processed/fake/gtts/gtts_0628.wav,fake,gtts,concatenative_tts,test_unseen
gtts_0629,/kaggle/working/data/processed/fake/gtts/gtts_0629.wav,fake,gtts,concatenative_tts,test_unseen
gtts_0630,/kaggle/working/data/processed/fake/gtts/gtts_0630.wav,fake,gtts,concatenative_tts,test_unseen
gtts_0631,/kaggle/working/data/processed/fake/gtts/gtts_0631.wav,fake,gtts,concatenative_tts,test_unseen
gtts_0632,/kaggle/working/data/processed/fake/gtts/gtts_0632.wav,fake,gtts,concatenative_tts,test_unseen
gtts_0633,/kaggle/working/data/processed/fake/gtts/gtts_0633.wav,fake,gtts,concatenative_tts,test_unseen
gtts_0634,/kaggle/working/data/processed/fake/gtts/gtts_0634.wav,fake,gtts,concatenative_tts,test_unseen
gtts_0635,/kaggle/working/data/processed/fake/gtts/gtts_0635.wav,fake,gtts,concatenative_tts,test_unseen
gtts_0636,/kaggle/working/data/processed/fake/gtts/gtts_0636.wav,fake,gtts,concatenative_tts,test_unseen
gtts_0637,/kaggle/working/data/processed/fake/gtts/gtts_0637.wav,fake,gtts,concatenative_tts,test_unseen
gtts_0638,/kaggle/working/data/processed/fake/gtts/gtts_0638.wav,fake,gtts,concatenative_tts,test_unseen
gtts_0639,/kaggle/working/data/processed/fake/gtts/gtts_0639.wav,fake,gtts,concatenative_tts,test_unseen
gtts_0640,/kaggle/working/data/processed/fake/gtts/gtts_0640.wav,fake,gtts,concatenative_tts,test_unseen
gtts_0641,/kaggle/working/data/processed/fake/gtts/gtts_0641.wav,fake,gtts,concatenative_tts,test_unseen
gtts_0642,/kaggle/working/data/processed/fake/gtts/gtts_0642.wav,fake,gtts,concatenative_tts,test_unseen
gtts_0643,/kaggle/working/data/processed/fake/gtts/gtts_0643.wav,fake,gtts,concatenative_tts,test_unseen
gtts_0644,/kaggle/working/data/processed/fake/gtts/gtts_0644.wav,fake,gtts,concatenative_tts,test_unseen
gtts_0645,/kaggle/working/data/processed/fake/gtts/gtts_0645.wav,fake,gtts,concatenative_tts,test_unseen
gtts_0646,/kaggle/working/data/processed/fake/gtts/gtts_0646.wav,fake,gtts,concatenative_tts,test_unseen
gtts_0647,/kaggle/working/data/processed/fake/gtts/gtts_0647.wav,fake,gtts,concatenative_tts,test_unseen
gtts_0648,/kaggle/working/data/processed/fake/gtts/gtts_0648.wav,fake,gtts,concatenative_tts,test_unseen
gtts_0649,/kaggle/working/data/processed/fake/gtts/gtts_0649.wav,fake,gtts,concatenative_tts,test_unseen
gtts_0650,/kaggle/working/data/processed/fake/gtts/gtts_0650.wav,fake,gtts,concatenative_tts,test_unseen
gtts_0651,/kaggle/working/data/processed/fake/gtts/gtts_0651.wav,fake,gtts,concatenative_tts,test_unseen
gtts_0652,/kaggle/working/data/processed/fake/gtts/gtts_0652.wav,fake,gtts,concatenative_tts,test_unseen
gtts_0653,/kaggle/working/data/processed/fake/gtts/gtts_0653.wav,fake,gtts,concatenative_tts,test_unseen
gtts_0654,/kaggle/working/data/processed/fake/gtts/gtts_0654.wav,fake,gtts,concatenative_tts,test_unseen
gtts_0655,/kaggle/working/data/processed/fake/gtts/gtts_0655.wav,fake,gtts,concatenative_tts,test_unseen
gtts_0656,/kaggle/working/data/processed/fake/gtts/gtts_0656.wav,fake,gtts,concatenative_tts,test_unseen
gtts_0657,/kaggle/working/data/processed/fake/gtts/gtts_0657.wav,fake,gtts,concatenative_tts,test_unseen
gtts_0658,/kaggle/working/data/processed/fake/gtts/gtts_0658.wav,fake,gtts,concatenative_tts,test_unseen
gtts_0659,/kaggle/working/data/processed/fake/gtts/gtts_0659.wav,fake,gtts,concatenative_tts,test_unseen
gtts_0660,/kaggle/working/data/processed/fake/gtts/gtts_0660.wav,fake,gtts,concatenative_tts,test_unseen
gtts_0661,/kaggle/working/data/processed/fake/gtts/gtts_0661.wav,fake,gtts,concatenative_tts,test_unseen
gtts_0662,/kaggle/working/data/processed/fake/gtts/gtts_0662.wav,fake,gtts,concatenative_tts,test_unseen
gtts_0663,/kaggle/working/data/processed/fake/gtts/gtts_0663.wav,fake,gtts,concatenative_tts,test_unseen
gtts_0664,/kaggle/working/data/processed/fake/gtts/gtts_0664.wav,fake,gtts,concatenative_tts,test_unseen
gtts_0665,/kaggle/working/data/processed/fake/gtts/gtts_0665.wav,fake,gtts,concatenative_tts,test_unseen
gtts_0666,/kaggle/working/data/processed/fake/gtts/gtts_0666.wav,fake,gtts,concatenative_tts,test_unseen
gtts_0667,/kaggle/working/data/processed/fake/gtts/gtts_0667.wav,fake,gtts,concatenative_tts,test_unseen
gtts_0668,/kaggle/working/data/processed/fake/gtts/gtts_0668.wav,fake,gtts,concatenative_tts,test_unseen
gtts_0669,/kaggle/working/data/processed/fake/gtts/gtts_0669.wav,fake,gtts,concatenative_tts,test_unseen
gtts_0670,/kaggle/working/data/processed/fake/gtts/gtts_0670.wav,fake,gtts,concatenative_tts,test_unseen
gtts_0671,/kaggle/working/data/processed/fake/gtts/gtts_0671.wav,fake,gtts,concatenative_tts,test_unseen
gtts_0672,/kaggle/working/data/processed/fake/gtts/gtts_0672.wav,fake,gtts,concatenative_tts,test_unseen
gtts_0673,/kaggle/working/data/processed/fake/gtts/gtts_0673.wav,fake,gtts,concatenative_tts,test_unseen
gtts_0674,/kaggle/working/data/processed/fake/gtts/gtts_0674.wav,fake,gtts,concatenative_tts,test_unseen
gtts_0675,/kaggle/working/data/processed/fake/gtts/gtts_0675.wav,fake,gtts,concatenative_tts,test_unseen
gtts_0676,/kaggle/working/data/processed/fake/gtts/gtts_0676.wav,fake,gtts,concatenative_tts,test_unseen
gtts_0677,/kaggle/working/data/processed/fake/gtts/gtts_0677.wav,fake,gtts,concatenative_tts,test_unseen
gtts_0678,/kaggle/working/data/processed/fake/gtts/gtts_0678.wav,fake,gtts,concatenative_tts,test_unseen
gtts_0679,/kaggle/working/data/processed/fake/gtts/gtts_0679.wav,fake,gtts,concatenative_tts,test_unseen
gtts_0680,/kaggle/working/data/processed/fake/gtts/gtts_0680.wav,fake,gtts,concatenative_tts,test_unseen
gtts_0681,/kaggle/working/data/processed/fake/gtts/gtts_0681.wav,fake,gtts,concatenative_tts,test_unseen
gtts_0682,/kaggle/working/data/processed/fake/gtts/gtts_0682.wav,fake,gtts,concatenative_tts,test_unseen
gtts_0683,/kaggle/working/data/processed/fake/gtts/gtts_0683.wav,fake,gtts,concatenative_tts,test_unseen
gtts_0684,/kaggle/working/data/processed/fake/gtts/gtts_0684.wav,fake,gtts,concatenative_tts,test_unseen
gtts_0685,/kaggle/working/data/processed/fake/gtts/gtts_0685.wav,fake,gtts,concatenative_tts,test_unseen
gtts_0686,/kaggle/working/data/processed/fake/gtts/gtts_0686.wav,fake,gtts,concatenative_tts,test_unseen
gtts_0687,/kaggle/working/data/processed/fake/gtts/gtts_0687.wav,fake,gtts,concatenative_tts,test_unseen
gtts_0688,/kaggle/working/data/processed/fake/gtts/gtts_0688.wav,fake,gtts,concatenative_tts,test_unseen
gtts_0689,/kaggle/working/data/processed/fake/gtts/gtts_0689.wav,fake,gtts,concatenative_tts,test_unseen
gtts_0690,/kaggle/working/data/processed/fake/gtts/gtts_0690.wav,fake,gtts,concatenative_tts,test_unseen
gtts_0691,/kaggle/working/data/processed/fake/gtts/gtts_0691.wav,fake,gtts,concatenative_tts,test_unseen
gtts_0692,/kaggle/working/data/processed/fake/gtts/gtts_0692.wav,fake,gtts,concatenative_tts,test_unseen
gtts_0693,/kaggle/working/data/processed/fake/gtts/gtts_0693.wav,fake,gtts,concatenative_tts,test_unseen
gtts_0694,/kaggle/working/data/processed/fake/gtts/gtts_0694.wav,fake,gtts,concatenative_tts,test_unseen
gtts_0695,/kaggle/working/data/processed/fake/gtts/gtts_0695.wav,fake,gtts,concatenative_tts,test_unseen
gtts_0696,/kaggle/working/data/processed/fake/gtts/gtts_0696.wav,fake,gtts,concatenative_tts,test_unseen
gtts_0697,/kaggle/working/data/processed/fake/gtts/gtts_0697.wav,fake,gtts,concatenative_tts,test_unseen
gtts_0698,/kaggle/working/data/processed/fake/gtts/gtts_0698.wav,fake,gtts,concatenative_tts,test_unseen
gtts_0699,/kaggle/working/data/processed/fake/gtts/gtts_0699.wav,fake,gtts,concatenative_tts,test_unseen
gtts_0700,/kaggle/working/data/processed/fake/gtts/gtts_0700.wav,fake,gtts,concatenative_tts,test_unseen
gtts_0701,/kaggle/working/data/processed/fake/gtts/gtts_0701.wav,fake,gtts,concatenative_tts,test_unseen
gtts_0702,/kaggle/working/data/processed/fake/gtts/gtts_0702.wav,fake,gtts,concatenative_tts,test_unseen
gtts_0703,/kaggle/working/data/processed/fake/gtts/gtts_0703.wav,fake,gtts,concatenative_tts,test_unseen
gtts_0704,/kaggle/working/data/processed/fake/gtts/gtts_0704.wav,fake,gtts,concatenative_tts,test_unseen
gtts_0705,/kaggle/working/data/processed/fake/gtts/gtts_0705.wav,fake,gtts,concatenative_tts,test_unseen
gtts_0706,/kaggle/working/data/processed/fake/gtts/gtts_0706.wav,fake,gtts,concatenative_tts,test_unseen
gtts_0707,/kaggle/working/data/processed/fake/gtts/gtts_0707.wav,fake,gtts,concatenative_tts,test_unseen
gtts_0708,/kaggle/working/data/processed/fake/gtts/gtts_0708.wav,fake,gtts,concatenative_tts,test_unseen
gtts_0709,/kaggle/working/data/processed/fake/gtts/gtts_0709.wav,fake,gtts,concatenative_tts,test_unseen
gtts_0710,/kaggle/working/data/processed/fake/gtts/gtts_0710.wav,fake,gtts,concatenative_tts,test_unseen
gtts_0711,/kaggle/working/data/processed/fake/gtts/gtts_0711.wav,fake,gtts,concatenative_tts,test_unseen
gtts_0712,/kaggle/working/data/processed/fake/gtts/gtts_0712.wav,fake,gtts,concatenative_tts,test_unseen
gtts_0713,/kaggle/working/data/processed/fake/gtts/gtts_0713.wav,fake,gtts,concatenative_tts,test_unseen
gtts_0714,/kaggle/working/data/processed/fake/gtts/gtts_0714.wav,fake,gtts,concatenative_tts,test_unseen
gtts_0715,/kaggle/working/data/processed/fake/gtts/gtts_0715.wav,fake,gtts,concatenative_tts,test_unseen
gtts_0716,/kaggle/working/data/processed/fake/gtts/gtts_0716.wav,fake,gtts,concatenative_tts,test_unseen
gtts_0717,/kaggle/working/data/processed/fake/gtts/gtts_0717.wav,fake,gtts,concatenative_tts,test_unseen
gtts_0718,/kaggle/working/data/processed/fake/gtts/gtts_0718.wav,fake,gtts,concatenative_tts,test_unseen
gtts_0719,/kaggle/working/data/processed/fake/gtts/gtts_0719.wav,fake,gtts,concatenative_tts,test_unseen
gtts_0720,/kaggle/working/data/processed/fake/gtts/gtts_0720.wav,fake,gtts,concatenative_tts,test_unseen
gtts_0721,/kaggle/working/data/processed/fake/gtts/gtts_0721.wav,fake,gtts,concatenative_tts,test_unseen
gtts_0722,/kaggle/working/data/processed/fake/gtts/gtts_0722.wav,fake,gtts,concatenative_tts,test_unseen
gtts_0723,/kaggle/working/data/processed/fake/gtts/gtts_0723.wav,fake,gtts,concatenative_tts,test_unseen
gtts_0724,/kaggle/working/data/processed/fake/gtts/gtts_0724.wav,fake,gtts,concatenative_tts,test_unseen
gtts_0725,/kaggle/working/data/processed/fake/gtts/gtts_0725.wav,fake,gtts,concatenative_tts,test_unseen
gtts_0726,/kaggle/working/data/processed/fake/gtts/gtts_0726.wav,fake,gtts,concatenative_tts,test_unseen
gtts_0727,/kaggle/working/data/processed/fake/gtts/gtts_0727.wav,fake,gtts,concatenative_tts,test_unseen
gtts_0728,/kaggle/working/data/processed/fake/gtts/gtts_0728.wav,fake,gtts,concatenative_tts,test_unseen
gtts_0729,/kaggle/working/data/processed/fake/gtts/gtts_0729.wav,fake,gtts,concatenative_tts,test_unseen
gtts_0730,/kaggle/working/data/processed/fake/gtts/gtts_0730.wav,fake,gtts,concatenative_tts,test_unseen
gtts_0731,/kaggle/working/data/processed/fake/gtts/gtts_0731.wav,fake,gtts,concatenative_tts,test_unseen
gtts_0732,/kaggle/working/data/processed/fake/gtts/gtts_0732.wav,fake,gtts,concatenative_tts,test_unseen
gtts_0733,/kaggle/working/data/processed/fake/gtts/gtts_0733.wav,fake,gtts,concatenative_tts,test_unseen
gtts_0734,/kaggle/working/data/processed/fake/gtts/gtts_0734.wav,fake,gtts,concatenative_tts,test_unseen
gtts_0735,/kaggle/working/data/processed/fake/gtts/gtts_0735.wav,fake,gtts,concatenative_tts,test_unseen
gtts_0736,/kaggle/working/data/processed/fake/gtts/gtts_0736.wav,fake,gtts,concatenative_tts,test_unseen
gtts_0737,/kaggle/working/data/processed/fake/gtts/gtts_0737.wav,fake,gtts,concatenative_tts,test_unseen
gtts_0738,/kaggle/working/data/processed/fake/gtts/gtts_0738.wav,fake,gtts,concatenative_tts,test_unseen
gtts_0739,/kaggle/working/data/processed/fake/gtts/gtts_0739.wav,fake,gtts,concatenative_tts,test_unseen
gtts_0740,/kaggle/working/data/processed/fake/gtts/gtts_0740.wav,fake,gtts,concatenative_tts,test_unseen
gtts_0741,/kaggle/working/data/processed/fake/gtts/gtts_0741.wav,fake,gtts,concatenative_tts,test_unseen
gtts_0742,/kaggle/working/data/processed/fake/gtts/gtts_0742.wav,fake,gtts,concatenative_tts,test_unseen
gtts_0743,/kaggle/working/data/processed/fake/gtts/gtts_0743.wav,fake,gtts,concatenative_tts,test_unseen
gtts_0744,/kaggle/working/data/processed/fake/gtts/gtts_0744.wav,fake,gtts,concatenative_tts,test_unseen
gtts_0745,/kaggle/working/data/processed/fake/gtts/gtts_0745.wav,fake,gtts,concatenative_tts,test_unseen
gtts_0746,/kaggle/working/data/processed/fake/gtts/gtts_0746.wav,fake,gtts,concatenative_tts,test_unseen
gtts_0747,/kaggle/working/data/processed/fake/gtts/gtts_0747.wav,fake,gtts,concatenative_tts,test_unseen
gtts_0748,/kaggle/working/data/processed/fake/gtts/gtts_0748.wav,fake,gtts,concatenative_tts,test_unseen
gtts_0749,/kaggle/working/data/processed/fake/gtts/gtts_0749.wav,fake,gtts,concatenative_tts,test_unseen
gtts_0750,/kaggle/working/data/processed/fake/gtts/gtts_0750.wav,fake,gtts,concatenative_tts,test_unseen
gtts_0751,/kaggle/working/data/processed/fake/gtts/gtts_0751.wav,fake,gtts,concatenative_tts,test_unseen
gtts_0752,/kaggle/working/data/processed/fake/gtts/gtts_0752.wav,fake,gtts,concatenative_tts,test_unseen
gtts_0753,/kaggle/working/data/processed/fake/gtts/gtts_0753.wav,fake,gtts,concatenative_tts,test_unseen
gtts_0754,/kaggle/working/data/processed/fake/gtts/gtts_0754.wav,fake,gtts,concatenative_tts,test_unseen
gtts_0755,/kaggle/working/data/processed/fake/gtts/gtts_0755.wav,fake,gtts,concatenative_tts,test_unseen
gtts_0756,/kaggle/working/data/processed/fake/gtts/gtts_0756.wav,fake,gtts,concatenative_tts,test_unseen
gtts_0757,/kaggle/working/data/processed/fake/gtts/gtts_0757.wav,fake,gtts,concatenative_tts,test_unseen
gtts_0758,/kaggle/working/data/processed/fake/gtts/gtts_0758.wav,fake,gtts,concatenative_tts,test_unseen
gtts_0759,/kaggle/working/data/processed/fake/gtts/gtts_0759.wav,fake,gtts,concatenative_tts,test_unseen
gtts_0760,/kaggle/working/data/processed/fake/gtts/gtts_0760.wav,fake,gtts,concatenative_tts,test_unseen
gtts_0761,/kaggle/working/data/processed/fake/gtts/gtts_0761.wav,fake,gtts,concatenative_tts,test_unseen
gtts_0762,/kaggle/working/data/processed/fake/gtts/gtts_0762.wav,fake,gtts,concatenative_tts,test_unseen
gtts_0763,/kaggle/working/data/processed/fake/gtts/gtts_0763.wav,fake,gtts,concatenative_tts,test_unseen
gtts_0764,/kaggle/working/data/processed/fake/gtts/gtts_0764.wav,fake,gtts,concatenative_tts,test_unseen
gtts_0765,/kaggle/working/data/processed/fake/gtts/gtts_0765.wav,fake,gtts,concatenative_tts,test_unseen
gtts_0766,/kaggle/working/data/processed/fake/gtts/gtts_0766.wav,fake,gtts,concatenative_tts,test_unseen
gtts_0767,/kaggle/working/data/processed/fake/gtts/gtts_0767.wav,fake,gtts,concatenative_tts,test_unseen
gtts_0768,/kaggle/working/data/processed/fake/gtts/gtts_0768.wav,fake,gtts,concatenative_tts,test_unseen
gtts_0769,/kaggle/working/data/processed/fake/gtts/gtts_0769.wav,fake,gtts,concatenative_tts,test_unseen
gtts_0770,/kaggle/working/data/processed/fake/gtts/gtts_0770.wav,fake,gtts,concatenative_tts,test_unseen
gtts_0771,/kaggle/working/data/processed/fake/gtts/gtts_0771.wav,fake,gtts,concatenative_tts,test_unseen
gtts_0772,/kaggle/working/data/processed/fake/gtts/gtts_0772.wav,fake,gtts,concatenative_tts,test_unseen
gtts_0773,/kaggle/working/data/processed/fake/gtts/gtts_0773.wav,fake,gtts,concatenative_tts,test_unseen
gtts_0774,/kaggle/working/data/processed/fake/gtts/gtts_0774.wav,fake,gtts,concatenative_tts,test_unseen
gtts_0775,/kaggle/working/data/processed/fake/gtts/gtts_0775.wav,fake,gtts,concatenative_tts,test_unseen
gtts_0776,/kaggle/working/data/processed/fake/gtts/gtts_0776.wav,fake,gtts,concatenative_tts,test_unseen
gtts_0777,/kaggle/working/data/processed/fake/gtts/gtts_0777.wav,fake,gtts,concatenative_tts,test_unseen
gtts_0778,/kaggle/working/data/processed/fake/gtts/gtts_0778.wav,fake,gtts,concatenative_tts,test_unseen
gtts_0779,/kaggle/working/data/processed/fake/gtts/gtts_0779.wav,fake,gtts,concatenative_tts,test_unseen
gtts_0780,/kaggle/working/data/processed/fake/gtts/gtts_0780.wav,fake,gtts,concatenative_tts,test_unseen
gtts_0781,/kaggle/working/data/processed/fake/gtts/gtts_0781.wav,fake,gtts,concatenative_tts,test_unseen
gtts_0782,/kaggle/working/data/processed/fake/gtts/gtts_0782.wav,fake,gtts,concatenative_tts,test_unseen
gtts_0783,/kaggle/working/data/processed/fake/gtts/gtts_0783.wav,fake,gtts,concatenative_tts,test_unseen
gtts_0784,/kaggle/working/data/processed/fake/gtts/gtts_0784.wav,fake,gtts,concatenative_tts,test_unseen
gtts_0785,/kaggle/working/data/processed/fake/gtts/gtts_0785.wav,fake,gtts,concatenative_tts,test_unseen
gtts_0786,/kaggle/working/data/processed/fake/gtts/gtts_0786.wav,fake,gtts,concatenative_tts,test_unseen
gtts_0787,/kaggle/working/data/processed/fake/gtts/gtts_0787.wav,fake,gtts,concatenative_tts,test_unseen
gtts_0788,/kaggle/working/data/processed/fake/gtts/gtts_0788.wav,fake,gtts,concatenative_tts,test_unseen
gtts_0789,/kaggle/working/data/processed/fake/gtts/gtts_0789.wav,fake,gtts,concatenative_tts,test_unseen
gtts_0790,/kaggle/working/data/processed/fake/gtts/gtts_0790.wav,fake,gtts,concatenative_tts,test_unseen
gtts_0791,/kaggle/working/data/processed/fake/gtts/gtts_0791.wav,fake,gtts,concatenative_tts,test_unseen
gtts_0792,/kaggle/working/data/processed/fake/gtts/gtts_0792.wav,fake,gtts,concatenative_tts,test_unseen
gtts_0793,/kaggle/working/data/processed/fake/gtts/gtts_0793.wav,fake,gtts,concatenative_tts,test_unseen
gtts_0794,/kaggle/working/data/processed/fake/gtts/gtts_0794.wav,fake,gtts,concatenative_tts,test_unseen
gtts_0795,/kaggle/working/data/processed/fake/gtts/gtts_0795.wav,fake,gtts,concatenative_tts,test_unseen
gtts_0796,/kaggle/working/data/processed/fake/gtts/gtts_0796.wav,fake,gtts,concatenative_tts,test_unseen
gtts_0797,/kaggle/working/data/processed/fake/gtts/gtts_0797.wav,fake,gtts,concatenative_tts,test_unseen
gtts_0798,/kaggle/working/data/processed/fake/gtts/gtts_0798.wav,fake,gtts,concatenative_tts,test_unseen
gtts_0799,/kaggle/working/data/processed/fake/gtts/gtts_0799.wav,fake,gtts,concatenative_tts,test_unseen
gtts_0800,/kaggle/working/data/processed/fake/gtts/gtts_0800.wav,fake,gtts,concatenative_tts,test_unseen
gtts_0801,/kaggle/working/data/processed/fake/gtts/gtts_0801.wav,fake,gtts,concatenative_tts,test_unseen
gtts_0802,/kaggle/working/data/processed/fake/gtts/gtts_0802.wav,fake,gtts,concatenative_tts,test_unseen
gtts_0803,/kaggle/working/data/processed/fake/gtts/gtts_0803.wav,fake,gtts,concatenative_tts,test_unseen
gtts_0804,/kaggle/working/data/processed/fake/gtts/gtts_0804.wav,fake,gtts,concatenative_tts,test_unseen
gtts_0805,/kaggle/working/data/processed/fake/gtts/gtts_0805.wav,fake,gtts,concatenative_tts,test_unseen
gtts_0806,/kaggle/working/data/processed/fake/gtts/gtts_0806.wav,fake,gtts,concatenative_tts,test_unseen
gtts_0807,/kaggle/working/data/processed/fake/gtts/gtts_0807.wav,fake,gtts,concatenative_tts,test_unseen
gtts_0808,/kaggle/working/data/processed/fake/gtts/gtts_0808.wav,fake,gtts,concatenative_tts,test_unseen
gtts_0809,/kaggle/working/data/processed/fake/gtts/gtts_0809.wav,fake,gtts,concatenative_tts,test_unseen
gtts_0810,/kaggle/working/data/processed/fake/gtts/gtts_0810.wav,fake,gtts,concatenative_tts,test_unseen
gtts_0811,/kaggle/working/data/processed/fake/gtts/gtts_0811.wav,fake,gtts,concatenative_tts,test_unseen
gtts_0812,/kaggle/working/data/processed/fake/gtts/gtts_0812.wav,fake,gtts,concatenative_tts,test_unseen
gtts_0813,/kaggle/working/data/processed/fake/gtts/gtts_0813.wav,fake,gtts,concatenative_tts,test_unseen
gtts_0814,/kaggle/working/data/processed/fake/gtts/gtts_0814.wav,fake,gtts,concatenative_tts,test_unseen
gtts_0815,/kaggle/working/data/processed/fake/gtts/gtts_0815.wav,fake,gtts,concatenative_tts,test_unseen
gtts_0816,/kaggle/working/data/processed/fake/gtts/gtts_0816.wav,fake,gtts,concatenative_tts,test_unseen
gtts_0817,/kaggle/working/data/processed/fake/gtts/gtts_0817.wav,fake,gtts,concatenative_tts,test_unseen
gtts_0818,/kaggle/working/data/processed/fake/gtts/gtts_0818.wav,fake,gtts,concatenative_tts,test_unseen
gtts_0819,/kaggle/working/data/processed/fake/gtts/gtts_0819.wav,fake,gtts,concatenative_tts,test_unseen
gtts_0820,/kaggle/working/data/processed/fake/gtts/gtts_0820.wav,fake,gtts,concatenative_tts,test_unseen
gtts_0821,/kaggle/working/data/processed/fake/gtts/gtts_0821.wav,fake,gtts,concatenative_tts,test_unseen
gtts_0822,/kaggle/working/data/processed/fake/gtts/gtts_0822.wav,fake,gtts,concatenative_tts,test_unseen
gtts_0823,/kaggle/working/data/processed/fake/gtts/gtts_0823.wav,fake,gtts,concatenative_tts,test_unseen
gtts_0824,/kaggle/working/data/processed/fake/gtts/gtts_0824.wav,fake,gtts,concatenative_tts,test_unseen
gtts_0825,/kaggle/working/data/processed/fake/gtts/gtts_0825.wav,fake,gtts,concatenative_tts,test_unseen
gtts_0826,/kaggle/working/data/processed/fake/gtts/gtts_0826.wav,fake,gtts,concatenative_tts,test_unseen
gtts_0827,/kaggle/working/data/processed/fake/gtts/gtts_0827.wav,fake,gtts,concatenative_tts,test_unseen
gtts_0828,/kaggle/working/data/processed/fake/gtts/gtts_0828.wav,fake,gtts,concatenative_tts,test_unseen
gtts_0829,/kaggle/working/data/processed/fake/gtts/gtts_0829.wav,fake,gtts,concatenative_tts,test_unseen
gtts_0830,/kaggle/working/data/processed/fake/gtts/gtts_0830.wav,fake,gtts,concatenative_tts,test_unseen
gtts_0831,/kaggle/working/data/processed/fake/gtts/gtts_0831.wav,fake,gtts,concatenative_tts,test_unseen
gtts_0832,/kaggle/working/data/processed/fake/gtts/gtts_0832.wav,fake,gtts,concatenative_tts,test_unseen
gtts_0833,/kaggle/working/data/processed/fake/gtts/gtts_0833.wav,fake,gtts,concatenative_tts,test_unseen
gtts_0834,/kaggle/working/data/processed/fake/gtts/gtts_0834.wav,fake,gtts,concatenative_tts,test_unseen
gtts_0835,/kaggle/working/data/processed/fake/gtts/gtts_0835.wav,fake,gtts,concatenative_tts,test_unseen
gtts_0836,/kaggle/working/data/processed/fake/gtts/gtts_0836.wav,fake,gtts,concatenative_tts,test_unseen
gtts_0837,/kaggle/working/data/processed/fake/gtts/gtts_0837.wav,fake,gtts,concatenative_tts,test_unseen
gtts_0838,/kaggle/working/data/processed/fake/gtts/gtts_0838.wav,fake,gtts,concatenative_tts,test_unseen
gtts_0839,/kaggle/working/data/processed/fake/gtts/gtts_0839.wav,fake,gtts,concatenative_tts,test_unseen
gtts_0840,/kaggle/working/data/processed/fake/gtts/gtts_0840.wav,fake,gtts,concatenative_tts,test_unseen
gtts_0841,/kaggle/working/data/processed/fake/gtts/gtts_0841.wav,fake,gtts,concatenative_tts,test_unseen
gtts_0842,/kaggle/working/data/processed/fake/gtts/gtts_0842.wav,fake,gtts,concatenative_tts,test_unseen
gtts_0843,/kaggle/working/data/processed/fake/gtts/gtts_0843.wav,fake,gtts,concatenative_tts,test_unseen
gtts_0844,/kaggle/working/data/processed/fake/gtts/gtts_0844.wav,fake,gtts,concatenative_tts,test_unseen
gtts_0845,/kaggle/working/data/processed/fake/gtts/gtts_0845.wav,fake,gtts,concatenative_tts,test_unseen
gtts_0846,/kaggle/working/data/processed/fake/gtts/gtts_0846.wav,fake,gtts,concatenative_tts,test_unseen
gtts_0847,/kaggle/working/data/processed/fake/gtts/gtts_0847.wav,fake,gtts,concatenative_tts,test_unseen
gtts_0848,/kaggle/working/data/processed/fake/gtts/gtts_0848.wav,fake,gtts,concatenative_tts,test_unseen
gtts_0849,/kaggle/working/data/processed/fake/gtts/gtts_0849.wav,fake,gtts,concatenative_tts,test_unseen
gtts_0850,/kaggle/working/data/processed/fake/gtts/gtts_0850.wav,fake,gtts,concatenative_tts,test_unseen
gtts_0851,/kaggle/working/data/processed/fake/gtts/gtts_0851.wav,fake,gtts,concatenative_tts,test_unseen
gtts_0852,/kaggle/working/data/processed/fake/gtts/gtts_0852.wav,fake,gtts,concatenative_tts,test_unseen
gtts_0853,/kaggle/working/data/processed/fake/gtts/gtts_0853.wav,fake,gtts,concatenative_tts,test_unseen
gtts_0854,/kaggle/working/data/processed/fake/gtts/gtts_0854.wav,fake,gtts,concatenative_tts,test_unseen
gtts_0855,/kaggle/working/data/processed/fake/gtts/gtts_0855.wav,fake,gtts,concatenative_tts,test_unseen
gtts_0856,/kaggle/working/data/processed/fake/gtts/gtts_0856.wav,fake,gtts,concatenative_tts,test_unseen
gtts_0857,/kaggle/working/data/processed/fake/gtts/gtts_0857.wav,fake,gtts,concatenative_tts,test_unseen
gtts_0858,/kaggle/working/data/processed/fake/gtts/gtts_0858.wav,fake,gtts,concatenative_tts,test_unseen
gtts_0859,/kaggle/working/data/processed/fake/gtts/gtts_0859.wav,fake,gtts,concatenative_tts,test_unseen
gtts_0860,/kaggle/working/data/processed/fake/gtts/gtts_0860.wav,fake,gtts,concatenative_tts,test_unseen
gtts_0861,/kaggle/working/data/processed/fake/gtts/gtts_0861.wav,fake,gtts,concatenative_tts,test_unseen
gtts_0862,/kaggle/working/data/processed/fake/gtts/gtts_0862.wav,fake,gtts,concatenative_tts,test_unseen
gtts_0863,/kaggle/working/data/processed/fake/gtts/gtts_0863.wav,fake,gtts,concatenative_tts,test_unseen
gtts_0864,/kaggle/working/data/processed/fake/gtts/gtts_0864.wav,fake,gtts,concatenative_tts,test_unseen
gtts_0865,/kaggle/working/data/processed/fake/gtts/gtts_0865.wav,fake,gtts,concatenative_tts,test_unseen
gtts_0866,/kaggle/working/data/processed/fake/gtts/gtts_0866.wav,fake,gtts,concatenative_tts,test_unseen
gtts_0867,/kaggle/working/data/processed/fake/gtts/gtts_0867.wav,fake,gtts,concatenative_tts,test_unseen
gtts_0868,/kaggle/working/data/processed/fake/gtts/gtts_0868.wav,fake,gtts,concatenative_tts,test_unseen
gtts_0869,/kaggle/working/data/processed/fake/gtts/gtts_0869.wav,fake,gtts,concatenative_tts,test_unseen
gtts_0870,/kaggle/working/data/processed/fake/gtts/gtts_0870.wav,fake,gtts,concatenative_tts,test_unseen
gtts_0871,/kaggle/working/data/processed/fake/gtts/gtts_0871.wav,fake,gtts,concatenative_tts,test_unseen
gtts_0872,/kaggle/working/data/processed/fake/gtts/gtts_0872.wav,fake,gtts,concatenative_tts,test_unseen
gtts_0873,/kaggle/working/data/processed/fake/gtts/gtts_0873.wav,fake,gtts,concatenative_tts,test_unseen
gtts_0874,/kaggle/working/data/processed/fake/gtts/gtts_0874.wav,fake,gtts,concatenative_tts,test_unseen
gtts_0875,/kaggle/working/data/processed/fake/gtts/gtts_0875.wav,fake,gtts,concatenative_tts,test_unseen
gtts_0876,/kaggle/working/data/processed/fake/gtts/gtts_0876.wav,fake,gtts,concatenative_tts,test_unseen
gtts_0877,/kaggle/working/data/processed/fake/gtts/gtts_0877.wav,fake,gtts,concatenative_tts,test_unseen
gtts_0878,/kaggle/working/data/processed/fake/gtts/gtts_0878.wav,fake,gtts,concatenative_tts,test_unseen
gtts_0879,/kaggle/working/data/processed/fake/gtts/gtts_0879.wav,fake,gtts,concatenative_tts,test_unseen
gtts_0880,/kaggle/working/data/processed/fake/gtts/gtts_0880.wav,fake,gtts,concatenative_tts,test_unseen
gtts_0881,/kaggle/working/data/processed/fake/gtts/gtts_0881.wav,fake,gtts,concatenative_tts,test_unseen
gtts_0882,/kaggle/working/data/processed/fake/gtts/gtts_0882.wav,fake,gtts,concatenative_tts,test_unseen
gtts_0883,/kaggle/working/data/processed/fake/gtts/gtts_0883.wav,fake,gtts,concatenative_tts,test_unseen
gtts_0884,/kaggle/working/data/processed/fake/gtts/gtts_0884.wav,fake,gtts,concatenative_tts,test_unseen
gtts_0885,/kaggle/working/data/processed/fake/gtts/gtts_0885.wav,fake,gtts,concatenative_tts,test_unseen
gtts_0886,/kaggle/working/data/processed/fake/gtts/gtts_0886.wav,fake,gtts,concatenative_tts,test_unseen
gtts_0887,/kaggle/working/data/processed/fake/gtts/gtts_0887.wav,fake,gtts,concatenative_tts,test_unseen
gtts_0888,/kaggle/working/data/processed/fake/gtts/gtts_0888.wav,fake,gtts,concatenative_tts,test_unseen
gtts_0889,/kaggle/working/data/processed/fake/gtts/gtts_0889.wav,fake,gtts,concatenative_tts,test_unseen
gtts_0890,/kaggle/working/data/processed/fake/gtts/gtts_0890.wav,fake,gtts,concatenative_tts,test_unseen
gtts_0891,/kaggle/working/data/processed/fake/gtts/gtts_0891.wav,fake,gtts,concatenative_tts,test_unseen
gtts_0892,/kaggle/working/data/processed/fake/gtts/gtts_0892.wav,fake,gtts,concatenative_tts,test_unseen
gtts_0893,/kaggle/working/data/processed/fake/gtts/gtts_0893.wav,fake,gtts,concatenative_tts,test_unseen
gtts_0894,/kaggle/working/data/processed/fake/gtts/gtts_0894.wav,fake,gtts,concatenative_tts,test_unseen
gtts_0895,/kaggle/working/data/processed/fake/gtts/gtts_0895.wav,fake,gtts,concatenative_tts,test_unseen
gtts_0896,/kaggle/working/data/processed/fake/gtts/gtts_0896.wav,fake,gtts,concatenative_tts,test_unseen
gtts_0897,/kaggle/working/data/processed/fake/gtts/gtts_0897.wav,fake,gtts,concatenative_tts,test_unseen
gtts_0898,/kaggle/working/data/processed/fake/gtts/gtts_0898.wav,fake,gtts,concatenative_tts,test_unseen
gtts_0899,/kaggle/working/data/processed/fake/gtts/gtts_0899.wav,fake,gtts,concatenative_tts,test_unseen
gtts_0900,/kaggle/working/data/processed/fake/gtts/gtts_0900.wav,fake,gtts,concatenative_tts,test_unseen
gtts_0901,/kaggle/working/data/processed/fake/gtts/gtts_0901.wav,fake,gtts,concatenative_tts,test_unseen
gtts_0902,/kaggle/working/data/processed/fake/gtts/gtts_0902.wav,fake,gtts,concatenative_tts,test_unseen
gtts_0903,/kaggle/working/data/processed/fake/gtts/gtts_0903.wav,fake,gtts,concatenative_tts,test_unseen
gtts_0904,/kaggle/working/data/processed/fake/gtts/gtts_0904.wav,fake,gtts,concatenative_tts,test_unseen
gtts_0905,/kaggle/working/data/processed/fake/gtts/gtts_0905.wav,fake,gtts,concatenative_tts,test_unseen
gtts_0906,/kaggle/working/data/processed/fake/gtts/gtts_0906.wav,fake,gtts,concatenative_tts,test_unseen
gtts_0907,/kaggle/working/data/processed/fake/gtts/gtts_0907.wav,fake,gtts,concatenative_tts,test_unseen
gtts_0908,/kaggle/working/data/processed/fake/gtts/gtts_0908.wav,fake,gtts,concatenative_tts,test_unseen
gtts_0909,/kaggle/working/data/processed/fake/gtts/gtts_0909.wav,fake,gtts,concatenative_tts,test_unseen
gtts_0910,/kaggle/working/data/processed/fake/gtts/gtts_0910.wav,fake,gtts,concatenative_tts,test_unseen
gtts_0911,/kaggle/working/data/processed/fake/gtts/gtts_0911.wav,fake,gtts,concatenative_tts,test_unseen
gtts_0912,/kaggle/working/data/processed/fake/gtts/gtts_0912.wav,fake,gtts,concatenative_tts,test_unseen
gtts_0913,/kaggle/working/data/processed/fake/gtts/gtts_0913.wav,fake,gtts,concatenative_tts,test_unseen
gtts_0914,/kaggle/working/data/processed/fake/gtts/gtts_0914.wav,fake,gtts,concatenative_tts,test_unseen
gtts_0915,/kaggle/working/data/processed/fake/gtts/gtts_0915.wav,fake,gtts,concatenative_tts,test_unseen
gtts_0916,/kaggle/working/data/processed/fake/gtts/gtts_0916.wav,fake,gtts,concatenative_tts,test_unseen
gtts_0917,/kaggle/working/data/processed/fake/gtts/gtts_0917.wav,fake,gtts,concatenative_tts,test_unseen
gtts_0918,/kaggle/working/data/processed/fake/gtts/gtts_0918.wav,fake,gtts,concatenative_tts,test_unseen
gtts_0919,/kaggle/working/data/processed/fake/gtts/gtts_0919.wav,fake,gtts,concatenative_tts,test_unseen
gtts_0920,/kaggle/working/data/processed/fake/gtts/gtts_0920.wav,fake,gtts,concatenative_tts,test_unseen
gtts_0921,/kaggle/working/data/processed/fake/gtts/gtts_0921.wav,fake,gtts,concatenative_tts,test_unseen
gtts_0922,/kaggle/working/data/processed/fake/gtts/gtts_0922.wav,fake,gtts,concatenative_tts,test_unseen
gtts_0923,/kaggle/working/data/processed/fake/gtts/gtts_0923.wav,fake,gtts,concatenative_tts,test_unseen
gtts_0924,/kaggle/working/data/processed/fake/gtts/gtts_0924.wav,fake,gtts,concatenative_tts,test_unseen
gtts_0925,/kaggle/working/data/processed/fake/gtts/gtts_0925.wav,fake,gtts,concatenative_tts,test_unseen
gtts_0926,/kaggle/working/data/processed/fake/gtts/gtts_0926.wav,fake,gtts,concatenative_tts,test_unseen
gtts_0927,/kaggle/working/data/processed/fake/gtts/gtts_0927.wav,fake,gtts,concatenative_tts,test_unseen
gtts_0928,/kaggle/working/data/processed/fake/gtts/gtts_0928.wav,fake,gtts,concatenative_tts,test_unseen
gtts_0929,/kaggle/working/data/processed/fake/gtts/gtts_0929.wav,fake,gtts,concatenative_tts,test_unseen
gtts_0930,/kaggle/working/data/processed/fake/gtts/gtts_0930.wav,fake,gtts,concatenative_tts,test_unseen
gtts_0931,/kaggle/working/data/processed/fake/gtts/gtts_0931.wav,fake,gtts,concatenative_tts,test_unseen
gtts_0932,/kaggle/working/data/processed/fake/gtts/gtts_0932.wav,fake,gtts,concatenative_tts,test_unseen
gtts_0933,/kaggle/working/data/processed/fake/gtts/gtts_0933.wav,fake,gtts,concatenative_tts,test_unseen
gtts_0934,/kaggle/working/data/processed/fake/gtts/gtts_0934.wav,fake,gtts,concatenative_tts,test_unseen
gtts_0935,/kaggle/working/data/processed/fake/gtts/gtts_0935.wav,fake,gtts,concatenative_tts,test_unseen
gtts_0936,/kaggle/working/data/processed/fake/gtts/gtts_0936.wav,fake,gtts,concatenative_tts,test_unseen
gtts_0937,/kaggle/working/data/processed/fake/gtts/gtts_0937.wav,fake,gtts,concatenative_tts,test_unseen
gtts_0938,/kaggle/working/data/processed/fake/gtts/gtts_0938.wav,fake,gtts,concatenative_tts,test_unseen
gtts_0939,/kaggle/working/data/processed/fake/gtts/gtts_0939.wav,fake,gtts,concatenative_tts,test_unseen
gtts_0940,/kaggle/working/data/processed/fake/gtts/gtts_0940.wav,fake,gtts,concatenative_tts,test_unseen
gtts_0941,/kaggle/working/data/processed/fake/gtts/gtts_0941.wav,fake,gtts,concatenative_tts,test_unseen
gtts_0942,/kaggle/working/data/processed/fake/gtts/gtts_0942.wav,fake,gtts,concatenative_tts,test_unseen
gtts_0943,/kaggle/working/data/processed/fake/gtts/gtts_0943.wav,fake,gtts,concatenative_tts,test_unseen
gtts_0944,/kaggle/working/data/processed/fake/gtts/gtts_0944.wav,fake,gtts,concatenative_tts,test_unseen
gtts_0945,/kaggle/working/data/processed/fake/gtts/gtts_0945.wav,fake,gtts,concatenative_tts,test_unseen
gtts_0946,/kaggle/working/data/processed/fake/gtts/gtts_0946.wav,fake,gtts,concatenative_tts,test_unseen
gtts_0947,/kaggle/working/data/processed/fake/gtts/gtts_0947.wav,fake,gtts,concatenative_tts,test_unseen
gtts_0948,/kaggle/working/data/processed/fake/gtts/gtts_0948.wav,fake,gtts,concatenative_tts,test_unseen
gtts_0949,/kaggle/working/data/processed/fake/gtts/gtts_0949.wav,fake,gtts,concatenative_tts,test_unseen
gtts_0950,/kaggle/working/data/processed/fake/gtts/gtts_0950.wav,fake,gtts,concatenative_tts,test_unseen
gtts_0951,/kaggle/working/data/processed/fake/gtts/gtts_0951.wav,fake,gtts,concatenative_tts,test_unseen
gtts_0952,/kaggle/working/data/processed/fake/gtts/gtts_0952.wav,fake,gtts,concatenative_tts,test_unseen
gtts_0953,/kaggle/working/data/processed/fake/gtts/gtts_0953.wav,fake,gtts,concatenative_tts,test_unseen
gtts_0954,/kaggle/working/data/processed/fake/gtts/gtts_0954.wav,fake,gtts,concatenative_tts,test_unseen
gtts_0955,/kaggle/working/data/processed/fake/gtts/gtts_0955.wav,fake,gtts,concatenative_tts,test_unseen
gtts_0956,/kaggle/working/data/processed/fake/gtts/gtts_0956.wav,fake,gtts,concatenative_tts,test_unseen
gtts_0957,/kaggle/working/data/processed/fake/gtts/gtts_0957.wav,fake,gtts,concatenative_tts,test_unseen
gtts_0958,/kaggle/working/data/processed/fake/gtts/gtts_0958.wav,fake,gtts,concatenative_tts,test_unseen
gtts_0959,/kaggle/working/data/processed/fake/gtts/gtts_0959.wav,fake,gtts,concatenative_tts,test_unseen
gtts_0960,/kaggle/working/data/processed/fake/gtts/gtts_0960.wav,fake,gtts,concatenative_tts,test_unseen
gtts_0961,/kaggle/working/data/processed/fake/gtts/gtts_0961.wav,fake,gtts,concatenative_tts,test_unseen
gtts_0962,/kaggle/working/data/processed/fake/gtts/gtts_0962.wav,fake,gtts,concatenative_tts,test_unseen
gtts_0963,/kaggle/working/data/processed/fake/gtts/gtts_0963.wav,fake,gtts,concatenative_tts,test_unseen
gtts_0964,/kaggle/working/data/processed/fake/gtts/gtts_0964.wav,fake,gtts,concatenative_tts,test_unseen
gtts_0965,/kaggle/working/data/processed/fake/gtts/gtts_0965.wav,fake,gtts,concatenative_tts,test_unseen
gtts_0966,/kaggle/working/data/processed/fake/gtts/gtts_0966.wav,fake,gtts,concatenative_tts,test_unseen
gtts_0967,/kaggle/working/data/processed/fake/gtts/gtts_0967.wav,fake,gtts,concatenative_tts,test_unseen
gtts_0968,/kaggle/working/data/processed/fake/gtts/gtts_0968.wav,fake,gtts,concatenative_tts,test_unseen
gtts_0969,/kaggle/working/data/processed/fake/gtts/gtts_0969.wav,fake,gtts,concatenative_tts,test_unseen
gtts_0970,/kaggle/working/data/processed/fake/gtts/gtts_0970.wav,fake,gtts,concatenative_tts,test_unseen
gtts_0971,/kaggle/working/data/processed/fake/gtts/gtts_0971.wav,fake,gtts,concatenative_tts,test_unseen
gtts_0972,/kaggle/working/data/processed/fake/gtts/gtts_0972.wav,fake,gtts,concatenative_tts,test_unseen
gtts_0973,/kaggle/working/data/processed/fake/gtts/gtts_0973.wav,fake,gtts,concatenative_tts,test_unseen
gtts_0974,/kaggle/working/data/processed/fake/gtts/gtts_0974.wav,fake,gtts,concatenative_tts,test_unseen
gtts_0975,/kaggle/working/data/processed/fake/gtts/gtts_0975.wav,fake,gtts,concatenative_tts,test_unseen
gtts_0976,/kaggle/working/data/processed/fake/gtts/gtts_0976.wav,fake,gtts,concatenative_tts,test_unseen
gtts_0977,/kaggle/working/data/processed/fake/gtts/gtts_0977.wav,fake,gtts,concatenative_tts,test_unseen
gtts_0978,/kaggle/working/data/processed/fake/gtts/gtts_0978.wav,fake,gtts,concatenative_tts,test_unseen
gtts_0979,/kaggle/working/data/processed/fake/gtts/gtts_0979.wav,fake,gtts,concatenative_tts,test_unseen
gtts_0980,/kaggle/working/data/processed/fake/gtts/gtts_0980.wav,fake,gtts,concatenative_tts,test_unseen
gtts_0981,/kaggle/working/data/processed/fake/gtts/gtts_0981.wav,fake,gtts,concatenative_tts,test_unseen
gtts_0982,/kaggle/working/data/processed/fake/gtts/gtts_0982.wav,fake,gtts,concatenative_tts,test_unseen
gtts_0983,/kaggle/working/data/processed/fake/gtts/gtts_0983.wav,fake,gtts,concatenative_tts,test_unseen
gtts_0984,/kaggle/working/data/processed/fake/gtts/gtts_0984.wav,fake,gtts,concatenative_tts,test_unseen
gtts_0985,/kaggle/working/data/processed/fake/gtts/gtts_0985.wav,fake,gtts,concatenative_tts,test_unseen
gtts_0986,/kaggle/working/data/processed/fake/gtts/gtts_0986.wav,fake,gtts,concatenative_tts,test_unseen
gtts_0987,/kaggle/working/data/processed/fake/gtts/gtts_0987.wav,fake,gtts,concatenative_tts,test_unseen
gtts_0988,/kaggle/working/data/processed/fake/gtts/gtts_0988.wav,fake,gtts,concatenative_tts,test_unseen
gtts_0989,/kaggle/working/data/processed/fake/gtts/gtts_0989.wav,fake,gtts,concatenative_tts,test_unseen
gtts_0990,/kaggle/working/data/processed/fake/gtts/gtts_0990.wav,fake,gtts,concatenative_tts,test_unseen
gtts_0991,/kaggle/working/data/processed/fake/gtts/gtts_0991.wav,fake,gtts,concatenative_tts,test_unseen
gtts_0992,/kaggle/working/data/processed/fake/gtts/gtts_0992.wav,fake,gtts,concatenative_tts,test_unseen
gtts_0993,/kaggle/working/data/processed/fake/gtts/gtts_0993.wav,fake,gtts,concatenative_tts,test_unseen
gtts_0994,/kaggle/working/data/processed/fake/gtts/gtts_0994.wav,fake,gtts,concatenative_tts,test_unseen
gtts_0995,/kaggle/working/data/processed/fake/gtts/gtts_0995.wav,fake,gtts,concatenative_tts,test_unseen
gtts_0996,/kaggle/working/data/processed/fake/gtts/gtts_0996.wav,fake,gtts,concatenative_tts,test_unseen
gtts_0997,/kaggle/working/data/processed/fake/gtts/gtts_0997.wav,fake,gtts,concatenative_tts,test_unseen
gtts_0998,/kaggle/working/data/processed/fake/gtts/gtts_0998.wav,fake,gtts,concatenative_tts,test_unseen
gtts_0999,/kaggle/working/data/processed/fake/gtts/gtts_0999.wav,fake,gtts,concatenative_tts,test_unseen
gtts_1000,/kaggle/working/data/processed/fake/gtts/gtts_1000.wav,fake,gtts,concatenative_tts,test_unseen
gtts_1001,/kaggle/working/data/processed/fake/gtts/gtts_1001.wav,fake,gtts,concatenative_tts,test_unseen
gtts_1002,/kaggle/working/data/processed/fake/gtts/gtts_1002.wav,fake,gtts,concatenative_tts,test_unseen
gtts_1003,/kaggle/working/data/processed/fake/gtts/gtts_1003.wav,fake,gtts,concatenative_tts,test_unseen
gtts_1004,/kaggle/working/data/processed/fake/gtts/gtts_1004.wav,fake,gtts,concatenative_tts,test_unseen
gtts_1005,/kaggle/working/data/processed/fake/gtts/gtts_1005.wav,fake,gtts,concatenative_tts,test_unseen
gtts_1006,/kaggle/working/data/processed/fake/gtts/gtts_1006.wav,fake,gtts,concatenative_tts,test_unseen
gtts_1007,/kaggle/working/data/processed/fake/gtts/gtts_1007.wav,fake,gtts,concatenative_tts,test_unseen
gtts_1008,/kaggle/working/data/processed/fake/gtts/gtts_1008.wav,fake,gtts,concatenative_tts,test_unseen
gtts_1009,/kaggle/working/data/processed/fake/gtts/gtts_1009.wav,fake,gtts,concatenative_tts,test_unseen
gtts_1010,/kaggle/working/data/processed/fake/gtts/gtts_1010.wav,fake,gtts,concatenative_tts,test_unseen
gtts_1011,/kaggle/working/data/processed/fake/gtts/gtts_1011.wav,fake,gtts,concatenative_tts,test_unseen
gtts_1012,/kaggle/working/data/processed/fake/gtts/gtts_1012.wav,fake,gtts,concatenative_tts,test_unseen
gtts_1013,/kaggle/working/data/processed/fake/gtts/gtts_1013.wav,fake,gtts,concatenative_tts,test_unseen
gtts_1014,/kaggle/working/data/processed/fake/gtts/gtts_1014.wav,fake,gtts,concatenative_tts,test_unseen
gtts_1015,/kaggle/working/data/processed/fake/gtts/gtts_1015.wav,fake,gtts,concatenative_tts,test_unseen
gtts_1016,/kaggle/working/data/processed/fake/gtts/gtts_1016.wav,fake,gtts,concatenative_tts,test_unseen
gtts_1017,/kaggle/working/data/processed/fake/gtts/gtts_1017.wav,fake,gtts,concatenative_tts,test_unseen
gtts_1018,/kaggle/working/data/processed/fake/gtts/gtts_1018.wav,fake,gtts,concatenative_tts,test_unseen
gtts_1019,/kaggle/working/data/processed/fake/gtts/gtts_1019.wav,fake,gtts,concatenative_tts,test_unseen
gtts_1020,/kaggle/working/data/processed/fake/gtts/gtts_1020.wav,fake,gtts,concatenative_tts,test_unseen
gtts_1021,/kaggle/working/data/processed/fake/gtts/gtts_1021.wav,fake,gtts,concatenative_tts,test_unseen
gtts_1022,/kaggle/working/data/processed/fake/gtts/gtts_1022.wav,fake,gtts,concatenative_tts,test_unseen
gtts_1023,/kaggle/working/data/processed/fake/gtts/gtts_1023.wav,fake,gtts,concatenative_tts,test_unseen
gtts_1024,/kaggle/working/data/processed/fake/gtts/gtts_1024.wav,fake,gtts,concatenative_tts,test_unseen
gtts_1025,/kaggle/working/data/processed/fake/gtts/gtts_1025.wav,fake,gtts,concatenative_tts,test_unseen
gtts_1026,/kaggle/working/data/processed/fake/gtts/gtts_1026.wav,fake,gtts,concatenative_tts,test_unseen
gtts_1027,/kaggle/working/data/processed/fake/gtts/gtts_1027.wav,fake,gtts,concatenative_tts,test_unseen
gtts_1028,/kaggle/working/data/processed/fake/gtts/gtts_1028.wav,fake,gtts,concatenative_tts,test_unseen
gtts_1029,/kaggle/working/data/processed/fake/gtts/gtts_1029.wav,fake,gtts,concatenative_tts,test_unseen
gtts_1030,/kaggle/working/data/processed/fake/gtts/gtts_1030.wav,fake,gtts,concatenative_tts,test_unseen
gtts_1031,/kaggle/working/data/processed/fake/gtts/gtts_1031.wav,fake,gtts,concatenative_tts,test_unseen
gtts_1032,/kaggle/working/data/processed/fake/gtts/gtts_1032.wav,fake,gtts,concatenative_tts,test_unseen
gtts_1033,/kaggle/working/data/processed/fake/gtts/gtts_1033.wav,fake,gtts,concatenative_tts,test_unseen
gtts_1034,/kaggle/working/data/processed/fake/gtts/gtts_1034.wav,fake,gtts,concatenative_tts,test_unseen
gtts_1035,/kaggle/working/data/processed/fake/gtts/gtts_1035.wav,fake,gtts,concatenative_tts,test_unseen
gtts_1036,/kaggle/working/data/processed/fake/gtts/gtts_1036.wav,fake,gtts,concatenative_tts,test_unseen
gtts_1037,/kaggle/working/data/processed/fake/gtts/gtts_1037.wav,fake,gtts,concatenative_tts,test_unseen
gtts_1038,/kaggle/working/data/processed/fake/gtts/gtts_1038.wav,fake,gtts,concatenative_tts,test_unseen
gtts_1039,/kaggle/working/data/processed/fake/gtts/gtts_1039.wav,fake,gtts,concatenative_tts,test_unseen
gtts_1040,/kaggle/working/data/processed/fake/gtts/gtts_1040.wav,fake,gtts,concatenative_tts,test_unseen
gtts_1041,/kaggle/working/data/processed/fake/gtts/gtts_1041.wav,fake,gtts,concatenative_tts,test_unseen
gtts_1042,/kaggle/working/data/processed/fake/gtts/gtts_1042.wav,fake,gtts,concatenative_tts,test_unseen
gtts_1043,/kaggle/working/data/processed/fake/gtts/gtts_1043.wav,fake,gtts,concatenative_tts,test_unseen
gtts_1044,/kaggle/working/data/processed/fake/gtts/gtts_1044.wav,fake,gtts,concatenative_tts,test_unseen
gtts_1045,/kaggle/working/data/processed/fake/gtts/gtts_1045.wav,fake,gtts,concatenative_tts,test_unseen
gtts_1046,/kaggle/working/data/processed/fake/gtts/gtts_1046.wav,fake,gtts,concatenative_tts,test_unseen
gtts_1047,/kaggle/working/data/processed/fake/gtts/gtts_1047.wav,fake,gtts,concatenative_tts,test_unseen
gtts_1048,/kaggle/working/data/processed/fake/gtts/gtts_1048.wav,fake,gtts,concatenative_tts,test_unseen
gtts_1049,/kaggle/working/data/processed/fake/gtts/gtts_1049.wav,fake,gtts,concatenative_tts,test_unseen
gtts_1050,/kaggle/working/data/processed/fake/gtts/gtts_1050.wav,fake,gtts,concatenative_tts,test_unseen
gtts_1051,/kaggle/working/data/processed/fake/gtts/gtts_1051.wav,fake,gtts,concatenative_tts,test_unseen
gtts_1052,/kaggle/working/data/processed/fake/gtts/gtts_1052.wav,fake,gtts,concatenative_tts,test_unseen
gtts_1053,/kaggle/working/data/processed/fake/gtts/gtts_1053.wav,fake,gtts,concatenative_tts,test_unseen
gtts_1054,/kaggle/working/data/processed/fake/gtts/gtts_1054.wav,fake,gtts,concatenative_tts,test_unseen
gtts_1055,/kaggle/working/data/processed/fake/gtts/gtts_1055.wav,fake,gtts,concatenative_tts,test_unseen
gtts_1056,/kaggle/working/data/processed/fake/gtts/gtts_1056.wav,fake,gtts,concatenative_tts,test_unseen
gtts_1057,/kaggle/working/data/processed/fake/gtts/gtts_1057.wav,fake,gtts,concatenative_tts,test_unseen
gtts_1058,/kaggle/working/data/processed/fake/gtts/gtts_1058.wav,fake,gtts,concatenative_tts,test_unseen
gtts_1059,/kaggle/working/data/processed/fake/gtts/gtts_1059.wav,fake,gtts,concatenative_tts,test_unseen
gtts_1060,/kaggle/working/data/processed/fake/gtts/gtts_1060.wav,fake,gtts,concatenative_tts,test_unseen
gtts_1061,/kaggle/working/data/processed/fake/gtts/gtts_1061.wav,fake,gtts,concatenative_tts,test_unseen
gtts_1062,/kaggle/working/data/processed/fake/gtts/gtts_1062.wav,fake,gtts,concatenative_tts,test_unseen
gtts_1063,/kaggle/working/data/processed/fake/gtts/gtts_1063.wav,fake,gtts,concatenative_tts,test_unseen
gtts_1064,/kaggle/working/data/processed/fake/gtts/gtts_1064.wav,fake,gtts,concatenative_tts,test_unseen
gtts_1065,/kaggle/working/data/processed/fake/gtts/gtts_1065.wav,fake,gtts,concatenative_tts,test_unseen
gtts_1066,/kaggle/working/data/processed/fake/gtts/gtts_1066.wav,fake,gtts,concatenative_tts,test_unseen
gtts_1067,/kaggle/working/data/processed/fake/gtts/gtts_1067.wav,fake,gtts,concatenative_tts,test_unseen
gtts_1068,/kaggle/working/data/processed/fake/gtts/gtts_1068.wav,fake,gtts,concatenative_tts,test_unseen
gtts_1069,/kaggle/working/data/processed/fake/gtts/gtts_1069.wav,fake,gtts,concatenative_tts,test_unseen
gtts_1070,/kaggle/working/data/processed/fake/gtts/gtts_1070.wav,fake,gtts,concatenative_tts,test_unseen
gtts_1071,/kaggle/working/data/processed/fake/gtts/gtts_1071.wav,fake,gtts,concatenative_tts,test_unseen
gtts_1072,/kaggle/working/data/processed/fake/gtts/gtts_1072.wav,fake,gtts,concatenative_tts,test_unseen
gtts_1073,/kaggle/working/data/processed/fake/gtts/gtts_1073.wav,fake,gtts,concatenative_tts,test_unseen
gtts_1074,/kaggle/working/data/processed/fake/gtts/gtts_1074.wav,fake,gtts,concatenative_tts,test_unseen
gtts_1075,/kaggle/working/data/processed/fake/gtts/gtts_1075.wav,fake,gtts,concatenative_tts,test_unseen
gtts_1076,/kaggle/working/data/processed/fake/gtts/gtts_1076.wav,fake,gtts,concatenative_tts,test_unseen
gtts_1077,/kaggle/working/data/processed/fake/gtts/gtts_1077.wav,fake,gtts,concatenative_tts,test_unseen
gtts_1078,/kaggle/working/data/processed/fake/gtts/gtts_1078.wav,fake,gtts,concatenative_tts,test_unseen
gtts_1079,/kaggle/working/data/processed/fake/gtts/gtts_1079.wav,fake,gtts,concatenative_tts,test_unseen
gtts_1080,/kaggle/working/data/processed/fake/gtts/gtts_1080.wav,fake,gtts,concatenative_tts,test_unseen
gtts_1081,/kaggle/working/data/processed/fake/gtts/gtts_1081.wav,fake,gtts,concatenative_tts,test_unseen
gtts_1082,/kaggle/working/data/processed/fake/gtts/gtts_1082.wav,fake,gtts,concatenative_tts,test_unseen
gtts_1083,/kaggle/working/data/processed/fake/gtts/gtts_1083.wav,fake,gtts,concatenative_tts,test_unseen
gtts_1084,/kaggle/working/data/processed/fake/gtts/gtts_1084.wav,fake,gtts,concatenative_tts,test_unseen
gtts_1085,/kaggle/working/data/processed/fake/gtts/gtts_1085.wav,fake,gtts,concatenative_tts,test_unseen
gtts_1086,/kaggle/working/data/processed/fake/gtts/gtts_1086.wav,fake,gtts,concatenative_tts,test_unseen
gtts_1087,/kaggle/working/data/processed/fake/gtts/gtts_1087.wav,fake,gtts,concatenative_tts,test_unseen
gtts_1088,/kaggle/working/data/processed/fake/gtts/gtts_1088.wav,fake,gtts,concatenative_tts,test_unseen
gtts_1089,/kaggle/working/data/processed/fake/gtts/gtts_1089.wav,fake,gtts,concatenative_tts,test_unseen
gtts_1090,/kaggle/working/data/processed/fake/gtts/gtts_1090.wav,fake,gtts,concatenative_tts,test_unseen
gtts_1091,/kaggle/working/data/processed/fake/gtts/gtts_1091.wav,fake,gtts,concatenative_tts,test_unseen
gtts_1092,/kaggle/working/data/processed/fake/gtts/gtts_1092.wav,fake,gtts,concatenative_tts,test_unseen
gtts_1093,/kaggle/working/data/processed/fake/gtts/gtts_1093.wav,fake,gtts,concatenative_tts,test_unseen
gtts_1094,/kaggle/working/data/processed/fake/gtts/gtts_1094.wav,fake,gtts,concatenative_tts,test_unseen
gtts_1095,/kaggle/working/data/processed/fake/gtts/gtts_1095.wav,fake,gtts,concatenative_tts,test_unseen
gtts_1096,/kaggle/working/data/processed/fake/gtts/gtts_1096.wav,fake,gtts,concatenative_tts,test_unseen
gtts_1097,/kaggle/working/data/processed/fake/gtts/gtts_1097.wav,fake,gtts,concatenative_tts,test_unseen
gtts_1098,/kaggle/working/data/processed/fake/gtts/gtts_1098.wav,fake,gtts,concatenative_tts,test_unseen
gtts_1099,/kaggle/working/data/processed/fake/gtts/gtts_1099.wav,fake,gtts,concatenative_tts,test_unseen
gtts_1100,/kaggle/working/data/processed/fake/gtts/gtts_1100.wav,fake,gtts,concatenative_tts,test_unseen
gtts_1101,/kaggle/working/data/processed/fake/gtts/gtts_1101.wav,fake,gtts,concatenative_tts,test_unseen
gtts_1102,/kaggle/working/data/processed/fake/gtts/gtts_1102.wav,fake,gtts,concatenative_tts,test_unseen
gtts_1103,/kaggle/working/data/processed/fake/gtts/gtts_1103.wav,fake,gtts,concatenative_tts,test_unseen
gtts_1104,/kaggle/working/data/processed/fake/gtts/gtts_1104.wav,fake,gtts,concatenative_tts,test_unseen
gtts_1105,/kaggle/working/data/processed/fake/gtts/gtts_1105.wav,fake,gtts,concatenative_tts,test_unseen
gtts_1106,/kaggle/working/data/processed/fake/gtts/gtts_1106.wav,fake,gtts,concatenative_tts,test_unseen
gtts_1107,/kaggle/working/data/processed/fake/gtts/gtts_1107.wav,fake,gtts,concatenative_tts,test_unseen
gtts_1108,/kaggle/working/data/processed/fake/gtts/gtts_1108.wav,fake,gtts,concatenative_tts,test_unseen
gtts_1109,/kaggle/working/data/processed/fake/gtts/gtts_1109.wav,fake,gtts,concatenative_tts,test_unseen
gtts_1110,/kaggle/working/data/processed/fake/gtts/gtts_1110.wav,fake,gtts,concatenative_tts,test_unseen
gtts_1111,/kaggle/working/data/processed/fake/gtts/gtts_1111.wav,fake,gtts,concatenative_tts,test_unseen
gtts_1112,/kaggle/working/data/processed/fake/gtts/gtts_1112.wav,fake,gtts,concatenative_tts,test_unseen
gtts_1113,/kaggle/working/data/processed/fake/gtts/gtts_1113.wav,fake,gtts,concatenative_tts,test_unseen
gtts_1114,/kaggle/working/data/processed/fake/gtts/gtts_1114.wav,fake,gtts,concatenative_tts,test_unseen
gtts_1115,/kaggle/working/data/processed/fake/gtts/gtts_1115.wav,fake,gtts,concatenative_tts,test_unseen
gtts_1116,/kaggle/working/data/processed/fake/gtts/gtts_1116.wav,fake,gtts,concatenative_tts,test_unseen
gtts_1117,/kaggle/working/data/processed/fake/gtts/gtts_1117.wav,fake,gtts,concatenative_tts,test_unseen
gtts_1118,/kaggle/working/data/processed/fake/gtts/gtts_1118.wav,fake,gtts,concatenative_tts,test_unseen
gtts_1119,/kaggle/working/data/processed/fake/gtts/gtts_1119.wav,fake,gtts,concatenative_tts,test_unseen
gtts_1120,/kaggle/working/data/processed/fake/gtts/gtts_1120.wav,fake,gtts,concatenative_tts,test_unseen
gtts_1121,/kaggle/working/data/processed/fake/gtts/gtts_1121.wav,fake,gtts,concatenative_tts,test_unseen
gtts_1122,/kaggle/working/data/processed/fake/gtts/gtts_1122.wav,fake,gtts,concatenative_tts,test_unseen
gtts_1123,/kaggle/working/data/processed/fake/gtts/gtts_1123.wav,fake,gtts,concatenative_tts,test_unseen
gtts_1124,/kaggle/working/data/processed/fake/gtts/gtts_1124.wav,fake,gtts,concatenative_tts,test_unseen
gtts_1125,/kaggle/working/data/processed/fake/gtts/gtts_1125.wav,fake,gtts,concatenative_tts,test_unseen
gtts_1126,/kaggle/working/data/processed/fake/gtts/gtts_1126.wav,fake,gtts,concatenative_tts,test_unseen
gtts_1127,/kaggle/working/data/processed/fake/gtts/gtts_1127.wav,fake,gtts,concatenative_tts,test_unseen
gtts_1128,/kaggle/working/data/processed/fake/gtts/gtts_1128.wav,fake,gtts,concatenative_tts,test_unseen
gtts_1129,/kaggle/working/data/processed/fake/gtts/gtts_1129.wav,fake,gtts,concatenative_tts,test_unseen
gtts_1130,/kaggle/working/data/processed/fake/gtts/gtts_1130.wav,fake,gtts,concatenative_tts,test_unseen
gtts_1131,/kaggle/working/data/processed/fake/gtts/gtts_1131.wav,fake,gtts,concatenative_tts,test_unseen
gtts_1132,/kaggle/working/data/processed/fake/gtts/gtts_1132.wav,fake,gtts,concatenative_tts,test_unseen
gtts_1133,/kaggle/working/data/processed/fake/gtts/gtts_1133.wav,fake,gtts,concatenative_tts,test_unseen
gtts_1134,/kaggle/working/data/processed/fake/gtts/gtts_1134.wav,fake,gtts,concatenative_tts,test_unseen
gtts_1135,/kaggle/working/data/processed/fake/gtts/gtts_1135.wav,fake,gtts,concatenative_tts,test_unseen
gtts_1136,/kaggle/working/data/processed/fake/gtts/gtts_1136.wav,fake,gtts,concatenative_tts,test_unseen
gtts_1137,/kaggle/working/data/processed/fake/gtts/gtts_1137.wav,fake,gtts,concatenative_tts,test_unseen
gtts_1138,/kaggle/working/data/processed/fake/gtts/gtts_1138.wav,fake,gtts,concatenative_tts,test_unseen
gtts_1139,/kaggle/working/data/processed/fake/gtts/gtts_1139.wav,fake,gtts,concatenative_tts,test_unseen
gtts_1140,/kaggle/working/data/processed/fake/gtts/gtts_1140.wav,fake,gtts,concatenative_tts,test_unseen
gtts_1141,/kaggle/working/data/processed/fake/gtts/gtts_1141.wav,fake,gtts,concatenative_tts,test_unseen
gtts_1142,/kaggle/working/data/processed/fake/gtts/gtts_1142.wav,fake,gtts,concatenative_tts,test_unseen
gtts_1143,/kaggle/working/data/processed/fake/gtts/gtts_1143.wav,fake,gtts,concatenative_tts,test_unseen
gtts_1144,/kaggle/working/data/processed/fake/gtts/gtts_1144.wav,fake,gtts,concatenative_tts,test_unseen
gtts_1145,/kaggle/working/data/processed/fake/gtts/gtts_1145.wav,fake,gtts,concatenative_tts,test_unseen
gtts_1146,/kaggle/working/data/processed/fake/gtts/gtts_1146.wav,fake,gtts,concatenative_tts,test_unseen
gtts_1147,/kaggle/working/data/processed/fake/gtts/gtts_1147.wav,fake,gtts,concatenative_tts,test_unseen
gtts_1148,/kaggle/working/data/processed/fake/gtts/gtts_1148.wav,fake,gtts,concatenative_tts,test_unseen
gtts_1149,/kaggle/working/data/processed/fake/gtts/gtts_1149.wav,fake,gtts,concatenative_tts,test_unseen
gtts_1150,/kaggle/working/data/processed/fake/gtts/gtts_1150.wav,fake,gtts,concatenative_tts,test_unseen
gtts_1151,/kaggle/working/data/processed/fake/gtts/gtts_1151.wav,fake,gtts,concatenative_tts,test_unseen
gtts_1152,/kaggle/working/data/processed/fake/gtts/gtts_1152.wav,fake,gtts,concatenative_tts,test_unseen
gtts_1153,/kaggle/working/data/processed/fake/gtts/gtts_1153.wav,fake,gtts,concatenative_tts,test_unseen
gtts_1154,/kaggle/working/data/processed/fake/gtts/gtts_1154.wav,fake,gtts,concatenative_tts,test_unseen
gtts_1155,/kaggle/working/data/processed/fake/gtts/gtts_1155.wav,fake,gtts,concatenative_tts,test_unseen
gtts_1156,/kaggle/working/data/processed/fake/gtts/gtts_1156.wav,fake,gtts,concatenative_tts,test_unseen
gtts_1157,/kaggle/working/data/processed/fake/gtts/gtts_1157.wav,fake,gtts,concatenative_tts,test_unseen
gtts_1158,/kaggle/working/data/processed/fake/gtts/gtts_1158.wav,fake,gtts,concatenative_tts,test_unseen
gtts_1159,/kaggle/working/data/processed/fake/gtts/gtts_1159.wav,fake,gtts,concatenative_tts,test_unseen
gtts_1160,/kaggle/working/data/processed/fake/gtts/gtts_1160.wav,fake,gtts,concatenative_tts,test_unseen
gtts_1161,/kaggle/working/data/processed/fake/gtts/gtts_1161.wav,fake,gtts,concatenative_tts,test_unseen
gtts_1162,/kaggle/working/data/processed/fake/gtts/gtts_1162.wav,fake,gtts,concatenative_tts,test_unseen
gtts_1163,/kaggle/working/data/processed/fake/gtts/gtts_1163.wav,fake,gtts,concatenative_tts,test_unseen
gtts_1164,/kaggle/working/data/processed/fake/gtts/gtts_1164.wav,fake,gtts,concatenative_tts,test_unseen
gtts_1165,/kaggle/working/data/processed/fake/gtts/gtts_1165.wav,fake,gtts,concatenative_tts,test_unseen
gtts_1166,/kaggle/working/data/processed/fake/gtts/gtts_1166.wav,fake,gtts,concatenative_tts,test_unseen
gtts_1167,/kaggle/working/data/processed/fake/gtts/gtts_1167.wav,fake,gtts,concatenative_tts,test_unseen
gtts_1168,/kaggle/working/data/processed/fake/gtts/gtts_1168.wav,fake,gtts,concatenative_tts,test_unseen
gtts_1169,/kaggle/working/data/processed/fake/gtts/gtts_1169.wav,fake,gtts,concatenative_tts,test_unseen
gtts_1170,/kaggle/working/data/processed/fake/gtts/gtts_1170.wav,fake,gtts,concatenative_tts,test_unseen
gtts_1171,/kaggle/working/data/processed/fake/gtts/gtts_1171.wav,fake,gtts,concatenative_tts,test_unseen
gtts_1172,/kaggle/working/data/processed/fake/gtts/gtts_1172.wav,fake,gtts,concatenative_tts,test_unseen
gtts_1173,/kaggle/working/data/processed/fake/gtts/gtts_1173.wav,fake,gtts,concatenative_tts,test_unseen
gtts_1174,/kaggle/working/data/processed/fake/gtts/gtts_1174.wav,fake,gtts,concatenative_tts,test_unseen
gtts_1175,/kaggle/working/data/processed/fake/gtts/gtts_1175.wav,fake,gtts,concatenative_tts,test_unseen
gtts_1176,/kaggle/working/data/processed/fake/gtts/gtts_1176.wav,fake,gtts,concatenative_tts,test_unseen
gtts_1177,/kaggle/working/data/processed/fake/gtts/gtts_1177.wav,fake,gtts,concatenative_tts,test_unseen
gtts_1178,/kaggle/working/data/processed/fake/gtts/gtts_1178.wav,fake,gtts,concatenative_tts,test_unseen
gtts_1179,/kaggle/working/data/processed/fake/gtts/gtts_1179.wav,fake,gtts,concatenative_tts,test_unseen
gtts_1180,/kaggle/working/data/processed/fake/gtts/gtts_1180.wav,fake,gtts,concatenative_tts,test_unseen
gtts_1181,/kaggle/working/data/processed/fake/gtts/gtts_1181.wav,fake,gtts,concatenative_tts,test_unseen
gtts_1182,/kaggle/working/data/processed/fake/gtts/gtts_1182.wav,fake,gtts,concatenative_tts,test_unseen
gtts_1183,/kaggle/working/data/processed/fake/gtts/gtts_1183.wav,fake,gtts,concatenative_tts,test_unseen
gtts_1184,/kaggle/working/data/processed/fake/gtts/gtts_1184.wav,fake,gtts,concatenative_tts,test_unseen
gtts_1185,/kaggle/working/data/processed/fake/gtts/gtts_1185.wav,fake,gtts,concatenative_tts,test_unseen
gtts_1186,/kaggle/working/data/processed/fake/gtts/gtts_1186.wav,fake,gtts,concatenative_tts,test_unseen
gtts_1187,/kaggle/working/data/processed/fake/gtts/gtts_1187.wav,fake,gtts,concatenative_tts,test_unseen
gtts_1188,/kaggle/working/data/processed/fake/gtts/gtts_1188.wav,fake,gtts,concatenative_tts,test_unseen
gtts_1189,/kaggle/working/data/processed/fake/gtts/gtts_1189.wav,fake,gtts,concatenative_tts,test_unseen
gtts_1190,/kaggle/working/data/processed/fake/gtts/gtts_1190.wav,fake,gtts,concatenative_tts,test_unseen
gtts_1191,/kaggle/working/data/processed/fake/gtts/gtts_1191.wav,fake,gtts,concatenative_tts,test_unseen
gtts_1192,/kaggle/working/data/processed/fake/gtts/gtts_1192.wav,fake,gtts,concatenative_tts,test_unseen
gtts_1193,/kaggle/working/data/processed/fake/gtts/gtts_1193.wav,fake,gtts,concatenative_tts,test_unseen
gtts_1194,/kaggle/working/data/processed/fake/gtts/gtts_1194.wav,fake,gtts,concatenative_tts,test_unseen
gtts_1195,/kaggle/working/data/processed/fake/gtts/gtts_1195.wav,fake,gtts,concatenative_tts,test_unseen
gtts_1196,/kaggle/working/data/processed/fake/gtts/gtts_1196.wav,fake,gtts,concatenative_tts,test_unseen
gtts_1197,/kaggle/working/data/processed/fake/gtts/gtts_1197.wav,fake,gtts,concatenative_tts,test_unseen
gtts_1198,/kaggle/working/data/processed/fake/gtts/gtts_1198.wav,fake,gtts,concatenative_tts,test_unseen
gtts_1199,/kaggle/working/data/processed/fake/gtts/gtts_1199.wav,fake,gtts,concatenative_tts,test_unseen
edgetts_0000,/kaggle/working/data/processed/fake/edgetts/edgetts_0000.wav,fake,edgetts,neural_tts_commercial,train
edgetts_0001,/kaggle/working/data/processed/fake/edgetts/edgetts_0001.wav,fake,edgetts,neural_tts_commercial,train
edgetts_0002,/kaggle/working/data/processed/fake/edgetts/edgetts_0002.wav,fake,edgetts,neural_tts_commercial,train
edgetts_0003,/kaggle/working/data/processed/fake/edgetts/edgetts_0003.wav,fake,edgetts,neural_tts_commercial,train
edgetts_0004,/kaggle/working/data/processed/fake/edgetts/edgetts_0004.wav,fake,edgetts,neural_tts_commercial,train
edgetts_0005,/kaggle/working/data/processed/fake/edgetts/edgetts_0005.wav,fake,edgetts,neural_tts_commercial,test_seen
edgetts_0006,/kaggle/working/data/processed/fake/edgetts/edgetts_0006.wav,fake,edgetts,neural_tts_commercial,train
edgetts_0007,/kaggle/working/data/processed/fake/edgetts/edgetts_0007.wav,fake,edgetts,neural_tts_commercial,train
edgetts_0008,/kaggle/working/data/processed/fake/edgetts/edgetts_0008.wav,fake,edgetts,neural_tts_commercial,train
edgetts_0009,/kaggle/working/data/processed/fake/edgetts/edgetts_0009.wav,fake,edgetts,neural_tts_commercial,test_seen
edgetts_0010,/kaggle/working/data/processed/fake/edgetts/edgetts_0010.wav,fake,edgetts,neural_tts_commercial,train
edgetts_0011,/kaggle/working/data/processed/fake/edgetts/edgetts_0011.wav,fake,edgetts,neural_tts_commercial,train
edgetts_0012,/kaggle/working/data/processed/fake/edgetts/edgetts_0012.wav,fake,edgetts,neural_tts_commercial,test_seen
edgetts_0013,/kaggle/working/data/processed/fake/edgetts/edgetts_0013.wav,fake,edgetts,neural_tts_commercial,train
edgetts_0014,/kaggle/working/data/processed/fake/edgetts/edgetts_0014.wav,fake,edgetts,neural_tts_commercial,train
edgetts_0015,/kaggle/working/data/processed/fake/edgetts/edgetts_0015.wav,fake,edgetts,neural_tts_commercial,test_seen
edgetts_0016,/kaggle/working/data/processed/fake/edgetts/edgetts_0016.wav,fake,edgetts,neural_tts_commercial,train
edgetts_0017,/kaggle/working/data/processed/fake/edgetts/edgetts_0017.wav,fake,edgetts,neural_tts_commercial,test_seen
edgetts_0018,/kaggle/working/data/processed/fake/edgetts/edgetts_0018.wav,fake,edgetts,neural_tts_commercial,test_seen
edgetts_0019,/kaggle/working/data/processed/fake/edgetts/edgetts_0019.wav,fake,edgetts,neural_tts_commercial,test_seen
edgetts_0020,/kaggle/working/data/processed/fake/edgetts/edgetts_0020.wav,fake,edgetts,neural_tts_commercial,train
edgetts_0021,/kaggle/working/data/processed/fake/edgetts/edgetts_0021.wav,fake,edgetts,neural_tts_commercial,train
edgetts_0022,/kaggle/working/data/processed/fake/edgetts/edgetts_0022.wav,fake,edgetts,neural_tts_commercial,train
edgetts_0023,/kaggle/working/data/processed/fake/edgetts/edgetts_0023.wav,fake,edgetts,neural_tts_commercial,train
edgetts_0024,/kaggle/working/data/processed/fake/edgetts/edgetts_0024.wav,fake,edgetts,neural_tts_commercial,train
edgetts_0025,/kaggle/working/data/processed/fake/edgetts/edgetts_0025.wav,fake,edgetts,neural_tts_commercial,train
edgetts_0026,/kaggle/working/data/processed/fake/edgetts/edgetts_0026.wav,fake,edgetts,neural_tts_commercial,train
edgetts_0027,/kaggle/working/data/processed/fake/edgetts/edgetts_0027.wav,fake,edgetts,neural_tts_commercial,test_seen
edgetts_0028,/kaggle/working/data/processed/fake/edgetts/edgetts_0028.wav,fake,edgetts,neural_tts_commercial,train
edgetts_0029,/kaggle/working/data/processed/fake/edgetts/edgetts_0029.wav,fake,edgetts,neural_tts_commercial,train
edgetts_0030,/kaggle/working/data/processed/fake/edgetts/edgetts_0030.wav,fake,edgetts,neural_tts_commercial,train
edgetts_0031,/kaggle/working/data/processed/fake/edgetts/edgetts_0031.wav,fake,edgetts,neural_tts_commercial,train
edgetts_0032,/kaggle/working/data/processed/fake/edgetts/edgetts_0032.wav,fake,edgetts,neural_tts_commercial,train
edgetts_0033,/kaggle/working/data/processed/fake/edgetts/edgetts_0033.wav,fake,edgetts,neural_tts_commercial,train
edgetts_0034,/kaggle/working/data/processed/fake/edgetts/edgetts_0034.wav,fake,edgetts,neural_tts_commercial,train
edgetts_0035,/kaggle/working/data/processed/fake/edgetts/edgetts_0035.wav,fake,edgetts,neural_tts_commercial,train
edgetts_0036,/kaggle/working/data/processed/fake/edgetts/edgetts_0036.wav,fake,edgetts,neural_tts_commercial,train
edgetts_0037,/kaggle/working/data/processed/fake/edgetts/edgetts_0037.wav,fake,edgetts,neural_tts_commercial,train
edgetts_0038,/kaggle/working/data/processed/fake/edgetts/edgetts_0038.wav,fake,edgetts,neural_tts_commercial,test_seen
edgetts_0039,/kaggle/working/data/processed/fake/edgetts/edgetts_0039.wav,fake,edgetts,neural_tts_commercial,train
edgetts_0040,/kaggle/working/data/processed/fake/edgetts/edgetts_0040.wav,fake,edgetts,neural_tts_commercial,train
edgetts_0041,/kaggle/working/data/processed/fake/edgetts/edgetts_0041.wav,fake,edgetts,neural_tts_commercial,train
edgetts_0042,/kaggle/working/data/processed/fake/edgetts/edgetts_0042.wav,fake,edgetts,neural_tts_commercial,train
edgetts_0043,/kaggle/working/data/processed/fake/edgetts/edgetts_0043.wav,fake,edgetts,neural_tts_commercial,test_seen
edgetts_0044,/kaggle/working/data/processed/fake/edgetts/edgetts_0044.wav,fake,edgetts,neural_tts_commercial,train
edgetts_0045,/kaggle/working/data/processed/fake/edgetts/edgetts_0045.wav,fake,edgetts,neural_tts_commercial,train
edgetts_0046,/kaggle/working/data/processed/fake/edgetts/edgetts_0046.wav,fake,edgetts,neural_tts_commercial,train
edgetts_0047,/kaggle/working/data/processed/fake/edgetts/edgetts_0047.wav,fake,edgetts,neural_tts_commercial,train
edgetts_0048,/kaggle/working/data/processed/fake/edgetts/edgetts_0048.wav,fake,edgetts,neural_tts_commercial,train
edgetts_0049,/kaggle/working/data/processed/fake/edgetts/edgetts_0049.wav,fake,edgetts,neural_tts_commercial,train
edgetts_0050,/kaggle/working/data/processed/fake/edgetts/edgetts_0050.wav,fake,edgetts,neural_tts_commercial,train
edgetts_0051,/kaggle/working/data/processed/fake/edgetts/edgetts_0051.wav,fake,edgetts,neural_tts_commercial,train
edgetts_0052,/kaggle/working/data/processed/fake/edgetts/edgetts_0052.wav,fake,edgetts,neural_tts_commercial,train
edgetts_0053,/kaggle/working/data/processed/fake/edgetts/edgetts_0053.wav,fake,edgetts,neural_tts_commercial,train
edgetts_0054,/kaggle/working/data/processed/fake/edgetts/edgetts_0054.wav,fake,edgetts,neural_tts_commercial,train
edgetts_0055,/kaggle/working/data/processed/fake/edgetts/edgetts_0055.wav,fake,edgetts,neural_tts_commercial,train
edgetts_0056,/kaggle/working/data/processed/fake/edgetts/edgetts_0056.wav,fake,edgetts,neural_tts_commercial,train
edgetts_0057,/kaggle/working/data/processed/fake/edgetts/edgetts_0057.wav,fake,edgetts,neural_tts_commercial,test_seen
edgetts_0058,/kaggle/working/data/processed/fake/edgetts/edgetts_0058.wav,fake,edgetts,neural_tts_commercial,train
edgetts_0059,/kaggle/working/data/processed/fake/edgetts/edgetts_0059.wav,fake,edgetts,neural_tts_commercial,train
edgetts_0060,/kaggle/working/data/processed/fake/edgetts/edgetts_0060.wav,fake,edgetts,neural_tts_commercial,train
edgetts_0061,/kaggle/working/data/processed/fake/edgetts/edgetts_0061.wav,fake,edgetts,neural_tts_commercial,train
edgetts_0062,/kaggle/working/data/processed/fake/edgetts/edgetts_0062.wav,fake,edgetts,neural_tts_commercial,train
edgetts_0063,/kaggle/working/data/processed/fake/edgetts/edgetts_0063.wav,fake,edgetts,neural_tts_commercial,train
edgetts_0064,/kaggle/working/data/processed/fake/edgetts/edgetts_0064.wav,fake,edgetts,neural_tts_commercial,train
edgetts_0065,/kaggle/working/data/processed/fake/edgetts/edgetts_0065.wav,fake,edgetts,neural_tts_commercial,train
edgetts_0066,/kaggle/working/data/processed/fake/edgetts/edgetts_0066.wav,fake,edgetts,neural_tts_commercial,train
edgetts_0067,/kaggle/working/data/processed/fake/edgetts/edgetts_0067.wav,fake,edgetts,neural_tts_commercial,test_seen
edgetts_0068,/kaggle/working/data/processed/fake/edgetts/edgetts_0068.wav,fake,edgetts,neural_tts_commercial,train
edgetts_0069,/kaggle/working/data/processed/fake/edgetts/edgetts_0069.wav,fake,edgetts,neural_tts_commercial,train
edgetts_0070,/kaggle/working/data/processed/fake/edgetts/edgetts_0070.wav,fake,edgetts,neural_tts_commercial,train
edgetts_0071,/kaggle/working/data/processed/fake/edgetts/edgetts_0071.wav,fake,edgetts,neural_tts_commercial,train
edgetts_0072,/kaggle/working/data/processed/fake/edgetts/edgetts_0072.wav,fake,edgetts,neural_tts_commercial,train
edgetts_0073,/kaggle/working/data/processed/fake/edgetts/edgetts_0073.wav,fake,edgetts,neural_tts_commercial,train
edgetts_0074,/kaggle/working/data/processed/fake/edgetts/edgetts_0074.wav,fake,edgetts,neural_tts_commercial,train
edgetts_0075,/kaggle/working/data/processed/fake/edgetts/edgetts_0075.wav,fake,edgetts,neural_tts_commercial,test_seen
edgetts_0076,/kaggle/working/data/processed/fake/edgetts/edgetts_0076.wav,fake,edgetts,neural_tts_commercial,train
edgetts_0077,/kaggle/working/data/processed/fake/edgetts/edgetts_0077.wav,fake,edgetts,neural_tts_commercial,train
edgetts_0078,/kaggle/working/data/processed/fake/edgetts/edgetts_0078.wav,fake,edgetts,neural_tts_commercial,train
edgetts_0079,/kaggle/working/data/processed/fake/edgetts/edgetts_0079.wav,fake,edgetts,neural_tts_commercial,train
edgetts_0080,/kaggle/working/data/processed/fake/edgetts/edgetts_0080.wav,fake,edgetts,neural_tts_commercial,train
edgetts_0081,/kaggle/working/data/processed/fake/edgetts/edgetts_0081.wav,fake,edgetts,neural_tts_commercial,train
edgetts_0082,/kaggle/working/data/processed/fake/edgetts/edgetts_0082.wav,fake,edgetts,neural_tts_commercial,test_seen
edgetts_0083,/kaggle/working/data/processed/fake/edgetts/edgetts_0083.wav,fake,edgetts,neural_tts_commercial,train
edgetts_0084,/kaggle/working/data/processed/fake/edgetts/edgetts_0084.wav,fake,edgetts,neural_tts_commercial,train
edgetts_0085,/kaggle/working/data/processed/fake/edgetts/edgetts_0085.wav,fake,edgetts,neural_tts_commercial,train
edgetts_0086,/kaggle/working/data/processed/fake/edgetts/edgetts_0086.wav,fake,edgetts,neural_tts_commercial,train
edgetts_0087,/kaggle/working/data/processed/fake/edgetts/edgetts_0087.wav,fake,edgetts,neural_tts_commercial,train
edgetts_0088,/kaggle/working/data/processed/fake/edgetts/edgetts_0088.wav,fake,edgetts,neural_tts_commercial,train
edgetts_0089,/kaggle/working/data/processed/fake/edgetts/edgetts_0089.wav,fake,edgetts,neural_tts_commercial,train
edgetts_0090,/kaggle/working/data/processed/fake/edgetts/edgetts_0090.wav,fake,edgetts,neural_tts_commercial,train
edgetts_0091,/kaggle/working/data/processed/fake/edgetts/edgetts_0091.wav,fake,edgetts,neural_tts_commercial,test_seen
edgetts_0092,/kaggle/working/data/processed/fake/edgetts/edgetts_0092.wav,fake,edgetts,neural_tts_commercial,train
edgetts_0093,/kaggle/working/data/processed/fake/edgetts/edgetts_0093.wav,fake,edgetts,neural_tts_commercial,train
edgetts_0094,/kaggle/working/data/processed/fake/edgetts/edgetts_0094.wav,fake,edgetts,neural_tts_commercial,test_seen
edgetts_0095,/kaggle/working/data/processed/fake/edgetts/edgetts_0095.wav,fake,edgetts,neural_tts_commercial,train
edgetts_0096,/kaggle/working/data/processed/fake/edgetts/edgetts_0096.wav,fake,edgetts,neural_tts_commercial,test_seen
edgetts_0097,/kaggle/working/data/processed/fake/edgetts/edgetts_0097.wav,fake,edgetts,neural_tts_commercial,test_seen
edgetts_0098,/kaggle/working/data/processed/fake/edgetts/edgetts_0098.wav,fake,edgetts,neural_tts_commercial,train
edgetts_0099,/kaggle/working/data/processed/fake/edgetts/edgetts_0099.wav,fake,edgetts,neural_tts_commercial,train
edgetts_0100,/kaggle/working/data/processed/fake/edgetts/edgetts_0100.wav,fake,edgetts,neural_tts_commercial,test_seen
edgetts_0101,/kaggle/working/data/processed/fake/edgetts/edgetts_0101.wav,fake,edgetts,neural_tts_commercial,train
edgetts_0102,/kaggle/working/data/processed/fake/edgetts/edgetts_0102.wav,fake,edgetts,neural_tts_commercial,train
edgetts_0103,/kaggle/working/data/processed/fake/edgetts/edgetts_0103.wav,fake,edgetts,neural_tts_commercial,train
edgetts_0104,/kaggle/working/data/processed/fake/edgetts/edgetts_0104.wav,fake,edgetts,neural_tts_commercial,train
edgetts_0105,/kaggle/working/data/processed/fake/edgetts/edgetts_0105.wav,fake,edgetts,neural_tts_commercial,train
edgetts_0106,/kaggle/working/data/processed/fake/edgetts/edgetts_0106.wav,fake,edgetts,neural_tts_commercial,test_seen
edgetts_0107,/kaggle/working/data/processed/fake/edgetts/edgetts_0107.wav,fake,edgetts,neural_tts_commercial,train
edgetts_0108,/kaggle/working/data/processed/fake/edgetts/edgetts_0108.wav,fake,edgetts,neural_tts_commercial,train
edgetts_0109,/kaggle/working/data/processed/fake/edgetts/edgetts_0109.wav,fake,edgetts,neural_tts_commercial,train
edgetts_0110,/kaggle/working/data/processed/fake/edgetts/edgetts_0110.wav,fake,edgetts,neural_tts_commercial,train
edgetts_0111,/kaggle/working/data/processed/fake/edgetts/edgetts_0111.wav,fake,edgetts,neural_tts_commercial,train
edgetts_0112,/kaggle/working/data/processed/fake/edgetts/edgetts_0112.wav,fake,edgetts,neural_tts_commercial,test_seen
edgetts_0113,/kaggle/working/data/processed/fake/edgetts/edgetts_0113.wav,fake,edgetts,neural_tts_commercial,train
edgetts_0114,/kaggle/working/data/processed/fake/edgetts/edgetts_0114.wav,fake,edgetts,neural_tts_commercial,train
edgetts_0115,/kaggle/working/data/processed/fake/edgetts/edgetts_0115.wav,fake,edgetts,neural_tts_commercial,train
edgetts_0116,/kaggle/working/data/processed/fake/edgetts/edgetts_0116.wav,fake,edgetts,neural_tts_commercial,train
edgetts_0117,/kaggle/working/data/processed/fake/edgetts/edgetts_0117.wav,fake,edgetts,neural_tts_commercial,train
edgetts_0118,/kaggle/working/data/processed/fake/edgetts/edgetts_0118.wav,fake,edgetts,neural_tts_commercial,train
edgetts_0119,/kaggle/working/data/processed/fake/edgetts/edgetts_0119.wav,fake,edgetts,neural_tts_commercial,train
edgetts_0120,/kaggle/working/data/processed/fake/edgetts/edgetts_0120.wav,fake,edgetts,neural_tts_commercial,train
edgetts_0121,/kaggle/working/data/processed/fake/edgetts/edgetts_0121.wav,fake,edgetts,neural_tts_commercial,train
edgetts_0122,/kaggle/working/data/processed/fake/edgetts/edgetts_0122.wav,fake,edgetts,neural_tts_commercial,train
edgetts_0123,/kaggle/working/data/processed/fake/edgetts/edgetts_0123.wav,fake,edgetts,neural_tts_commercial,train
edgetts_0124,/kaggle/working/data/processed/fake/edgetts/edgetts_0124.wav,fake,edgetts,neural_tts_commercial,test_seen
edgetts_0125,/kaggle/working/data/processed/fake/edgetts/edgetts_0125.wav,fake,edgetts,neural_tts_commercial,train
edgetts_0126,/kaggle/working/data/processed/fake/edgetts/edgetts_0126.wav,fake,edgetts,neural_tts_commercial,train
edgetts_0127,/kaggle/working/data/processed/fake/edgetts/edgetts_0127.wav,fake,edgetts,neural_tts_commercial,test_seen
edgetts_0128,/kaggle/working/data/processed/fake/edgetts/edgetts_0128.wav,fake,edgetts,neural_tts_commercial,train
edgetts_0129,/kaggle/working/data/processed/fake/edgetts/edgetts_0129.wav,fake,edgetts,neural_tts_commercial,train
edgetts_0130,/kaggle/working/data/processed/fake/edgetts/edgetts_0130.wav,fake,edgetts,neural_tts_commercial,train
edgetts_0131,/kaggle/working/data/processed/fake/edgetts/edgetts_0131.wav,fake,edgetts,neural_tts_commercial,train
edgetts_0132,/kaggle/working/data/processed/fake/edgetts/edgetts_0132.wav,fake,edgetts,neural_tts_commercial,train
edgetts_0133,/kaggle/working/data/processed/fake/edgetts/edgetts_0133.wav,fake,edgetts,neural_tts_commercial,train
edgetts_0134,/kaggle/working/data/processed/fake/edgetts/edgetts_0134.wav,fake,edgetts,neural_tts_commercial,train
edgetts_0135,/kaggle/working/data/processed/fake/edgetts/edgetts_0135.wav,fake,edgetts,neural_tts_commercial,train
edgetts_0136,/kaggle/working/data/processed/fake/edgetts/edgetts_0136.wav,fake,edgetts,neural_tts_commercial,train
edgetts_0137,/kaggle/working/data/processed/fake/edgetts/edgetts_0137.wav,fake,edgetts,neural_tts_commercial,train
edgetts_0138,/kaggle/working/data/processed/fake/edgetts/edgetts_0138.wav,fake,edgetts,neural_tts_commercial,train
edgetts_0139,/kaggle/working/data/processed/fake/edgetts/edgetts_0139.wav,fake,edgetts,neural_tts_commercial,train
edgetts_0140,/kaggle/working/data/processed/fake/edgetts/edgetts_0140.wav,fake,edgetts,neural_tts_commercial,train
edgetts_0141,/kaggle/working/data/processed/fake/edgetts/edgetts_0141.wav,fake,edgetts,neural_tts_commercial,train
edgetts_0142,/kaggle/working/data/processed/fake/edgetts/edgetts_0142.wav,fake,edgetts,neural_tts_commercial,train
edgetts_0143,/kaggle/working/data/processed/fake/edgetts/edgetts_0143.wav,fake,edgetts,neural_tts_commercial,train
edgetts_0144,/kaggle/working/data/processed/fake/edgetts/edgetts_0144.wav,fake,edgetts,neural_tts_commercial,train
edgetts_0145,/kaggle/working/data/processed/fake/edgetts/edgetts_0145.wav,fake,edgetts,neural_tts_commercial,train
edgetts_0146,/kaggle/working/data/processed/fake/edgetts/edgetts_0146.wav,fake,edgetts,neural_tts_commercial,test_seen
edgetts_0147,/kaggle/working/data/processed/fake/edgetts/edgetts_0147.wav,fake,edgetts,neural_tts_commercial,train
edgetts_0148,/kaggle/working/data/processed/fake/edgetts/edgetts_0148.wav,fake,edgetts,neural_tts_commercial,test_seen
edgetts_0149,/kaggle/working/data/processed/fake/edgetts/edgetts_0149.wav,fake,edgetts,neural_tts_commercial,train
edgetts_0150,/kaggle/working/data/processed/fake/edgetts/edgetts_0150.wav,fake,edgetts,neural_tts_commercial,train
edgetts_0151,/kaggle/working/data/processed/fake/edgetts/edgetts_0151.wav,fake,edgetts,neural_tts_commercial,train
edgetts_0152,/kaggle/working/data/processed/fake/edgetts/edgetts_0152.wav,fake,edgetts,neural_tts_commercial,train
edgetts_0153,/kaggle/working/data/processed/fake/edgetts/edgetts_0153.wav,fake,edgetts,neural_tts_commercial,train
edgetts_0154,/kaggle/working/data/processed/fake/edgetts/edgetts_0154.wav,fake,edgetts,neural_tts_commercial,test_seen
edgetts_0155,/kaggle/working/data/processed/fake/edgetts/edgetts_0155.wav,fake,edgetts,neural_tts_commercial,train
edgetts_0156,/kaggle/working/data/processed/fake/edgetts/edgetts_0156.wav,fake,edgetts,neural_tts_commercial,train
edgetts_0157,/kaggle/working/data/processed/fake/edgetts/edgetts_0157.wav,fake,edgetts,neural_tts_commercial,train
edgetts_0158,/kaggle/working/data/processed/fake/edgetts/edgetts_0158.wav,fake,edgetts,neural_tts_commercial,train
edgetts_0159,/kaggle/working/data/processed/fake/edgetts/edgetts_0159.wav,fake,edgetts,neural_tts_commercial,train
edgetts_0160,/kaggle/working/data/processed/fake/edgetts/edgetts_0160.wav,fake,edgetts,neural_tts_commercial,train
edgetts_0161,/kaggle/working/data/processed/fake/edgetts/edgetts_0161.wav,fake,edgetts,neural_tts_commercial,train
edgetts_0162,/kaggle/working/data/processed/fake/edgetts/edgetts_0162.wav,fake,edgetts,neural_tts_commercial,train
edgetts_0163,/kaggle/working/data/processed/fake/edgetts/edgetts_0163.wav,fake,edgetts,neural_tts_commercial,test_seen
edgetts_0164,/kaggle/working/data/processed/fake/edgetts/edgetts_0164.wav,fake,edgetts,neural_tts_commercial,train
edgetts_0165,/kaggle/working/data/processed/fake/edgetts/edgetts_0165.wav,fake,edgetts,neural_tts_commercial,test_seen
edgetts_0166,/kaggle/working/data/processed/fake/edgetts/edgetts_0166.wav,fake,edgetts,neural_tts_commercial,train
edgetts_0167,/kaggle/working/data/processed/fake/edgetts/edgetts_0167.wav,fake,edgetts,neural_tts_commercial,test_seen
edgetts_0168,/kaggle/working/data/processed/fake/edgetts/edgetts_0168.wav,fake,edgetts,neural_tts_commercial,train
edgetts_0169,/kaggle/working/data/processed/fake/edgetts/edgetts_0169.wav,fake,edgetts,neural_tts_commercial,test_seen
edgetts_0170,/kaggle/working/data/processed/fake/edgetts/edgetts_0170.wav,fake,edgetts,neural_tts_commercial,train
edgetts_0171,/kaggle/working/data/processed/fake/edgetts/edgetts_0171.wav,fake,edgetts,neural_tts_commercial,train
edgetts_0172,/kaggle/working/data/processed/fake/edgetts/edgetts_0172.wav,fake,edgetts,neural_tts_commercial,train
edgetts_0173,/kaggle/working/data/processed/fake/edgetts/edgetts_0173.wav,fake,edgetts,neural_tts_commercial,train
edgetts_0174,/kaggle/working/data/processed/fake/edgetts/edgetts_0174.wav,fake,edgetts,neural_tts_commercial,train
edgetts_0175,/kaggle/working/data/processed/fake/edgetts/edgetts_0175.wav,fake,edgetts,neural_tts_commercial,train
edgetts_0176,/kaggle/working/data/processed/fake/edgetts/edgetts_0176.wav,fake,edgetts,neural_tts_commercial,train
edgetts_0177,/kaggle/working/data/processed/fake/edgetts/edgetts_0177.wav,fake,edgetts,neural_tts_commercial,train
edgetts_0178,/kaggle/working/data/processed/fake/edgetts/edgetts_0178.wav,fake,edgetts,neural_tts_commercial,train
edgetts_0179,/kaggle/working/data/processed/fake/edgetts/edgetts_0179.wav,fake,edgetts,neural_tts_commercial,train
edgetts_0180,/kaggle/working/data/processed/fake/edgetts/edgetts_0180.wav,fake,edgetts,neural_tts_commercial,train
edgetts_0181,/kaggle/working/data/processed/fake/edgetts/edgetts_0181.wav,fake,edgetts,neural_tts_commercial,train
edgetts_0182,/kaggle/working/data/processed/fake/edgetts/edgetts_0182.wav,fake,edgetts,neural_tts_commercial,train
edgetts_0183,/kaggle/working/data/processed/fake/edgetts/edgetts_0183.wav,fake,edgetts,neural_tts_commercial,train
edgetts_0184,/kaggle/working/data/processed/fake/edgetts/edgetts_0184.wav,fake,edgetts,neural_tts_commercial,test_seen
edgetts_0185,/kaggle/working/data/processed/fake/edgetts/edgetts_0185.wav,fake,edgetts,neural_tts_commercial,train
edgetts_0186,/kaggle/working/data/processed/fake/edgetts/edgetts_0186.wav,fake,edgetts,neural_tts_commercial,train
edgetts_0187,/kaggle/working/data/processed/fake/edgetts/edgetts_0187.wav,fake,edgetts,neural_tts_commercial,train
edgetts_0188,/kaggle/working/data/processed/fake/edgetts/edgetts_0188.wav,fake,edgetts,neural_tts_commercial,test_seen
edgetts_0189,/kaggle/working/data/processed/fake/edgetts/edgetts_0189.wav,fake,edgetts,neural_tts_commercial,train
edgetts_0190,/kaggle/working/data/processed/fake/edgetts/edgetts_0190.wav,fake,edgetts,neural_tts_commercial,test_seen
edgetts_0191,/kaggle/working/data/processed/fake/edgetts/edgetts_0191.wav,fake,edgetts,neural_tts_commercial,train
edgetts_0192,/kaggle/working/data/processed/fake/edgetts/edgetts_0192.wav,fake,edgetts,neural_tts_commercial,train
edgetts_0193,/kaggle/working/data/processed/fake/edgetts/edgetts_0193.wav,fake,edgetts,neural_tts_commercial,train
edgetts_0194,/kaggle/working/data/processed/fake/edgetts/edgetts_0194.wav,fake,edgetts,neural_tts_commercial,train
edgetts_0195,/kaggle/working/data/processed/fake/edgetts/edgetts_0195.wav,fake,edgetts,neural_tts_commercial,train
edgetts_0196,/kaggle/working/data/processed/fake/edgetts/edgetts_0196.wav,fake,edgetts,neural_tts_commercial,train
edgetts_0197,/kaggle/working/data/processed/fake/edgetts/edgetts_0197.wav,fake,edgetts,neural_tts_commercial,train
edgetts_0198,/kaggle/working/data/processed/fake/edgetts/edgetts_0198.wav,fake,edgetts,neural_tts_commercial,train
edgetts_0199,/kaggle/working/data/processed/fake/edgetts/edgetts_0199.wav,fake,edgetts,neural_tts_commercial,train
edgetts_0200,/kaggle/working/data/processed/fake/edgetts/edgetts_0200.wav,fake,edgetts,neural_tts_commercial,test_seen
edgetts_0201,/kaggle/working/data/processed/fake/edgetts/edgetts_0201.wav,fake,edgetts,neural_tts_commercial,train
edgetts_0202,/kaggle/working/data/processed/fake/edgetts/edgetts_0202.wav,fake,edgetts,neural_tts_commercial,train
edgetts_0203,/kaggle/working/data/processed/fake/edgetts/edgetts_0203.wav,fake,edgetts,neural_tts_commercial,train
edgetts_0204,/kaggle/working/data/processed/fake/edgetts/edgetts_0204.wav,fake,edgetts,neural_tts_commercial,train
edgetts_0205,/kaggle/working/data/processed/fake/edgetts/edgetts_0205.wav,fake,edgetts,neural_tts_commercial,train
edgetts_0206,/kaggle/working/data/processed/fake/edgetts/edgetts_0206.wav,fake,edgetts,neural_tts_commercial,train
edgetts_0207,/kaggle/working/data/processed/fake/edgetts/edgetts_0207.wav,fake,edgetts,neural_tts_commercial,train
edgetts_0208,/kaggle/working/data/processed/fake/edgetts/edgetts_0208.wav,fake,edgetts,neural_tts_commercial,test_seen
edgetts_0209,/kaggle/working/data/processed/fake/edgetts/edgetts_0209.wav,fake,edgetts,neural_tts_commercial,test_seen
edgetts_0210,/kaggle/working/data/processed/fake/edgetts/edgetts_0210.wav,fake,edgetts,neural_tts_commercial,train
edgetts_0211,/kaggle/working/data/processed/fake/edgetts/edgetts_0211.wav,fake,edgetts,neural_tts_commercial,train
edgetts_0212,/kaggle/working/data/processed/fake/edgetts/edgetts_0212.wav,fake,edgetts,neural_tts_commercial,train
edgetts_0213,/kaggle/working/data/processed/fake/edgetts/edgetts_0213.wav,fake,edgetts,neural_tts_commercial,train
edgetts_0214,/kaggle/working/data/processed/fake/edgetts/edgetts_0214.wav,fake,edgetts,neural_tts_commercial,train
edgetts_0215,/kaggle/working/data/processed/fake/edgetts/edgetts_0215.wav,fake,edgetts,neural_tts_commercial,test_seen
edgetts_0216,/kaggle/working/data/processed/fake/edgetts/edgetts_0216.wav,fake,edgetts,neural_tts_commercial,test_seen
edgetts_0217,/kaggle/working/data/processed/fake/edgetts/edgetts_0217.wav,fake,edgetts,neural_tts_commercial,train
edgetts_0218,/kaggle/working/data/processed/fake/edgetts/edgetts_0218.wav,fake,edgetts,neural_tts_commercial,train
edgetts_0219,/kaggle/working/data/processed/fake/edgetts/edgetts_0219.wav,fake,edgetts,neural_tts_commercial,train
edgetts_0220,/kaggle/working/data/processed/fake/edgetts/edgetts_0220.wav,fake,edgetts,neural_tts_commercial,train
edgetts_0221,/kaggle/working/data/processed/fake/edgetts/edgetts_0221.wav,fake,edgetts,neural_tts_commercial,train
edgetts_0222,/kaggle/working/data/processed/fake/edgetts/edgetts_0222.wav,fake,edgetts,neural_tts_commercial,train
edgetts_0223,/kaggle/working/data/processed/fake/edgetts/edgetts_0223.wav,fake,edgetts,neural_tts_commercial,train
edgetts_0224,/kaggle/working/data/processed/fake/edgetts/edgetts_0224.wav,fake,edgetts,neural_tts_commercial,train
edgetts_0225,/kaggle/working/data/processed/fake/edgetts/edgetts_0225.wav,fake,edgetts,neural_tts_commercial,train
edgetts_0226,/kaggle/working/data/processed/fake/edgetts/edgetts_0226.wav,fake,edgetts,neural_tts_commercial,train
edgetts_0227,/kaggle/working/data/processed/fake/edgetts/edgetts_0227.wav,fake,edgetts,neural_tts_commercial,train
edgetts_0228,/kaggle/working/data/processed/fake/edgetts/edgetts_0228.wav,fake,edgetts,neural_tts_commercial,train
edgetts_0229,/kaggle/working/data/processed/fake/edgetts/edgetts_0229.wav,fake,edgetts,neural_tts_commercial,train
edgetts_0230,/kaggle/working/data/processed/fake/edgetts/edgetts_0230.wav,fake,edgetts,neural_tts_commercial,train
edgetts_0231,/kaggle/working/data/processed/fake/edgetts/edgetts_0231.wav,fake,edgetts,neural_tts_commercial,train
edgetts_0232,/kaggle/working/data/processed/fake/edgetts/edgetts_0232.wav,fake,edgetts,neural_tts_commercial,train
edgetts_0233,/kaggle/working/data/processed/fake/edgetts/edgetts_0233.wav,fake,edgetts,neural_tts_commercial,train
edgetts_0234,/kaggle/working/data/processed/fake/edgetts/edgetts_0234.wav,fake,edgetts,neural_tts_commercial,test_seen
edgetts_0235,/kaggle/working/data/processed/fake/edgetts/edgetts_0235.wav,fake,edgetts,neural_tts_commercial,train
edgetts_0236,/kaggle/working/data/processed/fake/edgetts/edgetts_0236.wav,fake,edgetts,neural_tts_commercial,train
edgetts_0237,/kaggle/working/data/processed/fake/edgetts/edgetts_0237.wav,fake,edgetts,neural_tts_commercial,train
edgetts_0238,/kaggle/working/data/processed/fake/edgetts/edgetts_0238.wav,fake,edgetts,neural_tts_commercial,test_seen
edgetts_0239,/kaggle/working/data/processed/fake/edgetts/edgetts_0239.wav,fake,edgetts,neural_tts_commercial,test_seen
edgetts_0240,/kaggle/working/data/processed/fake/edgetts/edgetts_0240.wav,fake,edgetts,neural_tts_commercial,test_seen
edgetts_0241,/kaggle/working/data/processed/fake/edgetts/edgetts_0241.wav,fake,edgetts,neural_tts_commercial,train
edgetts_0242,/kaggle/working/data/processed/fake/edgetts/edgetts_0242.wav,fake,edgetts,neural_tts_commercial,train
edgetts_0243,/kaggle/working/data/processed/fake/edgetts/edgetts_0243.wav,fake,edgetts,neural_tts_commercial,test_seen
edgetts_0244,/kaggle/working/data/processed/fake/edgetts/edgetts_0244.wav,fake,edgetts,neural_tts_commercial,train
edgetts_0245,/kaggle/working/data/processed/fake/edgetts/edgetts_0245.wav,fake,edgetts,neural_tts_commercial,test_seen
edgetts_0246,/kaggle/working/data/processed/fake/edgetts/edgetts_0246.wav,fake,edgetts,neural_tts_commercial,train
edgetts_0247,/kaggle/working/data/processed/fake/edgetts/edgetts_0247.wav,fake,edgetts,neural_tts_commercial,train
edgetts_0248,/kaggle/working/data/processed/fake/edgetts/edgetts_0248.wav,fake,edgetts,neural_tts_commercial,train
edgetts_0249,/kaggle/working/data/processed/fake/edgetts/edgetts_0249.wav,fake,edgetts,neural_tts_commercial,train
edgetts_0250,/kaggle/working/data/processed/fake/edgetts/edgetts_0250.wav,fake,edgetts,neural_tts_commercial,train
edgetts_0251,/kaggle/working/data/processed/fake/edgetts/edgetts_0251.wav,fake,edgetts,neural_tts_commercial,train
edgetts_0252,/kaggle/working/data/processed/fake/edgetts/edgetts_0252.wav,fake,edgetts,neural_tts_commercial,train
edgetts_0253,/kaggle/working/data/processed/fake/edgetts/edgetts_0253.wav,fake,edgetts,neural_tts_commercial,train
edgetts_0254,/kaggle/working/data/processed/fake/edgetts/edgetts_0254.wav,fake,edgetts,neural_tts_commercial,train
edgetts_0255,/kaggle/working/data/processed/fake/edgetts/edgetts_0255.wav,fake,edgetts,neural_tts_commercial,train
edgetts_0256,/kaggle/working/data/processed/fake/edgetts/edgetts_0256.wav,fake,edgetts,neural_tts_commercial,train
edgetts_0257,/kaggle/working/data/processed/fake/edgetts/edgetts_0257.wav,fake,edgetts,neural_tts_commercial,train
edgetts_0258,/kaggle/working/data/processed/fake/edgetts/edgetts_0258.wav,fake,edgetts,neural_tts_commercial,train
edgetts_0259,/kaggle/working/data/processed/fake/edgetts/edgetts_0259.wav,fake,edgetts,neural_tts_commercial,train
edgetts_0260,/kaggle/working/data/processed/fake/edgetts/edgetts_0260.wav,fake,edgetts,neural_tts_commercial,train
edgetts_0261,/kaggle/working/data/processed/fake/edgetts/edgetts_0261.wav,fake,edgetts,neural_tts_commercial,train
edgetts_0262,/kaggle/working/data/processed/fake/edgetts/edgetts_0262.wav,fake,edgetts,neural_tts_commercial,train
edgetts_0263,/kaggle/working/data/processed/fake/edgetts/edgetts_0263.wav,fake,edgetts,neural_tts_commercial,train
edgetts_0264,/kaggle/working/data/processed/fake/edgetts/edgetts_0264.wav,fake,edgetts,neural_tts_commercial,train
edgetts_0265,/kaggle/working/data/processed/fake/edgetts/edgetts_0265.wav,fake,edgetts,neural_tts_commercial,train
edgetts_0266,/kaggle/working/data/processed/fake/edgetts/edgetts_0266.wav,fake,edgetts,neural_tts_commercial,train
edgetts_0267,/kaggle/working/data/processed/fake/edgetts/edgetts_0267.wav,fake,edgetts,neural_tts_commercial,train
edgetts_0268,/kaggle/working/data/processed/fake/edgetts/edgetts_0268.wav,fake,edgetts,neural_tts_commercial,train
edgetts_0269,/kaggle/working/data/processed/fake/edgetts/edgetts_0269.wav,fake,edgetts,neural_tts_commercial,train
edgetts_0270,/kaggle/working/data/processed/fake/edgetts/edgetts_0270.wav,fake,edgetts,neural_tts_commercial,test_seen
edgetts_0271,/kaggle/working/data/processed/fake/edgetts/edgetts_0271.wav,fake,edgetts,neural_tts_commercial,train
edgetts_0272,/kaggle/working/data/processed/fake/edgetts/edgetts_0272.wav,fake,edgetts,neural_tts_commercial,train
edgetts_0273,/kaggle/working/data/processed/fake/edgetts/edgetts_0273.wav,fake,edgetts,neural_tts_commercial,train
edgetts_0274,/kaggle/working/data/processed/fake/edgetts/edgetts_0274.wav,fake,edgetts,neural_tts_commercial,train
edgetts_0275,/kaggle/working/data/processed/fake/edgetts/edgetts_0275.wav,fake,edgetts,neural_tts_commercial,train
edgetts_0276,/kaggle/working/data/processed/fake/edgetts/edgetts_0276.wav,fake,edgetts,neural_tts_commercial,train
edgetts_0277,/kaggle/working/data/processed/fake/edgetts/edgetts_0277.wav,fake,edgetts,neural_tts_commercial,train
edgetts_0278,/kaggle/working/data/processed/fake/edgetts/edgetts_0278.wav,fake,edgetts,neural_tts_commercial,test_seen
edgetts_0279,/kaggle/working/data/processed/fake/edgetts/edgetts_0279.wav,fake,edgetts,neural_tts_commercial,test_seen
edgetts_0280,/kaggle/working/data/processed/fake/edgetts/edgetts_0280.wav,fake,edgetts,neural_tts_commercial,train
edgetts_0281,/kaggle/working/data/processed/fake/edgetts/edgetts_0281.wav,fake,edgetts,neural_tts_commercial,train
edgetts_0282,/kaggle/working/data/processed/fake/edgetts/edgetts_0282.wav,fake,edgetts,neural_tts_commercial,test_seen
edgetts_0283,/kaggle/working/data/processed/fake/edgetts/edgetts_0283.wav,fake,edgetts,neural_tts_commercial,train
edgetts_0284,/kaggle/working/data/processed/fake/edgetts/edgetts_0284.wav,fake,edgetts,neural_tts_commercial,test_seen
edgetts_0285,/kaggle/working/data/processed/fake/edgetts/edgetts_0285.wav,fake,edgetts,neural_tts_commercial,test_seen
edgetts_0286,/kaggle/working/data/processed/fake/edgetts/edgetts_0286.wav,fake,edgetts,neural_tts_commercial,train
edgetts_0287,/kaggle/working/data/processed/fake/edgetts/edgetts_0287.wav,fake,edgetts,neural_tts_commercial,train
edgetts_0288,/kaggle/working/data/processed/fake/edgetts/edgetts_0288.wav,fake,edgetts,neural_tts_commercial,train
edgetts_0289,/kaggle/working/data/processed/fake/edgetts/edgetts_0289.wav,fake,edgetts,neural_tts_commercial,train
edgetts_0290,/kaggle/working/data/processed/fake/edgetts/edgetts_0290.wav,fake,edgetts,neural_tts_commercial,train
edgetts_0291,/kaggle/working/data/processed/fake/edgetts/edgetts_0291.wav,fake,edgetts,neural_tts_commercial,train
edgetts_0292,/kaggle/working/data/processed/fake/edgetts/edgetts_0292.wav,fake,edgetts,neural_tts_commercial,test_seen
edgetts_0293,/kaggle/working/data/processed/fake/edgetts/edgetts_0293.wav,fake,edgetts,neural_tts_commercial,train
edgetts_0294,/kaggle/working/data/processed/fake/edgetts/edgetts_0294.wav,fake,edgetts,neural_tts_commercial,train
edgetts_0295,/kaggle/working/data/processed/fake/edgetts/edgetts_0295.wav,fake,edgetts,neural_tts_commercial,test_seen
edgetts_0296,/kaggle/working/data/processed/fake/edgetts/edgetts_0296.wav,fake,edgetts,neural_tts_commercial,test_seen
edgetts_0297,/kaggle/working/data/processed/fake/edgetts/edgetts_0297.wav,fake,edgetts,neural_tts_commercial,train
edgetts_0298,/kaggle/working/data/processed/fake/edgetts/edgetts_0298.wav,fake,edgetts,neural_tts_commercial,train
edgetts_0299,/kaggle/working/data/processed/fake/edgetts/edgetts_0299.wav,fake,edgetts,neural_tts_commercial,train
edgetts_0300,/kaggle/working/data/processed/fake/edgetts/edgetts_0300.wav,fake,edgetts,neural_tts_commercial,test_seen
edgetts_0301,/kaggle/working/data/processed/fake/edgetts/edgetts_0301.wav,fake,edgetts,neural_tts_commercial,train
edgetts_0302,/kaggle/working/data/processed/fake/edgetts/edgetts_0302.wav,fake,edgetts,neural_tts_commercial,train
edgetts_0303,/kaggle/working/data/processed/fake/edgetts/edgetts_0303.wav,fake,edgetts,neural_tts_commercial,train
edgetts_0304,/kaggle/working/data/processed/fake/edgetts/edgetts_0304.wav,fake,edgetts,neural_tts_commercial,test_seen
edgetts_0305,/kaggle/working/data/processed/fake/edgetts/edgetts_0305.wav,fake,edgetts,neural_tts_commercial,train
edgetts_0306,/kaggle/working/data/processed/fake/edgetts/edgetts_0306.wav,fake,edgetts,neural_tts_commercial,train
edgetts_0307,/kaggle/working/data/processed/fake/edgetts/edgetts_0307.wav,fake,edgetts,neural_tts_commercial,train
edgetts_0308,/kaggle/working/data/processed/fake/edgetts/edgetts_0308.wav,fake,edgetts,neural_tts_commercial,train
edgetts_0309,/kaggle/working/data/processed/fake/edgetts/edgetts_0309.wav,fake,edgetts,neural_tts_commercial,train
edgetts_0310,/kaggle/working/data/processed/fake/edgetts/edgetts_0310.wav,fake,edgetts,neural_tts_commercial,train
edgetts_0311,/kaggle/working/data/processed/fake/edgetts/edgetts_0311.wav,fake,edgetts,neural_tts_commercial,train
edgetts_0312,/kaggle/working/data/processed/fake/edgetts/edgetts_0312.wav,fake,edgetts,neural_tts_commercial,train
edgetts_0313,/kaggle/working/data/processed/fake/edgetts/edgetts_0313.wav,fake,edgetts,neural_tts_commercial,train
edgetts_0314,/kaggle/working/data/processed/fake/edgetts/edgetts_0314.wav,fake,edgetts,neural_tts_commercial,train
edgetts_0315,/kaggle/working/data/processed/fake/edgetts/edgetts_0315.wav,fake,edgetts,neural_tts_commercial,test_seen
edgetts_0316,/kaggle/working/data/processed/fake/edgetts/edgetts_0316.wav,fake,edgetts,neural_tts_commercial,test_seen
edgetts_0317,/kaggle/working/data/processed/fake/edgetts/edgetts_0317.wav,fake,edgetts,neural_tts_commercial,train
edgetts_0318,/kaggle/working/data/processed/fake/edgetts/edgetts_0318.wav,fake,edgetts,neural_tts_commercial,train
edgetts_0319,/kaggle/working/data/processed/fake/edgetts/edgetts_0319.wav,fake,edgetts,neural_tts_commercial,test_seen
edgetts_0320,/kaggle/working/data/processed/fake/edgetts/edgetts_0320.wav,fake,edgetts,neural_tts_commercial,test_seen
edgetts_0321,/kaggle/working/data/processed/fake/edgetts/edgetts_0321.wav,fake,edgetts,neural_tts_commercial,train
edgetts_0322,/kaggle/working/data/processed/fake/edgetts/edgetts_0322.wav,fake,edgetts,neural_tts_commercial,test_seen
edgetts_0323,/kaggle/working/data/processed/fake/edgetts/edgetts_0323.wav,fake,edgetts,neural_tts_commercial,train
edgetts_0324,/kaggle/working/data/processed/fake/edgetts/edgetts_0324.wav,fake,edgetts,neural_tts_commercial,train
edgetts_0325,/kaggle/working/data/processed/fake/edgetts/edgetts_0325.wav,fake,edgetts,neural_tts_commercial,train
edgetts_0326,/kaggle/working/data/processed/fake/edgetts/edgetts_0326.wav,fake,edgetts,neural_tts_commercial,train
edgetts_0327,/kaggle/working/data/processed/fake/edgetts/edgetts_0327.wav,fake,edgetts,neural_tts_commercial,test_seen
edgetts_0328,/kaggle/working/data/processed/fake/edgetts/edgetts_0328.wav,fake,edgetts,neural_tts_commercial,test_seen
edgetts_0329,/kaggle/working/data/processed/fake/edgetts/edgetts_0329.wav,fake,edgetts,neural_tts_commercial,test_seen
edgetts_0330,/kaggle/working/data/processed/fake/edgetts/edgetts_0330.wav,fake,edgetts,neural_tts_commercial,train
edgetts_0331,/kaggle/working/data/processed/fake/edgetts/edgetts_0331.wav,fake,edgetts,neural_tts_commercial,train
edgetts_0332,/kaggle/working/data/processed/fake/edgetts/edgetts_0332.wav,fake,edgetts,neural_tts_commercial,train
edgetts_0333,/kaggle/working/data/processed/fake/edgetts/edgetts_0333.wav,fake,edgetts,neural_tts_commercial,train
edgetts_0334,/kaggle/working/data/processed/fake/edgetts/edgetts_0334.wav,fake,edgetts,neural_tts_commercial,test_seen
edgetts_0335,/kaggle/working/data/processed/fake/edgetts/edgetts_0335.wav,fake,edgetts,neural_tts_commercial,train
edgetts_0336,/kaggle/working/data/processed/fake/edgetts/edgetts_0336.wav,fake,edgetts,neural_tts_commercial,train
edgetts_0337,/kaggle/working/data/processed/fake/edgetts/edgetts_0337.wav,fake,edgetts,neural_tts_commercial,train
edgetts_0338,/kaggle/working/data/processed/fake/edgetts/edgetts_0338.wav,fake,edgetts,neural_tts_commercial,train
edgetts_0339,/kaggle/working/data/processed/fake/edgetts/edgetts_0339.wav,fake,edgetts,neural_tts_commercial,train
edgetts_0340,/kaggle/working/data/processed/fake/edgetts/edgetts_0340.wav,fake,edgetts,neural_tts_commercial,test_seen
edgetts_0341,/kaggle/working/data/processed/fake/edgetts/edgetts_0341.wav,fake,edgetts,neural_tts_commercial,train
edgetts_0342,/kaggle/working/data/processed/fake/edgetts/edgetts_0342.wav,fake,edgetts,neural_tts_commercial,test_seen
edgetts_0343,/kaggle/working/data/processed/fake/edgetts/edgetts_0343.wav,fake,edgetts,neural_tts_commercial,train
edgetts_0344,/kaggle/working/data/processed/fake/edgetts/edgetts_0344.wav,fake,edgetts,neural_tts_commercial,train
edgetts_0345,/kaggle/working/data/processed/fake/edgetts/edgetts_0345.wav,fake,edgetts,neural_tts_commercial,train
edgetts_0346,/kaggle/working/data/processed/fake/edgetts/edgetts_0346.wav,fake,edgetts,neural_tts_commercial,train
edgetts_0347,/kaggle/working/data/processed/fake/edgetts/edgetts_0347.wav,fake,edgetts,neural_tts_commercial,train
edgetts_0348,/kaggle/working/data/processed/fake/edgetts/edgetts_0348.wav,fake,edgetts,neural_tts_commercial,test_seen
edgetts_0349,/kaggle/working/data/processed/fake/edgetts/edgetts_0349.wav,fake,edgetts,neural_tts_commercial,train
edgetts_0350,/kaggle/working/data/processed/fake/edgetts/edgetts_0350.wav,fake,edgetts,neural_tts_commercial,train
edgetts_0351,/kaggle/working/data/processed/fake/edgetts/edgetts_0351.wav,fake,edgetts,neural_tts_commercial,train
edgetts_0352,/kaggle/working/data/processed/fake/edgetts/edgetts_0352.wav,fake,edgetts,neural_tts_commercial,train
edgetts_0353,/kaggle/working/data/processed/fake/edgetts/edgetts_0353.wav,fake,edgetts,neural_tts_commercial,train
edgetts_0354,/kaggle/working/data/processed/fake/edgetts/edgetts_0354.wav,fake,edgetts,neural_tts_commercial,train
edgetts_0355,/kaggle/working/data/processed/fake/edgetts/edgetts_0355.wav,fake,edgetts,neural_tts_commercial,train
edgetts_0356,/kaggle/working/data/processed/fake/edgetts/edgetts_0356.wav,fake,edgetts,neural_tts_commercial,train
edgetts_0357,/kaggle/working/data/processed/fake/edgetts/edgetts_0357.wav,fake,edgetts,neural_tts_commercial,train
edgetts_0358,/kaggle/working/data/processed/fake/edgetts/edgetts_0358.wav,fake,edgetts,neural_tts_commercial,train
edgetts_0359,/kaggle/working/data/processed/fake/edgetts/edgetts_0359.wav,fake,edgetts,neural_tts_commercial,train
edgetts_0360,/kaggle/working/data/processed/fake/edgetts/edgetts_0360.wav,fake,edgetts,neural_tts_commercial,train
edgetts_0361,/kaggle/working/data/processed/fake/edgetts/edgetts_0361.wav,fake,edgetts,neural_tts_commercial,train
edgetts_0362,/kaggle/working/data/processed/fake/edgetts/edgetts_0362.wav,fake,edgetts,neural_tts_commercial,train
edgetts_0363,/kaggle/working/data/processed/fake/edgetts/edgetts_0363.wav,fake,edgetts,neural_tts_commercial,train
edgetts_0364,/kaggle/working/data/processed/fake/edgetts/edgetts_0364.wav,fake,edgetts,neural_tts_commercial,train
edgetts_0365,/kaggle/working/data/processed/fake/edgetts/edgetts_0365.wav,fake,edgetts,neural_tts_commercial,train
edgetts_0366,/kaggle/working/data/processed/fake/edgetts/edgetts_0366.wav,fake,edgetts,neural_tts_commercial,train
edgetts_0367,/kaggle/working/data/processed/fake/edgetts/edgetts_0367.wav,fake,edgetts,neural_tts_commercial,train
edgetts_0368,/kaggle/working/data/processed/fake/edgetts/edgetts_0368.wav,fake,edgetts,neural_tts_commercial,test_seen
edgetts_0369,/kaggle/working/data/processed/fake/edgetts/edgetts_0369.wav,fake,edgetts,neural_tts_commercial,train
edgetts_0370,/kaggle/working/data/processed/fake/edgetts/edgetts_0370.wav,fake,edgetts,neural_tts_commercial,test_seen
edgetts_0371,/kaggle/working/data/processed/fake/edgetts/edgetts_0371.wav,fake,edgetts,neural_tts_commercial,test_seen
edgetts_0372,/kaggle/working/data/processed/fake/edgetts/edgetts_0372.wav,fake,edgetts,neural_tts_commercial,train
edgetts_0373,/kaggle/working/data/processed/fake/edgetts/edgetts_0373.wav,fake,edgetts,neural_tts_commercial,train
edgetts_0374,/kaggle/working/data/processed/fake/edgetts/edgetts_0374.wav,fake,edgetts,neural_tts_commercial,train
edgetts_0375,/kaggle/working/data/processed/fake/edgetts/edgetts_0375.wav,fake,edgetts,neural_tts_commercial,train
edgetts_0376,/kaggle/working/data/processed/fake/edgetts/edgetts_0376.wav,fake,edgetts,neural_tts_commercial,train
edgetts_0377,/kaggle/working/data/processed/fake/edgetts/edgetts_0377.wav,fake,edgetts,neural_tts_commercial,train
edgetts_0378,/kaggle/working/data/processed/fake/edgetts/edgetts_0378.wav,fake,edgetts,neural_tts_commercial,train
edgetts_0379,/kaggle/working/data/processed/fake/edgetts/edgetts_0379.wav,fake,edgetts,neural_tts_commercial,test_seen
edgetts_0380,/kaggle/working/data/processed/fake/edgetts/edgetts_0380.wav,fake,edgetts,neural_tts_commercial,train
edgetts_0381,/kaggle/working/data/processed/fake/edgetts/edgetts_0381.wav,fake,edgetts,neural_tts_commercial,train
edgetts_0382,/kaggle/working/data/processed/fake/edgetts/edgetts_0382.wav,fake,edgetts,neural_tts_commercial,train
edgetts_0383,/kaggle/working/data/processed/fake/edgetts/edgetts_0383.wav,fake,edgetts,neural_tts_commercial,train
edgetts_0384,/kaggle/working/data/processed/fake/edgetts/edgetts_0384.wav,fake,edgetts,neural_tts_commercial,train
edgetts_0385,/kaggle/working/data/processed/fake/edgetts/edgetts_0385.wav,fake,edgetts,neural_tts_commercial,test_seen
edgetts_0386,/kaggle/working/data/processed/fake/edgetts/edgetts_0386.wav,fake,edgetts,neural_tts_commercial,train
edgetts_0387,/kaggle/working/data/processed/fake/edgetts/edgetts_0387.wav,fake,edgetts,neural_tts_commercial,train
edgetts_0388,/kaggle/working/data/processed/fake/edgetts/edgetts_0388.wav,fake,edgetts,neural_tts_commercial,train
edgetts_0389,/kaggle/working/data/processed/fake/edgetts/edgetts_0389.wav,fake,edgetts,neural_tts_commercial,test_seen
edgetts_0390,/kaggle/working/data/processed/fake/edgetts/edgetts_0390.wav,fake,edgetts,neural_tts_commercial,train
edgetts_0391,/kaggle/working/data/processed/fake/edgetts/edgetts_0391.wav,fake,edgetts,neural_tts_commercial,train
edgetts_0392,/kaggle/working/data/processed/fake/edgetts/edgetts_0392.wav,fake,edgetts,neural_tts_commercial,train
edgetts_0393,/kaggle/working/data/processed/fake/edgetts/edgetts_0393.wav,fake,edgetts,neural_tts_commercial,train
edgetts_0394,/kaggle/working/data/processed/fake/edgetts/edgetts_0394.wav,fake,edgetts,neural_tts_commercial,train
edgetts_0395,/kaggle/working/data/processed/fake/edgetts/edgetts_0395.wav,fake,edgetts,neural_tts_commercial,test_seen
edgetts_0396,/kaggle/working/data/processed/fake/edgetts/edgetts_0396.wav,fake,edgetts,neural_tts_commercial,train
edgetts_0397,/kaggle/working/data/processed/fake/edgetts/edgetts_0397.wav,fake,edgetts,neural_tts_commercial,test_seen
edgetts_0398,/kaggle/working/data/processed/fake/edgetts/edgetts_0398.wav,fake,edgetts,neural_tts_commercial,train
edgetts_0399,/kaggle/working/data/processed/fake/edgetts/edgetts_0399.wav,fake,edgetts,neural_tts_commercial,train
edgetts_0400,/kaggle/working/data/processed/fake/edgetts/edgetts_0400.wav,fake,edgetts,neural_tts_commercial,train
edgetts_0401,/kaggle/working/data/processed/fake/edgetts/edgetts_0401.wav,fake,edgetts,neural_tts_commercial,train
edgetts_0402,/kaggle/working/data/processed/fake/edgetts/edgetts_0402.wav,fake,edgetts,neural_tts_commercial,train
edgetts_0403,/kaggle/working/data/processed/fake/edgetts/edgetts_0403.wav,fake,edgetts,neural_tts_commercial,test_seen
edgetts_0404,/kaggle/working/data/processed/fake/edgetts/edgetts_0404.wav,fake,edgetts,neural_tts_commercial,train
edgetts_0405,/kaggle/working/data/processed/fake/edgetts/edgetts_0405.wav,fake,edgetts,neural_tts_commercial,train
edgetts_0406,/kaggle/working/data/processed/fake/edgetts/edgetts_0406.wav,fake,edgetts,neural_tts_commercial,train
edgetts_0407,/kaggle/working/data/processed/fake/edgetts/edgetts_0407.wav,fake,edgetts,neural_tts_commercial,train
edgetts_0408,/kaggle/working/data/processed/fake/edgetts/edgetts_0408.wav,fake,edgetts,neural_tts_commercial,train
edgetts_0409,/kaggle/working/data/processed/fake/edgetts/edgetts_0409.wav,fake,edgetts,neural_tts_commercial,train
edgetts_0410,/kaggle/working/data/processed/fake/edgetts/edgetts_0410.wav,fake,edgetts,neural_tts_commercial,train
edgetts_0411,/kaggle/working/data/processed/fake/edgetts/edgetts_0411.wav,fake,edgetts,neural_tts_commercial,train
edgetts_0412,/kaggle/working/data/processed/fake/edgetts/edgetts_0412.wav,fake,edgetts,neural_tts_commercial,train
edgetts_0413,/kaggle/working/data/processed/fake/edgetts/edgetts_0413.wav,fake,edgetts,neural_tts_commercial,train
edgetts_0414,/kaggle/working/data/processed/fake/edgetts/edgetts_0414.wav,fake,edgetts,neural_tts_commercial,train
edgetts_0415,/kaggle/working/data/processed/fake/edgetts/edgetts_0415.wav,fake,edgetts,neural_tts_commercial,train
edgetts_0416,/kaggle/working/data/processed/fake/edgetts/edgetts_0416.wav,fake,edgetts,neural_tts_commercial,train
edgetts_0417,/kaggle/working/data/processed/fake/edgetts/edgetts_0417.wav,fake,edgetts,neural_tts_commercial,train
edgetts_0418,/kaggle/working/data/processed/fake/edgetts/edgetts_0418.wav,fake,edgetts,neural_tts_commercial,train
edgetts_0419,/kaggle/working/data/processed/fake/edgetts/edgetts_0419.wav,fake,edgetts,neural_tts_commercial,train
edgetts_0420,/kaggle/working/data/processed/fake/edgetts/edgetts_0420.wav,fake,edgetts,neural_tts_commercial,train
edgetts_0421,/kaggle/working/data/processed/fake/edgetts/edgetts_0421.wav,fake,edgetts,neural_tts_commercial,train
edgetts_0422,/kaggle/working/data/processed/fake/edgetts/edgetts_0422.wav,fake,edgetts,neural_tts_commercial,train
edgetts_0423,/kaggle/working/data/processed/fake/edgetts/edgetts_0423.wav,fake,edgetts,neural_tts_commercial,train
edgetts_0424,/kaggle/working/data/processed/fake/edgetts/edgetts_0424.wav,fake,edgetts,neural_tts_commercial,train
edgetts_0425,/kaggle/working/data/processed/fake/edgetts/edgetts_0425.wav,fake,edgetts,neural_tts_commercial,test_seen
edgetts_0426,/kaggle/working/data/processed/fake/edgetts/edgetts_0426.wav,fake,edgetts,neural_tts_commercial,train
edgetts_0427,/kaggle/working/data/processed/fake/edgetts/edgetts_0427.wav,fake,edgetts,neural_tts_commercial,train
edgetts_0428,/kaggle/working/data/processed/fake/edgetts/edgetts_0428.wav,fake,edgetts,neural_tts_commercial,train
edgetts_0429,/kaggle/working/data/processed/fake/edgetts/edgetts_0429.wav,fake,edgetts,neural_tts_commercial,train
edgetts_0430,/kaggle/working/data/processed/fake/edgetts/edgetts_0430.wav,fake,edgetts,neural_tts_commercial,test_seen
edgetts_0431,/kaggle/working/data/processed/fake/edgetts/edgetts_0431.wav,fake,edgetts,neural_tts_commercial,test_seen
edgetts_0432,/kaggle/working/data/processed/fake/edgetts/edgetts_0432.wav,fake,edgetts,neural_tts_commercial,train
edgetts_0433,/kaggle/working/data/processed/fake/edgetts/edgetts_0433.wav,fake,edgetts,neural_tts_commercial,train
edgetts_0434,/kaggle/working/data/processed/fake/edgetts/edgetts_0434.wav,fake,edgetts,neural_tts_commercial,test_seen
edgetts_0435,/kaggle/working/data/processed/fake/edgetts/edgetts_0435.wav,fake,edgetts,neural_tts_commercial,test_seen
edgetts_0436,/kaggle/working/data/processed/fake/edgetts/edgetts_0436.wav,fake,edgetts,neural_tts_commercial,test_seen
edgetts_0437,/kaggle/working/data/processed/fake/edgetts/edgetts_0437.wav,fake,edgetts,neural_tts_commercial,train
edgetts_0438,/kaggle/working/data/processed/fake/edgetts/edgetts_0438.wav,fake,edgetts,neural_tts_commercial,test_seen
edgetts_0439,/kaggle/working/data/processed/fake/edgetts/edgetts_0439.wav,fake,edgetts,neural_tts_commercial,train
edgetts_0440,/kaggle/working/data/processed/fake/edgetts/edgetts_0440.wav,fake,edgetts,neural_tts_commercial,train
edgetts_0441,/kaggle/working/data/processed/fake/edgetts/edgetts_0441.wav,fake,edgetts,neural_tts_commercial,train
edgetts_0442,/kaggle/working/data/processed/fake/edgetts/edgetts_0442.wav,fake,edgetts,neural_tts_commercial,train
edgetts_0443,/kaggle/working/data/processed/fake/edgetts/edgetts_0443.wav,fake,edgetts,neural_tts_commercial,test_seen
edgetts_0444,/kaggle/working/data/processed/fake/edgetts/edgetts_0444.wav,fake,edgetts,neural_tts_commercial,train
edgetts_0445,/kaggle/working/data/processed/fake/edgetts/edgetts_0445.wav,fake,edgetts,neural_tts_commercial,train
edgetts_0446,/kaggle/working/data/processed/fake/edgetts/edgetts_0446.wav,fake,edgetts,neural_tts_commercial,train
edgetts_0447,/kaggle/working/data/processed/fake/edgetts/edgetts_0447.wav,fake,edgetts,neural_tts_commercial,train
edgetts_0448,/kaggle/working/data/processed/fake/edgetts/edgetts_0448.wav,fake,edgetts,neural_tts_commercial,test_seen
edgetts_0449,/kaggle/working/data/processed/fake/edgetts/edgetts_0449.wav,fake,edgetts,neural_tts_commercial,test_seen
edgetts_0450,/kaggle/working/data/processed/fake/edgetts/edgetts_0450.wav,fake,edgetts,neural_tts_commercial,train
edgetts_0451,/kaggle/working/data/processed/fake/edgetts/edgetts_0451.wav,fake,edgetts,neural_tts_commercial,train
edgetts_0452,/kaggle/working/data/processed/fake/edgetts/edgetts_0452.wav,fake,edgetts,neural_tts_commercial,train
edgetts_0453,/kaggle/working/data/processed/fake/edgetts/edgetts_0453.wav,fake,edgetts,neural_tts_commercial,train
edgetts_0454,/kaggle/working/data/processed/fake/edgetts/edgetts_0454.wav,fake,edgetts,neural_tts_commercial,train
edgetts_0455,/kaggle/working/data/processed/fake/edgetts/edgetts_0455.wav,fake,edgetts,neural_tts_commercial,train
edgetts_0456,/kaggle/working/data/processed/fake/edgetts/edgetts_0456.wav,fake,edgetts,neural_tts_commercial,train
edgetts_0457,/kaggle/working/data/processed/fake/edgetts/edgetts_0457.wav,fake,edgetts,neural_tts_commercial,train
edgetts_0458,/kaggle/working/data/processed/fake/edgetts/edgetts_0458.wav,fake,edgetts,neural_tts_commercial,train
edgetts_0459,/kaggle/working/data/processed/fake/edgetts/edgetts_0459.wav,fake,edgetts,neural_tts_commercial,train
edgetts_0460,/kaggle/working/data/processed/fake/edgetts/edgetts_0460.wav,fake,edgetts,neural_tts_commercial,train
edgetts_0461,/kaggle/working/data/processed/fake/edgetts/edgetts_0461.wav,fake,edgetts,neural_tts_commercial,test_seen
edgetts_0462,/kaggle/working/data/processed/fake/edgetts/edgetts_0462.wav,fake,edgetts,neural_tts_commercial,train
edgetts_0463,/kaggle/working/data/processed/fake/edgetts/edgetts_0463.wav,fake,edgetts,neural_tts_commercial,test_seen
edgetts_0464,/kaggle/working/data/processed/fake/edgetts/edgetts_0464.wav,fake,edgetts,neural_tts_commercial,test_seen
edgetts_0465,/kaggle/working/data/processed/fake/edgetts/edgetts_0465.wav,fake,edgetts,neural_tts_commercial,train
edgetts_0466,/kaggle/working/data/processed/fake/edgetts/edgetts_0466.wav,fake,edgetts,neural_tts_commercial,train
edgetts_0467,/kaggle/working/data/processed/fake/edgetts/edgetts_0467.wav,fake,edgetts,neural_tts_commercial,train
edgetts_0468,/kaggle/working/data/processed/fake/edgetts/edgetts_0468.wav,fake,edgetts,neural_tts_commercial,train
edgetts_0469,/kaggle/working/data/processed/fake/edgetts/edgetts_0469.wav,fake,edgetts,neural_tts_commercial,train
edgetts_0470,/kaggle/working/data/processed/fake/edgetts/edgetts_0470.wav,fake,edgetts,neural_tts_commercial,train
edgetts_0471,/kaggle/working/data/processed/fake/edgetts/edgetts_0471.wav,fake,edgetts,neural_tts_commercial,train
edgetts_0472,/kaggle/working/data/processed/fake/edgetts/edgetts_0472.wav,fake,edgetts,neural_tts_commercial,train
edgetts_0473,/kaggle/working/data/processed/fake/edgetts/edgetts_0473.wav,fake,edgetts,neural_tts_commercial,train
edgetts_0474,/kaggle/working/data/processed/fake/edgetts/edgetts_0474.wav,fake,edgetts,neural_tts_commercial,train
edgetts_0475,/kaggle/working/data/processed/fake/edgetts/edgetts_0475.wav,fake,edgetts,neural_tts_commercial,train
edgetts_0476,/kaggle/working/data/processed/fake/edgetts/edgetts_0476.wav,fake,edgetts,neural_tts_commercial,test_seen
edgetts_0477,/kaggle/working/data/processed/fake/edgetts/edgetts_0477.wav,fake,edgetts,neural_tts_commercial,train
edgetts_0478,/kaggle/working/data/processed/fake/edgetts/edgetts_0478.wav,fake,edgetts,neural_tts_commercial,test_seen
edgetts_0479,/kaggle/working/data/processed/fake/edgetts/edgetts_0479.wav,fake,edgetts,neural_tts_commercial,test_seen
edgetts_0480,/kaggle/working/data/processed/fake/edgetts/edgetts_0480.wav,fake,edgetts,neural_tts_commercial,test_seen
edgetts_0481,/kaggle/working/data/processed/fake/edgetts/edgetts_0481.wav,fake,edgetts,neural_tts_commercial,train
edgetts_0482,/kaggle/working/data/processed/fake/edgetts/edgetts_0482.wav,fake,edgetts,neural_tts_commercial,test_seen
edgetts_0483,/kaggle/working/data/processed/fake/edgetts/edgetts_0483.wav,fake,edgetts,neural_tts_commercial,test_seen
edgetts_0484,/kaggle/working/data/processed/fake/edgetts/edgetts_0484.wav,fake,edgetts,neural_tts_commercial,train
edgetts_0485,/kaggle/working/data/processed/fake/edgetts/edgetts_0485.wav,fake,edgetts,neural_tts_commercial,test_seen
edgetts_0486,/kaggle/working/data/processed/fake/edgetts/edgetts_0486.wav,fake,edgetts,neural_tts_commercial,test_seen
edgetts_0487,/kaggle/working/data/processed/fake/edgetts/edgetts_0487.wav,fake,edgetts,neural_tts_commercial,test_seen
edgetts_0488,/kaggle/working/data/processed/fake/edgetts/edgetts_0488.wav,fake,edgetts,neural_tts_commercial,train
edgetts_0489,/kaggle/working/data/processed/fake/edgetts/edgetts_0489.wav,fake,edgetts,neural_tts_commercial,train
edgetts_0490,/kaggle/working/data/processed/fake/edgetts/edgetts_0490.wav,fake,edgetts,neural_tts_commercial,train
edgetts_0491,/kaggle/working/data/processed/fake/edgetts/edgetts_0491.wav,fake,edgetts,neural_tts_commercial,train
edgetts_0492,/kaggle/working/data/processed/fake/edgetts/edgetts_0492.wav,fake,edgetts,neural_tts_commercial,train
edgetts_0493,/kaggle/working/data/processed/fake/edgetts/edgetts_0493.wav,fake,edgetts,neural_tts_commercial,test_seen
edgetts_0494,/kaggle/working/data/processed/fake/edgetts/edgetts_0494.wav,fake,edgetts,neural_tts_commercial,train
edgetts_0495,/kaggle/working/data/processed/fake/edgetts/edgetts_0495.wav,fake,edgetts,neural_tts_commercial,test_seen
edgetts_0496,/kaggle/working/data/processed/fake/edgetts/edgetts_0496.wav,fake,edgetts,neural_tts_commercial,test_seen
edgetts_0497,/kaggle/working/data/processed/fake/edgetts/edgetts_0497.wav,fake,edgetts,neural_tts_commercial,train
edgetts_0498,/kaggle/working/data/processed/fake/edgetts/edgetts_0498.wav,fake,edgetts,neural_tts_commercial,test_seen
edgetts_0499,/kaggle/working/data/processed/fake/edgetts/edgetts_0499.wav,fake,edgetts,neural_tts_commercial,train
edgetts_0500,/kaggle/working/data/processed/fake/edgetts/edgetts_0500.wav,fake,edgetts,neural_tts_commercial,train
edgetts_0501,/kaggle/working/data/processed/fake/edgetts/edgetts_0501.wav,fake,edgetts,neural_tts_commercial,train
edgetts_0502,/kaggle/working/data/processed/fake/edgetts/edgetts_0502.wav,fake,edgetts,neural_tts_commercial,train
edgetts_0503,/kaggle/working/data/processed/fake/edgetts/edgetts_0503.wav,fake,edgetts,neural_tts_commercial,train
edgetts_0504,/kaggle/working/data/processed/fake/edgetts/edgetts_0504.wav,fake,edgetts,neural_tts_commercial,test_seen
edgetts_0505,/kaggle/working/data/processed/fake/edgetts/edgetts_0505.wav,fake,edgetts,neural_tts_commercial,test_seen
edgetts_0506,/kaggle/working/data/processed/fake/edgetts/edgetts_0506.wav,fake,edgetts,neural_tts_commercial,train
edgetts_0507,/kaggle/working/data/processed/fake/edgetts/edgetts_0507.wav,fake,edgetts,neural_tts_commercial,test_seen
edgetts_0508,/kaggle/working/data/processed/fake/edgetts/edgetts_0508.wav,fake,edgetts,neural_tts_commercial,train
edgetts_0509,/kaggle/working/data/processed/fake/edgetts/edgetts_0509.wav,fake,edgetts,neural_tts_commercial,train
edgetts_0510,/kaggle/working/data/processed/fake/edgetts/edgetts_0510.wav,fake,edgetts,neural_tts_commercial,train
edgetts_0511,/kaggle/working/data/processed/fake/edgetts/edgetts_0511.wav,fake,edgetts,neural_tts_commercial,train
edgetts_0512,/kaggle/working/data/processed/fake/edgetts/edgetts_0512.wav,fake,edgetts,neural_tts_commercial,train
edgetts_0513,/kaggle/working/data/processed/fake/edgetts/edgetts_0513.wav,fake,edgetts,neural_tts_commercial,train
edgetts_0514,/kaggle/working/data/processed/fake/edgetts/edgetts_0514.wav,fake,edgetts,neural_tts_commercial,train
edgetts_0515,/kaggle/working/data/processed/fake/edgetts/edgetts_0515.wav,fake,edgetts,neural_tts_commercial,test_seen
edgetts_0516,/kaggle/working/data/processed/fake/edgetts/edgetts_0516.wav,fake,edgetts,neural_tts_commercial,train
edgetts_0517,/kaggle/working/data/processed/fake/edgetts/edgetts_0517.wav,fake,edgetts,neural_tts_commercial,train
edgetts_0518,/kaggle/working/data/processed/fake/edgetts/edgetts_0518.wav,fake,edgetts,neural_tts_commercial,train
edgetts_0519,/kaggle/working/data/processed/fake/edgetts/edgetts_0519.wav,fake,edgetts,neural_tts_commercial,train
edgetts_0520,/kaggle/working/data/processed/fake/edgetts/edgetts_0520.wav,fake,edgetts,neural_tts_commercial,train
edgetts_0521,/kaggle/working/data/processed/fake/edgetts/edgetts_0521.wav,fake,edgetts,neural_tts_commercial,train
edgetts_0522,/kaggle/working/data/processed/fake/edgetts/edgetts_0522.wav,fake,edgetts,neural_tts_commercial,test_seen
edgetts_0523,/kaggle/working/data/processed/fake/edgetts/edgetts_0523.wav,fake,edgetts,neural_tts_commercial,train
edgetts_0524,/kaggle/working/data/processed/fake/edgetts/edgetts_0524.wav,fake,edgetts,neural_tts_commercial,train
edgetts_0525,/kaggle/working/data/processed/fake/edgetts/edgetts_0525.wav,fake,edgetts,neural_tts_commercial,train
edgetts_0526,/kaggle/working/data/processed/fake/edgetts/edgetts_0526.wav,fake,edgetts,neural_tts_commercial,train
edgetts_0527,/kaggle/working/data/processed/fake/edgetts/edgetts_0527.wav,fake,edgetts,neural_tts_commercial,train
edgetts_0528,/kaggle/working/data/processed/fake/edgetts/edgetts_0528.wav,fake,edgetts,neural_tts_commercial,train
edgetts_0529,/kaggle/working/data/processed/fake/edgetts/edgetts_0529.wav,fake,edgetts,neural_tts_commercial,train
edgetts_0530,/kaggle/working/data/processed/fake/edgetts/edgetts_0530.wav,fake,edgetts,neural_tts_commercial,train
edgetts_0531,/kaggle/working/data/processed/fake/edgetts/edgetts_0531.wav,fake,edgetts,neural_tts_commercial,train
edgetts_0532,/kaggle/working/data/processed/fake/edgetts/edgetts_0532.wav,fake,edgetts,neural_tts_commercial,train
edgetts_0533,/kaggle/working/data/processed/fake/edgetts/edgetts_0533.wav,fake,edgetts,neural_tts_commercial,test_seen
edgetts_0534,/kaggle/working/data/processed/fake/edgetts/edgetts_0534.wav,fake,edgetts,neural_tts_commercial,test_seen
edgetts_0535,/kaggle/working/data/processed/fake/edgetts/edgetts_0535.wav,fake,edgetts,neural_tts_commercial,train
edgetts_0536,/kaggle/working/data/processed/fake/edgetts/edgetts_0536.wav,fake,edgetts,neural_tts_commercial,train
edgetts_0537,/kaggle/working/data/processed/fake/edgetts/edgetts_0537.wav,fake,edgetts,neural_tts_commercial,train
edgetts_0538,/kaggle/working/data/processed/fake/edgetts/edgetts_0538.wav,fake,edgetts,neural_tts_commercial,train
edgetts_0539,/kaggle/working/data/processed/fake/edgetts/edgetts_0539.wav,fake,edgetts,neural_tts_commercial,train
edgetts_0540,/kaggle/working/data/processed/fake/edgetts/edgetts_0540.wav,fake,edgetts,neural_tts_commercial,train
edgetts_0541,/kaggle/working/data/processed/fake/edgetts/edgetts_0541.wav,fake,edgetts,neural_tts_commercial,train
edgetts_0542,/kaggle/working/data/processed/fake/edgetts/edgetts_0542.wav,fake,edgetts,neural_tts_commercial,train
edgetts_0543,/kaggle/working/data/processed/fake/edgetts/edgetts_0543.wav,fake,edgetts,neural_tts_commercial,train
edgetts_0544,/kaggle/working/data/processed/fake/edgetts/edgetts_0544.wav,fake,edgetts,neural_tts_commercial,train
edgetts_0545,/kaggle/working/data/processed/fake/edgetts/edgetts_0545.wav,fake,edgetts,neural_tts_commercial,train
edgetts_0546,/kaggle/working/data/processed/fake/edgetts/edgetts_0546.wav,fake,edgetts,neural_tts_commercial,train
edgetts_0547,/kaggle/working/data/processed/fake/edgetts/edgetts_0547.wav,fake,edgetts,neural_tts_commercial,train
edgetts_0548,/kaggle/working/data/processed/fake/edgetts/edgetts_0548.wav,fake,edgetts,neural_tts_commercial,train
edgetts_0549,/kaggle/working/data/processed/fake/edgetts/edgetts_0549.wav,fake,edgetts,neural_tts_commercial,train
edgetts_0550,/kaggle/working/data/processed/fake/edgetts/edgetts_0550.wav,fake,edgetts,neural_tts_commercial,train
edgetts_0551,/kaggle/working/data/processed/fake/edgetts/edgetts_0551.wav,fake,edgetts,neural_tts_commercial,test_seen
edgetts_0552,/kaggle/working/data/processed/fake/edgetts/edgetts_0552.wav,fake,edgetts,neural_tts_commercial,train
edgetts_0553,/kaggle/working/data/processed/fake/edgetts/edgetts_0553.wav,fake,edgetts,neural_tts_commercial,train
edgetts_0554,/kaggle/working/data/processed/fake/edgetts/edgetts_0554.wav,fake,edgetts,neural_tts_commercial,train
edgetts_0555,/kaggle/working/data/processed/fake/edgetts/edgetts_0555.wav,fake,edgetts,neural_tts_commercial,train
edgetts_0556,/kaggle/working/data/processed/fake/edgetts/edgetts_0556.wav,fake,edgetts,neural_tts_commercial,train
edgetts_0557,/kaggle/working/data/processed/fake/edgetts/edgetts_0557.wav,fake,edgetts,neural_tts_commercial,test_seen
edgetts_0558,/kaggle/working/data/processed/fake/edgetts/edgetts_0558.wav,fake,edgetts,neural_tts_commercial,test_seen
edgetts_0559,/kaggle/working/data/processed/fake/edgetts/edgetts_0559.wav,fake,edgetts,neural_tts_commercial,test_seen
edgetts_0560,/kaggle/working/data/processed/fake/edgetts/edgetts_0560.wav,fake,edgetts,neural_tts_commercial,train
edgetts_0561,/kaggle/working/data/processed/fake/edgetts/edgetts_0561.wav,fake,edgetts,neural_tts_commercial,train
edgetts_0562,/kaggle/working/data/processed/fake/edgetts/edgetts_0562.wav,fake,edgetts,neural_tts_commercial,train
edgetts_0563,/kaggle/working/data/processed/fake/edgetts/edgetts_0563.wav,fake,edgetts,neural_tts_commercial,train
edgetts_0564,/kaggle/working/data/processed/fake/edgetts/edgetts_0564.wav,fake,edgetts,neural_tts_commercial,train
edgetts_0565,/kaggle/working/data/processed/fake/edgetts/edgetts_0565.wav,fake,edgetts,neural_tts_commercial,train
edgetts_0566,/kaggle/working/data/processed/fake/edgetts/edgetts_0566.wav,fake,edgetts,neural_tts_commercial,train
edgetts_0567,/kaggle/working/data/processed/fake/edgetts/edgetts_0567.wav,fake,edgetts,neural_tts_commercial,train
edgetts_0568,/kaggle/working/data/processed/fake/edgetts/edgetts_0568.wav,fake,edgetts,neural_tts_commercial,test_seen
edgetts_0569,/kaggle/working/data/processed/fake/edgetts/edgetts_0569.wav,fake,edgetts,neural_tts_commercial,train
edgetts_0570,/kaggle/working/data/processed/fake/edgetts/edgetts_0570.wav,fake,edgetts,neural_tts_commercial,train
edgetts_0571,/kaggle/working/data/processed/fake/edgetts/edgetts_0571.wav,fake,edgetts,neural_tts_commercial,train
edgetts_0572,/kaggle/working/data/processed/fake/edgetts/edgetts_0572.wav,fake,edgetts,neural_tts_commercial,train
edgetts_0573,/kaggle/working/data/processed/fake/edgetts/edgetts_0573.wav,fake,edgetts,neural_tts_commercial,test_seen
edgetts_0574,/kaggle/working/data/processed/fake/edgetts/edgetts_0574.wav,fake,edgetts,neural_tts_commercial,train
edgetts_0575,/kaggle/working/data/processed/fake/edgetts/edgetts_0575.wav,fake,edgetts,neural_tts_commercial,train
edgetts_0576,/kaggle/working/data/processed/fake/edgetts/edgetts_0576.wav,fake,edgetts,neural_tts_commercial,train
edgetts_0577,/kaggle/working/data/processed/fake/edgetts/edgetts_0577.wav,fake,edgetts,neural_tts_commercial,train
edgetts_0578,/kaggle/working/data/processed/fake/edgetts/edgetts_0578.wav,fake,edgetts,neural_tts_commercial,train
edgetts_0579,/kaggle/working/data/processed/fake/edgetts/edgetts_0579.wav,fake,edgetts,neural_tts_commercial,train
edgetts_0580,/kaggle/working/data/processed/fake/edgetts/edgetts_0580.wav,fake,edgetts,neural_tts_commercial,train
edgetts_0581,/kaggle/working/data/processed/fake/edgetts/edgetts_0581.wav,fake,edgetts,neural_tts_commercial,test_seen
edgetts_0582,/kaggle/working/data/processed/fake/edgetts/edgetts_0582.wav,fake,edgetts,neural_tts_commercial,test_seen
edgetts_0583,/kaggle/working/data/processed/fake/edgetts/edgetts_0583.wav,fake,edgetts,neural_tts_commercial,train
edgetts_0584,/kaggle/working/data/processed/fake/edgetts/edgetts_0584.wav,fake,edgetts,neural_tts_commercial,train
edgetts_0585,/kaggle/working/data/processed/fake/edgetts/edgetts_0585.wav,fake,edgetts,neural_tts_commercial,test_seen
edgetts_0586,/kaggle/working/data/processed/fake/edgetts/edgetts_0586.wav,fake,edgetts,neural_tts_commercial,train
edgetts_0587,/kaggle/working/data/processed/fake/edgetts/edgetts_0587.wav,fake,edgetts,neural_tts_commercial,test_seen
edgetts_0588,/kaggle/working/data/processed/fake/edgetts/edgetts_0588.wav,fake,edgetts,neural_tts_commercial,train
edgetts_0589,/kaggle/working/data/processed/fake/edgetts/edgetts_0589.wav,fake,edgetts,neural_tts_commercial,train
edgetts_0590,/kaggle/working/data/processed/fake/edgetts/edgetts_0590.wav,fake,edgetts,neural_tts_commercial,train
edgetts_0591,/kaggle/working/data/processed/fake/edgetts/edgetts_0591.wav,fake,edgetts,neural_tts_commercial,train
edgetts_0592,/kaggle/working/data/processed/fake/edgetts/edgetts_0592.wav,fake,edgetts,neural_tts_commercial,train
edgetts_0593,/kaggle/working/data/processed/fake/edgetts/edgetts_0593.wav,fake,edgetts,neural_tts_commercial,train
edgetts_0594,/kaggle/working/data/processed/fake/edgetts/edgetts_0594.wav,fake,edgetts,neural_tts_commercial,test_seen
edgetts_0595,/kaggle/working/data/processed/fake/edgetts/edgetts_0595.wav,fake,edgetts,neural_tts_commercial,train
edgetts_0596,/kaggle/working/data/processed/fake/edgetts/edgetts_0596.wav,fake,edgetts,neural_tts_commercial,test_seen
edgetts_0597,/kaggle/working/data/processed/fake/edgetts/edgetts_0597.wav,fake,edgetts,neural_tts_commercial,train
edgetts_0598,/kaggle/working/data/processed/fake/edgetts/edgetts_0598.wav,fake,edgetts,neural_tts_commercial,train
edgetts_0599,/kaggle/working/data/processed/fake/edgetts/edgetts_0599.wav,fake,edgetts,neural_tts_commercial,test_seen
edgetts_0600,/kaggle/working/data/processed/fake/edgetts/edgetts_0600.wav,fake,edgetts,neural_tts_commercial,train
edgetts_0601,/kaggle/working/data/processed/fake/edgetts/edgetts_0601.wav,fake,edgetts,neural_tts_commercial,train
edgetts_0602,/kaggle/working/data/processed/fake/edgetts/edgetts_0602.wav,fake,edgetts,neural_tts_commercial,test_seen
edgetts_0603,/kaggle/working/data/processed/fake/edgetts/edgetts_0603.wav,fake,edgetts,neural_tts_commercial,train
edgetts_0604,/kaggle/working/data/processed/fake/edgetts/edgetts_0604.wav,fake,edgetts,neural_tts_commercial,train
edgetts_0605,/kaggle/working/data/processed/fake/edgetts/edgetts_0605.wav,fake,edgetts,neural_tts_commercial,train
edgetts_0606,/kaggle/working/data/processed/fake/edgetts/edgetts_0606.wav,fake,edgetts,neural_tts_commercial,test_seen
edgetts_0607,/kaggle/working/data/processed/fake/edgetts/edgetts_0607.wav,fake,edgetts,neural_tts_commercial,train
edgetts_0608,/kaggle/working/data/processed/fake/edgetts/edgetts_0608.wav,fake,edgetts,neural_tts_commercial,train
edgetts_0609,/kaggle/working/data/processed/fake/edgetts/edgetts_0609.wav,fake,edgetts,neural_tts_commercial,train
edgetts_0610,/kaggle/working/data/processed/fake/edgetts/edgetts_0610.wav,fake,edgetts,neural_tts_commercial,test_seen
edgetts_0611,/kaggle/working/data/processed/fake/edgetts/edgetts_0611.wav,fake,edgetts,neural_tts_commercial,train
edgetts_0612,/kaggle/working/data/processed/fake/edgetts/edgetts_0612.wav,fake,edgetts,neural_tts_commercial,train
edgetts_0613,/kaggle/working/data/processed/fake/edgetts/edgetts_0613.wav,fake,edgetts,neural_tts_commercial,train
edgetts_0614,/kaggle/working/data/processed/fake/edgetts/edgetts_0614.wav,fake,edgetts,neural_tts_commercial,train
edgetts_0615,/kaggle/working/data/processed/fake/edgetts/edgetts_0615.wav,fake,edgetts,neural_tts_commercial,train
edgetts_0616,/kaggle/working/data/processed/fake/edgetts/edgetts_0616.wav,fake,edgetts,neural_tts_commercial,test_seen
edgetts_0617,/kaggle/working/data/processed/fake/edgetts/edgetts_0617.wav,fake,edgetts,neural_tts_commercial,train
edgetts_0618,/kaggle/working/data/processed/fake/edgetts/edgetts_0618.wav,fake,edgetts,neural_tts_commercial,train
edgetts_0619,/kaggle/working/data/processed/fake/edgetts/edgetts_0619.wav,fake,edgetts,neural_tts_commercial,test_seen
edgetts_0620,/kaggle/working/data/processed/fake/edgetts/edgetts_0620.wav,fake,edgetts,neural_tts_commercial,train
edgetts_0621,/kaggle/working/data/processed/fake/edgetts/edgetts_0621.wav,fake,edgetts,neural_tts_commercial,test_seen
edgetts_0622,/kaggle/working/data/processed/fake/edgetts/edgetts_0622.wav,fake,edgetts,neural_tts_commercial,train
edgetts_0623,/kaggle/working/data/processed/fake/edgetts/edgetts_0623.wav,fake,edgetts,neural_tts_commercial,test_seen
edgetts_0624,/kaggle/working/data/processed/fake/edgetts/edgetts_0624.wav,fake,edgetts,neural_tts_commercial,train
edgetts_0625,/kaggle/working/data/processed/fake/edgetts/edgetts_0625.wav,fake,edgetts,neural_tts_commercial,train
edgetts_0626,/kaggle/working/data/processed/fake/edgetts/edgetts_0626.wav,fake,edgetts,neural_tts_commercial,train
edgetts_0627,/kaggle/working/data/processed/fake/edgetts/edgetts_0627.wav,fake,edgetts,neural_tts_commercial,test_seen
edgetts_0628,/kaggle/working/data/processed/fake/edgetts/edgetts_0628.wav,fake,edgetts,neural_tts_commercial,train
edgetts_0629,/kaggle/working/data/processed/fake/edgetts/edgetts_0629.wav,fake,edgetts,neural_tts_commercial,train
edgetts_0630,/kaggle/working/data/processed/fake/edgetts/edgetts_0630.wav,fake,edgetts,neural_tts_commercial,train
edgetts_0631,/kaggle/working/data/processed/fake/edgetts/edgetts_0631.wav,fake,edgetts,neural_tts_commercial,train
edgetts_0632,/kaggle/working/data/processed/fake/edgetts/edgetts_0632.wav,fake,edgetts,neural_tts_commercial,train
edgetts_0633,/kaggle/working/data/processed/fake/edgetts/edgetts_0633.wav,fake,edgetts,neural_tts_commercial,train
edgetts_0634,/kaggle/working/data/processed/fake/edgetts/edgetts_0634.wav,fake,edgetts,neural_tts_commercial,train
edgetts_0635,/kaggle/working/data/processed/fake/edgetts/edgetts_0635.wav,fake,edgetts,neural_tts_commercial,train
edgetts_0636,/kaggle/working/data/processed/fake/edgetts/edgetts_0636.wav,fake,edgetts,neural_tts_commercial,train
edgetts_0637,/kaggle/working/data/processed/fake/edgetts/edgetts_0637.wav,fake,edgetts,neural_tts_commercial,train
edgetts_0638,/kaggle/working/data/processed/fake/edgetts/edgetts_0638.wav,fake,edgetts,neural_tts_commercial,train
edgetts_0639,/kaggle/working/data/processed/fake/edgetts/edgetts_0639.wav,fake,edgetts,neural_tts_commercial,train
edgetts_0640,/kaggle/working/data/processed/fake/edgetts/edgetts_0640.wav,fake,edgetts,neural_tts_commercial,train
edgetts_0641,/kaggle/working/data/processed/fake/edgetts/edgetts_0641.wav,fake,edgetts,neural_tts_commercial,test_seen
edgetts_0642,/kaggle/working/data/processed/fake/edgetts/edgetts_0642.wav,fake,edgetts,neural_tts_commercial,train
edgetts_0643,/kaggle/working/data/processed/fake/edgetts/edgetts_0643.wav,fake,edgetts,neural_tts_commercial,test_seen
edgetts_0644,/kaggle/working/data/processed/fake/edgetts/edgetts_0644.wav,fake,edgetts,neural_tts_commercial,train
edgetts_0645,/kaggle/working/data/processed/fake/edgetts/edgetts_0645.wav,fake,edgetts,neural_tts_commercial,train
edgetts_0646,/kaggle/working/data/processed/fake/edgetts/edgetts_0646.wav,fake,edgetts,neural_tts_commercial,train
edgetts_0647,/kaggle/working/data/processed/fake/edgetts/edgetts_0647.wav,fake,edgetts,neural_tts_commercial,train
edgetts_0648,/kaggle/working/data/processed/fake/edgetts/edgetts_0648.wav,fake,edgetts,neural_tts_commercial,train
edgetts_0649,/kaggle/working/data/processed/fake/edgetts/edgetts_0649.wav,fake,edgetts,neural_tts_commercial,train
edgetts_0650,/kaggle/working/data/processed/fake/edgetts/edgetts_0650.wav,fake,edgetts,neural_tts_commercial,train
edgetts_0651,/kaggle/working/data/processed/fake/edgetts/edgetts_0651.wav,fake,edgetts,neural_tts_commercial,train
edgetts_0652,/kaggle/working/data/processed/fake/edgetts/edgetts_0652.wav,fake,edgetts,neural_tts_commercial,train
edgetts_0653,/kaggle/working/data/processed/fake/edgetts/edgetts_0653.wav,fake,edgetts,neural_tts_commercial,test_seen
edgetts_0654,/kaggle/working/data/processed/fake/edgetts/edgetts_0654.wav,fake,edgetts,neural_tts_commercial,train
edgetts_0655,/kaggle/working/data/processed/fake/edgetts/edgetts_0655.wav,fake,edgetts,neural_tts_commercial,train
edgetts_0656,/kaggle/working/data/processed/fake/edgetts/edgetts_0656.wav,fake,edgetts,neural_tts_commercial,test_seen
edgetts_0657,/kaggle/working/data/processed/fake/edgetts/edgetts_0657.wav,fake,edgetts,neural_tts_commercial,train
edgetts_0658,/kaggle/working/data/processed/fake/edgetts/edgetts_0658.wav,fake,edgetts,neural_tts_commercial,train
edgetts_0659,/kaggle/working/data/processed/fake/edgetts/edgetts_0659.wav,fake,edgetts,neural_tts_commercial,train
edgetts_0660,/kaggle/working/data/processed/fake/edgetts/edgetts_0660.wav,fake,edgetts,neural_tts_commercial,train
edgetts_0661,/kaggle/working/data/processed/fake/edgetts/edgetts_0661.wav,fake,edgetts,neural_tts_commercial,train
edgetts_0662,/kaggle/working/data/processed/fake/edgetts/edgetts_0662.wav,fake,edgetts,neural_tts_commercial,train
edgetts_0663,/kaggle/working/data/processed/fake/edgetts/edgetts_0663.wav,fake,edgetts,neural_tts_commercial,test_seen
edgetts_0664,/kaggle/working/data/processed/fake/edgetts/edgetts_0664.wav,fake,edgetts,neural_tts_commercial,train
edgetts_0665,/kaggle/working/data/processed/fake/edgetts/edgetts_0665.wav,fake,edgetts,neural_tts_commercial,train
edgetts_0666,/kaggle/working/data/processed/fake/edgetts/edgetts_0666.wav,fake,edgetts,neural_tts_commercial,train
edgetts_0667,/kaggle/working/data/processed/fake/edgetts/edgetts_0667.wav,fake,edgetts,neural_tts_commercial,train
edgetts_0668,/kaggle/working/data/processed/fake/edgetts/edgetts_0668.wav,fake,edgetts,neural_tts_commercial,train
edgetts_0669,/kaggle/working/data/processed/fake/edgetts/edgetts_0669.wav,fake,edgetts,neural_tts_commercial,train
edgetts_0670,/kaggle/working/data/processed/fake/edgetts/edgetts_0670.wav,fake,edgetts,neural_tts_commercial,train
edgetts_0671,/kaggle/working/data/processed/fake/edgetts/edgetts_0671.wav,fake,edgetts,neural_tts_commercial,train
edgetts_0672,/kaggle/working/data/processed/fake/edgetts/edgetts_0672.wav,fake,edgetts,neural_tts_commercial,train
edgetts_0673,/kaggle/working/data/processed/fake/edgetts/edgetts_0673.wav,fake,edgetts,neural_tts_commercial,train
edgetts_0674,/kaggle/working/data/processed/fake/edgetts/edgetts_0674.wav,fake,edgetts,neural_tts_commercial,train
edgetts_0675,/kaggle/working/data/processed/fake/edgetts/edgetts_0675.wav,fake,edgetts,neural_tts_commercial,train
edgetts_0676,/kaggle/working/data/processed/fake/edgetts/edgetts_0676.wav,fake,edgetts,neural_tts_commercial,train
edgetts_0677,/kaggle/working/data/processed/fake/edgetts/edgetts_0677.wav,fake,edgetts,neural_tts_commercial,train
edgetts_0678,/kaggle/working/data/processed/fake/edgetts/edgetts_0678.wav,fake,edgetts,neural_tts_commercial,train
edgetts_0679,/kaggle/working/data/processed/fake/edgetts/edgetts_0679.wav,fake,edgetts,neural_tts_commercial,train
edgetts_0680,/kaggle/working/data/processed/fake/edgetts/edgetts_0680.wav,fake,edgetts,neural_tts_commercial,train
edgetts_0681,/kaggle/working/data/processed/fake/edgetts/edgetts_0681.wav,fake,edgetts,neural_tts_commercial,test_seen
edgetts_0682,/kaggle/working/data/processed/fake/edgetts/edgetts_0682.wav,fake,edgetts,neural_tts_commercial,train
edgetts_0683,/kaggle/working/data/processed/fake/edgetts/edgetts_0683.wav,fake,edgetts,neural_tts_commercial,train
edgetts_0684,/kaggle/working/data/processed/fake/edgetts/edgetts_0684.wav,fake,edgetts,neural_tts_commercial,test_seen
edgetts_0685,/kaggle/working/data/processed/fake/edgetts/edgetts_0685.wav,fake,edgetts,neural_tts_commercial,train
edgetts_0686,/kaggle/working/data/processed/fake/edgetts/edgetts_0686.wav,fake,edgetts,neural_tts_commercial,train
edgetts_0687,/kaggle/working/data/processed/fake/edgetts/edgetts_0687.wav,fake,edgetts,neural_tts_commercial,train
edgetts_0688,/kaggle/working/data/processed/fake/edgetts/edgetts_0688.wav,fake,edgetts,neural_tts_commercial,train
edgetts_0689,/kaggle/working/data/processed/fake/edgetts/edgetts_0689.wav,fake,edgetts,neural_tts_commercial,train
edgetts_0690,/kaggle/working/data/processed/fake/edgetts/edgetts_0690.wav,fake,edgetts,neural_tts_commercial,test_seen
edgetts_0691,/kaggle/working/data/processed/fake/edgetts/edgetts_0691.wav,fake,edgetts,neural_tts_commercial,train
edgetts_0692,/kaggle/working/data/processed/fake/edgetts/edgetts_0692.wav,fake,edgetts,neural_tts_commercial,test_seen
edgetts_0693,/kaggle/working/data/processed/fake/edgetts/edgetts_0693.wav,fake,edgetts,neural_tts_commercial,train
edgetts_0694,/kaggle/working/data/processed/fake/edgetts/edgetts_0694.wav,fake,edgetts,neural_tts_commercial,train
edgetts_0695,/kaggle/working/data/processed/fake/edgetts/edgetts_0695.wav,fake,edgetts,neural_tts_commercial,test_seen
edgetts_0696,/kaggle/working/data/processed/fake/edgetts/edgetts_0696.wav,fake,edgetts,neural_tts_commercial,train
edgetts_0697,/kaggle/working/data/processed/fake/edgetts/edgetts_0697.wav,fake,edgetts,neural_tts_commercial,train
edgetts_0698,/kaggle/working/data/processed/fake/edgetts/edgetts_0698.wav,fake,edgetts,neural_tts_commercial,train
edgetts_0699,/kaggle/working/data/processed/fake/edgetts/edgetts_0699.wav,fake,edgetts,neural_tts_commercial,test_seen
edgetts_0700,/kaggle/working/data/processed/fake/edgetts/edgetts_0700.wav,fake,edgetts,neural_tts_commercial,train
edgetts_0701,/kaggle/working/data/processed/fake/edgetts/edgetts_0701.wav,fake,edgetts,neural_tts_commercial,train
edgetts_0702,/kaggle/working/data/processed/fake/edgetts/edgetts_0702.wav,fake,edgetts,neural_tts_commercial,train
edgetts_0703,/kaggle/working/data/processed/fake/edgetts/edgetts_0703.wav,fake,edgetts,neural_tts_commercial,test_seen
edgetts_0704,/kaggle/working/data/processed/fake/edgetts/edgetts_0704.wav,fake,edgetts,neural_tts_commercial,train
edgetts_0705,/kaggle/working/data/processed/fake/edgetts/edgetts_0705.wav,fake,edgetts,neural_tts_commercial,train
edgetts_0706,/kaggle/working/data/processed/fake/edgetts/edgetts_0706.wav,fake,edgetts,neural_tts_commercial,test_seen
edgetts_0707,/kaggle/working/data/processed/fake/edgetts/edgetts_0707.wav,fake,edgetts,neural_tts_commercial,train
edgetts_0708,/kaggle/working/data/processed/fake/edgetts/edgetts_0708.wav,fake,edgetts,neural_tts_commercial,train
edgetts_0709,/kaggle/working/data/processed/fake/edgetts/edgetts_0709.wav,fake,edgetts,neural_tts_commercial,train
edgetts_0710,/kaggle/working/data/processed/fake/edgetts/edgetts_0710.wav,fake,edgetts,neural_tts_commercial,train
edgetts_0711,/kaggle/working/data/processed/fake/edgetts/edgetts_0711.wav,fake,edgetts,neural_tts_commercial,train
edgetts_0712,/kaggle/working/data/processed/fake/edgetts/edgetts_0712.wav,fake,edgetts,neural_tts_commercial,train
edgetts_0713,/kaggle/working/data/processed/fake/edgetts/edgetts_0713.wav,fake,edgetts,neural_tts_commercial,train
edgetts_0714,/kaggle/working/data/processed/fake/edgetts/edgetts_0714.wav,fake,edgetts,neural_tts_commercial,train
edgetts_0715,/kaggle/working/data/processed/fake/edgetts/edgetts_0715.wav,fake,edgetts,neural_tts_commercial,train
edgetts_0716,/kaggle/working/data/processed/fake/edgetts/edgetts_0716.wav,fake,edgetts,neural_tts_commercial,train
edgetts_0717,/kaggle/working/data/processed/fake/edgetts/edgetts_0717.wav,fake,edgetts,neural_tts_commercial,train
edgetts_0718,/kaggle/working/data/processed/fake/edgetts/edgetts_0718.wav,fake,edgetts,neural_tts_commercial,train
edgetts_0719,/kaggle/working/data/processed/fake/edgetts/edgetts_0719.wav,fake,edgetts,neural_tts_commercial,test_seen
edgetts_0720,/kaggle/working/data/processed/fake/edgetts/edgetts_0720.wav,fake,edgetts,neural_tts_commercial,train
edgetts_0721,/kaggle/working/data/processed/fake/edgetts/edgetts_0721.wav,fake,edgetts,neural_tts_commercial,train
edgetts_0722,/kaggle/working/data/processed/fake/edgetts/edgetts_0722.wav,fake,edgetts,neural_tts_commercial,train
edgetts_0723,/kaggle/working/data/processed/fake/edgetts/edgetts_0723.wav,fake,edgetts,neural_tts_commercial,test_seen
edgetts_0724,/kaggle/working/data/processed/fake/edgetts/edgetts_0724.wav,fake,edgetts,neural_tts_commercial,train
edgetts_0725,/kaggle/working/data/processed/fake/edgetts/edgetts_0725.wav,fake,edgetts,neural_tts_commercial,train
edgetts_0726,/kaggle/working/data/processed/fake/edgetts/edgetts_0726.wav,fake,edgetts,neural_tts_commercial,train
edgetts_0727,/kaggle/working/data/processed/fake/edgetts/edgetts_0727.wav,fake,edgetts,neural_tts_commercial,train
edgetts_0728,/kaggle/working/data/processed/fake/edgetts/edgetts_0728.wav,fake,edgetts,neural_tts_commercial,train
edgetts_0729,/kaggle/working/data/processed/fake/edgetts/edgetts_0729.wav,fake,edgetts,neural_tts_commercial,train
edgetts_0730,/kaggle/working/data/processed/fake/edgetts/edgetts_0730.wav,fake,edgetts,neural_tts_commercial,test_seen
edgetts_0731,/kaggle/working/data/processed/fake/edgetts/edgetts_0731.wav,fake,edgetts,neural_tts_commercial,test_seen
edgetts_0732,/kaggle/working/data/processed/fake/edgetts/edgetts_0732.wav,fake,edgetts,neural_tts_commercial,train
edgetts_0733,/kaggle/working/data/processed/fake/edgetts/edgetts_0733.wav,fake,edgetts,neural_tts_commercial,train
edgetts_0734,/kaggle/working/data/processed/fake/edgetts/edgetts_0734.wav,fake,edgetts,neural_tts_commercial,train
edgetts_0735,/kaggle/working/data/processed/fake/edgetts/edgetts_0735.wav,fake,edgetts,neural_tts_commercial,train
edgetts_0736,/kaggle/working/data/processed/fake/edgetts/edgetts_0736.wav,fake,edgetts,neural_tts_commercial,train
edgetts_0737,/kaggle/working/data/processed/fake/edgetts/edgetts_0737.wav,fake,edgetts,neural_tts_commercial,train
edgetts_0738,/kaggle/working/data/processed/fake/edgetts/edgetts_0738.wav,fake,edgetts,neural_tts_commercial,train
edgetts_0739,/kaggle/working/data/processed/fake/edgetts/edgetts_0739.wav,fake,edgetts,neural_tts_commercial,train
edgetts_0740,/kaggle/working/data/processed/fake/edgetts/edgetts_0740.wav,fake,edgetts,neural_tts_commercial,train
edgetts_0741,/kaggle/working/data/processed/fake/edgetts/edgetts_0741.wav,fake,edgetts,neural_tts_commercial,train
edgetts_0742,/kaggle/working/data/processed/fake/edgetts/edgetts_0742.wav,fake,edgetts,neural_tts_commercial,train
edgetts_0743,/kaggle/working/data/processed/fake/edgetts/edgetts_0743.wav,fake,edgetts,neural_tts_commercial,train
edgetts_0744,/kaggle/working/data/processed/fake/edgetts/edgetts_0744.wav,fake,edgetts,neural_tts_commercial,train
edgetts_0745,/kaggle/working/data/processed/fake/edgetts/edgetts_0745.wav,fake,edgetts,neural_tts_commercial,train
edgetts_0746,/kaggle/working/data/processed/fake/edgetts/edgetts_0746.wav,fake,edgetts,neural_tts_commercial,train
edgetts_0747,/kaggle/working/data/processed/fake/edgetts/edgetts_0747.wav,fake,edgetts,neural_tts_commercial,train
edgetts_0748,/kaggle/working/data/processed/fake/edgetts/edgetts_0748.wav,fake,edgetts,neural_tts_commercial,train
edgetts_0749,/kaggle/working/data/processed/fake/edgetts/edgetts_0749.wav,fake,edgetts,neural_tts_commercial,train
edgetts_0750,/kaggle/working/data/processed/fake/edgetts/edgetts_0750.wav,fake,edgetts,neural_tts_commercial,train
edgetts_0751,/kaggle/working/data/processed/fake/edgetts/edgetts_0751.wav,fake,edgetts,neural_tts_commercial,train
edgetts_0752,/kaggle/working/data/processed/fake/edgetts/edgetts_0752.wav,fake,edgetts,neural_tts_commercial,train
edgetts_0753,/kaggle/working/data/processed/fake/edgetts/edgetts_0753.wav,fake,edgetts,neural_tts_commercial,train
edgetts_0754,/kaggle/working/data/processed/fake/edgetts/edgetts_0754.wav,fake,edgetts,neural_tts_commercial,train
edgetts_0755,/kaggle/working/data/processed/fake/edgetts/edgetts_0755.wav,fake,edgetts,neural_tts_commercial,test_seen
edgetts_0756,/kaggle/working/data/processed/fake/edgetts/edgetts_0756.wav,fake,edgetts,neural_tts_commercial,train
edgetts_0757,/kaggle/working/data/processed/fake/edgetts/edgetts_0757.wav,fake,edgetts,neural_tts_commercial,train
edgetts_0758,/kaggle/working/data/processed/fake/edgetts/edgetts_0758.wav,fake,edgetts,neural_tts_commercial,test_seen
edgetts_0759,/kaggle/working/data/processed/fake/edgetts/edgetts_0759.wav,fake,edgetts,neural_tts_commercial,test_seen
edgetts_0760,/kaggle/working/data/processed/fake/edgetts/edgetts_0760.wav,fake,edgetts,neural_tts_commercial,train
edgetts_0761,/kaggle/working/data/processed/fake/edgetts/edgetts_0761.wav,fake,edgetts,neural_tts_commercial,train
edgetts_0762,/kaggle/working/data/processed/fake/edgetts/edgetts_0762.wav,fake,edgetts,neural_tts_commercial,train
edgetts_0763,/kaggle/working/data/processed/fake/edgetts/edgetts_0763.wav,fake,edgetts,neural_tts_commercial,train
edgetts_0764,/kaggle/working/data/processed/fake/edgetts/edgetts_0764.wav,fake,edgetts,neural_tts_commercial,train
edgetts_0765,/kaggle/working/data/processed/fake/edgetts/edgetts_0765.wav,fake,edgetts,neural_tts_commercial,train
edgetts_0766,/kaggle/working/data/processed/fake/edgetts/edgetts_0766.wav,fake,edgetts,neural_tts_commercial,train
edgetts_0767,/kaggle/working/data/processed/fake/edgetts/edgetts_0767.wav,fake,edgetts,neural_tts_commercial,train
edgetts_0768,/kaggle/working/data/processed/fake/edgetts/edgetts_0768.wav,fake,edgetts,neural_tts_commercial,train
edgetts_0769,/kaggle/working/data/processed/fake/edgetts/edgetts_0769.wav,fake,edgetts,neural_tts_commercial,test_seen
edgetts_0770,/kaggle/working/data/processed/fake/edgetts/edgetts_0770.wav,fake,edgetts,neural_tts_commercial,train
edgetts_0771,/kaggle/working/data/processed/fake/edgetts/edgetts_0771.wav,fake,edgetts,neural_tts_commercial,train
edgetts_0772,/kaggle/working/data/processed/fake/edgetts/edgetts_0772.wav,fake,edgetts,neural_tts_commercial,train
edgetts_0773,/kaggle/working/data/processed/fake/edgetts/edgetts_0773.wav,fake,edgetts,neural_tts_commercial,train
edgetts_0774,/kaggle/working/data/processed/fake/edgetts/edgetts_0774.wav,fake,edgetts,neural_tts_commercial,test_seen
edgetts_0775,/kaggle/working/data/processed/fake/edgetts/edgetts_0775.wav,fake,edgetts,neural_tts_commercial,train
edgetts_0776,/kaggle/working/data/processed/fake/edgetts/edgetts_0776.wav,fake,edgetts,neural_tts_commercial,train
edgetts_0777,/kaggle/working/data/processed/fake/edgetts/edgetts_0777.wav,fake,edgetts,neural_tts_commercial,train
edgetts_0778,/kaggle/working/data/processed/fake/edgetts/edgetts_0778.wav,fake,edgetts,neural_tts_commercial,train
edgetts_0779,/kaggle/working/data/processed/fake/edgetts/edgetts_0779.wav,fake,edgetts,neural_tts_commercial,train
edgetts_0780,/kaggle/working/data/processed/fake/edgetts/edgetts_0780.wav,fake,edgetts,neural_tts_commercial,train
edgetts_0781,/kaggle/working/data/processed/fake/edgetts/edgetts_0781.wav,fake,edgetts,neural_tts_commercial,test_seen
edgetts_0782,/kaggle/working/data/processed/fake/edgetts/edgetts_0782.wav,fake,edgetts,neural_tts_commercial,test_seen
edgetts_0783,/kaggle/working/data/processed/fake/edgetts/edgetts_0783.wav,fake,edgetts,neural_tts_commercial,train
edgetts_0784,/kaggle/working/data/processed/fake/edgetts/edgetts_0784.wav,fake,edgetts,neural_tts_commercial,train
edgetts_0785,/kaggle/working/data/processed/fake/edgetts/edgetts_0785.wav,fake,edgetts,neural_tts_commercial,train
edgetts_0786,/kaggle/working/data/processed/fake/edgetts/edgetts_0786.wav,fake,edgetts,neural_tts_commercial,test_seen
edgetts_0787,/kaggle/working/data/processed/fake/edgetts/edgetts_0787.wav,fake,edgetts,neural_tts_commercial,train
edgetts_0788,/kaggle/working/data/processed/fake/edgetts/edgetts_0788.wav,fake,edgetts,neural_tts_commercial,train
edgetts_0789,/kaggle/working/data/processed/fake/edgetts/edgetts_0789.wav,fake,edgetts,neural_tts_commercial,train
edgetts_0790,/kaggle/working/data/processed/fake/edgetts/edgetts_0790.wav,fake,edgetts,neural_tts_commercial,train
edgetts_0791,/kaggle/working/data/processed/fake/edgetts/edgetts_0791.wav,fake,edgetts,neural_tts_commercial,train
edgetts_0792,/kaggle/working/data/processed/fake/edgetts/edgetts_0792.wav,fake,edgetts,neural_tts_commercial,train
edgetts_0793,/kaggle/working/data/processed/fake/edgetts/edgetts_0793.wav,fake,edgetts,neural_tts_commercial,train
edgetts_0794,/kaggle/working/data/processed/fake/edgetts/edgetts_0794.wav,fake,edgetts,neural_tts_commercial,train
edgetts_0795,/kaggle/working/data/processed/fake/edgetts/edgetts_0795.wav,fake,edgetts,neural_tts_commercial,train
edgetts_0796,/kaggle/working/data/processed/fake/edgetts/edgetts_0796.wav,fake,edgetts,neural_tts_commercial,test_seen
edgetts_0797,/kaggle/working/data/processed/fake/edgetts/edgetts_0797.wav,fake,edgetts,neural_tts_commercial,train
edgetts_0798,/kaggle/working/data/processed/fake/edgetts/edgetts_0798.wav,fake,edgetts,neural_tts_commercial,test_seen
edgetts_0799,/kaggle/working/data/processed/fake/edgetts/edgetts_0799.wav,fake,edgetts,neural_tts_commercial,train
edgetts_0800,/kaggle/working/data/processed/fake/edgetts/edgetts_0800.wav,fake,edgetts,neural_tts_commercial,train
edgetts_0801,/kaggle/working/data/processed/fake/edgetts/edgetts_0801.wav,fake,edgetts,neural_tts_commercial,train
edgetts_0802,/kaggle/working/data/processed/fake/edgetts/edgetts_0802.wav,fake,edgetts,neural_tts_commercial,train
edgetts_0803,/kaggle/working/data/processed/fake/edgetts/edgetts_0803.wav,fake,edgetts,neural_tts_commercial,train
edgetts_0804,/kaggle/working/data/processed/fake/edgetts/edgetts_0804.wav,fake,edgetts,neural_tts_commercial,train
edgetts_0805,/kaggle/working/data/processed/fake/edgetts/edgetts_0805.wav,fake,edgetts,neural_tts_commercial,train
edgetts_0806,/kaggle/working/data/processed/fake/edgetts/edgetts_0806.wav,fake,edgetts,neural_tts_commercial,test_seen
edgetts_0807,/kaggle/working/data/processed/fake/edgetts/edgetts_0807.wav,fake,edgetts,neural_tts_commercial,train
edgetts_0808,/kaggle/working/data/processed/fake/edgetts/edgetts_0808.wav,fake,edgetts,neural_tts_commercial,train
edgetts_0809,/kaggle/working/data/processed/fake/edgetts/edgetts_0809.wav,fake,edgetts,neural_tts_commercial,train
edgetts_0810,/kaggle/working/data/processed/fake/edgetts/edgetts_0810.wav,fake,edgetts,neural_tts_commercial,train
edgetts_0811,/kaggle/working/data/processed/fake/edgetts/edgetts_0811.wav,fake,edgetts,neural_tts_commercial,train
edgetts_0812,/kaggle/working/data/processed/fake/edgetts/edgetts_0812.wav,fake,edgetts,neural_tts_commercial,train
edgetts_0813,/kaggle/working/data/processed/fake/edgetts/edgetts_0813.wav,fake,edgetts,neural_tts_commercial,train
edgetts_0814,/kaggle/working/data/processed/fake/edgetts/edgetts_0814.wav,fake,edgetts,neural_tts_commercial,train
edgetts_0815,/kaggle/working/data/processed/fake/edgetts/edgetts_0815.wav,fake,edgetts,neural_tts_commercial,train
edgetts_0816,/kaggle/working/data/processed/fake/edgetts/edgetts_0816.wav,fake,edgetts,neural_tts_commercial,train
edgetts_0817,/kaggle/working/data/processed/fake/edgetts/edgetts_0817.wav,fake,edgetts,neural_tts_commercial,train
edgetts_0818,/kaggle/working/data/processed/fake/edgetts/edgetts_0818.wav,fake,edgetts,neural_tts_commercial,train
edgetts_0819,/kaggle/working/data/processed/fake/edgetts/edgetts_0819.wav,fake,edgetts,neural_tts_commercial,train
edgetts_0820,/kaggle/working/data/processed/fake/edgetts/edgetts_0820.wav,fake,edgetts,neural_tts_commercial,train
edgetts_0821,/kaggle/working/data/processed/fake/edgetts/edgetts_0821.wav,fake,edgetts,neural_tts_commercial,train
edgetts_0822,/kaggle/working/data/processed/fake/edgetts/edgetts_0822.wav,fake,edgetts,neural_tts_commercial,train
edgetts_0823,/kaggle/working/data/processed/fake/edgetts/edgetts_0823.wav,fake,edgetts,neural_tts_commercial,train
edgetts_0824,/kaggle/working/data/processed/fake/edgetts/edgetts_0824.wav,fake,edgetts,neural_tts_commercial,train
edgetts_0825,/kaggle/working/data/processed/fake/edgetts/edgetts_0825.wav,fake,edgetts,neural_tts_commercial,train
edgetts_0826,/kaggle/working/data/processed/fake/edgetts/edgetts_0826.wav,fake,edgetts,neural_tts_commercial,train
edgetts_0827,/kaggle/working/data/processed/fake/edgetts/edgetts_0827.wav,fake,edgetts,neural_tts_commercial,test_seen
edgetts_0828,/kaggle/working/data/processed/fake/edgetts/edgetts_0828.wav,fake,edgetts,neural_tts_commercial,train
edgetts_0829,/kaggle/working/data/processed/fake/edgetts/edgetts_0829.wav,fake,edgetts,neural_tts_commercial,train
edgetts_0830,/kaggle/working/data/processed/fake/edgetts/edgetts_0830.wav,fake,edgetts,neural_tts_commercial,train
edgetts_0831,/kaggle/working/data/processed/fake/edgetts/edgetts_0831.wav,fake,edgetts,neural_tts_commercial,train
edgetts_0832,/kaggle/working/data/processed/fake/edgetts/edgetts_0832.wav,fake,edgetts,neural_tts_commercial,train
edgetts_0833,/kaggle/working/data/processed/fake/edgetts/edgetts_0833.wav,fake,edgetts,neural_tts_commercial,train
edgetts_0834,/kaggle/working/data/processed/fake/edgetts/edgetts_0834.wav,fake,edgetts,neural_tts_commercial,train
edgetts_0835,/kaggle/working/data/processed/fake/edgetts/edgetts_0835.wav,fake,edgetts,neural_tts_commercial,train
edgetts_0836,/kaggle/working/data/processed/fake/edgetts/edgetts_0836.wav,fake,edgetts,neural_tts_commercial,train
edgetts_0837,/kaggle/working/data/processed/fake/edgetts/edgetts_0837.wav,fake,edgetts,neural_tts_commercial,train
edgetts_0838,/kaggle/working/data/processed/fake/edgetts/edgetts_0838.wav,fake,edgetts,neural_tts_commercial,test_seen
edgetts_0839,/kaggle/working/data/processed/fake/edgetts/edgetts_0839.wav,fake,edgetts,neural_tts_commercial,train
edgetts_0840,/kaggle/working/data/processed/fake/edgetts/edgetts_0840.wav,fake,edgetts,neural_tts_commercial,train
edgetts_0841,/kaggle/working/data/processed/fake/edgetts/edgetts_0841.wav,fake,edgetts,neural_tts_commercial,test_seen
edgetts_0842,/kaggle/working/data/processed/fake/edgetts/edgetts_0842.wav,fake,edgetts,neural_tts_commercial,train
edgetts_0843,/kaggle/working/data/processed/fake/edgetts/edgetts_0843.wav,fake,edgetts,neural_tts_commercial,train
edgetts_0844,/kaggle/working/data/processed/fake/edgetts/edgetts_0844.wav,fake,edgetts,neural_tts_commercial,train
edgetts_0845,/kaggle/working/data/processed/fake/edgetts/edgetts_0845.wav,fake,edgetts,neural_tts_commercial,train
edgetts_0846,/kaggle/working/data/processed/fake/edgetts/edgetts_0846.wav,fake,edgetts,neural_tts_commercial,train
edgetts_0847,/kaggle/working/data/processed/fake/edgetts/edgetts_0847.wav,fake,edgetts,neural_tts_commercial,test_seen
edgetts_0848,/kaggle/working/data/processed/fake/edgetts/edgetts_0848.wav,fake,edgetts,neural_tts_commercial,train
edgetts_0849,/kaggle/working/data/processed/fake/edgetts/edgetts_0849.wav,fake,edgetts,neural_tts_commercial,test_seen
edgetts_0850,/kaggle/working/data/processed/fake/edgetts/edgetts_0850.wav,fake,edgetts,neural_tts_commercial,train
edgetts_0851,/kaggle/working/data/processed/fake/edgetts/edgetts_0851.wav,fake,edgetts,neural_tts_commercial,train
edgetts_0852,/kaggle/working/data/processed/fake/edgetts/edgetts_0852.wav,fake,edgetts,neural_tts_commercial,train
edgetts_0853,/kaggle/working/data/processed/fake/edgetts/edgetts_0853.wav,fake,edgetts,neural_tts_commercial,train
edgetts_0854,/kaggle/working/data/processed/fake/edgetts/edgetts_0854.wav,fake,edgetts,neural_tts_commercial,train
edgetts_0855,/kaggle/working/data/processed/fake/edgetts/edgetts_0855.wav,fake,edgetts,neural_tts_commercial,train
edgetts_0856,/kaggle/working/data/processed/fake/edgetts/edgetts_0856.wav,fake,edgetts,neural_tts_commercial,test_seen
edgetts_0857,/kaggle/working/data/processed/fake/edgetts/edgetts_0857.wav,fake,edgetts,neural_tts_commercial,train
edgetts_0858,/kaggle/working/data/processed/fake/edgetts/edgetts_0858.wav,fake,edgetts,neural_tts_commercial,train
edgetts_0859,/kaggle/working/data/processed/fake/edgetts/edgetts_0859.wav,fake,edgetts,neural_tts_commercial,train
edgetts_0860,/kaggle/working/data/processed/fake/edgetts/edgetts_0860.wav,fake,edgetts,neural_tts_commercial,train
edgetts_0861,/kaggle/working/data/processed/fake/edgetts/edgetts_0861.wav,fake,edgetts,neural_tts_commercial,test_seen
edgetts_0862,/kaggle/working/data/processed/fake/edgetts/edgetts_0862.wav,fake,edgetts,neural_tts_commercial,test_seen
edgetts_0863,/kaggle/working/data/processed/fake/edgetts/edgetts_0863.wav,fake,edgetts,neural_tts_commercial,train
edgetts_0864,/kaggle/working/data/processed/fake/edgetts/edgetts_0864.wav,fake,edgetts,neural_tts_commercial,train
edgetts_0865,/kaggle/working/data/processed/fake/edgetts/edgetts_0865.wav,fake,edgetts,neural_tts_commercial,test_seen
edgetts_0866,/kaggle/working/data/processed/fake/edgetts/edgetts_0866.wav,fake,edgetts,neural_tts_commercial,train
edgetts_0867,/kaggle/working/data/processed/fake/edgetts/edgetts_0867.wav,fake,edgetts,neural_tts_commercial,train
edgetts_0868,/kaggle/working/data/processed/fake/edgetts/edgetts_0868.wav,fake,edgetts,neural_tts_commercial,test_seen
edgetts_0869,/kaggle/working/data/processed/fake/edgetts/edgetts_0869.wav,fake,edgetts,neural_tts_commercial,train
edgetts_0870,/kaggle/working/data/processed/fake/edgetts/edgetts_0870.wav,fake,edgetts,neural_tts_commercial,test_seen
edgetts_0871,/kaggle/working/data/processed/fake/edgetts/edgetts_0871.wav,fake,edgetts,neural_tts_commercial,train
edgetts_0872,/kaggle/working/data/processed/fake/edgetts/edgetts_0872.wav,fake,edgetts,neural_tts_commercial,train
edgetts_0873,/kaggle/working/data/processed/fake/edgetts/edgetts_0873.wav,fake,edgetts,neural_tts_commercial,train
edgetts_0874,/kaggle/working/data/processed/fake/edgetts/edgetts_0874.wav,fake,edgetts,neural_tts_commercial,test_seen
edgetts_0875,/kaggle/working/data/processed/fake/edgetts/edgetts_0875.wav,fake,edgetts,neural_tts_commercial,train
edgetts_0876,/kaggle/working/data/processed/fake/edgetts/edgetts_0876.wav,fake,edgetts,neural_tts_commercial,test_seen
edgetts_0877,/kaggle/working/data/processed/fake/edgetts/edgetts_0877.wav,fake,edgetts,neural_tts_commercial,train
edgetts_0878,/kaggle/working/data/processed/fake/edgetts/edgetts_0878.wav,fake,edgetts,neural_tts_commercial,train
edgetts_0879,/kaggle/working/data/processed/fake/edgetts/edgetts_0879.wav,fake,edgetts,neural_tts_commercial,train
edgetts_0880,/kaggle/working/data/processed/fake/edgetts/edgetts_0880.wav,fake,edgetts,neural_tts_commercial,train
edgetts_0881,/kaggle/working/data/processed/fake/edgetts/edgetts_0881.wav,fake,edgetts,neural_tts_commercial,train
edgetts_0882,/kaggle/working/data/processed/fake/edgetts/edgetts_0882.wav,fake,edgetts,neural_tts_commercial,test_seen
edgetts_0883,/kaggle/working/data/processed/fake/edgetts/edgetts_0883.wav,fake,edgetts,neural_tts_commercial,train
edgetts_0884,/kaggle/working/data/processed/fake/edgetts/edgetts_0884.wav,fake,edgetts,neural_tts_commercial,train
edgetts_0885,/kaggle/working/data/processed/fake/edgetts/edgetts_0885.wav,fake,edgetts,neural_tts_commercial,test_seen
edgetts_0886,/kaggle/working/data/processed/fake/edgetts/edgetts_0886.wav,fake,edgetts,neural_tts_commercial,train
edgetts_0887,/kaggle/working/data/processed/fake/edgetts/edgetts_0887.wav,fake,edgetts,neural_tts_commercial,train
edgetts_0888,/kaggle/working/data/processed/fake/edgetts/edgetts_0888.wav,fake,edgetts,neural_tts_commercial,test_seen
edgetts_0889,/kaggle/working/data/processed/fake/edgetts/edgetts_0889.wav,fake,edgetts,neural_tts_commercial,train
edgetts_0890,/kaggle/working/data/processed/fake/edgetts/edgetts_0890.wav,fake,edgetts,neural_tts_commercial,train
edgetts_0891,/kaggle/working/data/processed/fake/edgetts/edgetts_0891.wav,fake,edgetts,neural_tts_commercial,train
edgetts_0892,/kaggle/working/data/processed/fake/edgetts/edgetts_0892.wav,fake,edgetts,neural_tts_commercial,train
edgetts_0893,/kaggle/working/data/processed/fake/edgetts/edgetts_0893.wav,fake,edgetts,neural_tts_commercial,train
edgetts_0894,/kaggle/working/data/processed/fake/edgetts/edgetts_0894.wav,fake,edgetts,neural_tts_commercial,train
edgetts_0895,/kaggle/working/data/processed/fake/edgetts/edgetts_0895.wav,fake,edgetts,neural_tts_commercial,train
edgetts_0896,/kaggle/working/data/processed/fake/edgetts/edgetts_0896.wav,fake,edgetts,neural_tts_commercial,train
edgetts_0897,/kaggle/working/data/processed/fake/edgetts/edgetts_0897.wav,fake,edgetts,neural_tts_commercial,train
edgetts_0898,/kaggle/working/data/processed/fake/edgetts/edgetts_0898.wav,fake,edgetts,neural_tts_commercial,train
edgetts_0899,/kaggle/working/data/processed/fake/edgetts/edgetts_0899.wav,fake,edgetts,neural_tts_commercial,train
edgetts_0900,/kaggle/working/data/processed/fake/edgetts/edgetts_0900.wav,fake,edgetts,neural_tts_commercial,train
edgetts_0901,/kaggle/working/data/processed/fake/edgetts/edgetts_0901.wav,fake,edgetts,neural_tts_commercial,test_seen
edgetts_0902,/kaggle/working/data/processed/fake/edgetts/edgetts_0902.wav,fake,edgetts,neural_tts_commercial,train
edgetts_0903,/kaggle/working/data/processed/fake/edgetts/edgetts_0903.wav,fake,edgetts,neural_tts_commercial,train
edgetts_0904,/kaggle/working/data/processed/fake/edgetts/edgetts_0904.wav,fake,edgetts,neural_tts_commercial,train
edgetts_0905,/kaggle/working/data/processed/fake/edgetts/edgetts_0905.wav,fake,edgetts,neural_tts_commercial,train
edgetts_0906,/kaggle/working/data/processed/fake/edgetts/edgetts_0906.wav,fake,edgetts,neural_tts_commercial,train
edgetts_0907,/kaggle/working/data/processed/fake/edgetts/edgetts_0907.wav,fake,edgetts,neural_tts_commercial,train
edgetts_0908,/kaggle/working/data/processed/fake/edgetts/edgetts_0908.wav,fake,edgetts,neural_tts_commercial,train
edgetts_0909,/kaggle/working/data/processed/fake/edgetts/edgetts_0909.wav,fake,edgetts,neural_tts_commercial,test_seen
edgetts_0910,/kaggle/working/data/processed/fake/edgetts/edgetts_0910.wav,fake,edgetts,neural_tts_commercial,train
edgetts_0911,/kaggle/working/data/processed/fake/edgetts/edgetts_0911.wav,fake,edgetts,neural_tts_commercial,train
edgetts_0912,/kaggle/working/data/processed/fake/edgetts/edgetts_0912.wav,fake,edgetts,neural_tts_commercial,train
edgetts_0913,/kaggle/working/data/processed/fake/edgetts/edgetts_0913.wav,fake,edgetts,neural_tts_commercial,train
edgetts_0914,/kaggle/working/data/processed/fake/edgetts/edgetts_0914.wav,fake,edgetts,neural_tts_commercial,train
edgetts_0915,/kaggle/working/data/processed/fake/edgetts/edgetts_0915.wav,fake,edgetts,neural_tts_commercial,train
edgetts_0916,/kaggle/working/data/processed/fake/edgetts/edgetts_0916.wav,fake,edgetts,neural_tts_commercial,train
edgetts_0917,/kaggle/working/data/processed/fake/edgetts/edgetts_0917.wav,fake,edgetts,neural_tts_commercial,train
edgetts_0918,/kaggle/working/data/processed/fake/edgetts/edgetts_0918.wav,fake,edgetts,neural_tts_commercial,train
edgetts_0919,/kaggle/working/data/processed/fake/edgetts/edgetts_0919.wav,fake,edgetts,neural_tts_commercial,train
edgetts_0920,/kaggle/working/data/processed/fake/edgetts/edgetts_0920.wav,fake,edgetts,neural_tts_commercial,train
edgetts_0921,/kaggle/working/data/processed/fake/edgetts/edgetts_0921.wav,fake,edgetts,neural_tts_commercial,train
edgetts_0922,/kaggle/working/data/processed/fake/edgetts/edgetts_0922.wav,fake,edgetts,neural_tts_commercial,train
edgetts_0923,/kaggle/working/data/processed/fake/edgetts/edgetts_0923.wav,fake,edgetts,neural_tts_commercial,train
edgetts_0924,/kaggle/working/data/processed/fake/edgetts/edgetts_0924.wav,fake,edgetts,neural_tts_commercial,train
edgetts_0925,/kaggle/working/data/processed/fake/edgetts/edgetts_0925.wav,fake,edgetts,neural_tts_commercial,train
edgetts_0926,/kaggle/working/data/processed/fake/edgetts/edgetts_0926.wav,fake,edgetts,neural_tts_commercial,train
edgetts_0927,/kaggle/working/data/processed/fake/edgetts/edgetts_0927.wav,fake,edgetts,neural_tts_commercial,train
edgetts_0928,/kaggle/working/data/processed/fake/edgetts/edgetts_0928.wav,fake,edgetts,neural_tts_commercial,train
edgetts_0929,/kaggle/working/data/processed/fake/edgetts/edgetts_0929.wav,fake,edgetts,neural_tts_commercial,train
edgetts_0930,/kaggle/working/data/processed/fake/edgetts/edgetts_0930.wav,fake,edgetts,neural_tts_commercial,train
edgetts_0931,/kaggle/working/data/processed/fake/edgetts/edgetts_0931.wav,fake,edgetts,neural_tts_commercial,train
edgetts_0932,/kaggle/working/data/processed/fake/edgetts/edgetts_0932.wav,fake,edgetts,neural_tts_commercial,train
edgetts_0933,/kaggle/working/data/processed/fake/edgetts/edgetts_0933.wav,fake,edgetts,neural_tts_commercial,train
edgetts_0934,/kaggle/working/data/processed/fake/edgetts/edgetts_0934.wav,fake,edgetts,neural_tts_commercial,train
edgetts_0935,/kaggle/working/data/processed/fake/edgetts/edgetts_0935.wav,fake,edgetts,neural_tts_commercial,test_seen
edgetts_0936,/kaggle/working/data/processed/fake/edgetts/edgetts_0936.wav,fake,edgetts,neural_tts_commercial,train
edgetts_0937,/kaggle/working/data/processed/fake/edgetts/edgetts_0937.wav,fake,edgetts,neural_tts_commercial,train
edgetts_0938,/kaggle/working/data/processed/fake/edgetts/edgetts_0938.wav,fake,edgetts,neural_tts_commercial,train
edgetts_0939,/kaggle/working/data/processed/fake/edgetts/edgetts_0939.wav,fake,edgetts,neural_tts_commercial,test_seen
edgetts_0940,/kaggle/working/data/processed/fake/edgetts/edgetts_0940.wav,fake,edgetts,neural_tts_commercial,train
edgetts_0941,/kaggle/working/data/processed/fake/edgetts/edgetts_0941.wav,fake,edgetts,neural_tts_commercial,test_seen
edgetts_0942,/kaggle/working/data/processed/fake/edgetts/edgetts_0942.wav,fake,edgetts,neural_tts_commercial,train
edgetts_0943,/kaggle/working/data/processed/fake/edgetts/edgetts_0943.wav,fake,edgetts,neural_tts_commercial,test_seen
edgetts_0944,/kaggle/working/data/processed/fake/edgetts/edgetts_0944.wav,fake,edgetts,neural_tts_commercial,train
edgetts_0945,/kaggle/working/data/processed/fake/edgetts/edgetts_0945.wav,fake,edgetts,neural_tts_commercial,train
edgetts_0946,/kaggle/working/data/processed/fake/edgetts/edgetts_0946.wav,fake,edgetts,neural_tts_commercial,test_seen
edgetts_0947,/kaggle/working/data/processed/fake/edgetts/edgetts_0947.wav,fake,edgetts,neural_tts_commercial,train
edgetts_0948,/kaggle/working/data/processed/fake/edgetts/edgetts_0948.wav,fake,edgetts,neural_tts_commercial,train
edgetts_0949,/kaggle/working/data/processed/fake/edgetts/edgetts_0949.wav,fake,edgetts,neural_tts_commercial,train
edgetts_0950,/kaggle/working/data/processed/fake/edgetts/edgetts_0950.wav,fake,edgetts,neural_tts_commercial,train
edgetts_0951,/kaggle/working/data/processed/fake/edgetts/edgetts_0951.wav,fake,edgetts,neural_tts_commercial,train
edgetts_0952,/kaggle/working/data/processed/fake/edgetts/edgetts_0952.wav,fake,edgetts,neural_tts_commercial,train
edgetts_0953,/kaggle/working/data/processed/fake/edgetts/edgetts_0953.wav,fake,edgetts,neural_tts_commercial,train
edgetts_0954,/kaggle/working/data/processed/fake/edgetts/edgetts_0954.wav,fake,edgetts,neural_tts_commercial,train
edgetts_0955,/kaggle/working/data/processed/fake/edgetts/edgetts_0955.wav,fake,edgetts,neural_tts_commercial,train
edgetts_0956,/kaggle/working/data/processed/fake/edgetts/edgetts_0956.wav,fake,edgetts,neural_tts_commercial,test_seen
edgetts_0957,/kaggle/working/data/processed/fake/edgetts/edgetts_0957.wav,fake,edgetts,neural_tts_commercial,train
edgetts_0958,/kaggle/working/data/processed/fake/edgetts/edgetts_0958.wav,fake,edgetts,neural_tts_commercial,train
edgetts_0959,/kaggle/working/data/processed/fake/edgetts/edgetts_0959.wav,fake,edgetts,neural_tts_commercial,train
edgetts_0960,/kaggle/working/data/processed/fake/edgetts/edgetts_0960.wav,fake,edgetts,neural_tts_commercial,test_seen
edgetts_0961,/kaggle/working/data/processed/fake/edgetts/edgetts_0961.wav,fake,edgetts,neural_tts_commercial,train
edgetts_0962,/kaggle/working/data/processed/fake/edgetts/edgetts_0962.wav,fake,edgetts,neural_tts_commercial,train
edgetts_0963,/kaggle/working/data/processed/fake/edgetts/edgetts_0963.wav,fake,edgetts,neural_tts_commercial,train
edgetts_0964,/kaggle/working/data/processed/fake/edgetts/edgetts_0964.wav,fake,edgetts,neural_tts_commercial,train
edgetts_0965,/kaggle/working/data/processed/fake/edgetts/edgetts_0965.wav,fake,edgetts,neural_tts_commercial,train
edgetts_0966,/kaggle/working/data/processed/fake/edgetts/edgetts_0966.wav,fake,edgetts,neural_tts_commercial,train
edgetts_0967,/kaggle/working/data/processed/fake/edgetts/edgetts_0967.wav,fake,edgetts,neural_tts_commercial,train
edgetts_0968,/kaggle/working/data/processed/fake/edgetts/edgetts_0968.wav,fake,edgetts,neural_tts_commercial,train
edgetts_0969,/kaggle/working/data/processed/fake/edgetts/edgetts_0969.wav,fake,edgetts,neural_tts_commercial,test_seen
edgetts_0970,/kaggle/working/data/processed/fake/edgetts/edgetts_0970.wav,fake,edgetts,neural_tts_commercial,train
edgetts_0971,/kaggle/working/data/processed/fake/edgetts/edgetts_0971.wav,fake,edgetts,neural_tts_commercial,train
edgetts_0972,/kaggle/working/data/processed/fake/edgetts/edgetts_0972.wav,fake,edgetts,neural_tts_commercial,train
edgetts_0973,/kaggle/working/data/processed/fake/edgetts/edgetts_0973.wav,fake,edgetts,neural_tts_commercial,train
edgetts_0974,/kaggle/working/data/processed/fake/edgetts/edgetts_0974.wav,fake,edgetts,neural_tts_commercial,train
edgetts_0975,/kaggle/working/data/processed/fake/edgetts/edgetts_0975.wav,fake,edgetts,neural_tts_commercial,train
edgetts_0976,/kaggle/working/data/processed/fake/edgetts/edgetts_0976.wav,fake,edgetts,neural_tts_commercial,train
edgetts_0977,/kaggle/working/data/processed/fake/edgetts/edgetts_0977.wav,fake,edgetts,neural_tts_commercial,train
edgetts_0978,/kaggle/working/data/processed/fake/edgetts/edgetts_0978.wav,fake,edgetts,neural_tts_commercial,train
edgetts_0979,/kaggle/working/data/processed/fake/edgetts/edgetts_0979.wav,fake,edgetts,neural_tts_commercial,train
edgetts_0980,/kaggle/working/data/processed/fake/edgetts/edgetts_0980.wav,fake,edgetts,neural_tts_commercial,train
edgetts_0981,/kaggle/working/data/processed/fake/edgetts/edgetts_0981.wav,fake,edgetts,neural_tts_commercial,train
edgetts_0982,/kaggle/working/data/processed/fake/edgetts/edgetts_0982.wav,fake,edgetts,neural_tts_commercial,test_seen
edgetts_0983,/kaggle/working/data/processed/fake/edgetts/edgetts_0983.wav,fake,edgetts,neural_tts_commercial,train
edgetts_0984,/kaggle/working/data/processed/fake/edgetts/edgetts_0984.wav,fake,edgetts,neural_tts_commercial,train
edgetts_0985,/kaggle/working/data/processed/fake/edgetts/edgetts_0985.wav,fake,edgetts,neural_tts_commercial,train
edgetts_0986,/kaggle/working/data/processed/fake/edgetts/edgetts_0986.wav,fake,edgetts,neural_tts_commercial,train
edgetts_0987,/kaggle/working/data/processed/fake/edgetts/edgetts_0987.wav,fake,edgetts,neural_tts_commercial,train
edgetts_0988,/kaggle/working/data/processed/fake/edgetts/edgetts_0988.wav,fake,edgetts,neural_tts_commercial,train
edgetts_0989,/kaggle/working/data/processed/fake/edgetts/edgetts_0989.wav,fake,edgetts,neural_tts_commercial,train
edgetts_0990,/kaggle/working/data/processed/fake/edgetts/edgetts_0990.wav,fake,edgetts,neural_tts_commercial,train
edgetts_0991,/kaggle/working/data/processed/fake/edgetts/edgetts_0991.wav,fake,edgetts,neural_tts_commercial,test_seen
edgetts_0992,/kaggle/working/data/processed/fake/edgetts/edgetts_0992.wav,fake,edgetts,neural_tts_commercial,train
edgetts_0993,/kaggle/working/data/processed/fake/edgetts/edgetts_0993.wav,fake,edgetts,neural_tts_commercial,train
edgetts_0994,/kaggle/working/data/processed/fake/edgetts/edgetts_0994.wav,fake,edgetts,neural_tts_commercial,train
edgetts_0995,/kaggle/working/data/processed/fake/edgetts/edgetts_0995.wav,fake,edgetts,neural_tts_commercial,train
edgetts_0996,/kaggle/working/data/processed/fake/edgetts/edgetts_0996.wav,fake,edgetts,neural_tts_commercial,train
edgetts_0997,/kaggle/working/data/processed/fake/edgetts/edgetts_0997.wav,fake,edgetts,neural_tts_commercial,test_seen
edgetts_0998,/kaggle/working/data/processed/fake/edgetts/edgetts_0998.wav,fake,edgetts,neural_tts_commercial,test_seen
edgetts_0999,/kaggle/working/data/processed/fake/edgetts/edgetts_0999.wav,fake,edgetts,neural_tts_commercial,test_seen
edgetts_1000,/kaggle/working/data/processed/fake/edgetts/edgetts_1000.wav,fake,edgetts,neural_tts_commercial,test_seen
edgetts_1001,/kaggle/working/data/processed/fake/edgetts/edgetts_1001.wav,fake,edgetts,neural_tts_commercial,train
edgetts_1002,/kaggle/working/data/processed/fake/edgetts/edgetts_1002.wav,fake,edgetts,neural_tts_commercial,train
edgetts_1003,/kaggle/working/data/processed/fake/edgetts/edgetts_1003.wav,fake,edgetts,neural_tts_commercial,train
edgetts_1004,/kaggle/working/data/processed/fake/edgetts/edgetts_1004.wav,fake,edgetts,neural_tts_commercial,train
edgetts_1005,/kaggle/working/data/processed/fake/edgetts/edgetts_1005.wav,fake,edgetts,neural_tts_commercial,test_seen
edgetts_1006,/kaggle/working/data/processed/fake/edgetts/edgetts_1006.wav,fake,edgetts,neural_tts_commercial,train
edgetts_1007,/kaggle/working/data/processed/fake/edgetts/edgetts_1007.wav,fake,edgetts,neural_tts_commercial,test_seen
edgetts_1008,/kaggle/working/data/processed/fake/edgetts/edgetts_1008.wav,fake,edgetts,neural_tts_commercial,train
edgetts_1009,/kaggle/working/data/processed/fake/edgetts/edgetts_1009.wav,fake,edgetts,neural_tts_commercial,train
edgetts_1010,/kaggle/working/data/processed/fake/edgetts/edgetts_1010.wav,fake,edgetts,neural_tts_commercial,train
edgetts_1011,/kaggle/working/data/processed/fake/edgetts/edgetts_1011.wav,fake,edgetts,neural_tts_commercial,train
edgetts_1012,/kaggle/working/data/processed/fake/edgetts/edgetts_1012.wav,fake,edgetts,neural_tts_commercial,train
edgetts_1013,/kaggle/working/data/processed/fake/edgetts/edgetts_1013.wav,fake,edgetts,neural_tts_commercial,train
edgetts_1014,/kaggle/working/data/processed/fake/edgetts/edgetts_1014.wav,fake,edgetts,neural_tts_commercial,test_seen
edgetts_1015,/kaggle/working/data/processed/fake/edgetts/edgetts_1015.wav,fake,edgetts,neural_tts_commercial,train
edgetts_1016,/kaggle/working/data/processed/fake/edgetts/edgetts_1016.wav,fake,edgetts,neural_tts_commercial,train
edgetts_1017,/kaggle/working/data/processed/fake/edgetts/edgetts_1017.wav,fake,edgetts,neural_tts_commercial,test_seen
edgetts_1018,/kaggle/working/data/processed/fake/edgetts/edgetts_1018.wav,fake,edgetts,neural_tts_commercial,train
edgetts_1019,/kaggle/working/data/processed/fake/edgetts/edgetts_1019.wav,fake,edgetts,neural_tts_commercial,train
edgetts_1020,/kaggle/working/data/processed/fake/edgetts/edgetts_1020.wav,fake,edgetts,neural_tts_commercial,train
edgetts_1021,/kaggle/working/data/processed/fake/edgetts/edgetts_1021.wav,fake,edgetts,neural_tts_commercial,train
edgetts_1022,/kaggle/working/data/processed/fake/edgetts/edgetts_1022.wav,fake,edgetts,neural_tts_commercial,train
edgetts_1023,/kaggle/working/data/processed/fake/edgetts/edgetts_1023.wav,fake,edgetts,neural_tts_commercial,train
edgetts_1024,/kaggle/working/data/processed/fake/edgetts/edgetts_1024.wav,fake,edgetts,neural_tts_commercial,test_seen
edgetts_1025,/kaggle/working/data/processed/fake/edgetts/edgetts_1025.wav,fake,edgetts,neural_tts_commercial,train
edgetts_1026,/kaggle/working/data/processed/fake/edgetts/edgetts_1026.wav,fake,edgetts,neural_tts_commercial,train
edgetts_1027,/kaggle/working/data/processed/fake/edgetts/edgetts_1027.wav,fake,edgetts,neural_tts_commercial,train
edgetts_1028,/kaggle/working/data/processed/fake/edgetts/edgetts_1028.wav,fake,edgetts,neural_tts_commercial,train
edgetts_1029,/kaggle/working/data/processed/fake/edgetts/edgetts_1029.wav,fake,edgetts,neural_tts_commercial,train
edgetts_1030,/kaggle/working/data/processed/fake/edgetts/edgetts_1030.wav,fake,edgetts,neural_tts_commercial,train
edgetts_1031,/kaggle/working/data/processed/fake/edgetts/edgetts_1031.wav,fake,edgetts,neural_tts_commercial,train
edgetts_1032,/kaggle/working/data/processed/fake/edgetts/edgetts_1032.wav,fake,edgetts,neural_tts_commercial,train
edgetts_1033,/kaggle/working/data/processed/fake/edgetts/edgetts_1033.wav,fake,edgetts,neural_tts_commercial,train
edgetts_1034,/kaggle/working/data/processed/fake/edgetts/edgetts_1034.wav,fake,edgetts,neural_tts_commercial,train
edgetts_1035,/kaggle/working/data/processed/fake/edgetts/edgetts_1035.wav,fake,edgetts,neural_tts_commercial,test_seen
edgetts_1036,/kaggle/working/data/processed/fake/edgetts/edgetts_1036.wav,fake,edgetts,neural_tts_commercial,train
edgetts_1037,/kaggle/working/data/processed/fake/edgetts/edgetts_1037.wav,fake,edgetts,neural_tts_commercial,test_seen
edgetts_1038,/kaggle/working/data/processed/fake/edgetts/edgetts_1038.wav,fake,edgetts,neural_tts_commercial,train
edgetts_1039,/kaggle/working/data/processed/fake/edgetts/edgetts_1039.wav,fake,edgetts,neural_tts_commercial,test_seen
edgetts_1040,/kaggle/working/data/processed/fake/edgetts/edgetts_1040.wav,fake,edgetts,neural_tts_commercial,train
edgetts_1041,/kaggle/working/data/processed/fake/edgetts/edgetts_1041.wav,fake,edgetts,neural_tts_commercial,train
edgetts_1042,/kaggle/working/data/processed/fake/edgetts/edgetts_1042.wav,fake,edgetts,neural_tts_commercial,train
edgetts_1043,/kaggle/working/data/processed/fake/edgetts/edgetts_1043.wav,fake,edgetts,neural_tts_commercial,train
edgetts_1044,/kaggle/working/data/processed/fake/edgetts/edgetts_1044.wav,fake,edgetts,neural_tts_commercial,train
edgetts_1045,/kaggle/working/data/processed/fake/edgetts/edgetts_1045.wav,fake,edgetts,neural_tts_commercial,train
edgetts_1046,/kaggle/working/data/processed/fake/edgetts/edgetts_1046.wav,fake,edgetts,neural_tts_commercial,train
edgetts_1047,/kaggle/working/data/processed/fake/edgetts/edgetts_1047.wav,fake,edgetts,neural_tts_commercial,train
edgetts_1048,/kaggle/working/data/processed/fake/edgetts/edgetts_1048.wav,fake,edgetts,neural_tts_commercial,train
edgetts_1049,/kaggle/working/data/processed/fake/edgetts/edgetts_1049.wav,fake,edgetts,neural_tts_commercial,train
edgetts_1050,/kaggle/working/data/processed/fake/edgetts/edgetts_1050.wav,fake,edgetts,neural_tts_commercial,train
edgetts_1051,/kaggle/working/data/processed/fake/edgetts/edgetts_1051.wav,fake,edgetts,neural_tts_commercial,train
edgetts_1052,/kaggle/working/data/processed/fake/edgetts/edgetts_1052.wav,fake,edgetts,neural_tts_commercial,train
edgetts_1053,/kaggle/working/data/processed/fake/edgetts/edgetts_1053.wav,fake,edgetts,neural_tts_commercial,test_seen
edgetts_1054,/kaggle/working/data/processed/fake/edgetts/edgetts_1054.wav,fake,edgetts,neural_tts_commercial,train
edgetts_1055,/kaggle/working/data/processed/fake/edgetts/edgetts_1055.wav,fake,edgetts,neural_tts_commercial,test_seen
edgetts_1056,/kaggle/working/data/processed/fake/edgetts/edgetts_1056.wav,fake,edgetts,neural_tts_commercial,train
edgetts_1057,/kaggle/working/data/processed/fake/edgetts/edgetts_1057.wav,fake,edgetts,neural_tts_commercial,train
edgetts_1058,/kaggle/working/data/processed/fake/edgetts/edgetts_1058.wav,fake,edgetts,neural_tts_commercial,train
edgetts_1059,/kaggle/working/data/processed/fake/edgetts/edgetts_1059.wav,fake,edgetts,neural_tts_commercial,train
edgetts_1060,/kaggle/working/data/processed/fake/edgetts/edgetts_1060.wav,fake,edgetts,neural_tts_commercial,train
edgetts_1061,/kaggle/working/data/processed/fake/edgetts/edgetts_1061.wav,fake,edgetts,neural_tts_commercial,train
edgetts_1062,/kaggle/working/data/processed/fake/edgetts/edgetts_1062.wav,fake,edgetts,neural_tts_commercial,train
edgetts_1063,/kaggle/working/data/processed/fake/edgetts/edgetts_1063.wav,fake,edgetts,neural_tts_commercial,train
edgetts_1064,/kaggle/working/data/processed/fake/edgetts/edgetts_1064.wav,fake,edgetts,neural_tts_commercial,test_seen
edgetts_1065,/kaggle/working/data/processed/fake/edgetts/edgetts_1065.wav,fake,edgetts,neural_tts_commercial,test_seen
edgetts_1066,/kaggle/working/data/processed/fake/edgetts/edgetts_1066.wav,fake,edgetts,neural_tts_commercial,train
edgetts_1067,/kaggle/working/data/processed/fake/edgetts/edgetts_1067.wav,fake,edgetts,neural_tts_commercial,test_seen
edgetts_1068,/kaggle/working/data/processed/fake/edgetts/edgetts_1068.wav,fake,edgetts,neural_tts_commercial,train
edgetts_1069,/kaggle/working/data/processed/fake/edgetts/edgetts_1069.wav,fake,edgetts,neural_tts_commercial,train
edgetts_1070,/kaggle/working/data/processed/fake/edgetts/edgetts_1070.wav,fake,edgetts,neural_tts_commercial,train
edgetts_1071,/kaggle/working/data/processed/fake/edgetts/edgetts_1071.wav,fake,edgetts,neural_tts_commercial,train
edgetts_1072,/kaggle/working/data/processed/fake/edgetts/edgetts_1072.wav,fake,edgetts,neural_tts_commercial,train
edgetts_1073,/kaggle/working/data/processed/fake/edgetts/edgetts_1073.wav,fake,edgetts,neural_tts_commercial,train
edgetts_1074,/kaggle/working/data/processed/fake/edgetts/edgetts_1074.wav,fake,edgetts,neural_tts_commercial,train
edgetts_1075,/kaggle/working/data/processed/fake/edgetts/edgetts_1075.wav,fake,edgetts,neural_tts_commercial,train
edgetts_1076,/kaggle/working/data/processed/fake/edgetts/edgetts_1076.wav,fake,edgetts,neural_tts_commercial,train
edgetts_1077,/kaggle/working/data/processed/fake/edgetts/edgetts_1077.wav,fake,edgetts,neural_tts_commercial,test_seen
edgetts_1078,/kaggle/working/data/processed/fake/edgetts/edgetts_1078.wav,fake,edgetts,neural_tts_commercial,test_seen
edgetts_1079,/kaggle/working/data/processed/fake/edgetts/edgetts_1079.wav,fake,edgetts,neural_tts_commercial,train
edgetts_1080,/kaggle/working/data/processed/fake/edgetts/edgetts_1080.wav,fake,edgetts,neural_tts_commercial,train
edgetts_1081,/kaggle/working/data/processed/fake/edgetts/edgetts_1081.wav,fake,edgetts,neural_tts_commercial,train
edgetts_1082,/kaggle/working/data/processed/fake/edgetts/edgetts_1082.wav,fake,edgetts,neural_tts_commercial,train
edgetts_1083,/kaggle/working/data/processed/fake/edgetts/edgetts_1083.wav,fake,edgetts,neural_tts_commercial,train
edgetts_1084,/kaggle/working/data/processed/fake/edgetts/edgetts_1084.wav,fake,edgetts,neural_tts_commercial,train
edgetts_1085,/kaggle/working/data/processed/fake/edgetts/edgetts_1085.wav,fake,edgetts,neural_tts_commercial,train
edgetts_1086,/kaggle/working/data/processed/fake/edgetts/edgetts_1086.wav,fake,edgetts,neural_tts_commercial,train
edgetts_1087,/kaggle/working/data/processed/fake/edgetts/edgetts_1087.wav,fake,edgetts,neural_tts_commercial,train
edgetts_1088,/kaggle/working/data/processed/fake/edgetts/edgetts_1088.wav,fake,edgetts,neural_tts_commercial,train
edgetts_1089,/kaggle/working/data/processed/fake/edgetts/edgetts_1089.wav,fake,edgetts,neural_tts_commercial,train
edgetts_1090,/kaggle/working/data/processed/fake/edgetts/edgetts_1090.wav,fake,edgetts,neural_tts_commercial,train
edgetts_1091,/kaggle/working/data/processed/fake/edgetts/edgetts_1091.wav,fake,edgetts,neural_tts_commercial,train
edgetts_1092,/kaggle/working/data/processed/fake/edgetts/edgetts_1092.wav,fake,edgetts,neural_tts_commercial,train
edgetts_1093,/kaggle/working/data/processed/fake/edgetts/edgetts_1093.wav,fake,edgetts,neural_tts_commercial,train
edgetts_1094,/kaggle/working/data/processed/fake/edgetts/edgetts_1094.wav,fake,edgetts,neural_tts_commercial,test_seen
edgetts_1095,/kaggle/working/data/processed/fake/edgetts/edgetts_1095.wav,fake,edgetts,neural_tts_commercial,train
edgetts_1096,/kaggle/working/data/processed/fake/edgetts/edgetts_1096.wav,fake,edgetts,neural_tts_commercial,train
edgetts_1097,/kaggle/working/data/processed/fake/edgetts/edgetts_1097.wav,fake,edgetts,neural_tts_commercial,train
edgetts_1098,/kaggle/working/data/processed/fake/edgetts/edgetts_1098.wav,fake,edgetts,neural_tts_commercial,train
edgetts_1099,/kaggle/working/data/processed/fake/edgetts/edgetts_1099.wav,fake,edgetts,neural_tts_commercial,train
edgetts_1100,/kaggle/working/data/processed/fake/edgetts/edgetts_1100.wav,fake,edgetts,neural_tts_commercial,test_seen
edgetts_1101,/kaggle/working/data/processed/fake/edgetts/edgetts_1101.wav,fake,edgetts,neural_tts_commercial,test_seen
edgetts_1102,/kaggle/working/data/processed/fake/edgetts/edgetts_1102.wav,fake,edgetts,neural_tts_commercial,train
edgetts_1103,/kaggle/working/data/processed/fake/edgetts/edgetts_1103.wav,fake,edgetts,neural_tts_commercial,train
edgetts_1104,/kaggle/working/data/processed/fake/edgetts/edgetts_1104.wav,fake,edgetts,neural_tts_commercial,train
edgetts_1105,/kaggle/working/data/processed/fake/edgetts/edgetts_1105.wav,fake,edgetts,neural_tts_commercial,test_seen
edgetts_1106,/kaggle/working/data/processed/fake/edgetts/edgetts_1106.wav,fake,edgetts,neural_tts_commercial,train
edgetts_1107,/kaggle/working/data/processed/fake/edgetts/edgetts_1107.wav,fake,edgetts,neural_tts_commercial,train
edgetts_1108,/kaggle/working/data/processed/fake/edgetts/edgetts_1108.wav,fake,edgetts,neural_tts_commercial,train
edgetts_1109,/kaggle/working/data/processed/fake/edgetts/edgetts_1109.wav,fake,edgetts,neural_tts_commercial,train
edgetts_1110,/kaggle/working/data/processed/fake/edgetts/edgetts_1110.wav,fake,edgetts,neural_tts_commercial,train
edgetts_1111,/kaggle/working/data/processed/fake/edgetts/edgetts_1111.wav,fake,edgetts,neural_tts_commercial,test_seen
edgetts_1112,/kaggle/working/data/processed/fake/edgetts/edgetts_1112.wav,fake,edgetts,neural_tts_commercial,train
edgetts_1113,/kaggle/working/data/processed/fake/edgetts/edgetts_1113.wav,fake,edgetts,neural_tts_commercial,train
edgetts_1114,/kaggle/working/data/processed/fake/edgetts/edgetts_1114.wav,fake,edgetts,neural_tts_commercial,train
edgetts_1115,/kaggle/working/data/processed/fake/edgetts/edgetts_1115.wav,fake,edgetts,neural_tts_commercial,train
edgetts_1116,/kaggle/working/data/processed/fake/edgetts/edgetts_1116.wav,fake,edgetts,neural_tts_commercial,train
edgetts_1117,/kaggle/working/data/processed/fake/edgetts/edgetts_1117.wav,fake,edgetts,neural_tts_commercial,test_seen
edgetts_1118,/kaggle/working/data/processed/fake/edgetts/edgetts_1118.wav,fake,edgetts,neural_tts_commercial,train
edgetts_1119,/kaggle/working/data/processed/fake/edgetts/edgetts_1119.wav,fake,edgetts,neural_tts_commercial,train
edgetts_1120,/kaggle/working/data/processed/fake/edgetts/edgetts_1120.wav,fake,edgetts,neural_tts_commercial,train
edgetts_1121,/kaggle/working/data/processed/fake/edgetts/edgetts_1121.wav,fake,edgetts,neural_tts_commercial,train
edgetts_1122,/kaggle/working/data/processed/fake/edgetts/edgetts_1122.wav,fake,edgetts,neural_tts_commercial,train
edgetts_1123,/kaggle/working/data/processed/fake/edgetts/edgetts_1123.wav,fake,edgetts,neural_tts_commercial,train
edgetts_1124,/kaggle/working/data/processed/fake/edgetts/edgetts_1124.wav,fake,edgetts,neural_tts_commercial,test_seen
edgetts_1125,/kaggle/working/data/processed/fake/edgetts/edgetts_1125.wav,fake,edgetts,neural_tts_commercial,train
edgetts_1126,/kaggle/working/data/processed/fake/edgetts/edgetts_1126.wav,fake,edgetts,neural_tts_commercial,test_seen
edgetts_1127,/kaggle/working/data/processed/fake/edgetts/edgetts_1127.wav,fake,edgetts,neural_tts_commercial,test_seen
edgetts_1128,/kaggle/working/data/processed/fake/edgetts/edgetts_1128.wav,fake,edgetts,neural_tts_commercial,train
edgetts_1129,/kaggle/working/data/processed/fake/edgetts/edgetts_1129.wav,fake,edgetts,neural_tts_commercial,train
edgetts_1130,/kaggle/working/data/processed/fake/edgetts/edgetts_1130.wav,fake,edgetts,neural_tts_commercial,train
edgetts_1131,/kaggle/working/data/processed/fake/edgetts/edgetts_1131.wav,fake,edgetts,neural_tts_commercial,test_seen
edgetts_1132,/kaggle/working/data/processed/fake/edgetts/edgetts_1132.wav,fake,edgetts,neural_tts_commercial,train
edgetts_1133,/kaggle/working/data/processed/fake/edgetts/edgetts_1133.wav,fake,edgetts,neural_tts_commercial,train
edgetts_1134,/kaggle/working/data/processed/fake/edgetts/edgetts_1134.wav,fake,edgetts,neural_tts_commercial,train
edgetts_1135,/kaggle/working/data/processed/fake/edgetts/edgetts_1135.wav,fake,edgetts,neural_tts_commercial,train
edgetts_1136,/kaggle/working/data/processed/fake/edgetts/edgetts_1136.wav,fake,edgetts,neural_tts_commercial,test_seen
edgetts_1137,/kaggle/working/data/processed/fake/edgetts/edgetts_1137.wav,fake,edgetts,neural_tts_commercial,train
edgetts_1138,/kaggle/working/data/processed/fake/edgetts/edgetts_1138.wav,fake,edgetts,neural_tts_commercial,train
edgetts_1139,/kaggle/working/data/processed/fake/edgetts/edgetts_1139.wav,fake,edgetts,neural_tts_commercial,train
edgetts_1140,/kaggle/working/data/processed/fake/edgetts/edgetts_1140.wav,fake,edgetts,neural_tts_commercial,train
edgetts_1141,/kaggle/working/data/processed/fake/edgetts/edgetts_1141.wav,fake,edgetts,neural_tts_commercial,train
edgetts_1142,/kaggle/working/data/processed/fake/edgetts/edgetts_1142.wav,fake,edgetts,neural_tts_commercial,train
edgetts_1143,/kaggle/working/data/processed/fake/edgetts/edgetts_1143.wav,fake,edgetts,neural_tts_commercial,test_seen
edgetts_1144,/kaggle/working/data/processed/fake/edgetts/edgetts_1144.wav,fake,edgetts,neural_tts_commercial,train
edgetts_1145,/kaggle/working/data/processed/fake/edgetts/edgetts_1145.wav,fake,edgetts,neural_tts_commercial,train
edgetts_1146,/kaggle/working/data/processed/fake/edgetts/edgetts_1146.wav,fake,edgetts,neural_tts_commercial,train
edgetts_1147,/kaggle/working/data/processed/fake/edgetts/edgetts_1147.wav,fake,edgetts,neural_tts_commercial,train
edgetts_1148,/kaggle/working/data/processed/fake/edgetts/edgetts_1148.wav,fake,edgetts,neural_tts_commercial,train
edgetts_1149,/kaggle/working/data/processed/fake/edgetts/edgetts_1149.wav,fake,edgetts,neural_tts_commercial,train
edgetts_1150,/kaggle/working/data/processed/fake/edgetts/edgetts_1150.wav,fake,edgetts,neural_tts_commercial,train
edgetts_1151,/kaggle/working/data/processed/fake/edgetts/edgetts_1151.wav,fake,edgetts,neural_tts_commercial,train
edgetts_1152,/kaggle/working/data/processed/fake/edgetts/edgetts_1152.wav,fake,edgetts,neural_tts_commercial,test_seen
edgetts_1153,/kaggle/working/data/processed/fake/edgetts/edgetts_1153.wav,fake,edgetts,neural_tts_commercial,train
edgetts_1154,/kaggle/working/data/processed/fake/edgetts/edgetts_1154.wav,fake,edgetts,neural_tts_commercial,train
edgetts_1155,/kaggle/working/data/processed/fake/edgetts/edgetts_1155.wav,fake,edgetts,neural_tts_commercial,train
edgetts_1156,/kaggle/working/data/processed/fake/edgetts/edgetts_1156.wav,fake,edgetts,neural_tts_commercial,train
edgetts_1157,/kaggle/working/data/processed/fake/edgetts/edgetts_1157.wav,fake,edgetts,neural_tts_commercial,train
edgetts_1158,/kaggle/working/data/processed/fake/edgetts/edgetts_1158.wav,fake,edgetts,neural_tts_commercial,train
edgetts_1159,/kaggle/working/data/processed/fake/edgetts/edgetts_1159.wav,fake,edgetts,neural_tts_commercial,train
edgetts_1160,/kaggle/working/data/processed/fake/edgetts/edgetts_1160.wav,fake,edgetts,neural_tts_commercial,train
edgetts_1161,/kaggle/working/data/processed/fake/edgetts/edgetts_1161.wav,fake,edgetts,neural_tts_commercial,test_seen
edgetts_1162,/kaggle/working/data/processed/fake/edgetts/edgetts_1162.wav,fake,edgetts,neural_tts_commercial,train
edgetts_1163,/kaggle/working/data/processed/fake/edgetts/edgetts_1163.wav,fake,edgetts,neural_tts_commercial,test_seen
edgetts_1164,/kaggle/working/data/processed/fake/edgetts/edgetts_1164.wav,fake,edgetts,neural_tts_commercial,train
edgetts_1165,/kaggle/working/data/processed/fake/edgetts/edgetts_1165.wav,fake,edgetts,neural_tts_commercial,train
edgetts_1166,/kaggle/working/data/processed/fake/edgetts/edgetts_1166.wav,fake,edgetts,neural_tts_commercial,train
edgetts_1167,/kaggle/working/data/processed/fake/edgetts/edgetts_1167.wav,fake,edgetts,neural_tts_commercial,train
edgetts_1168,/kaggle/working/data/processed/fake/edgetts/edgetts_1168.wav,fake,edgetts,neural_tts_commercial,test_seen
edgetts_1169,/kaggle/working/data/processed/fake/edgetts/edgetts_1169.wav,fake,edgetts,neural_tts_commercial,train
edgetts_1170,/kaggle/working/data/processed/fake/edgetts/edgetts_1170.wav,fake,edgetts,neural_tts_commercial,train
edgetts_1171,/kaggle/working/data/processed/fake/edgetts/edgetts_1171.wav,fake,edgetts,neural_tts_commercial,train
edgetts_1172,/kaggle/working/data/processed/fake/edgetts/edgetts_1172.wav,fake,edgetts,neural_tts_commercial,train
edgetts_1173,/kaggle/working/data/processed/fake/edgetts/edgetts_1173.wav,fake,edgetts,neural_tts_commercial,train
edgetts_1174,/kaggle/working/data/processed/fake/edgetts/edgetts_1174.wav,fake,edgetts,neural_tts_commercial,train
edgetts_1175,/kaggle/working/data/processed/fake/edgetts/edgetts_1175.wav,fake,edgetts,neural_tts_commercial,train
edgetts_1176,/kaggle/working/data/processed/fake/edgetts/edgetts_1176.wav,fake,edgetts,neural_tts_commercial,train
edgetts_1177,/kaggle/working/data/processed/fake/edgetts/edgetts_1177.wav,fake,edgetts,neural_tts_commercial,train
edgetts_1178,/kaggle/working/data/processed/fake/edgetts/edgetts_1178.wav,fake,edgetts,neural_tts_commercial,train
edgetts_1179,/kaggle/working/data/processed/fake/edgetts/edgetts_1179.wav,fake,edgetts,neural_tts_commercial,train
edgetts_1180,/kaggle/working/data/processed/fake/edgetts/edgetts_1180.wav,fake,edgetts,neural_tts_commercial,train
edgetts_1181,/kaggle/working/data/processed/fake/edgetts/edgetts_1181.wav,fake,edgetts,neural_tts_commercial,train
edgetts_1182,/kaggle/working/data/processed/fake/edgetts/edgetts_1182.wav,fake,edgetts,neural_tts_commercial,train
edgetts_1183,/kaggle/working/data/processed/fake/edgetts/edgetts_1183.wav,fake,edgetts,neural_tts_commercial,train
edgetts_1184,/kaggle/working/data/processed/fake/edgetts/edgetts_1184.wav,fake,edgetts,neural_tts_commercial,train
edgetts_1185,/kaggle/working/data/processed/fake/edgetts/edgetts_1185.wav,fake,edgetts,neural_tts_commercial,test_seen
edgetts_1186,/kaggle/working/data/processed/fake/edgetts/edgetts_1186.wav,fake,edgetts,neural_tts_commercial,test_seen
edgetts_1187,/kaggle/working/data/processed/fake/edgetts/edgetts_1187.wav,fake,edgetts,neural_tts_commercial,train
edgetts_1188,/kaggle/working/data/processed/fake/edgetts/edgetts_1188.wav,fake,edgetts,neural_tts_commercial,test_seen
edgetts_1189,/kaggle/working/data/processed/fake/edgetts/edgetts_1189.wav,fake,edgetts,neural_tts_commercial,train
edgetts_1190,/kaggle/working/data/processed/fake/edgetts/edgetts_1190.wav,fake,edgetts,neural_tts_commercial,train
edgetts_1191,/kaggle/working/data/processed/fake/edgetts/edgetts_1191.wav,fake,edgetts,neural_tts_commercial,test_seen
edgetts_1192,/kaggle/working/data/processed/fake/edgetts/edgetts_1192.wav,fake,edgetts,neural_tts_commercial,train
edgetts_1193,/kaggle/working/data/processed/fake/edgetts/edgetts_1193.wav,fake,edgetts,neural_tts_commercial,test_seen
edgetts_1194,/kaggle/working/data/processed/fake/edgetts/edgetts_1194.wav,fake,edgetts,neural_tts_commercial,train
edgetts_1195,/kaggle/working/data/processed/fake/edgetts/edgetts_1195.wav,fake,edgetts,neural_tts_commercial,test_seen
edgetts_1196,/kaggle/working/data/processed/fake/edgetts/edgetts_1196.wav,fake,edgetts,neural_tts_commercial,train
edgetts_1197,/kaggle/working/data/processed/fake/edgetts/edgetts_1197.wav,fake,edgetts,neural_tts_commercial,train
edgetts_1198,/kaggle/working/data/processed/fake/edgetts/edgetts_1198.wav,fake,edgetts,neural_tts_commercial,train
edgetts_1199,/kaggle/working/data/processed/fake/edgetts/edgetts_1199.wav,fake,edgetts,neural_tts_commercial,train
zaloai_0000,/kaggle/working/data/processed/fake/zaloai/zaloai_0000.wav,fake,zaloai,neural_tts_commercial,train
zaloai_0004,/kaggle/working/data/processed/fake/zaloai/zaloai_0004.wav,fake,zaloai,neural_tts_commercial,train
zaloai_0008,/kaggle/working/data/processed/fake/zaloai/zaloai_0008.wav,fake,zaloai,neural_tts_commercial,train
zaloai_0009,/kaggle/working/data/processed/fake/zaloai/zaloai_0009.wav,fake,zaloai,neural_tts_commercial,train
zaloai_0010,/kaggle/working/data/processed/fake/zaloai/zaloai_0010.wav,fake,zaloai,neural_tts_commercial,train
zaloai_0014,/kaggle/working/data/processed/fake/zaloai/zaloai_0014.wav,fake,zaloai,neural_tts_commercial,train
zaloai_0019,/kaggle/working/data/processed/fake/zaloai/zaloai_0019.wav,fake,zaloai,neural_tts_commercial,train
zaloai_0024,/kaggle/working/data/processed/fake/zaloai/zaloai_0024.wav,fake,zaloai,neural_tts_commercial,train
zaloai_0029,/kaggle/working/data/processed/fake/zaloai/zaloai_0029.wav,fake,zaloai,neural_tts_commercial,train
mmstts_0000,/kaggle/working/data/processed/fake/mmstts/mmstts_0000.wav,fake,mmstts,neural_tts,train
mmstts_0001,/kaggle/working/data/processed/fake/mmstts/mmstts_0001.wav,fake,mmstts,neural_tts,train
mmstts_0002,/kaggle/working/data/processed/fake/mmstts/mmstts_0002.wav,fake,mmstts,neural_tts,train
mmstts_0003,/kaggle/working/data/processed/fake/mmstts/mmstts_0003.wav,fake,mmstts,neural_tts,train
mmstts_0004,/kaggle/working/data/processed/fake/mmstts/mmstts_0004.wav,fake,mmstts,neural_tts,train
mmstts_0005,/kaggle/working/data/processed/fake/mmstts/mmstts_0005.wav,fake,mmstts,neural_tts,train
mmstts_0006,/kaggle/working/data/processed/fake/mmstts/mmstts_0006.wav,fake,mmstts,neural_tts,train
mmstts_0007,/kaggle/working/data/processed/fake/mmstts/mmstts_0007.wav,fake,mmstts,neural_tts,train
mmstts_0008,/kaggle/working/data/processed/fake/mmstts/mmstts_0008.wav,fake,mmstts,neural_tts,train
mmstts_0009,/kaggle/working/data/processed/fake/mmstts/mmstts_0009.wav,fake,mmstts,neural_tts,train
mmstts_0010,/kaggle/working/data/processed/fake/mmstts/mmstts_0010.wav,fake,mmstts,neural_tts,train
mmstts_0011,/kaggle/working/data/processed/fake/mmstts/mmstts_0011.wav,fake,mmstts,neural_tts,train
mmstts_0012,/kaggle/working/data/processed/fake/mmstts/mmstts_0012.wav,fake,mmstts,neural_tts,train
mmstts_0013,/kaggle/working/data/processed/fake/mmstts/mmstts_0013.wav,fake,mmstts,neural_tts,train
mmstts_0014,/kaggle/working/data/processed/fake/mmstts/mmstts_0014.wav,fake,mmstts,neural_tts,train
mmstts_0015,/kaggle/working/data/processed/fake/mmstts/mmstts_0015.wav,fake,mmstts,neural_tts,train
mmstts_0016,/kaggle/working/data/processed/fake/mmstts/mmstts_0016.wav,fake,mmstts,neural_tts,train
mmstts_0017,/kaggle/working/data/processed/fake/mmstts/mmstts_0017.wav,fake,mmstts,neural_tts,train
mmstts_0018,/kaggle/working/data/processed/fake/mmstts/mmstts_0018.wav,fake,mmstts,neural_tts,test_seen
mmstts_0019,/kaggle/working/data/processed/fake/mmstts/mmstts_0019.wav,fake,mmstts,neural_tts,train
mmstts_0020,/kaggle/working/data/processed/fake/mmstts/mmstts_0020.wav,fake,mmstts,neural_tts,train
mmstts_0021,/kaggle/working/data/processed/fake/mmstts/mmstts_0021.wav,fake,mmstts,neural_tts,train
mmstts_0022,/kaggle/working/data/processed/fake/mmstts/mmstts_0022.wav,fake,mmstts,neural_tts,train
mmstts_0023,/kaggle/working/data/processed/fake/mmstts/mmstts_0023.wav,fake,mmstts,neural_tts,test_seen
mmstts_0024,/kaggle/working/data/processed/fake/mmstts/mmstts_0024.wav,fake,mmstts,neural_tts,test_seen
mmstts_0025,/kaggle/working/data/processed/fake/mmstts/mmstts_0025.wav,fake,mmstts,neural_tts,test_seen
mmstts_0026,/kaggle/working/data/processed/fake/mmstts/mmstts_0026.wav,fake,mmstts,neural_tts,test_seen
mmstts_0027,/kaggle/working/data/processed/fake/mmstts/mmstts_0027.wav,fake,mmstts,neural_tts,train
mmstts_0028,/kaggle/working/data/processed/fake/mmstts/mmstts_0028.wav,fake,mmstts,neural_tts,train
mmstts_0029,/kaggle/working/data/processed/fake/mmstts/mmstts_0029.wav,fake,mmstts,neural_tts,train
mmstts_0030,/kaggle/working/data/processed/fake/mmstts/mmstts_0030.wav,fake,mmstts,neural_tts,train
mmstts_0031,/kaggle/working/data/processed/fake/mmstts/mmstts_0031.wav,fake,mmstts,neural_tts,train
mmstts_0032,/kaggle/working/data/processed/fake/mmstts/mmstts_0032.wav,fake,mmstts,neural_tts,train
mmstts_0033,/kaggle/working/data/processed/fake/mmstts/mmstts_0033.wav,fake,mmstts,neural_tts,train
mmstts_0034,/kaggle/working/data/processed/fake/mmstts/mmstts_0034.wav,fake,mmstts,neural_tts,train
mmstts_0035,/kaggle/working/data/processed/fake/mmstts/mmstts_0035.wav,fake,mmstts,neural_tts,test_seen
mmstts_0036,/kaggle/working/data/processed/fake/mmstts/mmstts_0036.wav,fake,mmstts,neural_tts,test_seen
mmstts_0037,/kaggle/working/data/processed/fake/mmstts/mmstts_0037.wav,fake,mmstts,neural_tts,train
mmstts_0038,/kaggle/working/data/processed/fake/mmstts/mmstts_0038.wav,fake,mmstts,neural_tts,train
mmstts_0039,/kaggle/working/data/processed/fake/mmstts/mmstts_0039.wav,fake,mmstts,neural_tts,train
mmstts_0040,/kaggle/working/data/processed/fake/mmstts/mmstts_0040.wav,fake,mmstts,neural_tts,test_seen
mmstts_0041,/kaggle/working/data/processed/fake/mmstts/mmstts_0041.wav,fake,mmstts,neural_tts,test_seen
mmstts_0042,/kaggle/working/data/processed/fake/mmstts/mmstts_0042.wav,fake,mmstts,neural_tts,train
mmstts_0043,/kaggle/working/data/processed/fake/mmstts/mmstts_0043.wav,fake,mmstts,neural_tts,train
mmstts_0044,/kaggle/working/data/processed/fake/mmstts/mmstts_0044.wav,fake,mmstts,neural_tts,train
mmstts_0045,/kaggle/working/data/processed/fake/mmstts/mmstts_0045.wav,fake,mmstts,neural_tts,test_seen
mmstts_0046,/kaggle/working/data/processed/fake/mmstts/mmstts_0046.wav,fake,mmstts,neural_tts,test_seen
mmstts_0047,/kaggle/working/data/processed/fake/mmstts/mmstts_0047.wav,fake,mmstts,neural_tts,train
mmstts_0048,/kaggle/working/data/processed/fake/mmstts/mmstts_0048.wav,fake,mmstts,neural_tts,train
mmstts_0049,/kaggle/working/data/processed/fake/mmstts/mmstts_0049.wav,fake,mmstts,neural_tts,train
mmstts_0050,/kaggle/working/data/processed/fake/mmstts/mmstts_0050.wav,fake,mmstts,neural_tts,train
mmstts_0051,/kaggle/working/data/processed/fake/mmstts/mmstts_0051.wav,fake,mmstts,neural_tts,train
mmstts_0052,/kaggle/working/data/processed/fake/mmstts/mmstts_0052.wav,fake,mmstts,neural_tts,train
mmstts_0053,/kaggle/working/data/processed/fake/mmstts/mmstts_0053.wav,fake,mmstts,neural_tts,train
mmstts_0054,/kaggle/working/data/processed/fake/mmstts/mmstts_0054.wav,fake,mmstts,neural_tts,train
mmstts_0055,/kaggle/working/data/processed/fake/mmstts/mmstts_0055.wav,fake,mmstts,neural_tts,train
mmstts_0056,/kaggle/working/data/processed/fake/mmstts/mmstts_0056.wav,fake,mmstts,neural_tts,train
mmstts_0057,/kaggle/working/data/processed/fake/mmstts/mmstts_0057.wav,fake,mmstts,neural_tts,train
mmstts_0058,/kaggle/working/data/processed/fake/mmstts/mmstts_0058.wav,fake,mmstts,neural_tts,train
mmstts_0059,/kaggle/working/data/processed/fake/mmstts/mmstts_0059.wav,fake,mmstts,neural_tts,train
mmstts_0060,/kaggle/working/data/processed/fake/mmstts/mmstts_0060.wav,fake,mmstts,neural_tts,train
mmstts_0061,/kaggle/working/data/processed/fake/mmstts/mmstts_0061.wav,fake,mmstts,neural_tts,train
mmstts_0062,/kaggle/working/data/processed/fake/mmstts/mmstts_0062.wav,fake,mmstts,neural_tts,train
mmstts_0063,/kaggle/working/data/processed/fake/mmstts/mmstts_0063.wav,fake,mmstts,neural_tts,train
mmstts_0064,/kaggle/working/data/processed/fake/mmstts/mmstts_0064.wav,fake,mmstts,neural_tts,train
mmstts_0065,/kaggle/working/data/processed/fake/mmstts/mmstts_0065.wav,fake,mmstts,neural_tts,train
mmstts_0066,/kaggle/working/data/processed/fake/mmstts/mmstts_0066.wav,fake,mmstts,neural_tts,train
mmstts_0067,/kaggle/working/data/processed/fake/mmstts/mmstts_0067.wav,fake,mmstts,neural_tts,train
mmstts_0068,/kaggle/working/data/processed/fake/mmstts/mmstts_0068.wav,fake,mmstts,neural_tts,train
mmstts_0069,/kaggle/working/data/processed/fake/mmstts/mmstts_0069.wav,fake,mmstts,neural_tts,train
mmstts_0070,/kaggle/working/data/processed/fake/mmstts/mmstts_0070.wav,fake,mmstts,neural_tts,test_seen
mmstts_0071,/kaggle/working/data/processed/fake/mmstts/mmstts_0071.wav,fake,mmstts,neural_tts,train
mmstts_0072,/kaggle/working/data/processed/fake/mmstts/mmstts_0072.wav,fake,mmstts,neural_tts,train
mmstts_0073,/kaggle/working/data/processed/fake/mmstts/mmstts_0073.wav,fake,mmstts,neural_tts,train
mmstts_0074,/kaggle/working/data/processed/fake/mmstts/mmstts_0074.wav,fake,mmstts,neural_tts,train
mmstts_0075,/kaggle/working/data/processed/fake/mmstts/mmstts_0075.wav,fake,mmstts,neural_tts,train
mmstts_0076,/kaggle/working/data/processed/fake/mmstts/mmstts_0076.wav,fake,mmstts,neural_tts,test_seen
mmstts_0077,/kaggle/working/data/processed/fake/mmstts/mmstts_0077.wav,fake,mmstts,neural_tts,train
mmstts_0078,/kaggle/working/data/processed/fake/mmstts/mmstts_0078.wav,fake,mmstts,neural_tts,train
mmstts_0079,/kaggle/working/data/processed/fake/mmstts/mmstts_0079.wav,fake,mmstts,neural_tts,train
mmstts_0080,/kaggle/working/data/processed/fake/mmstts/mmstts_0080.wav,fake,mmstts,neural_tts,test_seen
mmstts_0081,/kaggle/working/data/processed/fake/mmstts/mmstts_0081.wav,fake,mmstts,neural_tts,train
mmstts_0082,/kaggle/working/data/processed/fake/mmstts/mmstts_0082.wav,fake,mmstts,neural_tts,test_seen
mmstts_0083,/kaggle/working/data/processed/fake/mmstts/mmstts_0083.wav,fake,mmstts,neural_tts,test_seen
mmstts_0084,/kaggle/working/data/processed/fake/mmstts/mmstts_0084.wav,fake,mmstts,neural_tts,train
mmstts_0085,/kaggle/working/data/processed/fake/mmstts/mmstts_0085.wav,fake,mmstts,neural_tts,train
mmstts_0086,/kaggle/working/data/processed/fake/mmstts/mmstts_0086.wav,fake,mmstts,neural_tts,train
mmstts_0087,/kaggle/working/data/processed/fake/mmstts/mmstts_0087.wav,fake,mmstts,neural_tts,train
mmstts_0088,/kaggle/working/data/processed/fake/mmstts/mmstts_0088.wav,fake,mmstts,neural_tts,train
mmstts_0089,/kaggle/working/data/processed/fake/mmstts/mmstts_0089.wav,fake,mmstts,neural_tts,train
mmstts_0090,/kaggle/working/data/processed/fake/mmstts/mmstts_0090.wav,fake,mmstts,neural_tts,train
mmstts_0091,/kaggle/working/data/processed/fake/mmstts/mmstts_0091.wav,fake,mmstts,neural_tts,train
mmstts_0092,/kaggle/working/data/processed/fake/mmstts/mmstts_0092.wav,fake,mmstts,neural_tts,train
mmstts_0093,/kaggle/working/data/processed/fake/mmstts/mmstts_0093.wav,fake,mmstts,neural_tts,test_seen
mmstts_0094,/kaggle/working/data/processed/fake/mmstts/mmstts_0094.wav,fake,mmstts,neural_tts,train
mmstts_0095,/kaggle/working/data/processed/fake/mmstts/mmstts_0095.wav,fake,mmstts,neural_tts,test_seen
mmstts_0096,/kaggle/working/data/processed/fake/mmstts/mmstts_0096.wav,fake,mmstts,neural_tts,train
mmstts_0097,/kaggle/working/data/processed/fake/mmstts/mmstts_0097.wav,fake,mmstts,neural_tts,train
mmstts_0098,/kaggle/working/data/processed/fake/mmstts/mmstts_0098.wav,fake,mmstts,neural_tts,train
mmstts_0099,/kaggle/working/data/processed/fake/mmstts/mmstts_0099.wav,fake,mmstts,neural_tts,train
mmstts_0100,/kaggle/working/data/processed/fake/mmstts/mmstts_0100.wav,fake,mmstts,neural_tts,train
mmstts_0101,/kaggle/working/data/processed/fake/mmstts/mmstts_0101.wav,fake,mmstts,neural_tts,train
mmstts_0102,/kaggle/working/data/processed/fake/mmstts/mmstts_0102.wav,fake,mmstts,neural_tts,test_seen
mmstts_0103,/kaggle/working/data/processed/fake/mmstts/mmstts_0103.wav,fake,mmstts,neural_tts,train
mmstts_0104,/kaggle/working/data/processed/fake/mmstts/mmstts_0104.wav,fake,mmstts,neural_tts,train
mmstts_0105,/kaggle/working/data/processed/fake/mmstts/mmstts_0105.wav,fake,mmstts,neural_tts,train
mmstts_0106,/kaggle/working/data/processed/fake/mmstts/mmstts_0106.wav,fake,mmstts,neural_tts,train
mmstts_0107,/kaggle/working/data/processed/fake/mmstts/mmstts_0107.wav,fake,mmstts,neural_tts,train
mmstts_0108,/kaggle/working/data/processed/fake/mmstts/mmstts_0108.wav,fake,mmstts,neural_tts,train
mmstts_0109,/kaggle/working/data/processed/fake/mmstts/mmstts_0109.wav,fake,mmstts,neural_tts,test_seen
mmstts_0110,/kaggle/working/data/processed/fake/mmstts/mmstts_0110.wav,fake,mmstts,neural_tts,train
mmstts_0111,/kaggle/working/data/processed/fake/mmstts/mmstts_0111.wav,fake,mmstts,neural_tts,test_seen
mmstts_0112,/kaggle/working/data/processed/fake/mmstts/mmstts_0112.wav,fake,mmstts,neural_tts,test_seen
mmstts_0113,/kaggle/working/data/processed/fake/mmstts/mmstts_0113.wav,fake,mmstts,neural_tts,train
mmstts_0114,/kaggle/working/data/processed/fake/mmstts/mmstts_0114.wav,fake,mmstts,neural_tts,test_seen
mmstts_0115,/kaggle/working/data/processed/fake/mmstts/mmstts_0115.wav,fake,mmstts,neural_tts,test_seen
mmstts_0116,/kaggle/working/data/processed/fake/mmstts/mmstts_0116.wav,fake,mmstts,neural_tts,train
mmstts_0117,/kaggle/working/data/processed/fake/mmstts/mmstts_0117.wav,fake,mmstts,neural_tts,train
mmstts_0118,/kaggle/working/data/processed/fake/mmstts/mmstts_0118.wav,fake,mmstts,neural_tts,train
mmstts_0119,/kaggle/working/data/processed/fake/mmstts/mmstts_0119.wav,fake,mmstts,neural_tts,train
mmstts_0120,/kaggle/working/data/processed/fake/mmstts/mmstts_0120.wav,fake,mmstts,neural_tts,train
mmstts_0121,/kaggle/working/data/processed/fake/mmstts/mmstts_0121.wav,fake,mmstts,neural_tts,train
mmstts_0122,/kaggle/working/data/processed/fake/mmstts/mmstts_0122.wav,fake,mmstts,neural_tts,train
mmstts_0123,/kaggle/working/data/processed/fake/mmstts/mmstts_0123.wav,fake,mmstts,neural_tts,test_seen
mmstts_0124,/kaggle/working/data/processed/fake/mmstts/mmstts_0124.wav,fake,mmstts,neural_tts,train
mmstts_0125,/kaggle/working/data/processed/fake/mmstts/mmstts_0125.wav,fake,mmstts,neural_tts,train
mmstts_0126,/kaggle/working/data/processed/fake/mmstts/mmstts_0126.wav,fake,mmstts,neural_tts,train
mmstts_0127,/kaggle/working/data/processed/fake/mmstts/mmstts_0127.wav,fake,mmstts,neural_tts,train
mmstts_0128,/kaggle/working/data/processed/fake/mmstts/mmstts_0128.wav,fake,mmstts,neural_tts,test_seen
mmstts_0129,/kaggle/working/data/processed/fake/mmstts/mmstts_0129.wav,fake,mmstts,neural_tts,train
mmstts_0130,/kaggle/working/data/processed/fake/mmstts/mmstts_0130.wav,fake,mmstts,neural_tts,test_seen
mmstts_0131,/kaggle/working/data/processed/fake/mmstts/mmstts_0131.wav,fake,mmstts,neural_tts,train
mmstts_0132,/kaggle/working/data/processed/fake/mmstts/mmstts_0132.wav,fake,mmstts,neural_tts,train
mmstts_0133,/kaggle/working/data/processed/fake/mmstts/mmstts_0133.wav,fake,mmstts,neural_tts,train
mmstts_0134,/kaggle/working/data/processed/fake/mmstts/mmstts_0134.wav,fake,mmstts,neural_tts,train
mmstts_0135,/kaggle/working/data/processed/fake/mmstts/mmstts_0135.wav,fake,mmstts,neural_tts,test_seen
mmstts_0136,/kaggle/working/data/processed/fake/mmstts/mmstts_0136.wav,fake,mmstts,neural_tts,train
mmstts_0137,/kaggle/working/data/processed/fake/mmstts/mmstts_0137.wav,fake,mmstts,neural_tts,test_seen
mmstts_0138,/kaggle/working/data/processed/fake/mmstts/mmstts_0138.wav,fake,mmstts,neural_tts,train
mmstts_0139,/kaggle/working/data/processed/fake/mmstts/mmstts_0139.wav,fake,mmstts,neural_tts,train
mmstts_0140,/kaggle/working/data/processed/fake/mmstts/mmstts_0140.wav,fake,mmstts,neural_tts,train
mmstts_0141,/kaggle/working/data/processed/fake/mmstts/mmstts_0141.wav,fake,mmstts,neural_tts,train
mmstts_0142,/kaggle/working/data/processed/fake/mmstts/mmstts_0142.wav,fake,mmstts,neural_tts,train
mmstts_0143,/kaggle/working/data/processed/fake/mmstts/mmstts_0143.wav,fake,mmstts,neural_tts,train
mmstts_0144,/kaggle/working/data/processed/fake/mmstts/mmstts_0144.wav,fake,mmstts,neural_tts,train
mmstts_0145,/kaggle/working/data/processed/fake/mmstts/mmstts_0145.wav,fake,mmstts,neural_tts,train
mmstts_0146,/kaggle/working/data/processed/fake/mmstts/mmstts_0146.wav,fake,mmstts,neural_tts,train
mmstts_0147,/kaggle/working/data/processed/fake/mmstts/mmstts_0147.wav,fake,mmstts,neural_tts,test_seen
mmstts_0148,/kaggle/working/data/processed/fake/mmstts/mmstts_0148.wav,fake,mmstts,neural_tts,test_seen
mmstts_0149,/kaggle/working/data/processed/fake/mmstts/mmstts_0149.wav,fake,mmstts,neural_tts,test_seen
mmstts_0150,/kaggle/working/data/processed/fake/mmstts/mmstts_0150.wav,fake,mmstts,neural_tts,test_seen
mmstts_0151,/kaggle/working/data/processed/fake/mmstts/mmstts_0151.wav,fake,mmstts,neural_tts,train
mmstts_0152,/kaggle/working/data/processed/fake/mmstts/mmstts_0152.wav,fake,mmstts,neural_tts,train
mmstts_0153,/kaggle/working/data/processed/fake/mmstts/mmstts_0153.wav,fake,mmstts,neural_tts,train
mmstts_0154,/kaggle/working/data/processed/fake/mmstts/mmstts_0154.wav,fake,mmstts,neural_tts,train
mmstts_0155,/kaggle/working/data/processed/fake/mmstts/mmstts_0155.wav,fake,mmstts,neural_tts,train
mmstts_0156,/kaggle/working/data/processed/fake/mmstts/mmstts_0156.wav,fake,mmstts,neural_tts,test_seen
mmstts_0157,/kaggle/working/data/processed/fake/mmstts/mmstts_0157.wav,fake,mmstts,neural_tts,train
mmstts_0158,/kaggle/working/data/processed/fake/mmstts/mmstts_0158.wav,fake,mmstts,neural_tts,train
mmstts_0159,/kaggle/working/data/processed/fake/mmstts/mmstts_0159.wav,fake,mmstts,neural_tts,test_seen
mmstts_0160,/kaggle/working/data/processed/fake/mmstts/mmstts_0160.wav,fake,mmstts,neural_tts,test_seen
mmstts_0161,/kaggle/working/data/processed/fake/mmstts/mmstts_0161.wav,fake,mmstts,neural_tts,train
mmstts_0162,/kaggle/working/data/processed/fake/mmstts/mmstts_0162.wav,fake,mmstts,neural_tts,train
mmstts_0163,/kaggle/working/data/processed/fake/mmstts/mmstts_0163.wav,fake,mmstts,neural_tts,test_seen
mmstts_0164,/kaggle/working/data/processed/fake/mmstts/mmstts_0164.wav,fake,mmstts,neural_tts,train
mmstts_0165,/kaggle/working/data/processed/fake/mmstts/mmstts_0165.wav,fake,mmstts,neural_tts,train
mmstts_0166,/kaggle/working/data/processed/fake/mmstts/mmstts_0166.wav,fake,mmstts,neural_tts,train
mmstts_0167,/kaggle/working/data/processed/fake/mmstts/mmstts_0167.wav,fake,mmstts,neural_tts,train
mmstts_0168,/kaggle/working/data/processed/fake/mmstts/mmstts_0168.wav,fake,mmstts,neural_tts,train
mmstts_0169,/kaggle/working/data/processed/fake/mmstts/mmstts_0169.wav,fake,mmstts,neural_tts,train
mmstts_0170,/kaggle/working/data/processed/fake/mmstts/mmstts_0170.wav,fake,mmstts,neural_tts,train
mmstts_0171,/kaggle/working/data/processed/fake/mmstts/mmstts_0171.wav,fake,mmstts,neural_tts,train
mmstts_0172,/kaggle/working/data/processed/fake/mmstts/mmstts_0172.wav,fake,mmstts,neural_tts,train
mmstts_0173,/kaggle/working/data/processed/fake/mmstts/mmstts_0173.wav,fake,mmstts,neural_tts,train
mmstts_0174,/kaggle/working/data/processed/fake/mmstts/mmstts_0174.wav,fake,mmstts,neural_tts,train
mmstts_0175,/kaggle/working/data/processed/fake/mmstts/mmstts_0175.wav,fake,mmstts,neural_tts,train
mmstts_0176,/kaggle/working/data/processed/fake/mmstts/mmstts_0176.wav,fake,mmstts,neural_tts,train
mmstts_0177,/kaggle/working/data/processed/fake/mmstts/mmstts_0177.wav,fake,mmstts,neural_tts,train
mmstts_0178,/kaggle/working/data/processed/fake/mmstts/mmstts_0178.wav,fake,mmstts,neural_tts,train
mmstts_0179,/kaggle/working/data/processed/fake/mmstts/mmstts_0179.wav,fake,mmstts,neural_tts,train
mmstts_0180,/kaggle/working/data/processed/fake/mmstts/mmstts_0180.wav,fake,mmstts,neural_tts,train
mmstts_0181,/kaggle/working/data/processed/fake/mmstts/mmstts_0181.wav,fake,mmstts,neural_tts,train
mmstts_0182,/kaggle/working/data/processed/fake/mmstts/mmstts_0182.wav,fake,mmstts,neural_tts,train
mmstts_0183,/kaggle/working/data/processed/fake/mmstts/mmstts_0183.wav,fake,mmstts,neural_tts,train
mmstts_0184,/kaggle/working/data/processed/fake/mmstts/mmstts_0184.wav,fake,mmstts,neural_tts,train
mmstts_0185,/kaggle/working/data/processed/fake/mmstts/mmstts_0185.wav,fake,mmstts,neural_tts,train
mmstts_0186,/kaggle/working/data/processed/fake/mmstts/mmstts_0186.wav,fake,mmstts,neural_tts,train
mmstts_0187,/kaggle/working/data/processed/fake/mmstts/mmstts_0187.wav,fake,mmstts,neural_tts,train
mmstts_0188,/kaggle/working/data/processed/fake/mmstts/mmstts_0188.wav,fake,mmstts,neural_tts,train
mmstts_0189,/kaggle/working/data/processed/fake/mmstts/mmstts_0189.wav,fake,mmstts,neural_tts,test_seen
mmstts_0190,/kaggle/working/data/processed/fake/mmstts/mmstts_0190.wav,fake,mmstts,neural_tts,train
mmstts_0191,/kaggle/working/data/processed/fake/mmstts/mmstts_0191.wav,fake,mmstts,neural_tts,train
mmstts_0192,/kaggle/working/data/processed/fake/mmstts/mmstts_0192.wav,fake,mmstts,neural_tts,train
mmstts_0193,/kaggle/working/data/processed/fake/mmstts/mmstts_0193.wav,fake,mmstts,neural_tts,train
mmstts_0194,/kaggle/working/data/processed/fake/mmstts/mmstts_0194.wav,fake,mmstts,neural_tts,train
mmstts_0195,/kaggle/working/data/processed/fake/mmstts/mmstts_0195.wav,fake,mmstts,neural_tts,test_seen
mmstts_0196,/kaggle/working/data/processed/fake/mmstts/mmstts_0196.wav,fake,mmstts,neural_tts,train
mmstts_0197,/kaggle/working/data/processed/fake/mmstts/mmstts_0197.wav,fake,mmstts,neural_tts,train
mmstts_0198,/kaggle/working/data/processed/fake/mmstts/mmstts_0198.wav,fake,mmstts,neural_tts,train
mmstts_0199,/kaggle/working/data/processed/fake/mmstts/mmstts_0199.wav,fake,mmstts,neural_tts,train
mmstts_0200,/kaggle/working/data/processed/fake/mmstts/mmstts_0200.wav,fake,mmstts,neural_tts,train
mmstts_0201,/kaggle/working/data/processed/fake/mmstts/mmstts_0201.wav,fake,mmstts,neural_tts,train
mmstts_0202,/kaggle/working/data/processed/fake/mmstts/mmstts_0202.wav,fake,mmstts,neural_tts,train
mmstts_0203,/kaggle/working/data/processed/fake/mmstts/mmstts_0203.wav,fake,mmstts,neural_tts,test_seen
mmstts_0204,/kaggle/working/data/processed/fake/mmstts/mmstts_0204.wav,fake,mmstts,neural_tts,test_seen
mmstts_0205,/kaggle/working/data/processed/fake/mmstts/mmstts_0205.wav,fake,mmstts,neural_tts,train
mmstts_0206,/kaggle/working/data/processed/fake/mmstts/mmstts_0206.wav,fake,mmstts,neural_tts,train
mmstts_0207,/kaggle/working/data/processed/fake/mmstts/mmstts_0207.wav,fake,mmstts,neural_tts,test_seen
mmstts_0208,/kaggle/working/data/processed/fake/mmstts/mmstts_0208.wav,fake,mmstts,neural_tts,test_seen
mmstts_0209,/kaggle/working/data/processed/fake/mmstts/mmstts_0209.wav,fake,mmstts,neural_tts,train
mmstts_0210,/kaggle/working/data/processed/fake/mmstts/mmstts_0210.wav,fake,mmstts,neural_tts,train
mmstts_0211,/kaggle/working/data/processed/fake/mmstts/mmstts_0211.wav,fake,mmstts,neural_tts,train
mmstts_0212,/kaggle/working/data/processed/fake/mmstts/mmstts_0212.wav,fake,mmstts,neural_tts,train
mmstts_0213,/kaggle/working/data/processed/fake/mmstts/mmstts_0213.wav,fake,mmstts,neural_tts,train
mmstts_0214,/kaggle/working/data/processed/fake/mmstts/mmstts_0214.wav,fake,mmstts,neural_tts,train
mmstts_0215,/kaggle/working/data/processed/fake/mmstts/mmstts_0215.wav,fake,mmstts,neural_tts,train
mmstts_0216,/kaggle/working/data/processed/fake/mmstts/mmstts_0216.wav,fake,mmstts,neural_tts,test_seen
mmstts_0217,/kaggle/working/data/processed/fake/mmstts/mmstts_0217.wav,fake,mmstts,neural_tts,train
mmstts_0218,/kaggle/working/data/processed/fake/mmstts/mmstts_0218.wav,fake,mmstts,neural_tts,train
mmstts_0219,/kaggle/working/data/processed/fake/mmstts/mmstts_0219.wav,fake,mmstts,neural_tts,train
mmstts_0220,/kaggle/working/data/processed/fake/mmstts/mmstts_0220.wav,fake,mmstts,neural_tts,train
mmstts_0221,/kaggle/working/data/processed/fake/mmstts/mmstts_0221.wav,fake,mmstts,neural_tts,train
mmstts_0222,/kaggle/working/data/processed/fake/mmstts/mmstts_0222.wav,fake,mmstts,neural_tts,train
mmstts_0223,/kaggle/working/data/processed/fake/mmstts/mmstts_0223.wav,fake,mmstts,neural_tts,train
mmstts_0224,/kaggle/working/data/processed/fake/mmstts/mmstts_0224.wav,fake,mmstts,neural_tts,train
mmstts_0225,/kaggle/working/data/processed/fake/mmstts/mmstts_0225.wav,fake,mmstts,neural_tts,train
mmstts_0226,/kaggle/working/data/processed/fake/mmstts/mmstts_0226.wav,fake,mmstts,neural_tts,test_seen
mmstts_0227,/kaggle/working/data/processed/fake/mmstts/mmstts_0227.wav,fake,mmstts,neural_tts,train
mmstts_0228,/kaggle/working/data/processed/fake/mmstts/mmstts_0228.wav,fake,mmstts,neural_tts,train
mmstts_0229,/kaggle/working/data/processed/fake/mmstts/mmstts_0229.wav,fake,mmstts,neural_tts,train
mmstts_0230,/kaggle/working/data/processed/fake/mmstts/mmstts_0230.wav,fake,mmstts,neural_tts,train
mmstts_0231,/kaggle/working/data/processed/fake/mmstts/mmstts_0231.wav,fake,mmstts,neural_tts,test_seen
mmstts_0232,/kaggle/working/data/processed/fake/mmstts/mmstts_0232.wav,fake,mmstts,neural_tts,train
mmstts_0233,/kaggle/working/data/processed/fake/mmstts/mmstts_0233.wav,fake,mmstts,neural_tts,train
mmstts_0234,/kaggle/working/data/processed/fake/mmstts/mmstts_0234.wav,fake,mmstts,neural_tts,train
mmstts_0235,/kaggle/working/data/processed/fake/mmstts/mmstts_0235.wav,fake,mmstts,neural_tts,train
mmstts_0236,/kaggle/working/data/processed/fake/mmstts/mmstts_0236.wav,fake,mmstts,neural_tts,train
mmstts_0237,/kaggle/working/data/processed/fake/mmstts/mmstts_0237.wav,fake,mmstts,neural_tts,train
mmstts_0238,/kaggle/working/data/processed/fake/mmstts/mmstts_0238.wav,fake,mmstts,neural_tts,train
mmstts_0239,/kaggle/working/data/processed/fake/mmstts/mmstts_0239.wav,fake,mmstts,neural_tts,train
mmstts_0240,/kaggle/working/data/processed/fake/mmstts/mmstts_0240.wav,fake,mmstts,neural_tts,train
mmstts_0241,/kaggle/working/data/processed/fake/mmstts/mmstts_0241.wav,fake,mmstts,neural_tts,train
mmstts_0242,/kaggle/working/data/processed/fake/mmstts/mmstts_0242.wav,fake,mmstts,neural_tts,train
mmstts_0243,/kaggle/working/data/processed/fake/mmstts/mmstts_0243.wav,fake,mmstts,neural_tts,test_seen
mmstts_0244,/kaggle/working/data/processed/fake/mmstts/mmstts_0244.wav,fake,mmstts,neural_tts,train
mmstts_0245,/kaggle/working/data/processed/fake/mmstts/mmstts_0245.wav,fake,mmstts,neural_tts,train
mmstts_0246,/kaggle/working/data/processed/fake/mmstts/mmstts_0246.wav,fake,mmstts,neural_tts,train
mmstts_0247,/kaggle/working/data/processed/fake/mmstts/mmstts_0247.wav,fake,mmstts,neural_tts,train
mmstts_0248,/kaggle/working/data/processed/fake/mmstts/mmstts_0248.wav,fake,mmstts,neural_tts,train
mmstts_0249,/kaggle/working/data/processed/fake/mmstts/mmstts_0249.wav,fake,mmstts,neural_tts,train
mmstts_0250,/kaggle/working/data/processed/fake/mmstts/mmstts_0250.wav,fake,mmstts,neural_tts,train
mmstts_0251,/kaggle/working/data/processed/fake/mmstts/mmstts_0251.wav,fake,mmstts,neural_tts,test_seen
mmstts_0252,/kaggle/working/data/processed/fake/mmstts/mmstts_0252.wav,fake,mmstts,neural_tts,train
mmstts_0253,/kaggle/working/data/processed/fake/mmstts/mmstts_0253.wav,fake,mmstts,neural_tts,train
mmstts_0254,/kaggle/working/data/processed/fake/mmstts/mmstts_0254.wav,fake,mmstts,neural_tts,train
mmstts_0255,/kaggle/working/data/processed/fake/mmstts/mmstts_0255.wav,fake,mmstts,neural_tts,train
mmstts_0256,/kaggle/working/data/processed/fake/mmstts/mmstts_0256.wav,fake,mmstts,neural_tts,train
mmstts_0257,/kaggle/working/data/processed/fake/mmstts/mmstts_0257.wav,fake,mmstts,neural_tts,train
mmstts_0258,/kaggle/working/data/processed/fake/mmstts/mmstts_0258.wav,fake,mmstts,neural_tts,train
mmstts_0259,/kaggle/working/data/processed/fake/mmstts/mmstts_0259.wav,fake,mmstts,neural_tts,train
mmstts_0260,/kaggle/working/data/processed/fake/mmstts/mmstts_0260.wav,fake,mmstts,neural_tts,train
mmstts_0261,/kaggle/working/data/processed/fake/mmstts/mmstts_0261.wav,fake,mmstts,neural_tts,train
mmstts_0262,/kaggle/working/data/processed/fake/mmstts/mmstts_0262.wav,fake,mmstts,neural_tts,train
mmstts_0263,/kaggle/working/data/processed/fake/mmstts/mmstts_0263.wav,fake,mmstts,neural_tts,train
mmstts_0264,/kaggle/working/data/processed/fake/mmstts/mmstts_0264.wav,fake,mmstts,neural_tts,train
mmstts_0265,/kaggle/working/data/processed/fake/mmstts/mmstts_0265.wav,fake,mmstts,neural_tts,train
mmstts_0266,/kaggle/working/data/processed/fake/mmstts/mmstts_0266.wav,fake,mmstts,neural_tts,test_seen
mmstts_0267,/kaggle/working/data/processed/fake/mmstts/mmstts_0267.wav,fake,mmstts,neural_tts,train
mmstts_0268,/kaggle/working/data/processed/fake/mmstts/mmstts_0268.wav,fake,mmstts,neural_tts,train
mmstts_0269,/kaggle/working/data/processed/fake/mmstts/mmstts_0269.wav,fake,mmstts,neural_tts,train
mmstts_0270,/kaggle/working/data/processed/fake/mmstts/mmstts_0270.wav,fake,mmstts,neural_tts,train
mmstts_0271,/kaggle/working/data/processed/fake/mmstts/mmstts_0271.wav,fake,mmstts,neural_tts,test_seen
mmstts_0272,/kaggle/working/data/processed/fake/mmstts/mmstts_0272.wav,fake,mmstts,neural_tts,test_seen
mmstts_0273,/kaggle/working/data/processed/fake/mmstts/mmstts_0273.wav,fake,mmstts,neural_tts,train
mmstts_0274,/kaggle/working/data/processed/fake/mmstts/mmstts_0274.wav,fake,mmstts,neural_tts,train
mmstts_0275,/kaggle/working/data/processed/fake/mmstts/mmstts_0275.wav,fake,mmstts,neural_tts,train
mmstts_0276,/kaggle/working/data/processed/fake/mmstts/mmstts_0276.wav,fake,mmstts,neural_tts,train
mmstts_0277,/kaggle/working/data/processed/fake/mmstts/mmstts_0277.wav,fake,mmstts,neural_tts,train
mmstts_0278,/kaggle/working/data/processed/fake/mmstts/mmstts_0278.wav,fake,mmstts,neural_tts,train
mmstts_0279,/kaggle/working/data/processed/fake/mmstts/mmstts_0279.wav,fake,mmstts,neural_tts,train
mmstts_0280,/kaggle/working/data/processed/fake/mmstts/mmstts_0280.wav,fake,mmstts,neural_tts,train
mmstts_0281,/kaggle/working/data/processed/fake/mmstts/mmstts_0281.wav,fake,mmstts,neural_tts,test_seen
mmstts_0282,/kaggle/working/data/processed/fake/mmstts/mmstts_0282.wav,fake,mmstts,neural_tts,train
mmstts_0283,/kaggle/working/data/processed/fake/mmstts/mmstts_0283.wav,fake,mmstts,neural_tts,train
mmstts_0284,/kaggle/working/data/processed/fake/mmstts/mmstts_0284.wav,fake,mmstts,neural_tts,test_seen
mmstts_0285,/kaggle/working/data/processed/fake/mmstts/mmstts_0285.wav,fake,mmstts,neural_tts,train
mmstts_0286,/kaggle/working/data/processed/fake/mmstts/mmstts_0286.wav,fake,mmstts,neural_tts,test_seen
mmstts_0287,/kaggle/working/data/processed/fake/mmstts/mmstts_0287.wav,fake,mmstts,neural_tts,train
mmstts_0288,/kaggle/working/data/processed/fake/mmstts/mmstts_0288.wav,fake,mmstts,neural_tts,train
mmstts_0289,/kaggle/working/data/processed/fake/mmstts/mmstts_0289.wav,fake,mmstts,neural_tts,train
mmstts_0290,/kaggle/working/data/processed/fake/mmstts/mmstts_0290.wav,fake,mmstts,neural_tts,train
mmstts_0291,/kaggle/working/data/processed/fake/mmstts/mmstts_0291.wav,fake,mmstts,neural_tts,train
mmstts_0292,/kaggle/working/data/processed/fake/mmstts/mmstts_0292.wav,fake,mmstts,neural_tts,test_seen
mmstts_0293,/kaggle/working/data/processed/fake/mmstts/mmstts_0293.wav,fake,mmstts,neural_tts,train
mmstts_0294,/kaggle/working/data/processed/fake/mmstts/mmstts_0294.wav,fake,mmstts,neural_tts,test_seen
mmstts_0295,/kaggle/working/data/processed/fake/mmstts/mmstts_0295.wav,fake,mmstts,neural_tts,train
mmstts_0296,/kaggle/working/data/processed/fake/mmstts/mmstts_0296.wav,fake,mmstts,neural_tts,test_seen
mmstts_0297,/kaggle/working/data/processed/fake/mmstts/mmstts_0297.wav,fake,mmstts,neural_tts,train
mmstts_0298,/kaggle/working/data/processed/fake/mmstts/mmstts_0298.wav,fake,mmstts,neural_tts,train
mmstts_0299,/kaggle/working/data/processed/fake/mmstts/mmstts_0299.wav,fake,mmstts,neural_tts,train
mmstts_0300,/kaggle/working/data/processed/fake/mmstts/mmstts_0300.wav,fake,mmstts,neural_tts,train
mmstts_0301,/kaggle/working/data/processed/fake/mmstts/mmstts_0301.wav,fake,mmstts,neural_tts,test_seen
mmstts_0302,/kaggle/working/data/processed/fake/mmstts/mmstts_0302.wav,fake,mmstts,neural_tts,train
mmstts_0303,/kaggle/working/data/processed/fake/mmstts/mmstts_0303.wav,fake,mmstts,neural_tts,train
mmstts_0304,/kaggle/working/data/processed/fake/mmstts/mmstts_0304.wav,fake,mmstts,neural_tts,train
mmstts_0305,/kaggle/working/data/processed/fake/mmstts/mmstts_0305.wav,fake,mmstts,neural_tts,train
mmstts_0306,/kaggle/working/data/processed/fake/mmstts/mmstts_0306.wav,fake,mmstts,neural_tts,train
mmstts_0307,/kaggle/working/data/processed/fake/mmstts/mmstts_0307.wav,fake,mmstts,neural_tts,train
mmstts_0308,/kaggle/working/data/processed/fake/mmstts/mmstts_0308.wav,fake,mmstts,neural_tts,train
mmstts_0309,/kaggle/working/data/processed/fake/mmstts/mmstts_0309.wav,fake,mmstts,neural_tts,train
mmstts_0310,/kaggle/working/data/processed/fake/mmstts/mmstts_0310.wav,fake,mmstts,neural_tts,train
mmstts_0311,/kaggle/working/data/processed/fake/mmstts/mmstts_0311.wav,fake,mmstts,neural_tts,train
mmstts_0312,/kaggle/working/data/processed/fake/mmstts/mmstts_0312.wav,fake,mmstts,neural_tts,train
mmstts_0313,/kaggle/working/data/processed/fake/mmstts/mmstts_0313.wav,fake,mmstts,neural_tts,train
mmstts_0314,/kaggle/working/data/processed/fake/mmstts/mmstts_0314.wav,fake,mmstts,neural_tts,train
mmstts_0315,/kaggle/working/data/processed/fake/mmstts/mmstts_0315.wav,fake,mmstts,neural_tts,train
mmstts_0316,/kaggle/working/data/processed/fake/mmstts/mmstts_0316.wav,fake,mmstts,neural_tts,train
mmstts_0317,/kaggle/working/data/processed/fake/mmstts/mmstts_0317.wav,fake,mmstts,neural_tts,train
mmstts_0318,/kaggle/working/data/processed/fake/mmstts/mmstts_0318.wav,fake,mmstts,neural_tts,train
mmstts_0319,/kaggle/working/data/processed/fake/mmstts/mmstts_0319.wav,fake,mmstts,neural_tts,train
mmstts_0320,/kaggle/working/data/processed/fake/mmstts/mmstts_0320.wav,fake,mmstts,neural_tts,test_seen
mmstts_0321,/kaggle/working/data/processed/fake/mmstts/mmstts_0321.wav,fake,mmstts,neural_tts,train
mmstts_0322,/kaggle/working/data/processed/fake/mmstts/mmstts_0322.wav,fake,mmstts,neural_tts,test_seen
mmstts_0323,/kaggle/working/data/processed/fake/mmstts/mmstts_0323.wav,fake,mmstts,neural_tts,train
mmstts_0324,/kaggle/working/data/processed/fake/mmstts/mmstts_0324.wav,fake,mmstts,neural_tts,test_seen
mmstts_0325,/kaggle/working/data/processed/fake/mmstts/mmstts_0325.wav,fake,mmstts,neural_tts,test_seen
mmstts_0326,/kaggle/working/data/processed/fake/mmstts/mmstts_0326.wav,fake,mmstts,neural_tts,test_seen
mmstts_0327,/kaggle/working/data/processed/fake/mmstts/mmstts_0327.wav,fake,mmstts,neural_tts,train
mmstts_0328,/kaggle/working/data/processed/fake/mmstts/mmstts_0328.wav,fake,mmstts,neural_tts,test_seen
mmstts_0329,/kaggle/working/data/processed/fake/mmstts/mmstts_0329.wav,fake,mmstts,neural_tts,test_seen
mmstts_0330,/kaggle/working/data/processed/fake/mmstts/mmstts_0330.wav,fake,mmstts,neural_tts,train
mmstts_0331,/kaggle/working/data/processed/fake/mmstts/mmstts_0331.wav,fake,mmstts,neural_tts,train
mmstts_0332,/kaggle/working/data/processed/fake/mmstts/mmstts_0332.wav,fake,mmstts,neural_tts,train
mmstts_0333,/kaggle/working/data/processed/fake/mmstts/mmstts_0333.wav,fake,mmstts,neural_tts,train
mmstts_0334,/kaggle/working/data/processed/fake/mmstts/mmstts_0334.wav,fake,mmstts,neural_tts,train
mmstts_0335,/kaggle/working/data/processed/fake/mmstts/mmstts_0335.wav,fake,mmstts,neural_tts,test_seen
mmstts_0336,/kaggle/working/data/processed/fake/mmstts/mmstts_0336.wav,fake,mmstts,neural_tts,train
mmstts_0337,/kaggle/working/data/processed/fake/mmstts/mmstts_0337.wav,fake,mmstts,neural_tts,train
mmstts_0338,/kaggle/working/data/processed/fake/mmstts/mmstts_0338.wav,fake,mmstts,neural_tts,test_seen
mmstts_0339,/kaggle/working/data/processed/fake/mmstts/mmstts_0339.wav,fake,mmstts,neural_tts,train
mmstts_0340,/kaggle/working/data/processed/fake/mmstts/mmstts_0340.wav,fake,mmstts,neural_tts,train
mmstts_0341,/kaggle/working/data/processed/fake/mmstts/mmstts_0341.wav,fake,mmstts,neural_tts,train
mmstts_0342,/kaggle/working/data/processed/fake/mmstts/mmstts_0342.wav,fake,mmstts,neural_tts,train
mmstts_0343,/kaggle/working/data/processed/fake/mmstts/mmstts_0343.wav,fake,mmstts,neural_tts,train
mmstts_0344,/kaggle/working/data/processed/fake/mmstts/mmstts_0344.wav,fake,mmstts,neural_tts,train
mmstts_0345,/kaggle/working/data/processed/fake/mmstts/mmstts_0345.wav,fake,mmstts,neural_tts,train
mmstts_0346,/kaggle/working/data/processed/fake/mmstts/mmstts_0346.wav,fake,mmstts,neural_tts,train
mmstts_0347,/kaggle/working/data/processed/fake/mmstts/mmstts_0347.wav,fake,mmstts,neural_tts,train
mmstts_0348,/kaggle/working/data/processed/fake/mmstts/mmstts_0348.wav,fake,mmstts,neural_tts,train
mmstts_0349,/kaggle/working/data/processed/fake/mmstts/mmstts_0349.wav,fake,mmstts,neural_tts,train
mmstts_0350,/kaggle/working/data/processed/fake/mmstts/mmstts_0350.wav,fake,mmstts,neural_tts,train
mmstts_0351,/kaggle/working/data/processed/fake/mmstts/mmstts_0351.wav,fake,mmstts,neural_tts,train
mmstts_0352,/kaggle/working/data/processed/fake/mmstts/mmstts_0352.wav,fake,mmstts,neural_tts,train
mmstts_0353,/kaggle/working/data/processed/fake/mmstts/mmstts_0353.wav,fake,mmstts,neural_tts,train
mmstts_0354,/kaggle/working/data/processed/fake/mmstts/mmstts_0354.wav,fake,mmstts,neural_tts,train
mmstts_0355,/kaggle/working/data/processed/fake/mmstts/mmstts_0355.wav,fake,mmstts,neural_tts,train
mmstts_0356,/kaggle/working/data/processed/fake/mmstts/mmstts_0356.wav,fake,mmstts,neural_tts,train
mmstts_0357,/kaggle/working/data/processed/fake/mmstts/mmstts_0357.wav,fake,mmstts,neural_tts,train
mmstts_0358,/kaggle/working/data/processed/fake/mmstts/mmstts_0358.wav,fake,mmstts,neural_tts,test_seen
mmstts_0359,/kaggle/working/data/processed/fake/mmstts/mmstts_0359.wav,fake,mmstts,neural_tts,train
mmstts_0360,/kaggle/working/data/processed/fake/mmstts/mmstts_0360.wav,fake,mmstts,neural_tts,train
mmstts_0361,/kaggle/working/data/processed/fake/mmstts/mmstts_0361.wav,fake,mmstts,neural_tts,train
mmstts_0362,/kaggle/working/data/processed/fake/mmstts/mmstts_0362.wav,fake,mmstts,neural_tts,train
mmstts_0363,/kaggle/working/data/processed/fake/mmstts/mmstts_0363.wav,fake,mmstts,neural_tts,train
mmstts_0364,/kaggle/working/data/processed/fake/mmstts/mmstts_0364.wav,fake,mmstts,neural_tts,test_seen
mmstts_0365,/kaggle/working/data/processed/fake/mmstts/mmstts_0365.wav,fake,mmstts,neural_tts,test_seen
mmstts_0366,/kaggle/working/data/processed/fake/mmstts/mmstts_0366.wav,fake,mmstts,neural_tts,train
mmstts_0367,/kaggle/working/data/processed/fake/mmstts/mmstts_0367.wav,fake,mmstts,neural_tts,train
mmstts_0368,/kaggle/working/data/processed/fake/mmstts/mmstts_0368.wav,fake,mmstts,neural_tts,test_seen
mmstts_0369,/kaggle/working/data/processed/fake/mmstts/mmstts_0369.wav,fake,mmstts,neural_tts,train
mmstts_0370,/kaggle/working/data/processed/fake/mmstts/mmstts_0370.wav,fake,mmstts,neural_tts,train
mmstts_0371,/kaggle/working/data/processed/fake/mmstts/mmstts_0371.wav,fake,mmstts,neural_tts,train
mmstts_0372,/kaggle/working/data/processed/fake/mmstts/mmstts_0372.wav,fake,mmstts,neural_tts,train
mmstts_0373,/kaggle/working/data/processed/fake/mmstts/mmstts_0373.wav,fake,mmstts,neural_tts,test_seen
mmstts_0374,/kaggle/working/data/processed/fake/mmstts/mmstts_0374.wav,fake,mmstts,neural_tts,train
mmstts_0375,/kaggle/working/data/processed/fake/mmstts/mmstts_0375.wav,fake,mmstts,neural_tts,train
mmstts_0376,/kaggle/working/data/processed/fake/mmstts/mmstts_0376.wav,fake,mmstts,neural_tts,train
mmstts_0377,/kaggle/working/data/processed/fake/mmstts/mmstts_0377.wav,fake,mmstts,neural_tts,test_seen
mmstts_0378,/kaggle/working/data/processed/fake/mmstts/mmstts_0378.wav,fake,mmstts,neural_tts,train
mmstts_0379,/kaggle/working/data/processed/fake/mmstts/mmstts_0379.wav,fake,mmstts,neural_tts,train
mmstts_0380,/kaggle/working/data/processed/fake/mmstts/mmstts_0380.wav,fake,mmstts,neural_tts,train
mmstts_0381,/kaggle/working/data/processed/fake/mmstts/mmstts_0381.wav,fake,mmstts,neural_tts,test_seen
mmstts_0382,/kaggle/working/data/processed/fake/mmstts/mmstts_0382.wav,fake,mmstts,neural_tts,train
mmstts_0383,/kaggle/working/data/processed/fake/mmstts/mmstts_0383.wav,fake,mmstts,neural_tts,train
mmstts_0384,/kaggle/working/data/processed/fake/mmstts/mmstts_0384.wav,fake,mmstts,neural_tts,train
mmstts_0385,/kaggle/working/data/processed/fake/mmstts/mmstts_0385.wav,fake,mmstts,neural_tts,train
mmstts_0386,/kaggle/working/data/processed/fake/mmstts/mmstts_0386.wav,fake,mmstts,neural_tts,train
mmstts_0387,/kaggle/working/data/processed/fake/mmstts/mmstts_0387.wav,fake,mmstts,neural_tts,test_seen
mmstts_0388,/kaggle/working/data/processed/fake/mmstts/mmstts_0388.wav,fake,mmstts,neural_tts,test_seen
mmstts_0389,/kaggle/working/data/processed/fake/mmstts/mmstts_0389.wav,fake,mmstts,neural_tts,train
mmstts_0390,/kaggle/working/data/processed/fake/mmstts/mmstts_0390.wav,fake,mmstts,neural_tts,test_seen
mmstts_0391,/kaggle/working/data/processed/fake/mmstts/mmstts_0391.wav,fake,mmstts,neural_tts,train
mmstts_0392,/kaggle/working/data/processed/fake/mmstts/mmstts_0392.wav,fake,mmstts,neural_tts,train
mmstts_0393,/kaggle/working/data/processed/fake/mmstts/mmstts_0393.wav,fake,mmstts,neural_tts,train
mmstts_0394,/kaggle/working/data/processed/fake/mmstts/mmstts_0394.wav,fake,mmstts,neural_tts,train
mmstts_0395,/kaggle/working/data/processed/fake/mmstts/mmstts_0395.wav,fake,mmstts,neural_tts,train
mmstts_0396,/kaggle/working/data/processed/fake/mmstts/mmstts_0396.wav,fake,mmstts,neural_tts,train
mmstts_0397,/kaggle/working/data/processed/fake/mmstts/mmstts_0397.wav,fake,mmstts,neural_tts,test_seen
mmstts_0398,/kaggle/working/data/processed/fake/mmstts/mmstts_0398.wav,fake,mmstts,neural_tts,train
mmstts_0399,/kaggle/working/data/processed/fake/mmstts/mmstts_0399.wav,fake,mmstts,neural_tts,test_seen
mmstts_0400,/kaggle/working/data/processed/fake/mmstts/mmstts_0400.wav,fake,mmstts,neural_tts,test_seen
mmstts_0401,/kaggle/working/data/processed/fake/mmstts/mmstts_0401.wav,fake,mmstts,neural_tts,train
mmstts_0402,/kaggle/working/data/processed/fake/mmstts/mmstts_0402.wav,fake,mmstts,neural_tts,test_seen
mmstts_0403,/kaggle/working/data/processed/fake/mmstts/mmstts_0403.wav,fake,mmstts,neural_tts,train
mmstts_0404,/kaggle/working/data/processed/fake/mmstts/mmstts_0404.wav,fake,mmstts,neural_tts,train
mmstts_0405,/kaggle/working/data/processed/fake/mmstts/mmstts_0405.wav,fake,mmstts,neural_tts,test_seen
mmstts_0406,/kaggle/working/data/processed/fake/mmstts/mmstts_0406.wav,fake,mmstts,neural_tts,train
mmstts_0407,/kaggle/working/data/processed/fake/mmstts/mmstts_0407.wav,fake,mmstts,neural_tts,test_seen
mmstts_0408,/kaggle/working/data/processed/fake/mmstts/mmstts_0408.wav,fake,mmstts,neural_tts,train
mmstts_0409,/kaggle/working/data/processed/fake/mmstts/mmstts_0409.wav,fake,mmstts,neural_tts,train
mmstts_0410,/kaggle/working/data/processed/fake/mmstts/mmstts_0410.wav,fake,mmstts,neural_tts,train
mmstts_0411,/kaggle/working/data/processed/fake/mmstts/mmstts_0411.wav,fake,mmstts,neural_tts,train
mmstts_0412,/kaggle/working/data/processed/fake/mmstts/mmstts_0412.wav,fake,mmstts,neural_tts,train
mmstts_0413,/kaggle/working/data/processed/fake/mmstts/mmstts_0413.wav,fake,mmstts,neural_tts,train
mmstts_0414,/kaggle/working/data/processed/fake/mmstts/mmstts_0414.wav,fake,mmstts,neural_tts,train
mmstts_0415,/kaggle/working/data/processed/fake/mmstts/mmstts_0415.wav,fake,mmstts,neural_tts,test_seen
mmstts_0416,/kaggle/working/data/processed/fake/mmstts/mmstts_0416.wav,fake,mmstts,neural_tts,train
mmstts_0417,/kaggle/working/data/processed/fake/mmstts/mmstts_0417.wav,fake,mmstts,neural_tts,train
mmstts_0418,/kaggle/working/data/processed/fake/mmstts/mmstts_0418.wav,fake,mmstts,neural_tts,train
mmstts_0419,/kaggle/working/data/processed/fake/mmstts/mmstts_0419.wav,fake,mmstts,neural_tts,train
mmstts_0420,/kaggle/working/data/processed/fake/mmstts/mmstts_0420.wav,fake,mmstts,neural_tts,train
mmstts_0421,/kaggle/working/data/processed/fake/mmstts/mmstts_0421.wav,fake,mmstts,neural_tts,train
mmstts_0422,/kaggle/working/data/processed/fake/mmstts/mmstts_0422.wav,fake,mmstts,neural_tts,train
mmstts_0423,/kaggle/working/data/processed/fake/mmstts/mmstts_0423.wav,fake,mmstts,neural_tts,train
mmstts_0424,/kaggle/working/data/processed/fake/mmstts/mmstts_0424.wav,fake,mmstts,neural_tts,train
mmstts_0425,/kaggle/working/data/processed/fake/mmstts/mmstts_0425.wav,fake,mmstts,neural_tts,train
mmstts_0426,/kaggle/working/data/processed/fake/mmstts/mmstts_0426.wav,fake,mmstts,neural_tts,train
mmstts_0427,/kaggle/working/data/processed/fake/mmstts/mmstts_0427.wav,fake,mmstts,neural_tts,train
mmstts_0428,/kaggle/working/data/processed/fake/mmstts/mmstts_0428.wav,fake,mmstts,neural_tts,test_seen
mmstts_0429,/kaggle/working/data/processed/fake/mmstts/mmstts_0429.wav,fake,mmstts,neural_tts,test_seen
mmstts_0430,/kaggle/working/data/processed/fake/mmstts/mmstts_0430.wav,fake,mmstts,neural_tts,test_seen
mmstts_0431,/kaggle/working/data/processed/fake/mmstts/mmstts_0431.wav,fake,mmstts,neural_tts,train
mmstts_0432,/kaggle/working/data/processed/fake/mmstts/mmstts_0432.wav,fake,mmstts,neural_tts,train
mmstts_0433,/kaggle/working/data/processed/fake/mmstts/mmstts_0433.wav,fake,mmstts,neural_tts,test_seen
mmstts_0434,/kaggle/working/data/processed/fake/mmstts/mmstts_0434.wav,fake,mmstts,neural_tts,train
mmstts_0435,/kaggle/working/data/processed/fake/mmstts/mmstts_0435.wav,fake,mmstts,neural_tts,train
mmstts_0436,/kaggle/working/data/processed/fake/mmstts/mmstts_0436.wav,fake,mmstts,neural_tts,train
mmstts_0437,/kaggle/working/data/processed/fake/mmstts/mmstts_0437.wav,fake,mmstts,neural_tts,train
mmstts_0438,/kaggle/working/data/processed/fake/mmstts/mmstts_0438.wav,fake,mmstts,neural_tts,train
mmstts_0439,/kaggle/working/data/processed/fake/mmstts/mmstts_0439.wav,fake,mmstts,neural_tts,test_seen
mmstts_0440,/kaggle/working/data/processed/fake/mmstts/mmstts_0440.wav,fake,mmstts,neural_tts,test_seen
mmstts_0441,/kaggle/working/data/processed/fake/mmstts/mmstts_0441.wav,fake,mmstts,neural_tts,train
mmstts_0442,/kaggle/working/data/processed/fake/mmstts/mmstts_0442.wav,fake,mmstts,neural_tts,train
mmstts_0443,/kaggle/working/data/processed/fake/mmstts/mmstts_0443.wav,fake,mmstts,neural_tts,train
mmstts_0444,/kaggle/working/data/processed/fake/mmstts/mmstts_0444.wav,fake,mmstts,neural_tts,test_seen
mmstts_0445,/kaggle/working/data/processed/fake/mmstts/mmstts_0445.wav,fake,mmstts,neural_tts,train
mmstts_0446,/kaggle/working/data/processed/fake/mmstts/mmstts_0446.wav,fake,mmstts,neural_tts,train
mmstts_0447,/kaggle/working/data/processed/fake/mmstts/mmstts_0447.wav,fake,mmstts,neural_tts,train
mmstts_0448,/kaggle/working/data/processed/fake/mmstts/mmstts_0448.wav,fake,mmstts,neural_tts,train
mmstts_0449,/kaggle/working/data/processed/fake/mmstts/mmstts_0449.wav,fake,mmstts,neural_tts,train
mmstts_0450,/kaggle/working/data/processed/fake/mmstts/mmstts_0450.wav,fake,mmstts,neural_tts,train
mmstts_0451,/kaggle/working/data/processed/fake/mmstts/mmstts_0451.wav,fake,mmstts,neural_tts,train
mmstts_0452,/kaggle/working/data/processed/fake/mmstts/mmstts_0452.wav,fake,mmstts,neural_tts,train
mmstts_0453,/kaggle/working/data/processed/fake/mmstts/mmstts_0453.wav,fake,mmstts,neural_tts,train
mmstts_0454,/kaggle/working/data/processed/fake/mmstts/mmstts_0454.wav,fake,mmstts,neural_tts,test_seen
mmstts_0455,/kaggle/working/data/processed/fake/mmstts/mmstts_0455.wav,fake,mmstts,neural_tts,train
mmstts_0456,/kaggle/working/data/processed/fake/mmstts/mmstts_0456.wav,fake,mmstts,neural_tts,train
mmstts_0457,/kaggle/working/data/processed/fake/mmstts/mmstts_0457.wav,fake,mmstts,neural_tts,train
mmstts_0458,/kaggle/working/data/processed/fake/mmstts/mmstts_0458.wav,fake,mmstts,neural_tts,train
mmstts_0459,/kaggle/working/data/processed/fake/mmstts/mmstts_0459.wav,fake,mmstts,neural_tts,train
mmstts_0460,/kaggle/working/data/processed/fake/mmstts/mmstts_0460.wav,fake,mmstts,neural_tts,test_seen
mmstts_0461,/kaggle/working/data/processed/fake/mmstts/mmstts_0461.wav,fake,mmstts,neural_tts,test_seen
mmstts_0462,/kaggle/working/data/processed/fake/mmstts/mmstts_0462.wav,fake,mmstts,neural_tts,train
mmstts_0463,/kaggle/working/data/processed/fake/mmstts/mmstts_0463.wav,fake,mmstts,neural_tts,train
mmstts_0464,/kaggle/working/data/processed/fake/mmstts/mmstts_0464.wav,fake,mmstts,neural_tts,train
mmstts_0465,/kaggle/working/data/processed/fake/mmstts/mmstts_0465.wav,fake,mmstts,neural_tts,train
mmstts_0466,/kaggle/working/data/processed/fake/mmstts/mmstts_0466.wav,fake,mmstts,neural_tts,test_seen
mmstts_0467,/kaggle/working/data/processed/fake/mmstts/mmstts_0467.wav,fake,mmstts,neural_tts,train
mmstts_0468,/kaggle/working/data/processed/fake/mmstts/mmstts_0468.wav,fake,mmstts,neural_tts,train
mmstts_0469,/kaggle/working/data/processed/fake/mmstts/mmstts_0469.wav,fake,mmstts,neural_tts,train
mmstts_0470,/kaggle/working/data/processed/fake/mmstts/mmstts_0470.wav,fake,mmstts,neural_tts,test_seen
mmstts_0471,/kaggle/working/data/processed/fake/mmstts/mmstts_0471.wav,fake,mmstts,neural_tts,train
mmstts_0472,/kaggle/working/data/processed/fake/mmstts/mmstts_0472.wav,fake,mmstts,neural_tts,train
mmstts_0473,/kaggle/working/data/processed/fake/mmstts/mmstts_0473.wav,fake,mmstts,neural_tts,train
mmstts_0474,/kaggle/working/data/processed/fake/mmstts/mmstts_0474.wav,fake,mmstts,neural_tts,train
mmstts_0475,/kaggle/working/data/processed/fake/mmstts/mmstts_0475.wav,fake,mmstts,neural_tts,train
mmstts_0476,/kaggle/working/data/processed/fake/mmstts/mmstts_0476.wav,fake,mmstts,neural_tts,train
mmstts_0477,/kaggle/working/data/processed/fake/mmstts/mmstts_0477.wav,fake,mmstts,neural_tts,train
mmstts_0478,/kaggle/working/data/processed/fake/mmstts/mmstts_0478.wav,fake,mmstts,neural_tts,train
mmstts_0479,/kaggle/working/data/processed/fake/mmstts/mmstts_0479.wav,fake,mmstts,neural_tts,test_seen
mmstts_0480,/kaggle/working/data/processed/fake/mmstts/mmstts_0480.wav,fake,mmstts,neural_tts,train
mmstts_0481,/kaggle/working/data/processed/fake/mmstts/mmstts_0481.wav,fake,mmstts,neural_tts,train
mmstts_0482,/kaggle/working/data/processed/fake/mmstts/mmstts_0482.wav,fake,mmstts,neural_tts,train
mmstts_0483,/kaggle/working/data/processed/fake/mmstts/mmstts_0483.wav,fake,mmstts,neural_tts,train
mmstts_0484,/kaggle/working/data/processed/fake/mmstts/mmstts_0484.wav,fake,mmstts,neural_tts,train
mmstts_0485,/kaggle/working/data/processed/fake/mmstts/mmstts_0485.wav,fake,mmstts,neural_tts,train
mmstts_0486,/kaggle/working/data/processed/fake/mmstts/mmstts_0486.wav,fake,mmstts,neural_tts,train
mmstts_0487,/kaggle/working/data/processed/fake/mmstts/mmstts_0487.wav,fake,mmstts,neural_tts,test_seen
mmstts_0488,/kaggle/working/data/processed/fake/mmstts/mmstts_0488.wav,fake,mmstts,neural_tts,train
mmstts_0489,/kaggle/working/data/processed/fake/mmstts/mmstts_0489.wav,fake,mmstts,neural_tts,train
mmstts_0490,/kaggle/working/data/processed/fake/mmstts/mmstts_0490.wav,fake,mmstts,neural_tts,train
mmstts_0491,/kaggle/working/data/processed/fake/mmstts/mmstts_0491.wav,fake,mmstts,neural_tts,train
mmstts_0492,/kaggle/working/data/processed/fake/mmstts/mmstts_0492.wav,fake,mmstts,neural_tts,test_seen
mmstts_0493,/kaggle/working/data/processed/fake/mmstts/mmstts_0493.wav,fake,mmstts,neural_tts,train
mmstts_0494,/kaggle/working/data/processed/fake/mmstts/mmstts_0494.wav,fake,mmstts,neural_tts,train
mmstts_0495,/kaggle/working/data/processed/fake/mmstts/mmstts_0495.wav,fake,mmstts,neural_tts,test_seen
mmstts_0496,/kaggle/working/data/processed/fake/mmstts/mmstts_0496.wav,fake,mmstts,neural_tts,train
mmstts_0497,/kaggle/working/data/processed/fake/mmstts/mmstts_0497.wav,fake,mmstts,neural_tts,train
mmstts_0498,/kaggle/working/data/processed/fake/mmstts/mmstts_0498.wav,fake,mmstts,neural_tts,train
mmstts_0499,/kaggle/working/data/processed/fake/mmstts/mmstts_0499.wav,fake,mmstts,neural_tts,test_seen
mmstts_0500,/kaggle/working/data/processed/fake/mmstts/mmstts_0500.wav,fake,mmstts,neural_tts,train
mmstts_0501,/kaggle/working/data/processed/fake/mmstts/mmstts_0501.wav,fake,mmstts,neural_tts,train
mmstts_0502,/kaggle/working/data/processed/fake/mmstts/mmstts_0502.wav,fake,mmstts,neural_tts,test_seen
mmstts_0503,/kaggle/working/data/processed/fake/mmstts/mmstts_0503.wav,fake,mmstts,neural_tts,train
mmstts_0504,/kaggle/working/data/processed/fake/mmstts/mmstts_0504.wav,fake,mmstts,neural_tts,train
mmstts_0505,/kaggle/working/data/processed/fake/mmstts/mmstts_0505.wav,fake,mmstts,neural_tts,test_seen
mmstts_0506,/kaggle/working/data/processed/fake/mmstts/mmstts_0506.wav,fake,mmstts,neural_tts,train
mmstts_0507,/kaggle/working/data/processed/fake/mmstts/mmstts_0507.wav,fake,mmstts,neural_tts,train
mmstts_0508,/kaggle/working/data/processed/fake/mmstts/mmstts_0508.wav,fake,mmstts,neural_tts,train
mmstts_0509,/kaggle/working/data/processed/fake/mmstts/mmstts_0509.wav,fake,mmstts,neural_tts,train
mmstts_0510,/kaggle/working/data/processed/fake/mmstts/mmstts_0510.wav,fake,mmstts,neural_tts,test_seen
mmstts_0511,/kaggle/working/data/processed/fake/mmstts/mmstts_0511.wav,fake,mmstts,neural_tts,train
mmstts_0512,/kaggle/working/data/processed/fake/mmstts/mmstts_0512.wav,fake,mmstts,neural_tts,train
mmstts_0513,/kaggle/working/data/processed/fake/mmstts/mmstts_0513.wav,fake,mmstts,neural_tts,train
mmstts_0514,/kaggle/working/data/processed/fake/mmstts/mmstts_0514.wav,fake,mmstts,neural_tts,train
mmstts_0515,/kaggle/working/data/processed/fake/mmstts/mmstts_0515.wav,fake,mmstts,neural_tts,train
mmstts_0516,/kaggle/working/data/processed/fake/mmstts/mmstts_0516.wav,fake,mmstts,neural_tts,train
mmstts_0517,/kaggle/working/data/processed/fake/mmstts/mmstts_0517.wav,fake,mmstts,neural_tts,test_seen
mmstts_0518,/kaggle/working/data/processed/fake/mmstts/mmstts_0518.wav,fake,mmstts,neural_tts,train
mmstts_0519,/kaggle/working/data/processed/fake/mmstts/mmstts_0519.wav,fake,mmstts,neural_tts,train
mmstts_0520,/kaggle/working/data/processed/fake/mmstts/mmstts_0520.wav,fake,mmstts,neural_tts,train
mmstts_0521,/kaggle/working/data/processed/fake/mmstts/mmstts_0521.wav,fake,mmstts,neural_tts,train
mmstts_0522,/kaggle/working/data/processed/fake/mmstts/mmstts_0522.wav,fake,mmstts,neural_tts,test_seen
mmstts_0523,/kaggle/working/data/processed/fake/mmstts/mmstts_0523.wav,fake,mmstts,neural_tts,train
mmstts_0524,/kaggle/working/data/processed/fake/mmstts/mmstts_0524.wav,fake,mmstts,neural_tts,train
mmstts_0525,/kaggle/working/data/processed/fake/mmstts/mmstts_0525.wav,fake,mmstts,neural_tts,train
mmstts_0526,/kaggle/working/data/processed/fake/mmstts/mmstts_0526.wav,fake,mmstts,neural_tts,train
mmstts_0527,/kaggle/working/data/processed/fake/mmstts/mmstts_0527.wav,fake,mmstts,neural_tts,train
mmstts_0528,/kaggle/working/data/processed/fake/mmstts/mmstts_0528.wav,fake,mmstts,neural_tts,train
mmstts_0529,/kaggle/working/data/processed/fake/mmstts/mmstts_0529.wav,fake,mmstts,neural_tts,test_seen
mmstts_0530,/kaggle/working/data/processed/fake/mmstts/mmstts_0530.wav,fake,mmstts,neural_tts,test_seen
mmstts_0531,/kaggle/working/data/processed/fake/mmstts/mmstts_0531.wav,fake,mmstts,neural_tts,train
mmstts_0532,/kaggle/working/data/processed/fake/mmstts/mmstts_0532.wav,fake,mmstts,neural_tts,train
mmstts_0533,/kaggle/working/data/processed/fake/mmstts/mmstts_0533.wav,fake,mmstts,neural_tts,train
mmstts_0534,/kaggle/working/data/processed/fake/mmstts/mmstts_0534.wav,fake,mmstts,neural_tts,train
mmstts_0535,/kaggle/working/data/processed/fake/mmstts/mmstts_0535.wav,fake,mmstts,neural_tts,test_seen
mmstts_0536,/kaggle/working/data/processed/fake/mmstts/mmstts_0536.wav,fake,mmstts,neural_tts,test_seen
mmstts_0537,/kaggle/working/data/processed/fake/mmstts/mmstts_0537.wav,fake,mmstts,neural_tts,train
mmstts_0538,/kaggle/working/data/processed/fake/mmstts/mmstts_0538.wav,fake,mmstts,neural_tts,train
mmstts_0539,/kaggle/working/data/processed/fake/mmstts/mmstts_0539.wav,fake,mmstts,neural_tts,train
mmstts_0540,/kaggle/working/data/processed/fake/mmstts/mmstts_0540.wav,fake,mmstts,neural_tts,train
mmstts_0541,/kaggle/working/data/processed/fake/mmstts/mmstts_0541.wav,fake,mmstts,neural_tts,test_seen
mmstts_0542,/kaggle/working/data/processed/fake/mmstts/mmstts_0542.wav,fake,mmstts,neural_tts,train
mmstts_0543,/kaggle/working/data/processed/fake/mmstts/mmstts_0543.wav,fake,mmstts,neural_tts,train
mmstts_0544,/kaggle/working/data/processed/fake/mmstts/mmstts_0544.wav,fake,mmstts,neural_tts,train
mmstts_0545,/kaggle/working/data/processed/fake/mmstts/mmstts_0545.wav,fake,mmstts,neural_tts,train
mmstts_0546,/kaggle/working/data/processed/fake/mmstts/mmstts_0546.wav,fake,mmstts,neural_tts,train
mmstts_0547,/kaggle/working/data/processed/fake/mmstts/mmstts_0547.wav,fake,mmstts,neural_tts,train
mmstts_0548,/kaggle/working/data/processed/fake/mmstts/mmstts_0548.wav,fake,mmstts,neural_tts,train
mmstts_0549,/kaggle/working/data/processed/fake/mmstts/mmstts_0549.wav,fake,mmstts,neural_tts,train
mmstts_0550,/kaggle/working/data/processed/fake/mmstts/mmstts_0550.wav,fake,mmstts,neural_tts,test_seen
mmstts_0551,/kaggle/working/data/processed/fake/mmstts/mmstts_0551.wav,fake,mmstts,neural_tts,train
mmstts_0552,/kaggle/working/data/processed/fake/mmstts/mmstts_0552.wav,fake,mmstts,neural_tts,test_seen
mmstts_0553,/kaggle/working/data/processed/fake/mmstts/mmstts_0553.wav,fake,mmstts,neural_tts,train
mmstts_0554,/kaggle/working/data/processed/fake/mmstts/mmstts_0554.wav,fake,mmstts,neural_tts,train
mmstts_0555,/kaggle/working/data/processed/fake/mmstts/mmstts_0555.wav,fake,mmstts,neural_tts,train
mmstts_0556,/kaggle/working/data/processed/fake/mmstts/mmstts_0556.wav,fake,mmstts,neural_tts,test_seen
mmstts_0557,/kaggle/working/data/processed/fake/mmstts/mmstts_0557.wav,fake,mmstts,neural_tts,test_seen
mmstts_0558,/kaggle/working/data/processed/fake/mmstts/mmstts_0558.wav,fake,mmstts,neural_tts,test_seen
mmstts_0559,/kaggle/working/data/processed/fake/mmstts/mmstts_0559.wav,fake,mmstts,neural_tts,train
mmstts_0560,/kaggle/working/data/processed/fake/mmstts/mmstts_0560.wav,fake,mmstts,neural_tts,train
mmstts_0561,/kaggle/working/data/processed/fake/mmstts/mmstts_0561.wav,fake,mmstts,neural_tts,train
mmstts_0562,/kaggle/working/data/processed/fake/mmstts/mmstts_0562.wav,fake,mmstts,neural_tts,test_seen
mmstts_0563,/kaggle/working/data/processed/fake/mmstts/mmstts_0563.wav,fake,mmstts,neural_tts,train
mmstts_0564,/kaggle/working/data/processed/fake/mmstts/mmstts_0564.wav,fake,mmstts,neural_tts,train
mmstts_0565,/kaggle/working/data/processed/fake/mmstts/mmstts_0565.wav,fake,mmstts,neural_tts,train
mmstts_0566,/kaggle/working/data/processed/fake/mmstts/mmstts_0566.wav,fake,mmstts,neural_tts,test_seen
mmstts_0567,/kaggle/working/data/processed/fake/mmstts/mmstts_0567.wav,fake,mmstts,neural_tts,test_seen
mmstts_0568,/kaggle/working/data/processed/fake/mmstts/mmstts_0568.wav,fake,mmstts,neural_tts,test_seen
mmstts_0569,/kaggle/working/data/processed/fake/mmstts/mmstts_0569.wav,fake,mmstts,neural_tts,train
mmstts_0570,/kaggle/working/data/processed/fake/mmstts/mmstts_0570.wav,fake,mmstts,neural_tts,train
mmstts_0571,/kaggle/working/data/processed/fake/mmstts/mmstts_0571.wav,fake,mmstts,neural_tts,train
mmstts_0572,/kaggle/working/data/processed/fake/mmstts/mmstts_0572.wav,fake,mmstts,neural_tts,train
mmstts_0573,/kaggle/working/data/processed/fake/mmstts/mmstts_0573.wav,fake,mmstts,neural_tts,train
mmstts_0574,/kaggle/working/data/processed/fake/mmstts/mmstts_0574.wav,fake,mmstts,neural_tts,test_seen
mmstts_0575,/kaggle/working/data/processed/fake/mmstts/mmstts_0575.wav,fake,mmstts,neural_tts,train
mmstts_0576,/kaggle/working/data/processed/fake/mmstts/mmstts_0576.wav,fake,mmstts,neural_tts,train
mmstts_0577,/kaggle/working/data/processed/fake/mmstts/mmstts_0577.wav,fake,mmstts,neural_tts,train
mmstts_0578,/kaggle/working/data/processed/fake/mmstts/mmstts_0578.wav,fake,mmstts,neural_tts,train
mmstts_0579,/kaggle/working/data/processed/fake/mmstts/mmstts_0579.wav,fake,mmstts,neural_tts,train
mmstts_0580,/kaggle/working/data/processed/fake/mmstts/mmstts_0580.wav,fake,mmstts,neural_tts,train
mmstts_0581,/kaggle/working/data/processed/fake/mmstts/mmstts_0581.wav,fake,mmstts,neural_tts,train
mmstts_0582,/kaggle/working/data/processed/fake/mmstts/mmstts_0582.wav,fake,mmstts,neural_tts,train
mmstts_0583,/kaggle/working/data/processed/fake/mmstts/mmstts_0583.wav,fake,mmstts,neural_tts,train
mmstts_0584,/kaggle/working/data/processed/fake/mmstts/mmstts_0584.wav,fake,mmstts,neural_tts,train
mmstts_0585,/kaggle/working/data/processed/fake/mmstts/mmstts_0585.wav,fake,mmstts,neural_tts,train
mmstts_0586,/kaggle/working/data/processed/fake/mmstts/mmstts_0586.wav,fake,mmstts,neural_tts,train
mmstts_0587,/kaggle/working/data/processed/fake/mmstts/mmstts_0587.wav,fake,mmstts,neural_tts,train
mmstts_0588,/kaggle/working/data/processed/fake/mmstts/mmstts_0588.wav,fake,mmstts,neural_tts,train
mmstts_0589,/kaggle/working/data/processed/fake/mmstts/mmstts_0589.wav,fake,mmstts,neural_tts,test_seen
mmstts_0590,/kaggle/working/data/processed/fake/mmstts/mmstts_0590.wav,fake,mmstts,neural_tts,test_seen
mmstts_0591,/kaggle/working/data/processed/fake/mmstts/mmstts_0591.wav,fake,mmstts,neural_tts,train
mmstts_0592,/kaggle/working/data/processed/fake/mmstts/mmstts_0592.wav,fake,mmstts,neural_tts,train
mmstts_0593,/kaggle/working/data/processed/fake/mmstts/mmstts_0593.wav,fake,mmstts,neural_tts,test_seen
mmstts_0594,/kaggle/working/data/processed/fake/mmstts/mmstts_0594.wav,fake,mmstts,neural_tts,test_seen
mmstts_0595,/kaggle/working/data/processed/fake/mmstts/mmstts_0595.wav,fake,mmstts,neural_tts,train
mmstts_0596,/kaggle/working/data/processed/fake/mmstts/mmstts_0596.wav,fake,mmstts,neural_tts,test_seen
mmstts_0597,/kaggle/working/data/processed/fake/mmstts/mmstts_0597.wav,fake,mmstts,neural_tts,train
mmstts_0598,/kaggle/working/data/processed/fake/mmstts/mmstts_0598.wav,fake,mmstts,neural_tts,train
mmstts_0599,/kaggle/working/data/processed/fake/mmstts/mmstts_0599.wav,fake,mmstts,neural_tts,train
mmstts_0600,/kaggle/working/data/processed/fake/mmstts/mmstts_0600.wav,fake,mmstts,neural_tts,test_seen
mmstts_0601,/kaggle/working/data/processed/fake/mmstts/mmstts_0601.wav,fake,mmstts,neural_tts,train
mmstts_0602,/kaggle/working/data/processed/fake/mmstts/mmstts_0602.wav,fake,mmstts,neural_tts,train
mmstts_0603,/kaggle/working/data/processed/fake/mmstts/mmstts_0603.wav,fake,mmstts,neural_tts,train
mmstts_0604,/kaggle/working/data/processed/fake/mmstts/mmstts_0604.wav,fake,mmstts,neural_tts,test_seen
mmstts_0605,/kaggle/working/data/processed/fake/mmstts/mmstts_0605.wav,fake,mmstts,neural_tts,train
mmstts_0606,/kaggle/working/data/processed/fake/mmstts/mmstts_0606.wav,fake,mmstts,neural_tts,train
mmstts_0607,/kaggle/working/data/processed/fake/mmstts/mmstts_0607.wav,fake,mmstts,neural_tts,train
mmstts_0608,/kaggle/working/data/processed/fake/mmstts/mmstts_0608.wav,fake,mmstts,neural_tts,train
mmstts_0609,/kaggle/working/data/processed/fake/mmstts/mmstts_0609.wav,fake,mmstts,neural_tts,train
mmstts_0610,/kaggle/working/data/processed/fake/mmstts/mmstts_0610.wav,fake,mmstts,neural_tts,train
mmstts_0611,/kaggle/working/data/processed/fake/mmstts/mmstts_0611.wav,fake,mmstts,neural_tts,test_seen
mmstts_0612,/kaggle/working/data/processed/fake/mmstts/mmstts_0612.wav,fake,mmstts,neural_tts,train
mmstts_0613,/kaggle/working/data/processed/fake/mmstts/mmstts_0613.wav,fake,mmstts,neural_tts,train
mmstts_0614,/kaggle/working/data/processed/fake/mmstts/mmstts_0614.wav,fake,mmstts,neural_tts,train
mmstts_0615,/kaggle/working/data/processed/fake/mmstts/mmstts_0615.wav,fake,mmstts,neural_tts,train
mmstts_0616,/kaggle/working/data/processed/fake/mmstts/mmstts_0616.wav,fake,mmstts,neural_tts,train
mmstts_0617,/kaggle/working/data/processed/fake/mmstts/mmstts_0617.wav,fake,mmstts,neural_tts,train
mmstts_0618,/kaggle/working/data/processed/fake/mmstts/mmstts_0618.wav,fake,mmstts,neural_tts,train
mmstts_0619,/kaggle/working/data/processed/fake/mmstts/mmstts_0619.wav,fake,mmstts,neural_tts,train
mmstts_0620,/kaggle/working/data/processed/fake/mmstts/mmstts_0620.wav,fake,mmstts,neural_tts,test_seen
mmstts_0621,/kaggle/working/data/processed/fake/mmstts/mmstts_0621.wav,fake,mmstts,neural_tts,test_seen
mmstts_0622,/kaggle/working/data/processed/fake/mmstts/mmstts_0622.wav,fake,mmstts,neural_tts,train
mmstts_0623,/kaggle/working/data/processed/fake/mmstts/mmstts_0623.wav,fake,mmstts,neural_tts,train
mmstts_0624,/kaggle/working/data/processed/fake/mmstts/mmstts_0624.wav,fake,mmstts,neural_tts,train
mmstts_0625,/kaggle/working/data/processed/fake/mmstts/mmstts_0625.wav,fake,mmstts,neural_tts,train
mmstts_0626,/kaggle/working/data/processed/fake/mmstts/mmstts_0626.wav,fake,mmstts,neural_tts,train
mmstts_0627,/kaggle/working/data/processed/fake/mmstts/mmstts_0627.wav,fake,mmstts,neural_tts,train
mmstts_0628,/kaggle/working/data/processed/fake/mmstts/mmstts_0628.wav,fake,mmstts,neural_tts,train
mmstts_0629,/kaggle/working/data/processed/fake/mmstts/mmstts_0629.wav,fake,mmstts,neural_tts,train
mmstts_0630,/kaggle/working/data/processed/fake/mmstts/mmstts_0630.wav,fake,mmstts,neural_tts,train
mmstts_0631,/kaggle/working/data/processed/fake/mmstts/mmstts_0631.wav,fake,mmstts,neural_tts,test_seen
mmstts_0632,/kaggle/working/data/processed/fake/mmstts/mmstts_0632.wav,fake,mmstts,neural_tts,train
mmstts_0633,/kaggle/working/data/processed/fake/mmstts/mmstts_0633.wav,fake,mmstts,neural_tts,train
mmstts_0634,/kaggle/working/data/processed/fake/mmstts/mmstts_0634.wav,fake,mmstts,neural_tts,train
mmstts_0635,/kaggle/working/data/processed/fake/mmstts/mmstts_0635.wav,fake,mmstts,neural_tts,train
mmstts_0636,/kaggle/working/data/processed/fake/mmstts/mmstts_0636.wav,fake,mmstts,neural_tts,train
mmstts_0637,/kaggle/working/data/processed/fake/mmstts/mmstts_0637.wav,fake,mmstts,neural_tts,train
mmstts_0638,/kaggle/working/data/processed/fake/mmstts/mmstts_0638.wav,fake,mmstts,neural_tts,train
mmstts_0639,/kaggle/working/data/processed/fake/mmstts/mmstts_0639.wav,fake,mmstts,neural_tts,train
mmstts_0640,/kaggle/working/data/processed/fake/mmstts/mmstts_0640.wav,fake,mmstts,neural_tts,train
mmstts_0641,/kaggle/working/data/processed/fake/mmstts/mmstts_0641.wav,fake,mmstts,neural_tts,test_seen
mmstts_0642,/kaggle/working/data/processed/fake/mmstts/mmstts_0642.wav,fake,mmstts,neural_tts,test_seen
mmstts_0643,/kaggle/working/data/processed/fake/mmstts/mmstts_0643.wav,fake,mmstts,neural_tts,train
mmstts_0644,/kaggle/working/data/processed/fake/mmstts/mmstts_0644.wav,fake,mmstts,neural_tts,train
mmstts_0645,/kaggle/working/data/processed/fake/mmstts/mmstts_0645.wav,fake,mmstts,neural_tts,test_seen
mmstts_0646,/kaggle/working/data/processed/fake/mmstts/mmstts_0646.wav,fake,mmstts,neural_tts,train
mmstts_0647,/kaggle/working/data/processed/fake/mmstts/mmstts_0647.wav,fake,mmstts,neural_tts,train
mmstts_0648,/kaggle/working/data/processed/fake/mmstts/mmstts_0648.wav,fake,mmstts,neural_tts,train
mmstts_0649,/kaggle/working/data/processed/fake/mmstts/mmstts_0649.wav,fake,mmstts,neural_tts,train
mmstts_0650,/kaggle/working/data/processed/fake/mmstts/mmstts_0650.wav,fake,mmstts,neural_tts,test_seen
mmstts_0651,/kaggle/working/data/processed/fake/mmstts/mmstts_0651.wav,fake,mmstts,neural_tts,test_seen
mmstts_0652,/kaggle/working/data/processed/fake/mmstts/mmstts_0652.wav,fake,mmstts,neural_tts,train
mmstts_0653,/kaggle/working/data/processed/fake/mmstts/mmstts_0653.wav,fake,mmstts,neural_tts,test_seen
mmstts_0654,/kaggle/working/data/processed/fake/mmstts/mmstts_0654.wav,fake,mmstts,neural_tts,train
mmstts_0655,/kaggle/working/data/processed/fake/mmstts/mmstts_0655.wav,fake,mmstts,neural_tts,train
mmstts_0656,/kaggle/working/data/processed/fake/mmstts/mmstts_0656.wav,fake,mmstts,neural_tts,test_seen
mmstts_0657,/kaggle/working/data/processed/fake/mmstts/mmstts_0657.wav,fake,mmstts,neural_tts,train
mmstts_0658,/kaggle/working/data/processed/fake/mmstts/mmstts_0658.wav,fake,mmstts,neural_tts,test_seen
mmstts_0659,/kaggle/working/data/processed/fake/mmstts/mmstts_0659.wav,fake,mmstts,neural_tts,train
mmstts_0660,/kaggle/working/data/processed/fake/mmstts/mmstts_0660.wav,fake,mmstts,neural_tts,test_seen
mmstts_0661,/kaggle/working/data/processed/fake/mmstts/mmstts_0661.wav,fake,mmstts,neural_tts,train
mmstts_0662,/kaggle/working/data/processed/fake/mmstts/mmstts_0662.wav,fake,mmstts,neural_tts,train
mmstts_0663,/kaggle/working/data/processed/fake/mmstts/mmstts_0663.wav,fake,mmstts,neural_tts,train
mmstts_0664,/kaggle/working/data/processed/fake/mmstts/mmstts_0664.wav,fake,mmstts,neural_tts,test_seen
mmstts_0665,/kaggle/working/data/processed/fake/mmstts/mmstts_0665.wav,fake,mmstts,neural_tts,train
mmstts_0666,/kaggle/working/data/processed/fake/mmstts/mmstts_0666.wav,fake,mmstts,neural_tts,train
mmstts_0667,/kaggle/working/data/processed/fake/mmstts/mmstts_0667.wav,fake,mmstts,neural_tts,train
mmstts_0668,/kaggle/working/data/processed/fake/mmstts/mmstts_0668.wav,fake,mmstts,neural_tts,train
mmstts_0669,/kaggle/working/data/processed/fake/mmstts/mmstts_0669.wav,fake,mmstts,neural_tts,train
mmstts_0670,/kaggle/working/data/processed/fake/mmstts/mmstts_0670.wav,fake,mmstts,neural_tts,train
mmstts_0671,/kaggle/working/data/processed/fake/mmstts/mmstts_0671.wav,fake,mmstts,neural_tts,train
mmstts_0672,/kaggle/working/data/processed/fake/mmstts/mmstts_0672.wav,fake,mmstts,neural_tts,train
mmstts_0673,/kaggle/working/data/processed/fake/mmstts/mmstts_0673.wav,fake,mmstts,neural_tts,train
mmstts_0674,/kaggle/working/data/processed/fake/mmstts/mmstts_0674.wav,fake,mmstts,neural_tts,train
mmstts_0675,/kaggle/working/data/processed/fake/mmstts/mmstts_0675.wav,fake,mmstts,neural_tts,train
mmstts_0676,/kaggle/working/data/processed/fake/mmstts/mmstts_0676.wav,fake,mmstts,neural_tts,train
mmstts_0677,/kaggle/working/data/processed/fake/mmstts/mmstts_0677.wav,fake,mmstts,neural_tts,test_seen
mmstts_0678,/kaggle/working/data/processed/fake/mmstts/mmstts_0678.wav,fake,mmstts,neural_tts,train
mmstts_0679,/kaggle/working/data/processed/fake/mmstts/mmstts_0679.wav,fake,mmstts,neural_tts,test_seen
mmstts_0680,/kaggle/working/data/processed/fake/mmstts/mmstts_0680.wav,fake,mmstts,neural_tts,test_seen
mmstts_0681,/kaggle/working/data/processed/fake/mmstts/mmstts_0681.wav,fake,mmstts,neural_tts,train
mmstts_0682,/kaggle/working/data/processed/fake/mmstts/mmstts_0682.wav,fake,mmstts,neural_tts,train
mmstts_0683,/kaggle/working/data/processed/fake/mmstts/mmstts_0683.wav,fake,mmstts,neural_tts,test_seen
mmstts_0684,/kaggle/working/data/processed/fake/mmstts/mmstts_0684.wav,fake,mmstts,neural_tts,train
mmstts_0685,/kaggle/working/data/processed/fake/mmstts/mmstts_0685.wav,fake,mmstts,neural_tts,train
mmstts_0686,/kaggle/working/data/processed/fake/mmstts/mmstts_0686.wav,fake,mmstts,neural_tts,train
mmstts_0687,/kaggle/working/data/processed/fake/mmstts/mmstts_0687.wav,fake,mmstts,neural_tts,train
mmstts_0688,/kaggle/working/data/processed/fake/mmstts/mmstts_0688.wav,fake,mmstts,neural_tts,train
mmstts_0689,/kaggle/working/data/processed/fake/mmstts/mmstts_0689.wav,fake,mmstts,neural_tts,train
mmstts_0690,/kaggle/working/data/processed/fake/mmstts/mmstts_0690.wav,fake,mmstts,neural_tts,test_seen
mmstts_0691,/kaggle/working/data/processed/fake/mmstts/mmstts_0691.wav,fake,mmstts,neural_tts,test_seen
mmstts_0692,/kaggle/working/data/processed/fake/mmstts/mmstts_0692.wav,fake,mmstts,neural_tts,test_seen
mmstts_0693,/kaggle/working/data/processed/fake/mmstts/mmstts_0693.wav,fake,mmstts,neural_tts,train
mmstts_0694,/kaggle/working/data/processed/fake/mmstts/mmstts_0694.wav,fake,mmstts,neural_tts,train
mmstts_0695,/kaggle/working/data/processed/fake/mmstts/mmstts_0695.wav,fake,mmstts,neural_tts,test_seen
mmstts_0696,/kaggle/working/data/processed/fake/mmstts/mmstts_0696.wav,fake,mmstts,neural_tts,train
mmstts_0697,/kaggle/working/data/processed/fake/mmstts/mmstts_0697.wav,fake,mmstts,neural_tts,train
mmstts_0698,/kaggle/working/data/processed/fake/mmstts/mmstts_0698.wav,fake,mmstts,neural_tts,train
mmstts_0699,/kaggle/working/data/processed/fake/mmstts/mmstts_0699.wav,fake,mmstts,neural_tts,test_seen
mmstts_0700,/kaggle/working/data/processed/fake/mmstts/mmstts_0700.wav,fake,mmstts,neural_tts,train
mmstts_0701,/kaggle/working/data/processed/fake/mmstts/mmstts_0701.wav,fake,mmstts,neural_tts,test_seen
mmstts_0702,/kaggle/working/data/processed/fake/mmstts/mmstts_0702.wav,fake,mmstts,neural_tts,train
mmstts_0703,/kaggle/working/data/processed/fake/mmstts/mmstts_0703.wav,fake,mmstts,neural_tts,test_seen
mmstts_0704,/kaggle/working/data/processed/fake/mmstts/mmstts_0704.wav,fake,mmstts,neural_tts,train
mmstts_0705,/kaggle/working/data/processed/fake/mmstts/mmstts_0705.wav,fake,mmstts,neural_tts,test_seen
mmstts_0706,/kaggle/working/data/processed/fake/mmstts/mmstts_0706.wav,fake,mmstts,neural_tts,train
mmstts_0707,/kaggle/working/data/processed/fake/mmstts/mmstts_0707.wav,fake,mmstts,neural_tts,train
mmstts_0708,/kaggle/working/data/processed/fake/mmstts/mmstts_0708.wav,fake,mmstts,neural_tts,train
mmstts_0709,/kaggle/working/data/processed/fake/mmstts/mmstts_0709.wav,fake,mmstts,neural_tts,train
mmstts_0710,/kaggle/working/data/processed/fake/mmstts/mmstts_0710.wav,fake,mmstts,neural_tts,test_seen
mmstts_0711,/kaggle/working/data/processed/fake/mmstts/mmstts_0711.wav,fake,mmstts,neural_tts,test_seen
mmstts_0712,/kaggle/working/data/processed/fake/mmstts/mmstts_0712.wav,fake,mmstts,neural_tts,train
mmstts_0713,/kaggle/working/data/processed/fake/mmstts/mmstts_0713.wav,fake,mmstts,neural_tts,train
mmstts_0714,/kaggle/working/data/processed/fake/mmstts/mmstts_0714.wav,fake,mmstts,neural_tts,train
mmstts_0715,/kaggle/working/data/processed/fake/mmstts/mmstts_0715.wav,fake,mmstts,neural_tts,test_seen
mmstts_0716,/kaggle/working/data/processed/fake/mmstts/mmstts_0716.wav,fake,mmstts,neural_tts,train
mmstts_0717,/kaggle/working/data/processed/fake/mmstts/mmstts_0717.wav,fake,mmstts,neural_tts,train
mmstts_0718,/kaggle/working/data/processed/fake/mmstts/mmstts_0718.wav,fake,mmstts,neural_tts,train
mmstts_0719,/kaggle/working/data/processed/fake/mmstts/mmstts_0719.wav,fake,mmstts,neural_tts,train
mmstts_0720,/kaggle/working/data/processed/fake/mmstts/mmstts_0720.wav,fake,mmstts,neural_tts,train
mmstts_0721,/kaggle/working/data/processed/fake/mmstts/mmstts_0721.wav,fake,mmstts,neural_tts,train
mmstts_0722,/kaggle/working/data/processed/fake/mmstts/mmstts_0722.wav,fake,mmstts,neural_tts,train
mmstts_0723,/kaggle/working/data/processed/fake/mmstts/mmstts_0723.wav,fake,mmstts,neural_tts,train
mmstts_0724,/kaggle/working/data/processed/fake/mmstts/mmstts_0724.wav,fake,mmstts,neural_tts,train
mmstts_0725,/kaggle/working/data/processed/fake/mmstts/mmstts_0725.wav,fake,mmstts,neural_tts,test_seen
mmstts_0726,/kaggle/working/data/processed/fake/mmstts/mmstts_0726.wav,fake,mmstts,neural_tts,train
mmstts_0727,/kaggle/working/data/processed/fake/mmstts/mmstts_0727.wav,fake,mmstts,neural_tts,train
mmstts_0728,/kaggle/working/data/processed/fake/mmstts/mmstts_0728.wav,fake,mmstts,neural_tts,train
mmstts_0729,/kaggle/working/data/processed/fake/mmstts/mmstts_0729.wav,fake,mmstts,neural_tts,train
mmstts_0730,/kaggle/working/data/processed/fake/mmstts/mmstts_0730.wav,fake,mmstts,neural_tts,train
mmstts_0731,/kaggle/working/data/processed/fake/mmstts/mmstts_0731.wav,fake,mmstts,neural_tts,train
mmstts_0732,/kaggle/working/data/processed/fake/mmstts/mmstts_0732.wav,fake,mmstts,neural_tts,train
mmstts_0733,/kaggle/working/data/processed/fake/mmstts/mmstts_0733.wav,fake,mmstts,neural_tts,train
mmstts_0734,/kaggle/working/data/processed/fake/mmstts/mmstts_0734.wav,fake,mmstts,neural_tts,train
mmstts_0735,/kaggle/working/data/processed/fake/mmstts/mmstts_0735.wav,fake,mmstts,neural_tts,test_seen
mmstts_0736,/kaggle/working/data/processed/fake/mmstts/mmstts_0736.wav,fake,mmstts,neural_tts,train
mmstts_0737,/kaggle/working/data/processed/fake/mmstts/mmstts_0737.wav,fake,mmstts,neural_tts,train
mmstts_0738,/kaggle/working/data/processed/fake/mmstts/mmstts_0738.wav,fake,mmstts,neural_tts,train
mmstts_0739,/kaggle/working/data/processed/fake/mmstts/mmstts_0739.wav,fake,mmstts,neural_tts,train
mmstts_0740,/kaggle/working/data/processed/fake/mmstts/mmstts_0740.wav,fake,mmstts,neural_tts,train
mmstts_0741,/kaggle/working/data/processed/fake/mmstts/mmstts_0741.wav,fake,mmstts,neural_tts,train
mmstts_0742,/kaggle/working/data/processed/fake/mmstts/mmstts_0742.wav,fake,mmstts,neural_tts,train
mmstts_0743,/kaggle/working/data/processed/fake/mmstts/mmstts_0743.wav,fake,mmstts,neural_tts,test_seen
mmstts_0744,/kaggle/working/data/processed/fake/mmstts/mmstts_0744.wav,fake,mmstts,neural_tts,train
mmstts_0745,/kaggle/working/data/processed/fake/mmstts/mmstts_0745.wav,fake,mmstts,neural_tts,train
mmstts_0746,/kaggle/working/data/processed/fake/mmstts/mmstts_0746.wav,fake,mmstts,neural_tts,train
mmstts_0747,/kaggle/working/data/processed/fake/mmstts/mmstts_0747.wav,fake,mmstts,neural_tts,train
mmstts_0748,/kaggle/working/data/processed/fake/mmstts/mmstts_0748.wav,fake,mmstts,neural_tts,test_seen
mmstts_0749,/kaggle/working/data/processed/fake/mmstts/mmstts_0749.wav,fake,mmstts,neural_tts,train
mmstts_0750,/kaggle/working/data/processed/fake/mmstts/mmstts_0750.wav,fake,mmstts,neural_tts,train
mmstts_0751,/kaggle/working/data/processed/fake/mmstts/mmstts_0751.wav,fake,mmstts,neural_tts,train
mmstts_0752,/kaggle/working/data/processed/fake/mmstts/mmstts_0752.wav,fake,mmstts,neural_tts,train
mmstts_0753,/kaggle/working/data/processed/fake/mmstts/mmstts_0753.wav,fake,mmstts,neural_tts,train
mmstts_0754,/kaggle/working/data/processed/fake/mmstts/mmstts_0754.wav,fake,mmstts,neural_tts,train
mmstts_0755,/kaggle/working/data/processed/fake/mmstts/mmstts_0755.wav,fake,mmstts,neural_tts,train
mmstts_0756,/kaggle/working/data/processed/fake/mmstts/mmstts_0756.wav,fake,mmstts,neural_tts,train
mmstts_0757,/kaggle/working/data/processed/fake/mmstts/mmstts_0757.wav,fake,mmstts,neural_tts,train
mmstts_0758,/kaggle/working/data/processed/fake/mmstts/mmstts_0758.wav,fake,mmstts,neural_tts,train
mmstts_0759,/kaggle/working/data/processed/fake/mmstts/mmstts_0759.wav,fake,mmstts,neural_tts,train
mmstts_0760,/kaggle/working/data/processed/fake/mmstts/mmstts_0760.wav,fake,mmstts,neural_tts,train
mmstts_0761,/kaggle/working/data/processed/fake/mmstts/mmstts_0761.wav,fake,mmstts,neural_tts,test_seen
mmstts_0762,/kaggle/working/data/processed/fake/mmstts/mmstts_0762.wav,fake,mmstts,neural_tts,test_seen
mmstts_0763,/kaggle/working/data/processed/fake/mmstts/mmstts_0763.wav,fake,mmstts,neural_tts,train
mmstts_0764,/kaggle/working/data/processed/fake/mmstts/mmstts_0764.wav,fake,mmstts,neural_tts,train
mmstts_0765,/kaggle/working/data/processed/fake/mmstts/mmstts_0765.wav,fake,mmstts,neural_tts,test_seen
mmstts_0766,/kaggle/working/data/processed/fake/mmstts/mmstts_0766.wav,fake,mmstts,neural_tts,train
mmstts_0767,/kaggle/working/data/processed/fake/mmstts/mmstts_0767.wav,fake,mmstts,neural_tts,train
mmstts_0768,/kaggle/working/data/processed/fake/mmstts/mmstts_0768.wav,fake,mmstts,neural_tts,train
mmstts_0769,/kaggle/working/data/processed/fake/mmstts/mmstts_0769.wav,fake,mmstts,neural_tts,train
mmstts_0770,/kaggle/working/data/processed/fake/mmstts/mmstts_0770.wav,fake,mmstts,neural_tts,train
mmstts_0771,/kaggle/working/data/processed/fake/mmstts/mmstts_0771.wav,fake,mmstts,neural_tts,train
mmstts_0772,/kaggle/working/data/processed/fake/mmstts/mmstts_0772.wav,fake,mmstts,neural_tts,train
mmstts_0773,/kaggle/working/data/processed/fake/mmstts/mmstts_0773.wav,fake,mmstts,neural_tts,train
mmstts_0774,/kaggle/working/data/processed/fake/mmstts/mmstts_0774.wav,fake,mmstts,neural_tts,test_seen
mmstts_0775,/kaggle/working/data/processed/fake/mmstts/mmstts_0775.wav,fake,mmstts,neural_tts,test_seen
mmstts_0776,/kaggle/working/data/processed/fake/mmstts/mmstts_0776.wav,fake,mmstts,neural_tts,train
mmstts_0777,/kaggle/working/data/processed/fake/mmstts/mmstts_0777.wav,fake,mmstts,neural_tts,train
mmstts_0778,/kaggle/working/data/processed/fake/mmstts/mmstts_0778.wav,fake,mmstts,neural_tts,train
mmstts_0779,/kaggle/working/data/processed/fake/mmstts/mmstts_0779.wav,fake,mmstts,neural_tts,train
mmstts_0780,/kaggle/working/data/processed/fake/mmstts/mmstts_0780.wav,fake,mmstts,neural_tts,train
mmstts_0781,/kaggle/working/data/processed/fake/mmstts/mmstts_0781.wav,fake,mmstts,neural_tts,train
mmstts_0782,/kaggle/working/data/processed/fake/mmstts/mmstts_0782.wav,fake,mmstts,neural_tts,test_seen
mmstts_0783,/kaggle/working/data/processed/fake/mmstts/mmstts_0783.wav,fake,mmstts,neural_tts,train
mmstts_0784,/kaggle/working/data/processed/fake/mmstts/mmstts_0784.wav,fake,mmstts,neural_tts,train
mmstts_0785,/kaggle/working/data/processed/fake/mmstts/mmstts_0785.wav,fake,mmstts,neural_tts,train
mmstts_0786,/kaggle/working/data/processed/fake/mmstts/mmstts_0786.wav,fake,mmstts,neural_tts,train
mmstts_0787,/kaggle/working/data/processed/fake/mmstts/mmstts_0787.wav,fake,mmstts,neural_tts,train
mmstts_0788,/kaggle/working/data/processed/fake/mmstts/mmstts_0788.wav,fake,mmstts,neural_tts,train
mmstts_0789,/kaggle/working/data/processed/fake/mmstts/mmstts_0789.wav,fake,mmstts,neural_tts,train
mmstts_0790,/kaggle/working/data/processed/fake/mmstts/mmstts_0790.wav,fake,mmstts,neural_tts,train
mmstts_0791,/kaggle/working/data/processed/fake/mmstts/mmstts_0791.wav,fake,mmstts,neural_tts,train
mmstts_0792,/kaggle/working/data/processed/fake/mmstts/mmstts_0792.wav,fake,mmstts,neural_tts,train
mmstts_0793,/kaggle/working/data/processed/fake/mmstts/mmstts_0793.wav,fake,mmstts,neural_tts,test_seen
mmstts_0794,/kaggle/working/data/processed/fake/mmstts/mmstts_0794.wav,fake,mmstts,neural_tts,train
mmstts_0795,/kaggle/working/data/processed/fake/mmstts/mmstts_0795.wav,fake,mmstts,neural_tts,train
mmstts_0796,/kaggle/working/data/processed/fake/mmstts/mmstts_0796.wav,fake,mmstts,neural_tts,train
mmstts_0797,/kaggle/working/data/processed/fake/mmstts/mmstts_0797.wav,fake,mmstts,neural_tts,train
mmstts_0798,/kaggle/working/data/processed/fake/mmstts/mmstts_0798.wav,fake,mmstts,neural_tts,train
mmstts_0799,/kaggle/working/data/processed/fake/mmstts/mmstts_0799.wav,fake,mmstts,neural_tts,train
mmstts_0800,/kaggle/working/data/processed/fake/mmstts/mmstts_0800.wav,fake,mmstts,neural_tts,train
mmstts_0801,/kaggle/working/data/processed/fake/mmstts/mmstts_0801.wav,fake,mmstts,neural_tts,train
mmstts_0802,/kaggle/working/data/processed/fake/mmstts/mmstts_0802.wav,fake,mmstts,neural_tts,train
mmstts_0803,/kaggle/working/data/processed/fake/mmstts/mmstts_0803.wav,fake,mmstts,neural_tts,test_seen
mmstts_0804,/kaggle/working/data/processed/fake/mmstts/mmstts_0804.wav,fake,mmstts,neural_tts,train
mmstts_0805,/kaggle/working/data/processed/fake/mmstts/mmstts_0805.wav,fake,mmstts,neural_tts,train
mmstts_0806,/kaggle/working/data/processed/fake/mmstts/mmstts_0806.wav,fake,mmstts,neural_tts,train
mmstts_0807,/kaggle/working/data/processed/fake/mmstts/mmstts_0807.wav,fake,mmstts,neural_tts,train
mmstts_0808,/kaggle/working/data/processed/fake/mmstts/mmstts_0808.wav,fake,mmstts,neural_tts,train
mmstts_0809,/kaggle/working/data/processed/fake/mmstts/mmstts_0809.wav,fake,mmstts,neural_tts,train
mmstts_0810,/kaggle/working/data/processed/fake/mmstts/mmstts_0810.wav,fake,mmstts,neural_tts,test_seen
mmstts_0811,/kaggle/working/data/processed/fake/mmstts/mmstts_0811.wav,fake,mmstts,neural_tts,test_seen
mmstts_0812,/kaggle/working/data/processed/fake/mmstts/mmstts_0812.wav,fake,mmstts,neural_tts,train
mmstts_0813,/kaggle/working/data/processed/fake/mmstts/mmstts_0813.wav,fake,mmstts,neural_tts,train
mmstts_0814,/kaggle/working/data/processed/fake/mmstts/mmstts_0814.wav,fake,mmstts,neural_tts,train
mmstts_0815,/kaggle/working/data/processed/fake/mmstts/mmstts_0815.wav,fake,mmstts,neural_tts,train
mmstts_0816,/kaggle/working/data/processed/fake/mmstts/mmstts_0816.wav,fake,mmstts,neural_tts,train
mmstts_0817,/kaggle/working/data/processed/fake/mmstts/mmstts_0817.wav,fake,mmstts,neural_tts,train
mmstts_0818,/kaggle/working/data/processed/fake/mmstts/mmstts_0818.wav,fake,mmstts,neural_tts,train
mmstts_0819,/kaggle/working/data/processed/fake/mmstts/mmstts_0819.wav,fake,mmstts,neural_tts,train
mmstts_0820,/kaggle/working/data/processed/fake/mmstts/mmstts_0820.wav,fake,mmstts,neural_tts,train
mmstts_0821,/kaggle/working/data/processed/fake/mmstts/mmstts_0821.wav,fake,mmstts,neural_tts,train
mmstts_0822,/kaggle/working/data/processed/fake/mmstts/mmstts_0822.wav,fake,mmstts,neural_tts,train
mmstts_0823,/kaggle/working/data/processed/fake/mmstts/mmstts_0823.wav,fake,mmstts,neural_tts,train
mmstts_0824,/kaggle/working/data/processed/fake/mmstts/mmstts_0824.wav,fake,mmstts,neural_tts,test_seen
mmstts_0825,/kaggle/working/data/processed/fake/mmstts/mmstts_0825.wav,fake,mmstts,neural_tts,test_seen
mmstts_0826,/kaggle/working/data/processed/fake/mmstts/mmstts_0826.wav,fake,mmstts,neural_tts,train
mmstts_0827,/kaggle/working/data/processed/fake/mmstts/mmstts_0827.wav,fake,mmstts,neural_tts,train
mmstts_0828,/kaggle/working/data/processed/fake/mmstts/mmstts_0828.wav,fake,mmstts,neural_tts,train
mmstts_0829,/kaggle/working/data/processed/fake/mmstts/mmstts_0829.wav,fake,mmstts,neural_tts,train
mmstts_0830,/kaggle/working/data/processed/fake/mmstts/mmstts_0830.wav,fake,mmstts,neural_tts,train
mmstts_0831,/kaggle/working/data/processed/fake/mmstts/mmstts_0831.wav,fake,mmstts,neural_tts,train
mmstts_0832,/kaggle/working/data/processed/fake/mmstts/mmstts_0832.wav,fake,mmstts,neural_tts,train
mmstts_0833,/kaggle/working/data/processed/fake/mmstts/mmstts_0833.wav,fake,mmstts,neural_tts,test_seen
mmstts_0834,/kaggle/working/data/processed/fake/mmstts/mmstts_0834.wav,fake,mmstts,neural_tts,train
mmstts_0835,/kaggle/working/data/processed/fake/mmstts/mmstts_0835.wav,fake,mmstts,neural_tts,train
mmstts_0836,/kaggle/working/data/processed/fake/mmstts/mmstts_0836.wav,fake,mmstts,neural_tts,train
mmstts_0837,/kaggle/working/data/processed/fake/mmstts/mmstts_0837.wav,fake,mmstts,neural_tts,train
mmstts_0838,/kaggle/working/data/processed/fake/mmstts/mmstts_0838.wav,fake,mmstts,neural_tts,train
mmstts_0839,/kaggle/working/data/processed/fake/mmstts/mmstts_0839.wav,fake,mmstts,neural_tts,test_seen
mmstts_0840,/kaggle/working/data/processed/fake/mmstts/mmstts_0840.wav,fake,mmstts,neural_tts,train
mmstts_0841,/kaggle/working/data/processed/fake/mmstts/mmstts_0841.wav,fake,mmstts,neural_tts,train
mmstts_0842,/kaggle/working/data/processed/fake/mmstts/mmstts_0842.wav,fake,mmstts,neural_tts,train
mmstts_0843,/kaggle/working/data/processed/fake/mmstts/mmstts_0843.wav,fake,mmstts,neural_tts,train
mmstts_0844,/kaggle/working/data/processed/fake/mmstts/mmstts_0844.wav,fake,mmstts,neural_tts,train
mmstts_0845,/kaggle/working/data/processed/fake/mmstts/mmstts_0845.wav,fake,mmstts,neural_tts,train
mmstts_0846,/kaggle/working/data/processed/fake/mmstts/mmstts_0846.wav,fake,mmstts,neural_tts,test_seen
mmstts_0847,/kaggle/working/data/processed/fake/mmstts/mmstts_0847.wav,fake,mmstts,neural_tts,train
mmstts_0848,/kaggle/working/data/processed/fake/mmstts/mmstts_0848.wav,fake,mmstts,neural_tts,train
mmstts_0849,/kaggle/working/data/processed/fake/mmstts/mmstts_0849.wav,fake,mmstts,neural_tts,train
mmstts_0850,/kaggle/working/data/processed/fake/mmstts/mmstts_0850.wav,fake,mmstts,neural_tts,train
mmstts_0851,/kaggle/working/data/processed/fake/mmstts/mmstts_0851.wav,fake,mmstts,neural_tts,test_seen
mmstts_0852,/kaggle/working/data/processed/fake/mmstts/mmstts_0852.wav,fake,mmstts,neural_tts,train
mmstts_0853,/kaggle/working/data/processed/fake/mmstts/mmstts_0853.wav,fake,mmstts,neural_tts,train
mmstts_0854,/kaggle/working/data/processed/fake/mmstts/mmstts_0854.wav,fake,mmstts,neural_tts,train
mmstts_0855,/kaggle/working/data/processed/fake/mmstts/mmstts_0855.wav,fake,mmstts,neural_tts,train
mmstts_0856,/kaggle/working/data/processed/fake/mmstts/mmstts_0856.wav,fake,mmstts,neural_tts,train
mmstts_0857,/kaggle/working/data/processed/fake/mmstts/mmstts_0857.wav,fake,mmstts,neural_tts,train
mmstts_0858,/kaggle/working/data/processed/fake/mmstts/mmstts_0858.wav,fake,mmstts,neural_tts,train
mmstts_0859,/kaggle/working/data/processed/fake/mmstts/mmstts_0859.wav,fake,mmstts,neural_tts,train
mmstts_0860,/kaggle/working/data/processed/fake/mmstts/mmstts_0860.wav,fake,mmstts,neural_tts,train
mmstts_0861,/kaggle/working/data/processed/fake/mmstts/mmstts_0861.wav,fake,mmstts,neural_tts,test_seen
mmstts_0862,/kaggle/working/data/processed/fake/mmstts/mmstts_0862.wav,fake,mmstts,neural_tts,train
mmstts_0863,/kaggle/working/data/processed/fake/mmstts/mmstts_0863.wav,fake,mmstts,neural_tts,test_seen
mmstts_0864,/kaggle/working/data/processed/fake/mmstts/mmstts_0864.wav,fake,mmstts,neural_tts,train
mmstts_0865,/kaggle/working/data/processed/fake/mmstts/mmstts_0865.wav,fake,mmstts,neural_tts,train
mmstts_0866,/kaggle/working/data/processed/fake/mmstts/mmstts_0866.wav,fake,mmstts,neural_tts,train
mmstts_0867,/kaggle/working/data/processed/fake/mmstts/mmstts_0867.wav,fake,mmstts,neural_tts,train
mmstts_0868,/kaggle/working/data/processed/fake/mmstts/mmstts_0868.wav,fake,mmstts,neural_tts,train
mmstts_0869,/kaggle/working/data/processed/fake/mmstts/mmstts_0869.wav,fake,mmstts,neural_tts,train
mmstts_0870,/kaggle/working/data/processed/fake/mmstts/mmstts_0870.wav,fake,mmstts,neural_tts,train
mmstts_0871,/kaggle/working/data/processed/fake/mmstts/mmstts_0871.wav,fake,mmstts,neural_tts,train
mmstts_0872,/kaggle/working/data/processed/fake/mmstts/mmstts_0872.wav,fake,mmstts,neural_tts,train
mmstts_0873,/kaggle/working/data/processed/fake/mmstts/mmstts_0873.wav,fake,mmstts,neural_tts,train
mmstts_0874,/kaggle/working/data/processed/fake/mmstts/mmstts_0874.wav,fake,mmstts,neural_tts,test_seen
mmstts_0875,/kaggle/working/data/processed/fake/mmstts/mmstts_0875.wav,fake,mmstts,neural_tts,test_seen
mmstts_0876,/kaggle/working/data/processed/fake/mmstts/mmstts_0876.wav,fake,mmstts,neural_tts,train
mmstts_0877,/kaggle/working/data/processed/fake/mmstts/mmstts_0877.wav,fake,mmstts,neural_tts,train
mmstts_0878,/kaggle/working/data/processed/fake/mmstts/mmstts_0878.wav,fake,mmstts,neural_tts,train
mmstts_0879,/kaggle/working/data/processed/fake/mmstts/mmstts_0879.wav,fake,mmstts,neural_tts,train
mmstts_0880,/kaggle/working/data/processed/fake/mmstts/mmstts_0880.wav,fake,mmstts,neural_tts,test_seen
mmstts_0881,/kaggle/working/data/processed/fake/mmstts/mmstts_0881.wav,fake,mmstts,neural_tts,train
mmstts_0882,/kaggle/working/data/processed/fake/mmstts/mmstts_0882.wav,fake,mmstts,neural_tts,train
mmstts_0883,/kaggle/working/data/processed/fake/mmstts/mmstts_0883.wav,fake,mmstts,neural_tts,train
mmstts_0884,/kaggle/working/data/processed/fake/mmstts/mmstts_0884.wav,fake,mmstts,neural_tts,train
mmstts_0885,/kaggle/working/data/processed/fake/mmstts/mmstts_0885.wav,fake,mmstts,neural_tts,train
mmstts_0886,/kaggle/working/data/processed/fake/mmstts/mmstts_0886.wav,fake,mmstts,neural_tts,train
mmstts_0887,/kaggle/working/data/processed/fake/mmstts/mmstts_0887.wav,fake,mmstts,neural_tts,test_seen
mmstts_0888,/kaggle/working/data/processed/fake/mmstts/mmstts_0888.wav,fake,mmstts,neural_tts,train
mmstts_0889,/kaggle/working/data/processed/fake/mmstts/mmstts_0889.wav,fake,mmstts,neural_tts,train
mmstts_0890,/kaggle/working/data/processed/fake/mmstts/mmstts_0890.wav,fake,mmstts,neural_tts,train
mmstts_0891,/kaggle/working/data/processed/fake/mmstts/mmstts_0891.wav,fake,mmstts,neural_tts,train
mmstts_0892,/kaggle/working/data/processed/fake/mmstts/mmstts_0892.wav,fake,mmstts,neural_tts,train
mmstts_0893,/kaggle/working/data/processed/fake/mmstts/mmstts_0893.wav,fake,mmstts,neural_tts,test_seen
mmstts_0894,/kaggle/working/data/processed/fake/mmstts/mmstts_0894.wav,fake,mmstts,neural_tts,train
mmstts_0895,/kaggle/working/data/processed/fake/mmstts/mmstts_0895.wav,fake,mmstts,neural_tts,test_seen
mmstts_0896,/kaggle/working/data/processed/fake/mmstts/mmstts_0896.wav,fake,mmstts,neural_tts,train
mmstts_0897,/kaggle/working/data/processed/fake/mmstts/mmstts_0897.wav,fake,mmstts,neural_tts,train
mmstts_0898,/kaggle/working/data/processed/fake/mmstts/mmstts_0898.wav,fake,mmstts,neural_tts,train
mmstts_0899,/kaggle/working/data/processed/fake/mmstts/mmstts_0899.wav,fake,mmstts,neural_tts,train
mmstts_0900,/kaggle/working/data/processed/fake/mmstts/mmstts_0900.wav,fake,mmstts,neural_tts,train
mmstts_0901,/kaggle/working/data/processed/fake/mmstts/mmstts_0901.wav,fake,mmstts,neural_tts,train
mmstts_0902,/kaggle/working/data/processed/fake/mmstts/mmstts_0902.wav,fake,mmstts,neural_tts,train
mmstts_0903,/kaggle/working/data/processed/fake/mmstts/mmstts_0903.wav,fake,mmstts,neural_tts,test_seen
mmstts_0904,/kaggle/working/data/processed/fake/mmstts/mmstts_0904.wav,fake,mmstts,neural_tts,train
mmstts_0905,/kaggle/working/data/processed/fake/mmstts/mmstts_0905.wav,fake,mmstts,neural_tts,test_seen
mmstts_0906,/kaggle/working/data/processed/fake/mmstts/mmstts_0906.wav,fake,mmstts,neural_tts,train
mmstts_0907,/kaggle/working/data/processed/fake/mmstts/mmstts_0907.wav,fake,mmstts,neural_tts,train
mmstts_0908,/kaggle/working/data/processed/fake/mmstts/mmstts_0908.wav,fake,mmstts,neural_tts,train
mmstts_0909,/kaggle/working/data/processed/fake/mmstts/mmstts_0909.wav,fake,mmstts,neural_tts,test_seen
mmstts_0910,/kaggle/working/data/processed/fake/mmstts/mmstts_0910.wav,fake,mmstts,neural_tts,train
mmstts_0911,/kaggle/working/data/processed/fake/mmstts/mmstts_0911.wav,fake,mmstts,neural_tts,train
mmstts_0912,/kaggle/working/data/processed/fake/mmstts/mmstts_0912.wav,fake,mmstts,neural_tts,train
mmstts_0913,/kaggle/working/data/processed/fake/mmstts/mmstts_0913.wav,fake,mmstts,neural_tts,test_seen
mmstts_0914,/kaggle/working/data/processed/fake/mmstts/mmstts_0914.wav,fake,mmstts,neural_tts,train
mmstts_0915,/kaggle/working/data/processed/fake/mmstts/mmstts_0915.wav,fake,mmstts,neural_tts,train
mmstts_0916,/kaggle/working/data/processed/fake/mmstts/mmstts_0916.wav,fake,mmstts,neural_tts,train
mmstts_0917,/kaggle/working/data/processed/fake/mmstts/mmstts_0917.wav,fake,mmstts,neural_tts,train
mmstts_0918,/kaggle/working/data/processed/fake/mmstts/mmstts_0918.wav,fake,mmstts,neural_tts,train
mmstts_0919,/kaggle/working/data/processed/fake/mmstts/mmstts_0919.wav,fake,mmstts,neural_tts,train
mmstts_0920,/kaggle/working/data/processed/fake/mmstts/mmstts_0920.wav,fake,mmstts,neural_tts,train
mmstts_0921,/kaggle/working/data/processed/fake/mmstts/mmstts_0921.wav,fake,mmstts,neural_tts,train
mmstts_0922,/kaggle/working/data/processed/fake/mmstts/mmstts_0922.wav,fake,mmstts,neural_tts,train
mmstts_0923,/kaggle/working/data/processed/fake/mmstts/mmstts_0923.wav,fake,mmstts,neural_tts,train
mmstts_0924,/kaggle/working/data/processed/fake/mmstts/mmstts_0924.wav,fake,mmstts,neural_tts,train
mmstts_0925,/kaggle/working/data/processed/fake/mmstts/mmstts_0925.wav,fake,mmstts,neural_tts,test_seen
mmstts_0926,/kaggle/working/data/processed/fake/mmstts/mmstts_0926.wav,fake,mmstts,neural_tts,train
mmstts_0927,/kaggle/working/data/processed/fake/mmstts/mmstts_0927.wav,fake,mmstts,neural_tts,train
mmstts_0928,/kaggle/working/data/processed/fake/mmstts/mmstts_0928.wav,fake,mmstts,neural_tts,train
mmstts_0929,/kaggle/working/data/processed/fake/mmstts/mmstts_0929.wav,fake,mmstts,neural_tts,train
mmstts_0930,/kaggle/working/data/processed/fake/mmstts/mmstts_0930.wav,fake,mmstts,neural_tts,test_seen
mmstts_0931,/kaggle/working/data/processed/fake/mmstts/mmstts_0931.wav,fake,mmstts,neural_tts,test_seen
mmstts_0932,/kaggle/working/data/processed/fake/mmstts/mmstts_0932.wav,fake,mmstts,neural_tts,train
mmstts_0933,/kaggle/working/data/processed/fake/mmstts/mmstts_0933.wav,fake,mmstts,neural_tts,test_seen
mmstts_0934,/kaggle/working/data/processed/fake/mmstts/mmstts_0934.wav,fake,mmstts,neural_tts,test_seen
mmstts_0935,/kaggle/working/data/processed/fake/mmstts/mmstts_0935.wav,fake,mmstts,neural_tts,train
mmstts_0936,/kaggle/working/data/processed/fake/mmstts/mmstts_0936.wav,fake,mmstts,neural_tts,test_seen
mmstts_0937,/kaggle/working/data/processed/fake/mmstts/mmstts_0937.wav,fake,mmstts,neural_tts,train
mmstts_0938,/kaggle/working/data/processed/fake/mmstts/mmstts_0938.wav,fake,mmstts,neural_tts,train
mmstts_0939,/kaggle/working/data/processed/fake/mmstts/mmstts_0939.wav,fake,mmstts,neural_tts,test_seen
mmstts_0940,/kaggle/working/data/processed/fake/mmstts/mmstts_0940.wav,fake,mmstts,neural_tts,train
mmstts_0941,/kaggle/working/data/processed/fake/mmstts/mmstts_0941.wav,fake,mmstts,neural_tts,train
mmstts_0942,/kaggle/working/data/processed/fake/mmstts/mmstts_0942.wav,fake,mmstts,neural_tts,train
mmstts_0943,/kaggle/working/data/processed/fake/mmstts/mmstts_0943.wav,fake,mmstts,neural_tts,train
mmstts_0944,/kaggle/working/data/processed/fake/mmstts/mmstts_0944.wav,fake,mmstts,neural_tts,train
mmstts_0945,/kaggle/working/data/processed/fake/mmstts/mmstts_0945.wav,fake,mmstts,neural_tts,train
mmstts_0946,/kaggle/working/data/processed/fake/mmstts/mmstts_0946.wav,fake,mmstts,neural_tts,train
mmstts_0947,/kaggle/working/data/processed/fake/mmstts/mmstts_0947.wav,fake,mmstts,neural_tts,train
mmstts_0948,/kaggle/working/data/processed/fake/mmstts/mmstts_0948.wav,fake,mmstts,neural_tts,train
mmstts_0949,/kaggle/working/data/processed/fake/mmstts/mmstts_0949.wav,fake,mmstts,neural_tts,train
mmstts_0950,/kaggle/working/data/processed/fake/mmstts/mmstts_0950.wav,fake,mmstts,neural_tts,train
mmstts_0951,/kaggle/working/data/processed/fake/mmstts/mmstts_0951.wav,fake,mmstts,neural_tts,train
mmstts_0952,/kaggle/working/data/processed/fake/mmstts/mmstts_0952.wav,fake,mmstts,neural_tts,train
mmstts_0953,/kaggle/working/data/processed/fake/mmstts/mmstts_0953.wav,fake,mmstts,neural_tts,train
mmstts_0954,/kaggle/working/data/processed/fake/mmstts/mmstts_0954.wav,fake,mmstts,neural_tts,train
mmstts_0955,/kaggle/working/data/processed/fake/mmstts/mmstts_0955.wav,fake,mmstts,neural_tts,train
mmstts_0956,/kaggle/working/data/processed/fake/mmstts/mmstts_0956.wav,fake,mmstts,neural_tts,train
mmstts_0957,/kaggle/working/data/processed/fake/mmstts/mmstts_0957.wav,fake,mmstts,neural_tts,test_seen
mmstts_0958,/kaggle/working/data/processed/fake/mmstts/mmstts_0958.wav,fake,mmstts,neural_tts,train
mmstts_0959,/kaggle/working/data/processed/fake/mmstts/mmstts_0959.wav,fake,mmstts,neural_tts,train
mmstts_0960,/kaggle/working/data/processed/fake/mmstts/mmstts_0960.wav,fake,mmstts,neural_tts,test_seen
mmstts_0961,/kaggle/working/data/processed/fake/mmstts/mmstts_0961.wav,fake,mmstts,neural_tts,train
mmstts_0962,/kaggle/working/data/processed/fake/mmstts/mmstts_0962.wav,fake,mmstts,neural_tts,test_seen
mmstts_0963,/kaggle/working/data/processed/fake/mmstts/mmstts_0963.wav,fake,mmstts,neural_tts,train
mmstts_0964,/kaggle/working/data/processed/fake/mmstts/mmstts_0964.wav,fake,mmstts,neural_tts,test_seen
mmstts_0965,/kaggle/working/data/processed/fake/mmstts/mmstts_0965.wav,fake,mmstts,neural_tts,train
mmstts_0966,/kaggle/working/data/processed/fake/mmstts/mmstts_0966.wav,fake,mmstts,neural_tts,test_seen
mmstts_0967,/kaggle/working/data/processed/fake/mmstts/mmstts_0967.wav,fake,mmstts,neural_tts,train
mmstts_0968,/kaggle/working/data/processed/fake/mmstts/mmstts_0968.wav,fake,mmstts,neural_tts,train
mmstts_0969,/kaggle/working/data/processed/fake/mmstts/mmstts_0969.wav,fake,mmstts,neural_tts,train
mmstts_0970,/kaggle/working/data/processed/fake/mmstts/mmstts_0970.wav,fake,mmstts,neural_tts,test_seen
mmstts_0971,/kaggle/working/data/processed/fake/mmstts/mmstts_0971.wav,fake,mmstts,neural_tts,test_seen
mmstts_0972,/kaggle/working/data/processed/fake/mmstts/mmstts_0972.wav,fake,mmstts,neural_tts,train
mmstts_0973,/kaggle/working/data/processed/fake/mmstts/mmstts_0973.wav,fake,mmstts,neural_tts,train
mmstts_0974,/kaggle/working/data/processed/fake/mmstts/mmstts_0974.wav,fake,mmstts,neural_tts,train
mmstts_0975,/kaggle/working/data/processed/fake/mmstts/mmstts_0975.wav,fake,mmstts,neural_tts,test_seen
mmstts_0976,/kaggle/working/data/processed/fake/mmstts/mmstts_0976.wav,fake,mmstts,neural_tts,test_seen
mmstts_0977,/kaggle/working/data/processed/fake/mmstts/mmstts_0977.wav,fake,mmstts,neural_tts,train
mmstts_0978,/kaggle/working/data/processed/fake/mmstts/mmstts_0978.wav,fake,mmstts,neural_tts,train
mmstts_0979,/kaggle/working/data/processed/fake/mmstts/mmstts_0979.wav,fake,mmstts,neural_tts,train
mmstts_0980,/kaggle/working/data/processed/fake/mmstts/mmstts_0980.wav,fake,mmstts,neural_tts,train
mmstts_0981,/kaggle/working/data/processed/fake/mmstts/mmstts_0981.wav,fake,mmstts,neural_tts,train
mmstts_0982,/kaggle/working/data/processed/fake/mmstts/mmstts_0982.wav,fake,mmstts,neural_tts,test_seen
mmstts_0983,/kaggle/working/data/processed/fake/mmstts/mmstts_0983.wav,fake,mmstts,neural_tts,train
mmstts_0984,/kaggle/working/data/processed/fake/mmstts/mmstts_0984.wav,fake,mmstts,neural_tts,train
mmstts_0985,/kaggle/working/data/processed/fake/mmstts/mmstts_0985.wav,fake,mmstts,neural_tts,train
mmstts_0986,/kaggle/working/data/processed/fake/mmstts/mmstts_0986.wav,fake,mmstts,neural_tts,train
mmstts_0987,/kaggle/working/data/processed/fake/mmstts/mmstts_0987.wav,fake,mmstts,neural_tts,train
mmstts_0988,/kaggle/working/data/processed/fake/mmstts/mmstts_0988.wav,fake,mmstts,neural_tts,train
mmstts_0989,/kaggle/working/data/processed/fake/mmstts/mmstts_0989.wav,fake,mmstts,neural_tts,test_seen
mmstts_0990,/kaggle/working/data/processed/fake/mmstts/mmstts_0990.wav,fake,mmstts,neural_tts,train
mmstts_0991,/kaggle/working/data/processed/fake/mmstts/mmstts_0991.wav,fake,mmstts,neural_tts,train
mmstts_0992,/kaggle/working/data/processed/fake/mmstts/mmstts_0992.wav,fake,mmstts,neural_tts,test_seen
mmstts_0993,/kaggle/working/data/processed/fake/mmstts/mmstts_0993.wav,fake,mmstts,neural_tts,train
mmstts_0994,/kaggle/working/data/processed/fake/mmstts/mmstts_0994.wav,fake,mmstts,neural_tts,test_seen
mmstts_0995,/kaggle/working/data/processed/fake/mmstts/mmstts_0995.wav,fake,mmstts,neural_tts,test_seen
mmstts_0996,/kaggle/working/data/processed/fake/mmstts/mmstts_0996.wav,fake,mmstts,neural_tts,train
mmstts_0997,/kaggle/working/data/processed/fake/mmstts/mmstts_0997.wav,fake,mmstts,neural_tts,train
mmstts_0998,/kaggle/working/data/processed/fake/mmstts/mmstts_0998.wav,fake,mmstts,neural_tts,train
mmstts_0999,/kaggle/working/data/processed/fake/mmstts/mmstts_0999.wav,fake,mmstts,neural_tts,train
mmstts_1000,/kaggle/working/data/processed/fake/mmstts/mmstts_1000.wav,fake,mmstts,neural_tts,train
mmstts_1001,/kaggle/working/data/processed/fake/mmstts/mmstts_1001.wav,fake,mmstts,neural_tts,train
mmstts_1002,/kaggle/working/data/processed/fake/mmstts/mmstts_1002.wav,fake,mmstts,neural_tts,train
mmstts_1003,/kaggle/working/data/processed/fake/mmstts/mmstts_1003.wav,fake,mmstts,neural_tts,train
mmstts_1004,/kaggle/working/data/processed/fake/mmstts/mmstts_1004.wav,fake,mmstts,neural_tts,train
mmstts_1005,/kaggle/working/data/processed/fake/mmstts/mmstts_1005.wav,fake,mmstts,neural_tts,train
mmstts_1006,/kaggle/working/data/processed/fake/mmstts/mmstts_1006.wav,fake,mmstts,neural_tts,train
mmstts_1007,/kaggle/working/data/processed/fake/mmstts/mmstts_1007.wav,fake,mmstts,neural_tts,train
mmstts_1008,/kaggle/working/data/processed/fake/mmstts/mmstts_1008.wav,fake,mmstts,neural_tts,test_seen
mmstts_1009,/kaggle/working/data/processed/fake/mmstts/mmstts_1009.wav,fake,mmstts,neural_tts,train
mmstts_1010,/kaggle/working/data/processed/fake/mmstts/mmstts_1010.wav,fake,mmstts,neural_tts,train
mmstts_1011,/kaggle/working/data/processed/fake/mmstts/mmstts_1011.wav,fake,mmstts,neural_tts,train
mmstts_1012,/kaggle/working/data/processed/fake/mmstts/mmstts_1012.wav,fake,mmstts,neural_tts,test_seen
mmstts_1013,/kaggle/working/data/processed/fake/mmstts/mmstts_1013.wav,fake,mmstts,neural_tts,train
mmstts_1014,/kaggle/working/data/processed/fake/mmstts/mmstts_1014.wav,fake,mmstts,neural_tts,train
mmstts_1015,/kaggle/working/data/processed/fake/mmstts/mmstts_1015.wav,fake,mmstts,neural_tts,train
mmstts_1016,/kaggle/working/data/processed/fake/mmstts/mmstts_1016.wav,fake,mmstts,neural_tts,train
mmstts_1017,/kaggle/working/data/processed/fake/mmstts/mmstts_1017.wav,fake,mmstts,neural_tts,train
mmstts_1018,/kaggle/working/data/processed/fake/mmstts/mmstts_1018.wav,fake,mmstts,neural_tts,train
mmstts_1019,/kaggle/working/data/processed/fake/mmstts/mmstts_1019.wav,fake,mmstts,neural_tts,train
mmstts_1020,/kaggle/working/data/processed/fake/mmstts/mmstts_1020.wav,fake,mmstts,neural_tts,train
mmstts_1021,/kaggle/working/data/processed/fake/mmstts/mmstts_1021.wav,fake,mmstts,neural_tts,test_seen
mmstts_1022,/kaggle/working/data/processed/fake/mmstts/mmstts_1022.wav,fake,mmstts,neural_tts,train
mmstts_1023,/kaggle/working/data/processed/fake/mmstts/mmstts_1023.wav,fake,mmstts,neural_tts,train
mmstts_1024,/kaggle/working/data/processed/fake/mmstts/mmstts_1024.wav,fake,mmstts,neural_tts,train
mmstts_1025,/kaggle/working/data/processed/fake/mmstts/mmstts_1025.wav,fake,mmstts,neural_tts,test_seen
mmstts_1026,/kaggle/working/data/processed/fake/mmstts/mmstts_1026.wav,fake,mmstts,neural_tts,train
mmstts_1027,/kaggle/working/data/processed/fake/mmstts/mmstts_1027.wav,fake,mmstts,neural_tts,train
mmstts_1028,/kaggle/working/data/processed/fake/mmstts/mmstts_1028.wav,fake,mmstts,neural_tts,train
mmstts_1029,/kaggle/working/data/processed/fake/mmstts/mmstts_1029.wav,fake,mmstts,neural_tts,train
mmstts_1030,/kaggle/working/data/processed/fake/mmstts/mmstts_1030.wav,fake,mmstts,neural_tts,train
mmstts_1031,/kaggle/working/data/processed/fake/mmstts/mmstts_1031.wav,fake,mmstts,neural_tts,test_seen
mmstts_1032,/kaggle/working/data/processed/fake/mmstts/mmstts_1032.wav,fake,mmstts,neural_tts,train
mmstts_1033,/kaggle/working/data/processed/fake/mmstts/mmstts_1033.wav,fake,mmstts,neural_tts,train
mmstts_1034,/kaggle/working/data/processed/fake/mmstts/mmstts_1034.wav,fake,mmstts,neural_tts,train
mmstts_1035,/kaggle/working/data/processed/fake/mmstts/mmstts_1035.wav,fake,mmstts,neural_tts,test_seen
mmstts_1036,/kaggle/working/data/processed/fake/mmstts/mmstts_1036.wav,fake,mmstts,neural_tts,train
mmstts_1037,/kaggle/working/data/processed/fake/mmstts/mmstts_1037.wav,fake,mmstts,neural_tts,test_seen
mmstts_1038,/kaggle/working/data/processed/fake/mmstts/mmstts_1038.wav,fake,mmstts,neural_tts,train
mmstts_1039,/kaggle/working/data/processed/fake/mmstts/mmstts_1039.wav,fake,mmstts,neural_tts,train
mmstts_1040,/kaggle/working/data/processed/fake/mmstts/mmstts_1040.wav,fake,mmstts,neural_tts,test_seen
mmstts_1041,/kaggle/working/data/processed/fake/mmstts/mmstts_1041.wav,fake,mmstts,neural_tts,train
mmstts_1042,/kaggle/working/data/processed/fake/mmstts/mmstts_1042.wav,fake,mmstts,neural_tts,train
mmstts_1043,/kaggle/working/data/processed/fake/mmstts/mmstts_1043.wav,fake,mmstts,neural_tts,train
mmstts_1044,/kaggle/working/data/processed/fake/mmstts/mmstts_1044.wav,fake,mmstts,neural_tts,test_seen
mmstts_1045,/kaggle/working/data/processed/fake/mmstts/mmstts_1045.wav,fake,mmstts,neural_tts,train
mmstts_1046,/kaggle/working/data/processed/fake/mmstts/mmstts_1046.wav,fake,mmstts,neural_tts,train
mmstts_1047,/kaggle/working/data/processed/fake/mmstts/mmstts_1047.wav,fake,mmstts,neural_tts,train
mmstts_1048,/kaggle/working/data/processed/fake/mmstts/mmstts_1048.wav,fake,mmstts,neural_tts,test_seen
mmstts_1049,/kaggle/working/data/processed/fake/mmstts/mmstts_1049.wav,fake,mmstts,neural_tts,train
mmstts_1050,/kaggle/working/data/processed/fake/mmstts/mmstts_1050.wav,fake,mmstts,neural_tts,test_seen
mmstts_1051,/kaggle/working/data/processed/fake/mmstts/mmstts_1051.wav,fake,mmstts,neural_tts,train
mmstts_1052,/kaggle/working/data/processed/fake/mmstts/mmstts_1052.wav,fake,mmstts,neural_tts,test_seen
mmstts_1053,/kaggle/working/data/processed/fake/mmstts/mmstts_1053.wav,fake,mmstts,neural_tts,train
mmstts_1054,/kaggle/working/data/processed/fake/mmstts/mmstts_1054.wav,fake,mmstts,neural_tts,test_seen
mmstts_1055,/kaggle/working/data/processed/fake/mmstts/mmstts_1055.wav,fake,mmstts,neural_tts,train
mmstts_1056,/kaggle/working/data/processed/fake/mmstts/mmstts_1056.wav,fake,mmstts,neural_tts,test_seen
mmstts_1057,/kaggle/working/data/processed/fake/mmstts/mmstts_1057.wav,fake,mmstts,neural_tts,train
mmstts_1058,/kaggle/working/data/processed/fake/mmstts/mmstts_1058.wav,fake,mmstts,neural_tts,train
mmstts_1059,/kaggle/working/data/processed/fake/mmstts/mmstts_1059.wav,fake,mmstts,neural_tts,train
mmstts_1060,/kaggle/working/data/processed/fake/mmstts/mmstts_1060.wav,fake,mmstts,neural_tts,train
mmstts_1061,/kaggle/working/data/processed/fake/mmstts/mmstts_1061.wav,fake,mmstts,neural_tts,train
mmstts_1062,/kaggle/working/data/processed/fake/mmstts/mmstts_1062.wav,fake,mmstts,neural_tts,train
mmstts_1063,/kaggle/working/data/processed/fake/mmstts/mmstts_1063.wav,fake,mmstts,neural_tts,train
mmstts_1064,/kaggle/working/data/processed/fake/mmstts/mmstts_1064.wav,fake,mmstts,neural_tts,train
mmstts_1065,/kaggle/working/data/processed/fake/mmstts/mmstts_1065.wav,fake,mmstts,neural_tts,test_seen
mmstts_1066,/kaggle/working/data/processed/fake/mmstts/mmstts_1066.wav,fake,mmstts,neural_tts,train
mmstts_1067,/kaggle/working/data/processed/fake/mmstts/mmstts_1067.wav,fake,mmstts,neural_tts,train
mmstts_1068,/kaggle/working/data/processed/fake/mmstts/mmstts_1068.wav,fake,mmstts,neural_tts,train
mmstts_1069,/kaggle/working/data/processed/fake/mmstts/mmstts_1069.wav,fake,mmstts,neural_tts,train
mmstts_1070,/kaggle/working/data/processed/fake/mmstts/mmstts_1070.wav,fake,mmstts,neural_tts,train
mmstts_1071,/kaggle/working/data/processed/fake/mmstts/mmstts_1071.wav,fake,mmstts,neural_tts,train
mmstts_1072,/kaggle/working/data/processed/fake/mmstts/mmstts_1072.wav,fake,mmstts,neural_tts,train
mmstts_1073,/kaggle/working/data/processed/fake/mmstts/mmstts_1073.wav,fake,mmstts,neural_tts,train
mmstts_1074,/kaggle/working/data/processed/fake/mmstts/mmstts_1074.wav,fake,mmstts,neural_tts,train
mmstts_1075,/kaggle/working/data/processed/fake/mmstts/mmstts_1075.wav,fake,mmstts,neural_tts,train
mmstts_1076,/kaggle/working/data/processed/fake/mmstts/mmstts_1076.wav,fake,mmstts,neural_tts,test_seen
mmstts_1077,/kaggle/working/data/processed/fake/mmstts/mmstts_1077.wav,fake,mmstts,neural_tts,train
mmstts_1078,/kaggle/working/data/processed/fake/mmstts/mmstts_1078.wav,fake,mmstts,neural_tts,train
mmstts_1079,/kaggle/working/data/processed/fake/mmstts/mmstts_1079.wav,fake,mmstts,neural_tts,train
mmstts_1080,/kaggle/working/data/processed/fake/mmstts/mmstts_1080.wav,fake,mmstts,neural_tts,train
mmstts_1081,/kaggle/working/data/processed/fake/mmstts/mmstts_1081.wav,fake,mmstts,neural_tts,train
mmstts_1082,/kaggle/working/data/processed/fake/mmstts/mmstts_1082.wav,fake,mmstts,neural_tts,train
mmstts_1083,/kaggle/working/data/processed/fake/mmstts/mmstts_1083.wav,fake,mmstts,neural_tts,train
mmstts_1084,/kaggle/working/data/processed/fake/mmstts/mmstts_1084.wav,fake,mmstts,neural_tts,train
mmstts_1085,/kaggle/working/data/processed/fake/mmstts/mmstts_1085.wav,fake,mmstts,neural_tts,train
mmstts_1086,/kaggle/working/data/processed/fake/mmstts/mmstts_1086.wav,fake,mmstts,neural_tts,train
mmstts_1087,/kaggle/working/data/processed/fake/mmstts/mmstts_1087.wav,fake,mmstts,neural_tts,train
mmstts_1088,/kaggle/working/data/processed/fake/mmstts/mmstts_1088.wav,fake,mmstts,neural_tts,train
mmstts_1089,/kaggle/working/data/processed/fake/mmstts/mmstts_1089.wav,fake,mmstts,neural_tts,train
mmstts_1090,/kaggle/working/data/processed/fake/mmstts/mmstts_1090.wav,fake,mmstts,neural_tts,test_seen
mmstts_1091,/kaggle/working/data/processed/fake/mmstts/mmstts_1091.wav,fake,mmstts,neural_tts,train
mmstts_1092,/kaggle/working/data/processed/fake/mmstts/mmstts_1092.wav,fake,mmstts,neural_tts,test_seen
mmstts_1093,/kaggle/working/data/processed/fake/mmstts/mmstts_1093.wav,fake,mmstts,neural_tts,train
mmstts_1094,/kaggle/working/data/processed/fake/mmstts/mmstts_1094.wav,fake,mmstts,neural_tts,test_seen
mmstts_1095,/kaggle/working/data/processed/fake/mmstts/mmstts_1095.wav,fake,mmstts,neural_tts,train
mmstts_1096,/kaggle/working/data/processed/fake/mmstts/mmstts_1096.wav,fake,mmstts,neural_tts,train
mmstts_1097,/kaggle/working/data/processed/fake/mmstts/mmstts_1097.wav,fake,mmstts,neural_tts,test_seen
mmstts_1098,/kaggle/working/data/processed/fake/mmstts/mmstts_1098.wav,fake,mmstts,neural_tts,test_seen
mmstts_1099,/kaggle/working/data/processed/fake/mmstts/mmstts_1099.wav,fake,mmstts,neural_tts,test_seen
mmstts_1100,/kaggle/working/data/processed/fake/mmstts/mmstts_1100.wav,fake,mmstts,neural_tts,train
mmstts_1101,/kaggle/working/data/processed/fake/mmstts/mmstts_1101.wav,fake,mmstts,neural_tts,test_seen
mmstts_1102,/kaggle/working/data/processed/fake/mmstts/mmstts_1102.wav,fake,mmstts,neural_tts,train
mmstts_1103,/kaggle/working/data/processed/fake/mmstts/mmstts_1103.wav,fake,mmstts,neural_tts,train
mmstts_1104,/kaggle/working/data/processed/fake/mmstts/mmstts_1104.wav,fake,mmstts,neural_tts,test_seen
mmstts_1105,/kaggle/working/data/processed/fake/mmstts/mmstts_1105.wav,fake,mmstts,neural_tts,train
mmstts_1106,/kaggle/working/data/processed/fake/mmstts/mmstts_1106.wav,fake,mmstts,neural_tts,train
mmstts_1107,/kaggle/working/data/processed/fake/mmstts/mmstts_1107.wav,fake,mmstts,neural_tts,train
mmstts_1108,/kaggle/working/data/processed/fake/mmstts/mmstts_1108.wav,fake,mmstts,neural_tts,test_seen
mmstts_1109,/kaggle/working/data/processed/fake/mmstts/mmstts_1109.wav,fake,mmstts,neural_tts,train
mmstts_1110,/kaggle/working/data/processed/fake/mmstts/mmstts_1110.wav,fake,mmstts,neural_tts,train
mmstts_1111,/kaggle/working/data/processed/fake/mmstts/mmstts_1111.wav,fake,mmstts,neural_tts,test_seen
mmstts_1112,/kaggle/working/data/processed/fake/mmstts/mmstts_1112.wav,fake,mmstts,neural_tts,test_seen
mmstts_1113,/kaggle/working/data/processed/fake/mmstts/mmstts_1113.wav,fake,mmstts,neural_tts,test_seen
mmstts_1114,/kaggle/working/data/processed/fake/mmstts/mmstts_1114.wav,fake,mmstts,neural_tts,train
mmstts_1115,/kaggle/working/data/processed/fake/mmstts/mmstts_1115.wav,fake,mmstts,neural_tts,train
mmstts_1116,/kaggle/working/data/processed/fake/mmstts/mmstts_1116.wav,fake,mmstts,neural_tts,train
mmstts_1117,/kaggle/working/data/processed/fake/mmstts/mmstts_1117.wav,fake,mmstts,neural_tts,test_seen
mmstts_1118,/kaggle/working/data/processed/fake/mmstts/mmstts_1118.wav,fake,mmstts,neural_tts,train
mmstts_1119,/kaggle/working/data/processed/fake/mmstts/mmstts_1119.wav,fake,mmstts,neural_tts,test_seen
mmstts_1120,/kaggle/working/data/processed/fake/mmstts/mmstts_1120.wav,fake,mmstts,neural_tts,test_seen
mmstts_1121,/kaggle/working/data/processed/fake/mmstts/mmstts_1121.wav,fake,mmstts,neural_tts,train
mmstts_1122,/kaggle/working/data/processed/fake/mmstts/mmstts_1122.wav,fake,mmstts,neural_tts,train
mmstts_1123,/kaggle/working/data/processed/fake/mmstts/mmstts_1123.wav,fake,mmstts,neural_tts,test_seen
mmstts_1124,/kaggle/working/data/processed/fake/mmstts/mmstts_1124.wav,fake,mmstts,neural_tts,train
mmstts_1125,/kaggle/working/data/processed/fake/mmstts/mmstts_1125.wav,fake,mmstts,neural_tts,test_seen
mmstts_1126,/kaggle/working/data/processed/fake/mmstts/mmstts_1126.wav,fake,mmstts,neural_tts,train
mmstts_1127,/kaggle/working/data/processed/fake/mmstts/mmstts_1127.wav,fake,mmstts,neural_tts,train
mmstts_1128,/kaggle/working/data/processed/fake/mmstts/mmstts_1128.wav,fake,mmstts,neural_tts,test_seen
mmstts_1129,/kaggle/working/data/processed/fake/mmstts/mmstts_1129.wav,fake,mmstts,neural_tts,train
mmstts_1130,/kaggle/working/data/processed/fake/mmstts/mmstts_1130.wav,fake,mmstts,neural_tts,test_seen
mmstts_1131,/kaggle/working/data/processed/fake/mmstts/mmstts_1131.wav,fake,mmstts,neural_tts,train
mmstts_1132,/kaggle/working/data/processed/fake/mmstts/mmstts_1132.wav,fake,mmstts,neural_tts,train
mmstts_1133,/kaggle/working/data/processed/fake/mmstts/mmstts_1133.wav,fake,mmstts,neural_tts,test_seen
mmstts_1134,/kaggle/working/data/processed/fake/mmstts/mmstts_1134.wav,fake,mmstts,neural_tts,train
mmstts_1135,/kaggle/working/data/processed/fake/mmstts/mmstts_1135.wav,fake,mmstts,neural_tts,train
mmstts_1136,/kaggle/working/data/processed/fake/mmstts/mmstts_1136.wav,fake,mmstts,neural_tts,train
mmstts_1137,/kaggle/working/data/processed/fake/mmstts/mmstts_1137.wav,fake,mmstts,neural_tts,train
mmstts_1138,/kaggle/working/data/processed/fake/mmstts/mmstts_1138.wav,fake,mmstts,neural_tts,test_seen
mmstts_1139,/kaggle/working/data/processed/fake/mmstts/mmstts_1139.wav,fake,mmstts,neural_tts,train
mmstts_1140,/kaggle/working/data/processed/fake/mmstts/mmstts_1140.wav,fake,mmstts,neural_tts,train
mmstts_1141,/kaggle/working/data/processed/fake/mmstts/mmstts_1141.wav,fake,mmstts,neural_tts,train
mmstts_1142,/kaggle/working/data/processed/fake/mmstts/mmstts_1142.wav,fake,mmstts,neural_tts,test_seen
mmstts_1143,/kaggle/working/data/processed/fake/mmstts/mmstts_1143.wav,fake,mmstts,neural_tts,train
mmstts_1144,/kaggle/working/data/processed/fake/mmstts/mmstts_1144.wav,fake,mmstts,neural_tts,train
mmstts_1145,/kaggle/working/data/processed/fake/mmstts/mmstts_1145.wav,fake,mmstts,neural_tts,train
mmstts_1146,/kaggle/working/data/processed/fake/mmstts/mmstts_1146.wav,fake,mmstts,neural_tts,train
mmstts_1147,/kaggle/working/data/processed/fake/mmstts/mmstts_1147.wav,fake,mmstts,neural_tts,train
mmstts_1148,/kaggle/working/data/processed/fake/mmstts/mmstts_1148.wav,fake,mmstts,neural_tts,train
mmstts_1149,/kaggle/working/data/processed/fake/mmstts/mmstts_1149.wav,fake,mmstts,neural_tts,train
mmstts_1150,/kaggle/working/data/processed/fake/mmstts/mmstts_1150.wav,fake,mmstts,neural_tts,train
mmstts_1151,/kaggle/working/data/processed/fake/mmstts/mmstts_1151.wav,fake,mmstts,neural_tts,test_seen
mmstts_1152,/kaggle/working/data/processed/fake/mmstts/mmstts_1152.wav,fake,mmstts,neural_tts,train
mmstts_1153,/kaggle/working/data/processed/fake/mmstts/mmstts_1153.wav,fake,mmstts,neural_tts,train
mmstts_1154,/kaggle/working/data/processed/fake/mmstts/mmstts_1154.wav,fake,mmstts,neural_tts,test_seen
mmstts_1155,/kaggle/working/data/processed/fake/mmstts/mmstts_1155.wav,fake,mmstts,neural_tts,test_seen
mmstts_1156,/kaggle/working/data/processed/fake/mmstts/mmstts_1156.wav,fake,mmstts,neural_tts,train
mmstts_1157,/kaggle/working/data/processed/fake/mmstts/mmstts_1157.wav,fake,mmstts,neural_tts,train
mmstts_1158,/kaggle/working/data/processed/fake/mmstts/mmstts_1158.wav,fake,mmstts,neural_tts,train
mmstts_1159,/kaggle/working/data/processed/fake/mmstts/mmstts_1159.wav,fake,mmstts,neural_tts,train
mmstts_1160,/kaggle/working/data/processed/fake/mmstts/mmstts_1160.wav,fake,mmstts,neural_tts,train
mmstts_1161,/kaggle/working/data/processed/fake/mmstts/mmstts_1161.wav,fake,mmstts,neural_tts,train
mmstts_1162,/kaggle/working/data/processed/fake/mmstts/mmstts_1162.wav,fake,mmstts,neural_tts,train
mmstts_1163,/kaggle/working/data/processed/fake/mmstts/mmstts_1163.wav,fake,mmstts,neural_tts,train
mmstts_1164,/kaggle/working/data/processed/fake/mmstts/mmstts_1164.wav,fake,mmstts,neural_tts,train
mmstts_1165,/kaggle/working/data/processed/fake/mmstts/mmstts_1165.wav,fake,mmstts,neural_tts,train
mmstts_1166,/kaggle/working/data/processed/fake/mmstts/mmstts_1166.wav,fake,mmstts,neural_tts,test_seen
mmstts_1167,/kaggle/working/data/processed/fake/mmstts/mmstts_1167.wav,fake,mmstts,neural_tts,train
mmstts_1168,/kaggle/working/data/processed/fake/mmstts/mmstts_1168.wav,fake,mmstts,neural_tts,train
mmstts_1169,/kaggle/working/data/processed/fake/mmstts/mmstts_1169.wav,fake,mmstts,neural_tts,test_seen
mmstts_1170,/kaggle/working/data/processed/fake/mmstts/mmstts_1170.wav,fake,mmstts,neural_tts,test_seen
mmstts_1171,/kaggle/working/data/processed/fake/mmstts/mmstts_1171.wav,fake,mmstts,neural_tts,train
mmstts_1172,/kaggle/working/data/processed/fake/mmstts/mmstts_1172.wav,fake,mmstts,neural_tts,train
mmstts_1173,/kaggle/working/data/processed/fake/mmstts/mmstts_1173.wav,fake,mmstts,neural_tts,test_seen
mmstts_1174,/kaggle/working/data/processed/fake/mmstts/mmstts_1174.wav,fake,mmstts,neural_tts,train
mmstts_1175,/kaggle/working/data/processed/fake/mmstts/mmstts_1175.wav,fake,mmstts,neural_tts,train
mmstts_1176,/kaggle/working/data/processed/fake/mmstts/mmstts_1176.wav,fake,mmstts,neural_tts,test_seen
mmstts_1177,/kaggle/working/data/processed/fake/mmstts/mmstts_1177.wav,fake,mmstts,neural_tts,train
mmstts_1178,/kaggle/working/data/processed/fake/mmstts/mmstts_1178.wav,fake,mmstts,neural_tts,train
mmstts_1179,/kaggle/working/data/processed/fake/mmstts/mmstts_1179.wav,fake,mmstts,neural_tts,train
mmstts_1180,/kaggle/working/data/processed/fake/mmstts/mmstts_1180.wav,fake,mmstts,neural_tts,train
mmstts_1181,/kaggle/working/data/processed/fake/mmstts/mmstts_1181.wav,fake,mmstts,neural_tts,train
mmstts_1182,/kaggle/working/data/processed/fake/mmstts/mmstts_1182.wav,fake,mmstts,neural_tts,train
mmstts_1183,/kaggle/working/data/processed/fake/mmstts/mmstts_1183.wav,fake,mmstts,neural_tts,test_seen
mmstts_1184,/kaggle/working/data/processed/fake/mmstts/mmstts_1184.wav,fake,mmstts,neural_tts,train
mmstts_1185,/kaggle/working/data/processed/fake/mmstts/mmstts_1185.wav,fake,mmstts,neural_tts,test_seen
mmstts_1186,/kaggle/working/data/processed/fake/mmstts/mmstts_1186.wav,fake,mmstts,neural_tts,train
mmstts_1187,/kaggle/working/data/processed/fake/mmstts/mmstts_1187.wav,fake,mmstts,neural_tts,train
mmstts_1188,/kaggle/working/data/processed/fake/mmstts/mmstts_1188.wav,fake,mmstts,neural_tts,train
mmstts_1189,/kaggle/working/data/processed/fake/mmstts/mmstts_1189.wav,fake,mmstts,neural_tts,test_seen
mmstts_1190,/kaggle/working/data/processed/fake/mmstts/mmstts_1190.wav,fake,mmstts,neural_tts,train
mmstts_1191,/kaggle/working/data/processed/fake/mmstts/mmstts_1191.wav,fake,mmstts,neural_tts,train
mmstts_1192,/kaggle/working/data/processed/fake/mmstts/mmstts_1192.wav,fake,mmstts,neural_tts,train
mmstts_1193,/kaggle/working/data/processed/fake/mmstts/mmstts_1193.wav,fake,mmstts,neural_tts,test_seen
mmstts_1194,/kaggle/working/data/processed/fake/mmstts/mmstts_1194.wav,fake,mmstts,neural_tts,train
mmstts_1195,/kaggle/working/data/processed/fake/mmstts/mmstts_1195.wav,fake,mmstts,neural_tts,train
mmstts_1196,/kaggle/working/data/processed/fake/mmstts/mmstts_1196.wav,fake,mmstts,neural_tts,train
mmstts_1197,/kaggle/working/data/processed/fake/mmstts/mmstts_1197.wav,fake,mmstts,neural_tts,train
mmstts_1198,/kaggle/working/data/processed/fake/mmstts/mmstts_1198.wav,fake,mmstts,neural_tts,train
mmstts_1199,/kaggle/working/data/processed/fake/mmstts/mmstts_1199.wav,fake,mmstts,neural_tts,train
